campaignRef,durationDays,targetAmount,targetPolicy,visibility,orgPriorCampaigns,paymentMethodsEnabled,finalClearedAmount,finalPctOfTarget,reachedTarget,closedEarlyOnDay
cmp-00000,70,2989000.000000,CLOSE_ON_TARGET,PUBLIC,3,3,3049300.000000,1.020174,1,33.000000
cmp-00001,40,7561000.000000,FLEXIBLE,PUBLIC,1,2,19815800.000000,2.620791,1,
cmp-00002,55,16078000.000000,FLEXIBLE,PRIVATE_LINK,4,3,18337200.000000,1.140515,1,
cmp-00003,42,4319000.000000,STRICT,PUBLIC,4,3,4171000.000000,0.965733,0,
cmp-00004,67,16805000.000000,FLEXIBLE,PUBLIC,4,1,10865900.000000,0.646587,0,
cmp-00005,61,3163000.000000,FLEXIBLE,PUBLIC,2,1,2628900.000000,0.831141,0,
cmp-00006,89,10284000.000000,FLEXIBLE,PUBLIC,4,3,10412300.000000,1.012476,1,
cmp-00007,23,15175000.000000,FLEXIBLE,PUBLIC,1,3,12304500.000000,0.810840,0,
cmp-00008,56,23516000.000000,FLEXIBLE,PUBLIC,3,1,70244300.000000,2.987085,1,
cmp-00009,81,3349000.000000,FLEXIBLE,PUBLIC,2,2,2704300.000000,0.807495,0,
cmp-00010,33,7996000.000000,STRICT,PUBLIC,2,2,7987800.000000,0.998974,0,
cmp-00011,33,20917000.000000,STRICT,PUBLIC,3,3,19815100.000000,0.947320,0,
cmp-00012,55,7815000.000000,FLEXIBLE,PUBLIC,4,1,12818400.000000,1.640230,1,
cmp-00013,44,11781000.000000,FLEXIBLE,PUBLIC,2,1,32296000.000000,2.741363,1,
cmp-00014,63,16591000.000000,FLEXIBLE,PUBLIC,2,1,9307700.000000,0.561009,0,
cmp-00015,45,14843000.000000,FLEXIBLE,PRIVATE_LINK,2,2,7332700.000000,0.494017,0,
cmp-00016,57,4168000.000000,FLEXIBLE,PUBLIC,1,1,4912100.000000,1.178527,1,
cmp-00017,17,10290000.000000,STRICT,PRIVATE_LINK,3,1,10275400.000000,0.998581,0,
cmp-00018,48,3522000.000000,FLEXIBLE,PUBLIC,4,1,5231100.000000,1.485264,1,
cmp-00019,81,11977000.000000,FLEXIBLE,PUBLIC,6,2,8416600.000000,0.702730,0,
cmp-00020,70,3740000.000000,STRICT,PUBLIC,3,1,3739900.000000,0.999973,0,
cmp-00021,70,7796000.000000,STRICT,PUBLIC,3,3,5706800.000000,0.732016,0,
cmp-00022,37,8570000.000000,FLEXIBLE,PUBLIC,1,1,8569100.000000,0.999895,0,
cmp-00023,45,23110000.000000,CLOSE_ON_TARGET,PUBLIC,1,1,23196000.000000,1.003721,1,44.000000
cmp-00024,24,5681000.000000,CLOSE_ON_TARGET,PRIVATE_LINK,3,3,6058200.000000,1.066397,1,2.000000
cmp-00025,70,22707000.000000,CLOSE_ON_TARGET,PUBLIC,0,3,18007200.000000,0.793024,0,
cmp-00026,69,13082000.000000,CLOSE_ON_TARGET,PUBLIC,1,3,13099200.000000,1.001315,1,53.000000
cmp-00027,37,10942000.000000,STRICT,PUBLIC,7,3,10934000.000000,0.999269,0,
cmp-00028,64,7246000.000000,STRICT,PUBLIC,2,3,4633900.000000,0.639511,0,
cmp-00029,16,26978000.000000,STRICT,PUBLIC,2,1,26975900.000000,0.999922,0,
cmp-00030,77,9495000.000000,STRICT,PUBLIC,7,3,9491400.000000,0.999621,0,
cmp-00031,74,8112000.000000,FLEXIBLE,PRIVATE_LINK,3,2,3857400.000000,0.475518,0,
cmp-00032,45,10390000.000000,FLEXIBLE,PUBLIC,4,3,18737000.000000,1.803369,1,
cmp-00033,69,11279000.000000,FLEXIBLE,PUBLIC,6,1,67468200.000000,5.981754,1,
cmp-00034,74,13658000.000000,FLEXIBLE,PUBLIC,6,2,22522200.000000,1.649012,1,
cmp-00035,33,2931000.000000,FLEXIBLE,PUBLIC,6,3,3130600.000000,1.068100,1,
cmp-00036,32,828000.000000,FLEXIBLE,PUBLIC,4,2,464900.000000,0.561473,0,
cmp-00037,70,6040000.000000,CLOSE_ON_TARGET,PUBLIC,4,3,6056900.000000,1.002798,1,27.000000
cmp-00038,62,3736000.000000,FLEXIBLE,PUBLIC,1,1,2269000.000000,0.607334,0,
cmp-00039,84,24670000.000000,CLOSE_ON_TARGET,PUBLIC,0,3,24718900.000000,1.001982,1,13.000000
cmp-00040,64,15960000.000000,FLEXIBLE,PRIVATE_LINK,7,2,24045400.000000,1.506604,1,
cmp-00041,35,11895000.000000,FLEXIBLE,PUBLIC,3,2,29694800.000000,2.496410,1,
cmp-00042,54,25904000.000000,CLOSE_ON_TARGET,PRIVATE_LINK,6,2,22659500.000000,0.874749,0,
cmp-00043,18,1223000.000000,CLOSE_ON_TARGET,PUBLIC,3,3,1405200.000000,1.148978,1,12.000000
cmp-00044,70,1309000.000000,STRICT,PUBLIC,3,2,586100.000000,0.447746,0,
cmp-00045,57,3604000.000000,FLEXIBLE,PUBLIC,0,3,5896300.000000,1.636043,1,
cmp-00046,88,9641000.000000,CLOSE_ON_TARGET,PUBLIC,3,2,8769900.000000,0.909646,0,
cmp-00047,53,8605000.000000,FLEXIBLE,PUBLIC,2,3,15397400.000000,1.789355,1,
cmp-00048,64,12060000.000000,STRICT,PUBLIC,3,2,12038400.000000,0.998209,0,
cmp-00049,16,4551000.000000,FLEXIBLE,PUBLIC,4,1,6010900.000000,1.320787,1,
cmp-00050,67,4007000.000000,FLEXIBLE,PUBLIC,1,2,13525000.000000,3.375343,1,
cmp-00051,85,11953000.000000,CLOSE_ON_TARGET,PUBLIC,6,1,12029100.000000,1.006367,1,40.000000
cmp-00052,18,4232000.000000,FLEXIBLE,PUBLIC,5,2,9183000.000000,2.169896,1,
cmp-00053,38,18011000.000000,STRICT,PUBLIC,5,3,18009700.000000,0.999928,0,
cmp-00054,58,8922000.000000,FLEXIBLE,PRIVATE_LINK,2,3,7595700.000000,0.851345,0,
cmp-00055,39,18214000.000000,FLEXIBLE,PUBLIC,3,1,21723400.000000,1.192676,1,
cmp-00056,38,9685000.000000,FLEXIBLE,PUBLIC,6,3,28806700.000000,2.974362,1,
cmp-00057,83,8878000.000000,FLEXIBLE,PRIVATE_LINK,4,2,12301800.000000,1.385650,1,
cmp-00058,18,9357000.000000,STRICT,PRIVATE_LINK,5,2,9350600.000000,0.999316,0,
cmp-00059,84,2465000.000000,STRICT,PUBLIC,4,1,2411300.000000,0.978215,0,
cmp-00060,80,4064000.000000,FLEXIBLE,PUBLIC,4,2,12833700.000000,3.157899,1,
cmp-00061,21,4109000.000000,CLOSE_ON_TARGET,PUBLIC,4,1,4121700.000000,1.003091,1,4.000000
cmp-00062,79,12416000.000000,FLEXIBLE,PUBLIC,3,2,33993000.000000,2.737838,1,
cmp-00063,56,4457000.000000,FLEXIBLE,PRIVATE_LINK,3,1,5522700.000000,1.239107,1,
cmp-00064,33,12560000.000000,FLEXIBLE,PUBLIC,3,3,29415900.000000,2.342030,1,
cmp-00065,61,11131000.000000,STRICT,PRIVATE_LINK,3,2,11126600.000000,0.999605,0,
cmp-00066,62,12100000.000000,FLEXIBLE,PUBLIC,4,1,9362200.000000,0.773736,0,
cmp-00067,72,9606000.000000,FLEXIBLE,PUBLIC,3,3,24090100.000000,2.507818,1,
cmp-00068,77,17601000.000000,FLEXIBLE,PUBLIC,1,1,20186300.000000,1.146884,1,
cmp-00069,23,6853000.000000,CLOSE_ON_TARGET,PUBLIC,1,2,6878900.000000,1.003779,1,1.000000
cmp-00070,48,2119000.000000,FLEXIBLE,PRIVATE_LINK,3,3,1632200.000000,0.770269,0,
cmp-00071,90,8023000.000000,STRICT,PUBLIC,3,2,8019400.000000,0.999551,0,
cmp-00072,65,6132000.000000,FLEXIBLE,PUBLIC,7,1,4676300.000000,0.762606,0,
cmp-00073,46,10708000.000000,FLEXIBLE,PUBLIC,2,3,32903500.000000,3.072796,1,
cmp-00074,27,3163000.000000,STRICT,PRIVATE_LINK,4,3,3152200.000000,0.996586,0,
cmp-00075,39,2791000.000000,FLEXIBLE,PRIVATE_LINK,2,2,2892500.000000,1.036367,1,
cmp-00076,65,7953000.000000,FLEXIBLE,PRIVATE_LINK,2,1,2284800.000000,0.287288,0,
cmp-00077,78,2621000.000000,FLEXIBLE,PRIVATE_LINK,2,1,9540500.000000,3.640023,1,
cmp-00078,22,5550000.000000,FLEXIBLE,PRIVATE_LINK,2,3,7969800.000000,1.436000,1,
cmp-00079,87,11730000.000000,FLEXIBLE,PUBLIC,2,2,23353700.000000,1.990938,1,
cmp-00080,52,4227000.000000,STRICT,PUBLIC,3,1,3021500.000000,0.714810,0,
cmp-00081,24,5954000.000000,CLOSE_ON_TARGET,PUBLIC,3,1,5679000.000000,0.953813,0,
cmp-00082,36,10166000.000000,CLOSE_ON_TARGET,PRIVATE_LINK,3,2,5493500.000000,0.540380,0,
cmp-00083,80,7821000.000000,FLEXIBLE,PUBLIC,1,1,12430500.000000,1.589375,1,
cmp-00084,48,25793000.000000,FLEXIBLE,PUBLIC,3,1,30357100.000000,1.176951,1,
cmp-00085,83,7612000.000000,FLEXIBLE,PUBLIC,4,2,6082900.000000,0.799120,0,
cmp-00086,75,7832000.000000,STRICT,PRIVATE_LINK,2,1,6420100.000000,0.819727,0,
cmp-00087,69,8632000.000000,FLEXIBLE,PUBLIC,5,2,26319100.000000,3.049015,1,
cmp-00088,21,7673000.000000,CLOSE_ON_TARGET,PUBLIC,0,3,7679500.000000,1.000847,1,11.000000
cmp-00089,46,4153000.000000,CLOSE_ON_TARGET,PUBLIC,5,2,1616300.000000,0.389189,0,
cmp-00090,15,6729000.000000,STRICT,PRIVATE_LINK,1,3,5545000.000000,0.824045,0,
cmp-00091,59,3474000.000000,FLEXIBLE,PUBLIC,2,1,3119100.000000,0.897841,0,
cmp-00092,71,6057000.000000,CLOSE_ON_TARGET,PUBLIC,3,2,6084000.000000,1.004458,1,18.000000
cmp-00093,89,2508000.000000,FLEXIBLE,PUBLIC,2,1,6545100.000000,2.609689,1,
cmp-00094,64,8995000.000000,STRICT,PUBLIC,3,3,8993400.000000,0.999822,0,
cmp-00095,73,14321000.000000,FLEXIBLE,PUBLIC,2,1,10009700.000000,0.698953,0,
cmp-00096,89,17156000.000000,STRICT,PUBLIC,2,3,12325800.000000,0.718454,0,
cmp-00097,39,16609000.000000,STRICT,PRIVATE_LINK,2,1,16582700.000000,0.998417,0,
cmp-00098,17,4530000.000000,FLEXIBLE,PRIVATE_LINK,4,2,2015000.000000,0.444812,0,
cmp-00099,47,4048000.000000,FLEXIBLE,PUBLIC,6,3,6987200.000000,1.726087,1,
cmp-00100,27,9646000.000000,FLEXIBLE,PUBLIC,2,2,14393400.000000,1.492163,1,
cmp-00101,20,6708000.000000,FLEXIBLE,PUBLIC,6,1,7936500.000000,1.183140,1,
cmp-00102,61,14766000.000000,FLEXIBLE,PRIVATE_LINK,3,1,11691000.000000,0.791751,0,
cmp-00103,86,36488000.000000,FLEXIBLE,PUBLIC,6,3,129006200.000000,3.535579,1,
cmp-00104,50,1911000.000000,STRICT,PUBLIC,5,2,1909600.000000,0.999267,0,
cmp-00105,75,23802000.000000,STRICT,PUBLIC,3,3,6704600.000000,0.281682,0,
cmp-00106,50,1213000.000000,CLOSE_ON_TARGET,PUBLIC,4,3,879100.000000,0.724732,0,
cmp-00107,24,10800000.000000,STRICT,PUBLIC,2,2,3625500.000000,0.335694,0,
cmp-00108,84,25518000.000000,STRICT,PUBLIC,1,2,20074900.000000,0.786696,0,
cmp-00109,44,4162000.000000,FLEXIBLE,PUBLIC,3,1,4468500.000000,1.073642,1,
cmp-00110,85,14709000.000000,FLEXIBLE,PUBLIC,1,1,12653500.000000,0.860256,0,
cmp-00111,53,2581000.000000,FLEXIBLE,PUBLIC,4,1,4345800.000000,1.683766,1,
cmp-00112,23,3768000.000000,FLEXIBLE,PUBLIC,3,1,3854200.000000,1.022877,1,
cmp-00113,34,4258000.000000,FLEXIBLE,PUBLIC,3,1,5624900.000000,1.321019,1,
cmp-00114,56,18690000.000000,FLEXIBLE,PUBLIC,6,3,52427300.000000,2.805099,1,
cmp-00115,53,9049000.000000,FLEXIBLE,PUBLIC,2,3,17759100.000000,1.962548,1,
cmp-00116,66,8618000.000000,FLEXIBLE,PUBLIC,2,3,36521200.000000,4.237781,1,
cmp-00117,73,5735000.000000,CLOSE_ON_TARGET,PUBLIC,5,2,5746700.000000,1.002040,1,28.000000
cmp-00118,87,2824000.000000,FLEXIBLE,PUBLIC,3,3,3658700.000000,1.295574,1,
cmp-00119,42,8080000.000000,CLOSE_ON_TARGET,PUBLIC,1,2,8088100.000000,1.001002,1,5.000000
cmp-00120,18,14920000.000000,CLOSE_ON_TARGET,PUBLIC,5,3,10179300.000000,0.682259,0,
cmp-00121,60,5209000.000000,FLEXIBLE,PUBLIC,3,3,4242800.000000,0.814513,0,
cmp-00122,40,4044000.000000,CLOSE_ON_TARGET,PUBLIC,3,2,4265100.000000,1.054674,1,13.000000
cmp-00123,34,10093000.000000,STRICT,PUBLIC,5,1,10092300.000000,0.999931,0,
cmp-00124,37,11245000.000000,FLEXIBLE,PUBLIC,6,1,33211600.000000,2.953455,1,
cmp-00125,53,29985000.000000,FLEXIBLE,PUBLIC,3,1,37097500.000000,1.237202,1,
cmp-00126,61,9265000.000000,STRICT,PRIVATE_LINK,4,1,7227700.000000,0.780108,0,
cmp-00127,63,10925000.000000,FLEXIBLE,PRIVATE_LINK,2,3,11008200.000000,1.007616,1,
cmp-00128,50,3952000.000000,CLOSE_ON_TARGET,PUBLIC,3,3,1467100.000000,0.371230,0,
cmp-00129,45,4130000.000000,FLEXIBLE,PUBLIC,1,3,4942800.000000,1.196804,1,
cmp-00130,40,12090000.000000,STRICT,PUBLIC,2,2,11458000.000000,0.947725,0,
cmp-00131,64,17769000.000000,STRICT,PUBLIC,4,3,16883700.000000,0.950177,0,
cmp-00132,32,2905000.000000,STRICT,PRIVATE_LINK,1,2,1444700.000000,0.497315,0,
cmp-00133,17,8196000.000000,FLEXIBLE,PRIVATE_LINK,2,3,16582100.000000,2.023194,1,
cmp-00134,29,3130000.000000,FLEXIBLE,PUBLIC,4,1,9177200.000000,2.932013,1,
cmp-00135,64,13184000.000000,FLEXIBLE,PUBLIC,0,2,13844000.000000,1.050061,1,
cmp-00136,31,4343000.000000,FLEXIBLE,PRIVATE_LINK,0,3,5458300.000000,1.256804,1,
cmp-00137,90,24054000.000000,CLOSE_ON_TARGET,PRIVATE_LINK,3,3,24147000.000000,1.003866,1,17.000000
cmp-00138,48,4515000.000000,STRICT,PUBLIC,2,1,4514500.000000,0.999889,0,
cmp-00139,67,8497000.000000,STRICT,PUBLIC,2,2,8495400.000000,0.999812,0,
cmp-00140,41,15891000.000000,STRICT,PUBLIC,3,2,15890600.000000,0.999975,0,
cmp-00141,49,4948000.000000,FLEXIBLE,PRIVATE_LINK,1,2,9265600.000000,1.872595,1,
cmp-00142,51,2544000.000000,FLEXIBLE,PUBLIC,2,1,10855200.000000,4.266981,1,
cmp-00143,43,16685000.000000,FLEXIBLE,PUBLIC,4,1,32432400.000000,1.943806,1,
cmp-00144,21,5160000.000000,CLOSE_ON_TARGET,PUBLIC,5,2,4560200.000000,0.883760,0,
cmp-00145,40,563000.000000,FLEXIBLE,PUBLIC,5,3,1560300.000000,2.771403,1,
cmp-00146,25,8823000.000000,STRICT,PUBLIC,3,2,8821700.000000,0.999853,0,
cmp-00147,80,12494000.000000,FLEXIBLE,PUBLIC,4,3,40780000.000000,3.263967,1,
cmp-00148,87,15809000.000000,STRICT,PRIVATE_LINK,4,1,15808500.000000,0.999968,0,
cmp-00149,31,11889000.000000,STRICT,PRIVATE_LINK,0,1,11886000.000000,0.999748,0,
cmp-00150,88,5858000.000000,FLEXIBLE,PUBLIC,8,2,8348300.000000,1.425111,1,
cmp-00151,18,8029000.000000,STRICT,PUBLIC,1,1,4754100.000000,0.592116,0,
cmp-00152,54,5060000.000000,STRICT,PUBLIC,5,2,5034000.000000,0.994862,0,
cmp-00153,24,11874000.000000,FLEXIBLE,PUBLIC,1,3,73988700.000000,6.231152,1,
cmp-00154,62,1480000.000000,STRICT,PUBLIC,4,2,1479800.000000,0.999865,0,
cmp-00155,40,16622000.000000,STRICT,PUBLIC,3,1,16621400.000000,0.999964,0,
cmp-00156,90,6009000.000000,FLEXIBLE,PUBLIC,1,3,7632300.000000,1.270145,1,
cmp-00157,58,8494000.000000,CLOSE_ON_TARGET,PRIVATE_LINK,3,3,8816100.000000,1.037921,1,31.000000
cmp-00158,21,3481000.000000,STRICT,PUBLIC,2,1,2617900.000000,0.752054,0,
cmp-00159,70,16505000.000000,FLEXIBLE,PRIVATE_LINK,5,3,18142600.000000,1.099218,1,
cmp-00160,70,5939000.000000,STRICT,PUBLIC,2,2,5915800.000000,0.996094,0,
cmp-00161,88,8502000.000000,CLOSE_ON_TARGET,PRIVATE_LINK,3,2,8520300.000000,1.002152,1,75.000000
cmp-00162,68,4269000.000000,FLEXIBLE,PUBLIC,0,2,3424700.000000,0.802225,0,
cmp-00163,15,3795000.000000,FLEXIBLE,PUBLIC,8,1,5128500.000000,1.351383,1,
cmp-00164,74,4074000.000000,FLEXIBLE,PUBLIC,5,2,8246400.000000,2.024153,1,
cmp-00165,29,2702000.000000,STRICT,PRIVATE_LINK,6,1,1443900.000000,0.534382,0,
cmp-00166,54,2405000.000000,FLEXIBLE,PUBLIC,3,3,6019100.000000,2.502744,1,
cmp-00167,83,13181000.000000,FLEXIBLE,PRIVATE_LINK,3,3,29602400.000000,2.245839,1,
cmp-00168,78,6651000.000000,FLEXIBLE,PRIVATE_LINK,3,2,5435600.000000,0.817261,0,
cmp-00169,62,18816000.000000,FLEXIBLE,PUBLIC,1,3,21964100.000000,1.167310,1,
cmp-00170,66,3932000.000000,FLEXIBLE,PUBLIC,3,1,3925800.000000,0.998423,0,
cmp-00171,83,3264000.000000,FLEXIBLE,PUBLIC,3,1,4616700.000000,1.414430,1,
cmp-00172,66,4673000.000000,FLEXIBLE,PUBLIC,3,1,4003100.000000,0.856645,0,
cmp-00173,42,5346000.000000,STRICT,PUBLIC,3,2,2196700.000000,0.410905,0,
cmp-00174,90,13347000.000000,FLEXIBLE,PUBLIC,1,3,14682100.000000,1.100030,1,
cmp-00175,43,25704000.000000,CLOSE_ON_TARGET,PUBLIC,3,1,25726100.000000,1.000860,1,17.000000
cmp-00176,34,9541000.000000,FLEXIBLE,PUBLIC,1,1,16235000.000000,1.701604,1,
cmp-00177,41,37767000.000000,FLEXIBLE,PUBLIC,2,1,156094800.000000,4.133100,1,
cmp-00178,75,4001000.000000,STRICT,PUBLIC,4,3,3986600.000000,0.996401,0,
cmp-00179,49,10307000.000000,FLEXIBLE,PUBLIC,5,3,43583400.000000,4.228524,1,
cmp-00180,47,10127000.000000,FLEXIBLE,PRIVATE_LINK,4,3,63531700.000000,6.273497,1,
cmp-00181,23,21938000.000000,FLEXIBLE,PUBLIC,0,1,13767000.000000,0.627541,0,
cmp-00182,63,28704000.000000,FLEXIBLE,PRIVATE_LINK,3,2,43387900.000000,1.511563,1,
cmp-00183,49,3487000.000000,FLEXIBLE,PUBLIC,3,1,5108100.000000,1.464898,1,
cmp-00184,68,13096000.000000,FLEXIBLE,PUBLIC,8,1,5744000.000000,0.438607,0,
cmp-00185,46,20506000.000000,CLOSE_ON_TARGET,PUBLIC,5,3,20579200.000000,1.003570,1,5.000000
cmp-00186,18,7501000.000000,FLEXIBLE,PUBLIC,2,3,17511500.000000,2.334555,1,
cmp-00187,16,18639000.000000,STRICT,PRIVATE_LINK,1,2,18630100.000000,0.999523,0,
cmp-00188,56,13066000.000000,FLEXIBLE,PUBLIC,5,1,45737000.000000,3.500459,1,
cmp-00189,70,20449000.000000,FLEXIBLE,PUBLIC,0,1,15215400.000000,0.744066,0,
cmp-00190,15,3430000.000000,FLEXIBLE,PUBLIC,4,3,3317600.000000,0.967230,0,
cmp-00191,15,5091000.000000,FLEXIBLE,PUBLIC,4,3,7109300.000000,1.396445,1,
cmp-00192,62,9708000.000000,STRICT,PUBLIC,5,2,9703700.000000,0.999557,0,
cmp-00193,83,4848000.000000,FLEXIBLE,PRIVATE_LINK,2,2,3905400.000000,0.805569,0,
cmp-00194,33,20542000.000000,FLEXIBLE,PUBLIC,2,2,38859800.000000,1.891724,1,
cmp-00195,55,9761000.000000,CLOSE_ON_TARGET,PUBLIC,1,1,6000800.000000,0.614773,0,
cmp-00196,82,7106000.000000,FLEXIBLE,PUBLIC,3,2,6110700.000000,0.859935,0,
cmp-00197,39,4622000.000000,FLEXIBLE,PUBLIC,0,3,1310100.000000,0.283449,0,
cmp-00198,68,4049000.000000,FLEXIBLE,PUBLIC,0,1,8801000.000000,2.173623,1,
cmp-00199,59,2991000.000000,FLEXIBLE,PUBLIC,2,3,3773800.000000,1.261718,1,
cmp-00200,67,13672000.000000,FLEXIBLE,PUBLIC,4,1,10096900.000000,0.738509,0,
cmp-00201,48,8377000.000000,STRICT,PRIVATE_LINK,3,2,8375800.000000,0.999857,0,
cmp-00202,23,4779000.000000,FLEXIBLE,PRIVATE_LINK,1,3,4912400.000000,1.027914,1,
cmp-00203,64,4933000.000000,CLOSE_ON_TARGET,PUBLIC,3,3,3555300.000000,0.720718,0,
cmp-00204,21,17262000.000000,FLEXIBLE,PUBLIC,5,1,13700100.000000,0.793657,0,
cmp-00205,63,1700000.000000,FLEXIBLE,PUBLIC,3,3,2174300.000000,1.279000,1,
cmp-00206,17,34144000.000000,FLEXIBLE,PRIVATE_LINK,3,1,18364500.000000,0.537854,0,
cmp-00207,90,8665000.000000,FLEXIBLE,PRIVATE_LINK,1,3,11899000.000000,1.373226,1,
cmp-00208,83,7292000.000000,CLOSE_ON_TARGET,PRIVATE_LINK,1,2,7303400.000000,1.001563,1,73.000000
cmp-00209,68,16262000.000000,STRICT,PUBLIC,3,1,5334600.000000,0.328041,0,
cmp-00210,79,14667000.000000,CLOSE_ON_TARGET,PUBLIC,1,2,8568700.000000,0.584216,0,
cmp-00211,69,7518000.000000,FLEXIBLE,PUBLIC,2,1,6989500.000000,0.929702,0,
cmp-00212,85,9613000.000000,FLEXIBLE,PRIVATE_LINK,4,2,10853700.000000,1.129065,1,
cmp-00213,24,11196000.000000,CLOSE_ON_TARGET,PUBLIC,5,1,11374600.000000,1.015952,1,23.000000
cmp-00214,62,7569000.000000,FLEXIBLE,PRIVATE_LINK,4,2,23427800.000000,3.095231,1,
cmp-00215,68,2378000.000000,FLEXIBLE,PUBLIC,4,1,3795000.000000,1.595879,1,
cmp-00216,15,8518000.000000,FLEXIBLE,PUBLIC,2,3,10033000.000000,1.177859,1,
cmp-00217,25,38256000.000000,FLEXIBLE,PUBLIC,1,3,74756800.000000,1.954120,1,
cmp-00218,89,12690000.000000,CLOSE_ON_TARGET,PUBLIC,3,3,12869400.000000,1.014137,1,54.000000
cmp-00219,63,5940000.000000,CLOSE_ON_TARGET,PUBLIC,3,3,6340500.000000,1.067424,1,15.000000
cmp-00220,49,3669000.000000,FLEXIBLE,PUBLIC,2,2,8679300.000000,2.365576,1,
cmp-00221,77,858000.000000,FLEXIBLE,PUBLIC,2,2,1315000.000000,1.532634,1,
cmp-00222,59,4885000.000000,FLEXIBLE,PUBLIC,4,1,4870900.000000,0.997114,0,
cmp-00223,27,14122000.000000,FLEXIBLE,PUBLIC,5,2,14725400.000000,1.042728,1,
cmp-00224,63,1380000.000000,FLEXIBLE,PUBLIC,2,1,2060200.000000,1.492899,1,
cmp-00225,24,20403000.000000,CLOSE_ON_TARGET,PUBLIC,0,3,20434100.000000,1.001524,1,22.000000
cmp-00226,67,5019000.000000,FLEXIBLE,PUBLIC,2,3,5085500.000000,1.013250,1,
cmp-00227,72,4315000.000000,FLEXIBLE,PUBLIC,3,3,7330300.000000,1.698795,1,
cmp-00228,69,14310000.000000,FLEXIBLE,PUBLIC,3,2,14190700.000000,0.991663,0,
cmp-00229,64,35962000.000000,STRICT,PUBLIC,1,1,26031100.000000,0.723850,0,
cmp-00230,90,7322000.000000,FLEXIBLE,PRIVATE_LINK,3,1,11915100.000000,1.627301,1,
cmp-00231,39,4713000.000000,FLEXIBLE,PRIVATE_LINK,6,1,15386000.000000,3.264587,1,
cmp-00232,32,22637000.000000,STRICT,PUBLIC,3,1,15007300.000000,0.662954,0,
cmp-00233,33,6321000.000000,STRICT,PUBLIC,2,3,6316400.000000,0.999272,0,
cmp-00234,56,7223000.000000,STRICT,PUBLIC,3,1,6506200.000000,0.900761,0,
cmp-00235,84,13534000.000000,FLEXIBLE,PRIVATE_LINK,2,2,13001600.000000,0.960662,0,
cmp-00236,32,8331000.000000,FLEXIBLE,PUBLIC,2,2,26648000.000000,3.198656,1,
cmp-00237,20,3739000.000000,FLEXIBLE,PUBLIC,7,2,5075200.000000,1.357368,1,
cmp-00238,85,6278000.000000,FLEXIBLE,PUBLIC,4,3,8221300.000000,1.309541,1,
cmp-00239,19,9252000.000000,CLOSE_ON_TARGET,PUBLIC,1,1,5830000.000000,0.630134,0,
cmp-00240,67,8655000.000000,CLOSE_ON_TARGET,PRIVATE_LINK,1,3,8717800.000000,1.007256,1,50.000000
cmp-00241,44,7364000.000000,CLOSE_ON_TARGET,PUBLIC,4,2,7507400.000000,1.019473,1,25.000000
cmp-00242,84,2761000.000000,FLEXIBLE,PUBLIC,4,2,2560700.000000,0.927454,0,
cmp-00243,68,4726000.000000,CLOSE_ON_TARGET,PUBLIC,8,3,5365800.000000,1.135379,1,10.000000
cmp-00244,74,11787000.000000,STRICT,PUBLIC,3,1,11786900.000000,0.999992,0,
cmp-00245,90,3203000.000000,FLEXIBLE,PUBLIC,7,2,5788700.000000,1.807274,1,
cmp-00246,49,13429000.000000,FLEXIBLE,PRIVATE_LINK,2,3,15340400.000000,1.142334,1,
cmp-00247,82,13544000.000000,STRICT,PUBLIC,4,2,13543400.000000,0.999956,0,
cmp-00248,80,5415000.000000,CLOSE_ON_TARGET,PUBLIC,5,3,5506800.000000,1.016953,1,4.000000
cmp-00249,68,25643000.000000,FLEXIBLE,PUBLIC,4,2,24503300.000000,0.955555,0,
cmp-00250,89,15919000.000000,FLEXIBLE,PRIVATE_LINK,3,1,6327200.000000,0.397462,0,
cmp-00251,53,47885000.000000,FLEXIBLE,PUBLIC,7,2,109387600.000000,2.284381,1,
cmp-00252,17,8825000.000000,CLOSE_ON_TARGET,PUBLIC,1,1,8851200.000000,1.002969,1,14.000000
cmp-00253,18,4059000.000000,FLEXIBLE,PRIVATE_LINK,2,2,4538500.000000,1.118133,1,
cmp-00254,36,7850000.000000,FLEXIBLE,PUBLIC,3,2,15044000.000000,1.916433,1,
cmp-00255,32,2286000.000000,STRICT,PUBLIC,1,2,2278800.000000,0.996850,0,
cmp-00256,50,11227000.000000,FLEXIBLE,PUBLIC,0,1,19522000.000000,1.738844,1,
cmp-00257,21,16791000.000000,FLEXIBLE,PUBLIC,3,3,43199900.000000,2.572801,1,
cmp-00258,15,4848000.000000,FLEXIBLE,PUBLIC,1,3,7865900.000000,1.622504,1,
cmp-00259,52,7179000.000000,STRICT,PUBLIC,3,1,6984700.000000,0.972935,0,
cmp-00260,69,718000.000000,FLEXIBLE,PRIVATE_LINK,6,1,250900.000000,0.349443,0,
cmp-00261,25,10275000.000000,FLEXIBLE,PUBLIC,3,1,6350600.000000,0.618063,0,
cmp-00262,64,8046000.000000,FLEXIBLE,PUBLIC,1,2,8209300.000000,1.020296,1,
cmp-00263,59,11706000.000000,STRICT,PUBLIC,5,3,11702800.000000,0.999727,0,
cmp-00264,55,18453000.000000,FLEXIBLE,PUBLIC,2,1,41594200.000000,2.254062,1,
cmp-00265,42,39414000.000000,FLEXIBLE,PUBLIC,1,1,68631000.000000,1.741285,1,
cmp-00266,28,7101000.000000,FLEXIBLE,PUBLIC,2,3,5993900.000000,0.844092,0,
cmp-00267,80,4869000.000000,FLEXIBLE,PUBLIC,3,3,3073500.000000,0.631238,0,
cmp-00268,81,3819000.000000,FLEXIBLE,PUBLIC,4,2,5011300.000000,1.312202,1,
cmp-00269,43,5839000.000000,CLOSE_ON_TARGET,PUBLIC,6,1,5865300.000000,1.004504,1,38.000000
cmp-00270,36,3442000.000000,CLOSE_ON_TARGET,PUBLIC,3,1,3488400.000000,1.013481,1,29.000000
cmp-00271,49,2708000.000000,STRICT,PUBLIC,6,3,2685000.000000,0.991507,0,
cmp-00272,22,4610000.000000,FLEXIBLE,PUBLIC,2,1,1918400.000000,0.416139,0,
cmp-00273,85,7145000.000000,FLEXIBLE,PRIVATE_LINK,4,2,9269600.000000,1.297355,1,
cmp-00274,89,8913000.000000,FLEXIBLE,PUBLIC,4,3,52532100.000000,5.893874,1,
cmp-00275,37,11051000.000000,FLEXIBLE,PUBLIC,3,2,12059800.000000,1.091286,1,
cmp-00276,78,6248000.000000,FLEXIBLE,PUBLIC,1,1,13051200.000000,2.088860,1,
cmp-00277,44,5918000.000000,FLEXIBLE,PRIVATE_LINK,3,2,7229700.000000,1.221646,1,
cmp-00278,19,13269000.000000,FLEXIBLE,PUBLIC,3,1,12612300.000000,0.950509,0,
cmp-00279,75,5640000.000000,FLEXIBLE,PUBLIC,2,3,11361600.000000,2.014468,1,
cmp-00280,84,8905000.000000,FLEXIBLE,PUBLIC,3,3,10631700.000000,1.193902,1,
cmp-00281,74,16083000.000000,CLOSE_ON_TARGET,PUBLIC,2,3,16266900.000000,1.011434,1,13.000000
cmp-00282,48,30575000.000000,STRICT,PUBLIC,4,2,20641100.000000,0.675097,0,
cmp-00283,57,13302000.000000,STRICT,PUBLIC,1,1,13300200.000000,0.999865,0,
cmp-00284,89,2398000.000000,STRICT,PUBLIC,3,2,1789100.000000,0.746080,0,
cmp-00285,43,2752000.000000,CLOSE_ON_TARGET,PUBLIC,5,3,2775900.000000,1.008685,1,4.000000
cmp-00286,19,21191000.000000,STRICT,PUBLIC,6,2,17461200.000000,0.823991,0,
cmp-00287,16,14029000.000000,CLOSE_ON_TARGET,PUBLIC,3,1,12315500.000000,0.877860,0,
cmp-00288,58,12320000.000000,FLEXIBLE,PUBLIC,4,1,30845500.000000,2.503693,1,
cmp-00289,42,5462000.000000,FLEXIBLE,PUBLIC,1,2,3165200.000000,0.579495,0,
cmp-00290,55,13098000.000000,STRICT,PUBLIC,3,1,9228700.000000,0.704588,0,
cmp-00291,46,3728000.000000,FLEXIBLE,PUBLIC,3,3,4890300.000000,1.311776,1,
cmp-00292,53,8075000.000000,CLOSE_ON_TARGET,PUBLIC,2,1,8123400.000000,1.005994,1,11.000000
cmp-00293,21,4942000.000000,FLEXIBLE,PUBLIC,0,3,5930800.000000,1.200081,1,
cmp-00294,22,23550000.000000,FLEXIBLE,PRIVATE_LINK,2,3,46193700.000000,1.961516,1,
cmp-00295,88,7917000.000000,FLEXIBLE,PUBLIC,3,2,13965600.000000,1.764002,1,
cmp-00296,50,8633000.000000,STRICT,PRIVATE_LINK,5,2,8632900.000000,0.999988,0,
cmp-00297,76,5411000.000000,STRICT,PUBLIC,3,3,5406300.000000,0.999131,0,
cmp-00298,15,9152000.000000,FLEXIBLE,PRIVATE_LINK,1,2,26498200.000000,2.895345,1,
cmp-00299,60,16970000.000000,FLEXIBLE,PUBLIC,5,1,39071600.000000,2.302392,1,
cmp-00300,63,10623000.000000,CLOSE_ON_TARGET,PRIVATE_LINK,2,2,5185400.000000,0.488130,0,
cmp-00301,84,7033000.000000,FLEXIBLE,PUBLIC,7,2,9711400.000000,1.380833,1,
cmp-00302,19,2406000.000000,STRICT,PUBLIC,2,3,2403300.000000,0.998878,0,
cmp-00303,69,6206000.000000,STRICT,PUBLIC,3,2,6205200.000000,0.999871,0,
cmp-00304,85,6084000.000000,STRICT,PUBLIC,6,3,6045800.000000,0.993721,0,
cmp-00305,53,4524000.000000,FLEXIBLE,PUBLIC,0,2,1433800.000000,0.316932,0,
cmp-00306,46,19454000.000000,STRICT,PUBLIC,2,3,19442900.000000,0.999429,0,
cmp-00307,45,8746000.000000,FLEXIBLE,PUBLIC,5,1,20947200.000000,2.395061,1,
cmp-00308,44,12762000.000000,STRICT,PUBLIC,4,1,10616100.000000,0.831852,0,
cmp-00309,60,8464000.000000,STRICT,PUBLIC,2,3,6950000.000000,0.821125,0,
cmp-00310,58,12568000.000000,CLOSE_ON_TARGET,PRIVATE_LINK,2,1,12617800.000000,1.003962,1,55.000000
cmp-00311,18,1859000.000000,CLOSE_ON_TARGET,PUBLIC,1,3,2029900.000000,1.091931,1,15.000000
cmp-00312,80,6956000.000000,STRICT,PUBLIC,3,3,4699700.000000,0.675633,0,
cmp-00313,44,3739000.000000,CLOSE_ON_TARGET,PRIVATE_LINK,5,1,3539600.000000,0.946670,0,
cmp-00314,85,13483000.000000,FLEXIBLE,PUBLIC,3,1,30229100.000000,2.242016,1,
cmp-00315,44,3855000.000000,STRICT,PUBLIC,1,1,3717900.000000,0.964436,0,
cmp-00316,35,6557000.000000,FLEXIBLE,PUBLIC,0,3,14104300.000000,2.151029,1,
cmp-00317,71,6029000.000000,FLEXIBLE,PUBLIC,4,2,12275200.000000,2.036026,1,
cmp-00318,28,5202000.000000,CLOSE_ON_TARGET,PUBLIC,3,3,5286800.000000,1.016301,1,24.000000
cmp-00319,22,2950000.000000,FLEXIBLE,PUBLIC,4,2,5603700.000000,1.899559,1,
cmp-00320,50,4195000.000000,FLEXIBLE,PUBLIC,1,3,5112800.000000,1.218784,1,
cmp-00321,60,33941000.000000,STRICT,PUBLIC,3,3,17622400.000000,0.519207,0,
cmp-00322,90,1832000.000000,FLEXIBLE,PUBLIC,2,2,2481800.000000,1.354694,1,
cmp-00323,78,16713000.000000,FLEXIBLE,PUBLIC,6,3,34900500.000000,2.088225,1,
cmp-00324,55,6553000.000000,FLEXIBLE,PUBLIC,4,1,14065400.000000,2.146406,1,
cmp-00325,47,14683000.000000,CLOSE_ON_TARGET,PUBLIC,2,3,14765900.000000,1.005646,1,27.000000
cmp-00326,61,3071000.000000,FLEXIBLE,PRIVATE_LINK,5,1,3475700.000000,1.131781,1,
cmp-00327,49,8230000.000000,FLEXIBLE,PRIVATE_LINK,6,3,27597400.000000,3.353269,1,
cmp-00328,17,32327000.000000,FLEXIBLE,PUBLIC,1,1,55956500.000000,1.730952,1,
cmp-00329,53,6223000.000000,FLEXIBLE,PUBLIC,3,3,5937800.000000,0.954170,0,
cmp-00330,69,22978000.000000,FLEXIBLE,PUBLIC,2,3,18906900.000000,0.822826,0,
cmp-00331,23,10569000.000000,STRICT,PRIVATE_LINK,4,2,10567300.000000,0.999839,0,
cmp-00332,25,6776000.000000,FLEXIBLE,PUBLIC,7,1,22043600.000000,3.253188,1,
cmp-00333,41,38186000.000000,FLEXIBLE,PUBLIC,1,3,100738800.000000,2.638108,1,
cmp-00334,47,24295000.000000,FLEXIBLE,PUBLIC,2,1,14068900.000000,0.579086,0,
cmp-00335,68,6134000.000000,FLEXIBLE,PUBLIC,2,2,5194100.000000,0.846772,0,
cmp-00336,18,15334000.000000,FLEXIBLE,PUBLIC,4,1,44945700.000000,2.931114,1,
cmp-00337,66,4868000.000000,FLEXIBLE,PUBLIC,5,2,7710700.000000,1.583956,1,
cmp-00338,33,2524000.000000,FLEXIBLE,PRIVATE_LINK,5,3,1765600.000000,0.699525,0,
cmp-00339,47,7825000.000000,FLEXIBLE,PUBLIC,1,1,3723300.000000,0.475821,0,
cmp-00340,71,4431000.000000,FLEXIBLE,PRIVATE_LINK,2,1,13830100.000000,3.121214,1,
cmp-00341,21,2000000.000000,FLEXIBLE,PUBLIC,1,1,5182000.000000,2.591000,1,
cmp-00342,44,4242000.000000,FLEXIBLE,PRIVATE_LINK,2,1,6375700.000000,1.502994,1,
cmp-00343,71,10039000.000000,FLEXIBLE,PUBLIC,3,3,14986900.000000,1.492868,1,
cmp-00344,34,3212000.000000,FLEXIBLE,PUBLIC,3,3,1608900.000000,0.500903,0,
cmp-00345,29,33307000.000000,STRICT,PUBLIC,2,2,33305000.000000,0.999940,0,
cmp-00346,49,13153000.000000,FLEXIBLE,PUBLIC,2,1,9456400.000000,0.718954,0,
cmp-00347,77,5310000.000000,FLEXIBLE,PUBLIC,2,3,12375400.000000,2.330584,1,
cmp-00348,87,17475000.000000,FLEXIBLE,PUBLIC,0,2,34125400.000000,1.952813,1,
cmp-00349,53,3335000.000000,FLEXIBLE,PRIVATE_LINK,2,1,1068700.000000,0.320450,0,
cmp-00350,52,3751000.000000,STRICT,PUBLIC,1,1,3737900.000000,0.996508,0,
cmp-00351,15,1574000.000000,FLEXIBLE,PUBLIC,5,3,13571800.000000,8.622490,1,
cmp-00352,58,13438000.000000,FLEXIBLE,PUBLIC,6,1,11841600.000000,0.881203,0,
cmp-00353,30,2187000.000000,FLEXIBLE,PUBLIC,2,2,524800.000000,0.239963,0,
cmp-00354,53,3149000.000000,STRICT,PUBLIC,5,2,3073600.000000,0.976056,0,
cmp-00355,67,5038000.000000,CLOSE_ON_TARGET,PRIVATE_LINK,0,2,5206000.000000,1.033347,1,64.000000
cmp-00356,67,10498000.000000,FLEXIBLE,PUBLIC,1,1,27533000.000000,2.622690,1,
cmp-00357,39,16861000.000000,STRICT,PUBLIC,2,1,16858500.000000,0.999852,0,
cmp-00358,37,18268000.000000,FLEXIBLE,PRIVATE_LINK,4,2,34375300.000000,1.881722,1,
cmp-00359,32,19688000.000000,CLOSE_ON_TARGET,PUBLIC,3,3,11243500.000000,0.571084,0,
cmp-00360,55,5835000.000000,FLEXIBLE,PUBLIC,10,1,13650000.000000,2.339332,1,
cmp-00361,88,19584000.000000,STRICT,PUBLIC,8,1,19582600.000000,0.999929,0,
cmp-00362,73,25827000.000000,FLEXIBLE,PUBLIC,1,3,68147000.000000,2.638595,1,
cmp-00363,16,10001000.000000,FLEXIBLE,PUBLIC,2,3,13975600.000000,1.397420,1,
cmp-00364,65,13074000.000000,CLOSE_ON_TARGET,PUBLIC,6,3,13253700.000000,1.013745,1,9.000000
cmp-00365,17,11401000.000000,FLEXIBLE,PUBLIC,3,1,8775100.000000,0.769678,0,
cmp-00366,30,15420000.000000,STRICT,PUBLIC,5,2,15419100.000000,0.999942,0,
cmp-00367,48,9066000.000000,FLEXIBLE,PRIVATE_LINK,5,1,14955000.000000,1.649570,1,
cmp-00368,22,20163000.000000,FLEXIBLE,PUBLIC,2,2,11397800.000000,0.565283,0,
cmp-00369,18,5449000.000000,CLOSE_ON_TARGET,PUBLIC,2,3,3745300.000000,0.687337,0,
cmp-00370,84,3043000.000000,FLEXIBLE,PUBLIC,2,2,1637600.000000,0.538153,0,
cmp-00371,36,27213000.000000,CLOSE_ON_TARGET,PUBLIC,4,2,17636800.000000,0.648102,0,
cmp-00372,63,2181000.000000,FLEXIBLE,PUBLIC,0,1,4513400.000000,2.069418,1,
cmp-00373,15,6093000.000000,STRICT,PUBLIC,3,2,6002400.000000,0.985130,0,
cmp-00374,45,7407000.000000,FLEXIBLE,PUBLIC,5,2,14158000.000000,1.911435,1,
cmp-00375,20,24281000.000000,FLEXIBLE,PUBLIC,1,2,20124100.000000,0.828800,0,
cmp-00376,88,11863000.000000,FLEXIBLE,PUBLIC,5,3,28042500.000000,2.363862,1,
cmp-00377,44,42950000.000000,FLEXIBLE,PUBLIC,2,3,31136200.000000,0.724941,0,
cmp-00378,34,1150000.000000,CLOSE_ON_TARGET,PRIVATE_LINK,2,3,797900.000000,0.693826,0,
cmp-00379,48,37539000.000000,FLEXIBLE,PRIVATE_LINK,3,2,29852800.000000,0.795248,0,
cmp-00380,15,3623000.000000,STRICT,PUBLIC,3,1,3395900.000000,0.937317,0,
cmp-00381,56,4473000.000000,CLOSE_ON_TARGET,PUBLIC,3,3,4504700.000000,1.007087,1,36.000000
cmp-00382,19,7682000.000000,CLOSE_ON_TARGET,PUBLIC,1,1,5708300.000000,0.743075,0,
cmp-00383,52,19507000.000000,FLEXIBLE,PUBLIC,4,1,25603200.000000,1.312513,1,
cmp-00384,36,19333000.000000,STRICT,PUBLIC,5,3,19331600.000000,0.999928,0,
cmp-00385,54,4490000.000000,CLOSE_ON_TARGET,PUBLIC,4,2,4490600.000000,1.000134,1,14.000000
cmp-00386,80,6216000.000000,STRICT,PUBLIC,2,2,6211700.000000,0.999308,0,
cmp-00387,36,7364000.000000,FLEXIBLE,PUBLIC,2,3,10679100.000000,1.450177,1,
cmp-00388,48,3606000.000000,CLOSE_ON_TARGET,PUBLIC,2,3,3612500.000000,1.001803,1,46.000000
cmp-00389,55,15744000.000000,FLEXIBLE,PRIVATE_LINK,4,1,26673400.000000,1.694195,1,
cmp-00390,22,64795000.000000,STRICT,PUBLIC,4,2,64794800.000000,0.999997,0,
cmp-00391,47,15717000.000000,FLEXIBLE,PUBLIC,1,1,21750800.000000,1.383903,1,
cmp-00392,24,5364000.000000,FLEXIBLE,PUBLIC,0,3,6841800.000000,1.275503,1,
cmp-00393,60,2694000.000000,CLOSE_ON_TARGET,PRIVATE_LINK,3,2,2704700.000000,1.003972,1,54.000000
cmp-00394,55,5585000.000000,FLEXIBLE,PUBLIC,3,3,6503500.000000,1.164458,1,
cmp-00395,53,5498000.000000,FLEXIBLE,PUBLIC,1,2,7231500.000000,1.315296,1,
cmp-00396,68,6561000.000000,STRICT,PUBLIC,3,2,6556300.000000,0.999284,0,
cmp-00397,17,16190000.000000,STRICT,PUBLIC,0,1,13768700.000000,0.850445,0,
cmp-00398,20,10616000.000000,FLEXIBLE,PUBLIC,1,1,9330600.000000,0.878919,0,
cmp-00399,37,11985000.000000,FLEXIBLE,PRIVATE_LINK,3,2,3074900.000000,0.256562,0,
cmp-00400,90,2504000.000000,STRICT,PUBLIC,3,1,2503700.000000,0.999880,0,
cmp-00401,41,7429000.000000,FLEXIBLE,PUBLIC,5,2,9667100.000000,1.301265,1,
cmp-00402,71,15037000.000000,FLEXIBLE,PUBLIC,5,3,36006200.000000,2.394507,1,
cmp-00403,24,28879000.000000,STRICT,PUBLIC,2,3,28876400.000000,0.999910,0,
cmp-00404,18,16723000.000000,CLOSE_ON_TARGET,PUBLIC,1,3,16757800.000000,1.002081,1,7.000000
cmp-00405,82,1964000.000000,FLEXIBLE,PRIVATE_LINK,2,2,2945400.000000,1.499695,1,
cmp-00406,73,27231000.000000,STRICT,PUBLIC,5,1,27229500.000000,0.999945,0,
cmp-00407,69,12491000.000000,STRICT,PUBLIC,5,1,12489100.000000,0.999848,0,
cmp-00408,75,19504000.000000,FLEXIBLE,PUBLIC,3,3,20038700.000000,1.027415,1,
cmp-00409,77,6451000.000000,FLEXIBLE,PUBLIC,0,2,8477200.000000,1.314091,1,
cmp-00410,52,10091000.000000,STRICT,PRIVATE_LINK,4,2,10087300.000000,0.999633,0,
cmp-00411,73,4077000.000000,FLEXIBLE,PUBLIC,5,2,3389700.000000,0.831420,0,
cmp-00412,64,16898000.000000,FLEXIBLE,PUBLIC,2,3,22860000.000000,1.352823,1,
cmp-00413,30,10240000.000000,CLOSE_ON_TARGET,PUBLIC,3,3,10282400.000000,1.004141,1,17.000000
cmp-00414,65,3546000.000000,FLEXIBLE,PUBLIC,5,2,5580900.000000,1.573858,1,
cmp-00415,83,2497000.000000,STRICT,PUBLIC,2,1,1432500.000000,0.573688,0,
cmp-00416,74,15385000.000000,FLEXIBLE,PUBLIC,1,1,9731300.000000,0.632519,0,
cmp-00417,58,15459000.000000,FLEXIBLE,PUBLIC,0,2,3579100.000000,0.231522,0,
cmp-00418,19,9745000.000000,FLEXIBLE,PUBLIC,1,2,11869000.000000,1.217958,1,
cmp-00419,54,20432000.000000,STRICT,PUBLIC,3,2,20431200.000000,0.999961,0,
cmp-00420,34,8282000.000000,FLEXIBLE,PUBLIC,2,1,4190600.000000,0.505989,0,
cmp-00421,53,10092000.000000,FLEXIBLE,PUBLIC,0,2,7507100.000000,0.743866,0,
cmp-00422,18,28148000.000000,FLEXIBLE,PUBLIC,4,1,28087500.000000,0.997851,0,
cmp-00423,60,2023000.000000,FLEXIBLE,PUBLIC,2,2,2057100.000000,1.016856,1,
cmp-00424,72,6015000.000000,FLEXIBLE,PUBLIC,4,2,6907600.000000,1.148396,1,
cmp-00425,61,9510000.000000,FLEXIBLE,PUBLIC,1,2,17791900.000000,1.870862,1,
cmp-00426,60,65735000.000000,STRICT,PUBLIC,3,2,65735000.000000,1.000000,1,
cmp-00427,40,19816000.000000,FLEXIBLE,PUBLIC,3,1,41286500.000000,2.083493,1,
cmp-00428,73,4150000.000000,FLEXIBLE,PUBLIC,3,1,16416400.000000,3.955759,1,
cmp-00429,33,4033000.000000,FLEXIBLE,PUBLIC,3,2,5404200.000000,1.339995,1,
cmp-00430,77,1043000.000000,STRICT,PUBLIC,3,3,1036800.000000,0.994056,0,
cmp-00431,22,5123000.000000,FLEXIBLE,PUBLIC,2,3,20975300.000000,4.094339,1,
cmp-00432,68,4497000.000000,FLEXIBLE,PUBLIC,1,3,6810200.000000,1.514387,1,
cmp-00433,85,10903000.000000,FLEXIBLE,PUBLIC,5,3,9665400.000000,0.886490,0,
cmp-00434,87,3370000.000000,FLEXIBLE,PUBLIC,5,2,7974900.000000,2.366439,1,
cmp-00435,21,2145000.000000,STRICT,PRIVATE_LINK,4,2,1511700.000000,0.704755,0,
cmp-00436,23,22053000.000000,CLOSE_ON_TARGET,PUBLIC,2,3,5778300.000000,0.262019,0,
cmp-00437,66,8484000.000000,FLEXIBLE,PUBLIC,3,2,14587800.000000,1.719448,1,
cmp-00438,40,1938000.000000,STRICT,PUBLIC,3,2,684000.000000,0.352941,0,
cmp-00439,39,25236000.000000,STRICT,PRIVATE_LINK,5,2,25234600.000000,0.999945,0,
cmp-00440,79,5942000.000000,FLEXIBLE,PUBLIC,3,2,20776100.000000,3.496483,1,
cmp-00441,62,24554000.000000,STRICT,PUBLIC,2,1,17955000.000000,0.731245,0,
cmp-00442,16,3248000.000000,FLEXIBLE,PUBLIC,3,1,2666900.000000,0.821090,0,
cmp-00443,81,10193000.000000,STRICT,PUBLIC,1,3,10191800.000000,0.999882,0,
cmp-00444,67,4367000.000000,FLEXIBLE,PUBLIC,2,2,11369400.000000,2.603481,1,
cmp-00445,19,4749000.000000,CLOSE_ON_TARGET,PUBLIC,7,3,4950800.000000,1.042493,1,5.000000
cmp-00446,84,16034000.000000,STRICT,PUBLIC,3,2,16032300.000000,0.999894,0,
cmp-00447,53,14220000.000000,FLEXIBLE,PUBLIC,3,2,39141500.000000,2.752567,1,
cmp-00448,78,26531000.000000,FLEXIBLE,PRIVATE_LINK,0,2,47128400.000000,1.776352,1,
cmp-00449,73,26900000.000000,CLOSE_ON_TARGET,PUBLIC,2,3,26925300.000000,1.000941,1,14.000000
cmp-00450,65,2060000.000000,CLOSE_ON_TARGET,PUBLIC,2,1,904400.000000,0.439029,0,
cmp-00451,56,52273000.000000,CLOSE_ON_TARGET,PUBLIC,3,3,52278800.000000,1.000111,1,44.000000
cmp-00452,71,13484000.000000,FLEXIBLE,PUBLIC,3,1,16513400.000000,1.224666,1,
cmp-00453,76,3652000.000000,FLEXIBLE,PUBLIC,1,1,2495800.000000,0.683406,0,
cmp-00454,75,15677000.000000,FLEXIBLE,PUBLIC,5,1,26080300.000000,1.663603,1,
cmp-00455,90,12387000.000000,FLEXIBLE,PUBLIC,3,3,37188200.000000,3.002196,1,
cmp-00456,23,3898000.000000,FLEXIBLE,PUBLIC,1,2,4648800.000000,1.192612,1,
cmp-00457,57,12185000.000000,FLEXIBLE,PUBLIC,4,3,11947100.000000,0.980476,0,
cmp-00458,70,28524000.000000,FLEXIBLE,PUBLIC,4,1,35203100.000000,1.234157,1,
cmp-00459,19,15776000.000000,STRICT,PRIVATE_LINK,3,3,6231600.000000,0.395005,0,
cmp-00460,65,21496000.000000,STRICT,PUBLIC,1,2,21492500.000000,0.999837,0,
cmp-00461,87,19110000.000000,STRICT,PUBLIC,1,3,19078400.000000,0.998346,0,
cmp-00462,64,7336000.000000,STRICT,PRIVATE_LINK,3,1,7332600.000000,0.999537,0,
cmp-00463,74,8346000.000000,FLEXIBLE,PUBLIC,4,1,2978100.000000,0.356830,0,
cmp-00464,58,18397000.000000,STRICT,PUBLIC,2,3,18393900.000000,0.999831,0,
cmp-00465,84,10958000.000000,FLEXIBLE,PUBLIC,7,2,9598300.000000,0.875917,0,
cmp-00466,45,3758000.000000,STRICT,PUBLIC,4,3,3754200.000000,0.998989,0,
cmp-00467,34,5370000.000000,FLEXIBLE,PUBLIC,4,1,16013000.000000,2.981937,1,
cmp-00468,58,10533000.000000,STRICT,PRIVATE_LINK,0,1,10531500.000000,0.999858,0,
cmp-00469,83,11576000.000000,FLEXIBLE,PRIVATE_LINK,3,2,10492300.000000,0.906384,0,
cmp-00470,83,7325000.000000,FLEXIBLE,PUBLIC,2,1,13581000.000000,1.854061,1,
cmp-00471,28,3520000.000000,FLEXIBLE,PUBLIC,1,3,7678900.000000,2.181506,1,
cmp-00472,90,6526000.000000,CLOSE_ON_TARGET,PRIVATE_LINK,6,3,5001600.000000,0.766411,0,
cmp-00473,61,17515000.000000,FLEXIBLE,PUBLIC,4,2,20779900.000000,1.186406,1,
cmp-00474,67,16551000.000000,FLEXIBLE,PUBLIC,1,1,22211900.000000,1.342028,1,
cmp-00475,71,32860000.000000,STRICT,PRIVATE_LINK,5,1,32857300.000000,0.999918,0,
cmp-00476,55,5990000.000000,FLEXIBLE,PUBLIC,3,2,5529500.000000,0.923122,0,
cmp-00477,50,4450000.000000,FLEXIBLE,PUBLIC,7,3,4226900.000000,0.949865,0,
cmp-00478,37,24980000.000000,FLEXIBLE,PUBLIC,8,3,45179200.000000,1.808615,1,
cmp-00479,57,4112000.000000,STRICT,PRIVATE_LINK,6,1,4092400.000000,0.995233,0,
cmp-00480,71,7167000.000000,STRICT,PRIVATE_LINK,5,3,7166800.000000,0.999972,0,
cmp-00481,15,13341000.000000,CLOSE_ON_TARGET,PUBLIC,1,2,13371900.000000,1.002316,1,9.000000
cmp-00482,49,6890000.000000,FLEXIBLE,PUBLIC,4,3,14749900.000000,2.140769,1,
cmp-00483,58,3459000.000000,CLOSE_ON_TARGET,PUBLIC,2,3,3727200.000000,1.077537,1,16.000000
cmp-00484,83,5320000.000000,STRICT,PUBLIC,7,2,5317400.000000,0.999511,0,
cmp-00485,63,12765000.000000,CLOSE_ON_TARGET,PUBLIC,1,2,12806400.000000,1.003243,1,35.000000
cmp-00486,33,8999000.000000,FLEXIBLE,PUBLIC,4,2,15895900.000000,1.766407,1,
cmp-00487,42,1625000.000000,STRICT,PUBLIC,3,1,1619800.000000,0.996800,0,
cmp-00488,49,4219000.000000,CLOSE_ON_TARGET,PUBLIC,7,2,4351000.000000,1.031287,1,19.000000
cmp-00489,38,17468000.000000,FLEXIBLE,PUBLIC,2,3,29890000.000000,1.711129,1,
cmp-00490,56,3584000.000000,CLOSE_ON_TARGET,PUBLIC,3,3,3640800.000000,1.015848,1,52.000000
cmp-00491,46,9507000.000000,CLOSE_ON_TARGET,PUBLIC,4,1,9599300.000000,1.009709,1,30.000000
cmp-00492,65,4097000.000000,FLEXIBLE,PUBLIC,3,3,4750700.000000,1.159556,1,
cmp-00493,34,2217000.000000,STRICT,PUBLIC,2,2,2198900.000000,0.991836,0,
cmp-00494,49,2954000.000000,STRICT,PUBLIC,6,3,1321600.000000,0.447393,0,
cmp-00495,51,3001000.000000,FLEXIBLE,PUBLIC,0,1,2151100.000000,0.716794,0,
cmp-00496,57,29586000.000000,FLEXIBLE,PUBLIC,3,2,39967700.000000,1.350899,1,
cmp-00497,30,3838000.000000,STRICT,PUBLIC,3,3,3834800.000000,0.999166,0,
cmp-00498,59,9177000.000000,STRICT,PUBLIC,3,1,9068800.000000,0.988210,0,
cmp-00499,72,4202000.000000,FLEXIBLE,PUBLIC,5,2,3393100.000000,0.807496,0,
cmp-00500,71,6933000.000000,STRICT,PUBLIC,1,2,4106500.000000,0.592312,0,
cmp-00501,20,3304000.000000,FLEXIBLE,PRIVATE_LINK,4,2,4000800.000000,1.210896,1,
cmp-00502,67,3252000.000000,STRICT,PUBLIC,7,1,3251700.000000,0.999908,0,
cmp-00503,56,4033000.000000,STRICT,PUBLIC,0,3,4029700.000000,0.999182,0,
cmp-00504,65,15017000.000000,FLEXIBLE,PUBLIC,6,3,22038500.000000,1.467570,1,
cmp-00505,58,17456000.000000,FLEXIBLE,PRIVATE_LINK,3,3,15158000.000000,0.868355,0,
cmp-00506,71,2169000.000000,FLEXIBLE,PRIVATE_LINK,3,3,1951000.000000,0.899493,0,
cmp-00507,90,3821000.000000,FLEXIBLE,PUBLIC,3,3,3886000.000000,1.017011,1,
cmp-00508,58,1571000.000000,CLOSE_ON_TARGET,PRIVATE_LINK,4,3,466000.000000,0.296626,0,
cmp-00509,48,11483000.000000,CLOSE_ON_TARGET,PRIVATE_LINK,3,3,11553100.000000,1.006105,1,40.000000
cmp-00510,21,16641000.000000,FLEXIBLE,PRIVATE_LINK,2,3,18302400.000000,1.099838,1,
cmp-00511,51,9122000.000000,FLEXIBLE,PUBLIC,4,3,8002200.000000,0.877242,0,
cmp-00512,42,22897000.000000,FLEXIBLE,PUBLIC,7,2,70514500.000000,3.079639,1,
cmp-00513,76,25487000.000000,FLEXIBLE,PUBLIC,1,2,37081500.000000,1.454918,1,
cmp-00514,65,3663000.000000,FLEXIBLE,PUBLIC,1,1,3063400.000000,0.836309,0,
cmp-00515,47,3865000.000000,STRICT,PUBLIC,1,3,3857200.000000,0.997982,0,
cmp-00516,57,13916000.000000,FLEXIBLE,PUBLIC,5,3,50019700.000000,3.594402,1,
cmp-00517,28,11886000.000000,FLEXIBLE,PRIVATE_LINK,6,3,11919400.000000,1.002810,1,
cmp-00518,41,14643000.000000,FLEXIBLE,PUBLIC,6,2,37392300.000000,2.553596,1,
cmp-00519,72,45428000.000000,FLEXIBLE,PUBLIC,1,1,81520300.000000,1.794495,1,
cmp-00520,24,12444000.000000,FLEXIBLE,PUBLIC,5,1,28311900.000000,2.275145,1,
cmp-00521,82,17130000.000000,FLEXIBLE,PUBLIC,3,3,60567300.000000,3.535744,1,
cmp-00522,73,29830000.000000,STRICT,PUBLIC,4,1,29827700.000000,0.999923,0,
cmp-00523,53,5780000.000000,STRICT,PRIVATE_LINK,3,1,5748500.000000,0.994550,0,
cmp-00524,19,18477000.000000,FLEXIBLE,PUBLIC,3,3,30599900.000000,1.656108,1,
cmp-00525,19,1908000.000000,FLEXIBLE,PUBLIC,4,2,4727500.000000,2.477725,1,
cmp-00526,72,6343000.000000,CLOSE_ON_TARGET,PUBLIC,0,2,6389700.000000,1.007362,1,42.000000
cmp-00527,77,1944000.000000,CLOSE_ON_TARGET,PUBLIC,6,3,2153700.000000,1.107870,1,14.000000
cmp-00528,77,3227000.000000,FLEXIBLE,PUBLIC,2,1,6904400.000000,2.139572,1,
cmp-00529,56,1925000.000000,FLEXIBLE,PUBLIC,1,1,2634400.000000,1.368519,1,
cmp-00530,42,6550000.000000,FLEXIBLE,PUBLIC,1,3,14861300.000000,2.268901,1,
cmp-00531,44,21711000.000000,FLEXIBLE,PUBLIC,3,1,17556200.000000,0.808632,0,
cmp-00532,82,20956000.000000,FLEXIBLE,PRIVATE_LINK,0,3,25141200.000000,1.199714,1,
cmp-00533,33,11875000.000000,STRICT,PUBLIC,1,3,4741300.000000,0.399267,0,
cmp-00534,70,18711000.000000,STRICT,PUBLIC,5,2,18706100.000000,0.999738,0,
cmp-00535,50,11016000.000000,FLEXIBLE,PUBLIC,6,3,6664500.000000,0.604984,0,
cmp-00536,65,5219000.000000,FLEXIBLE,PUBLIC,2,2,6085800.000000,1.166085,1,
cmp-00537,56,6858000.000000,FLEXIBLE,PUBLIC,1,1,8848700.000000,1.290274,1,
cmp-00538,33,4756000.000000,FLEXIBLE,PUBLIC,2,1,3999300.000000,0.840896,0,
cmp-00539,35,3718000.000000,FLEXIBLE,PUBLIC,3,2,2338400.000000,0.628940,0,
cmp-00540,56,2162000.000000,FLEXIBLE,PUBLIC,1,2,3877400.000000,1.793432,1,
cmp-00541,20,16598000.000000,CLOSE_ON_TARGET,PUBLIC,7,1,16716500.000000,1.007139,1,6.000000
cmp-00542,35,7394000.000000,STRICT,PRIVATE_LINK,1,1,7375800.000000,0.997539,0,
cmp-00543,52,9543000.000000,FLEXIBLE,PUBLIC,1,2,6176200.000000,0.647197,0,
cmp-00544,74,3268000.000000,CLOSE_ON_TARGET,PRIVATE_LINK,3,2,2965500.000000,0.907436,0,
cmp-00545,32,19584000.000000,FLEXIBLE,PRIVATE_LINK,6,3,39038400.000000,1.993382,1,
cmp-00546,53,5586000.000000,FLEXIBLE,PUBLIC,4,2,6557000.000000,1.173827,1,
cmp-00547,40,9244000.000000,FLEXIBLE,PUBLIC,4,2,6193300.000000,0.669981,0,
cmp-00548,83,1836000.000000,FLEXIBLE,PRIVATE_LINK,1,3,3657300.000000,1.991993,1,
cmp-00549,19,5107000.000000,FLEXIBLE,PUBLIC,3,3,14436500.000000,2.826806,1,
cmp-00550,72,5294000.000000,CLOSE_ON_TARGET,PUBLIC,5,1,5444100.000000,1.028353,1,18.000000
cmp-00551,62,20572000.000000,STRICT,PUBLIC,4,1,20569000.000000,0.999854,0,
cmp-00552,52,17680000.000000,FLEXIBLE,PUBLIC,5,3,22968400.000000,1.299118,1,
cmp-00553,67,15407000.000000,STRICT,PUBLIC,4,2,15406800.000000,0.999987,0,
cmp-00554,53,24974000.000000,FLEXIBLE,PUBLIC,3,2,22997100.000000,0.920842,0,
cmp-00555,21,1917000.000000,FLEXIBLE,PUBLIC,1,2,1788500.000000,0.932968,0,
cmp-00556,83,18910000.000000,STRICT,PRIVATE_LINK,3,3,18908500.000000,0.999921,0,
cmp-00557,31,4168000.000000,STRICT,PUBLIC,2,3,3211300.000000,0.770465,0,
cmp-00558,17,16680000.000000,FLEXIBLE,PUBLIC,2,2,19481400.000000,1.167950,1,
cmp-00559,89,14857000.000000,FLEXIBLE,PUBLIC,0,2,17484300.000000,1.176839,1,
cmp-00560,86,8500000.000000,STRICT,PUBLIC,3,1,8498100.000000,0.999776,0,
cmp-00561,21,11738000.000000,FLEXIBLE,PUBLIC,2,1,10107300.000000,0.861075,0,
cmp-00562,35,16342000.000000,CLOSE_ON_TARGET,PUBLIC,3,2,16388100.000000,1.002821,1,23.000000
cmp-00563,60,15212000.000000,FLEXIBLE,PUBLIC,4,1,26368300.000000,1.733388,1,
cmp-00564,88,6833000.000000,FLEXIBLE,PUBLIC,4,3,2218100.000000,0.324616,0,
cmp-00565,67,24072000.000000,CLOSE_ON_TARGET,PUBLIC,2,1,24083600.000000,1.000482,1,66.000000
cmp-00566,81,5886000.000000,STRICT,PUBLIC,3,3,5880100.000000,0.998998,0,
cmp-00567,86,6568000.000000,FLEXIBLE,PUBLIC,4,3,31239100.000000,4.756258,1,
cmp-00568,18,9769000.000000,STRICT,PUBLIC,4,2,9768900.000000,0.999990,0,
cmp-00569,18,6025000.000000,FLEXIBLE,PUBLIC,4,2,3819700.000000,0.633975,0,
cmp-00570,66,5627000.000000,STRICT,PUBLIC,3,3,5615400.000000,0.997939,0,
cmp-00571,50,1704000.000000,FLEXIBLE,PUBLIC,2,2,4773200.000000,2.801174,1,
cmp-00572,22,15255000.000000,FLEXIBLE,PRIVATE_LINK,2,2,25555100.000000,1.675195,1,
cmp-00573,82,843000.000000,FLEXIBLE,PUBLIC,3,1,732100.000000,0.868446,0,
cmp-00574,19,12624000.000000,FLEXIBLE,PUBLIC,2,1,53268200.000000,4.219598,1,
cmp-00575,52,30485000.000000,FLEXIBLE,PUBLIC,0,2,38100500.000000,1.249811,1,
cmp-00576,33,5965000.000000,CLOSE_ON_TARGET,PUBLIC,5,2,6036400.000000,1.011970,1,20.000000
cmp-00577,45,1893000.000000,FLEXIBLE,PUBLIC,2,3,7936200.000000,4.192393,1,
cmp-00578,26,12721000.000000,FLEXIBLE,PUBLIC,2,2,67784600.000000,5.328559,1,
cmp-00579,88,8001000.000000,FLEXIBLE,PUBLIC,3,1,6775100.000000,0.846782,0,
cmp-00580,36,10699000.000000,FLEXIBLE,PUBLIC,3,1,54649000.000000,5.107861,1,
cmp-00581,75,10588000.000000,STRICT,PUBLIC,5,1,6035800.000000,0.570060,0,
cmp-00582,62,9152000.000000,FLEXIBLE,PUBLIC,4,1,23895800.000000,2.610992,1,
cmp-00583,88,3259000.000000,FLEXIBLE,PUBLIC,6,2,1633200.000000,0.501135,0,
cmp-00584,69,11644000.000000,FLEXIBLE,PUBLIC,2,1,43953000.000000,3.774734,1,
cmp-00585,43,1377000.000000,STRICT,PUBLIC,1,1,1374000.000000,0.997821,0,
cmp-00586,82,9179000.000000,FLEXIBLE,PUBLIC,2,2,15457200.000000,1.683974,1,
cmp-00587,88,8778000.000000,CLOSE_ON_TARGET,PUBLIC,1,1,8889000.000000,1.012645,1,29.000000
cmp-00588,24,2260000.000000,CLOSE_ON_TARGET,PUBLIC,5,3,2357700.000000,1.043230,1,3.000000
cmp-00589,47,10278000.000000,FLEXIBLE,PUBLIC,3,2,27287200.000000,2.654913,1,
cmp-00590,80,4584000.000000,FLEXIBLE,PUBLIC,4,2,3441700.000000,0.750807,0,
cmp-00591,38,3871000.000000,STRICT,PUBLIC,3,1,3869500.000000,0.999613,0,
cmp-00592,53,6239000.000000,FLEXIBLE,PUBLIC,0,2,5720500.000000,0.916894,0,
cmp-00593,68,27525000.000000,FLEXIBLE,PUBLIC,4,3,99717800.000000,3.622808,1,
cmp-00594,76,6573000.000000,STRICT,PUBLIC,3,2,6564700.000000,0.998737,0,
cmp-00595,65,30468000.000000,STRICT,PUBLIC,2,1,30464300.000000,0.999879,0,
cmp-00596,52,11531000.000000,FLEXIBLE,PUBLIC,3,1,15161800.000000,1.314873,1,
cmp-00597,25,1267000.000000,STRICT,PUBLIC,4,2,1251000.000000,0.987372,0,
cmp-00598,90,1762000.000000,STRICT,PUBLIC,2,2,1119300.000000,0.635244,0,
cmp-00599,88,7378000.000000,FLEXIBLE,PUBLIC,5,3,11513400.000000,1.560504,1,
cmp-00600,73,6359000.000000,CLOSE_ON_TARGET,PUBLIC,5,1,4778600.000000,0.751470,0,
cmp-00601,80,3809000.000000,FLEXIBLE,PUBLIC,4,1,1301800.000000,0.341769,0,
cmp-00602,63,3046000.000000,STRICT,PUBLIC,4,2,3044200.000000,0.999409,0,
cmp-00603,21,32996000.000000,FLEXIBLE,PUBLIC,1,3,72708500.000000,2.203555,1,
cmp-00604,47,2305000.000000,FLEXIBLE,PUBLIC,4,3,3639700.000000,1.579046,1,
cmp-00605,64,2335000.000000,STRICT,PUBLIC,1,3,453800.000000,0.194347,0,
cmp-00606,45,18322000.000000,FLEXIBLE,PUBLIC,6,1,19378900.000000,1.057685,1,
cmp-00607,31,12322000.000000,STRICT,PUBLIC,4,2,12320900.000000,0.999911,0,
cmp-00608,71,7423000.000000,FLEXIBLE,PUBLIC,3,3,12978800.000000,1.748457,1,
cmp-00609,21,2337000.000000,FLEXIBLE,PUBLIC,2,3,3635200.000000,1.555499,1,
cmp-00610,16,1686000.000000,FLEXIBLE,PUBLIC,4,3,5203000.000000,3.086002,1,
cmp-00611,80,8244000.000000,STRICT,PUBLIC,7,1,8241900.000000,0.999745,0,
cmp-00612,27,3739000.000000,FLEXIBLE,PUBLIC,4,1,7140100.000000,1.909628,1,
cmp-00613,21,15867000.000000,FLEXIBLE,PUBLIC,4,3,29474000.000000,1.857566,1,
cmp-00614,46,10076000.000000,FLEXIBLE,PRIVATE_LINK,1,1,7159100.000000,0.710510,0,
cmp-00615,72,15550000.000000,STRICT,PUBLIC,2,3,15548400.000000,0.999897,0,
cmp-00616,84,5246000.000000,STRICT,PUBLIC,3,3,5244900.000000,0.999790,0,
cmp-00617,24,1463000.000000,CLOSE_ON_TARGET,PUBLIC,2,3,1117600.000000,0.763910,0,
cmp-00618,46,11987000.000000,FLEXIBLE,PUBLIC,3,1,31443200.000000,2.623108,1,
cmp-00619,63,5117000.000000,FLEXIBLE,PRIVATE_LINK,2,3,3369000.000000,0.658394,0,
cmp-00620,85,6021000.000000,FLEXIBLE,PRIVATE_LINK,1,3,5660000.000000,0.940043,0,
cmp-00621,86,47707000.000000,FLEXIBLE,PUBLIC,2,1,77926300.000000,1.633435,1,
cmp-00622,55,7399000.000000,FLEXIBLE,PUBLIC,4,1,3727600.000000,0.503798,0,
cmp-00623,62,3719000.000000,FLEXIBLE,PUBLIC,4,3,7297100.000000,1.962113,1,
cmp-00624,55,16602000.000000,CLOSE_ON_TARGET,PUBLIC,3,3,16627600.000000,1.001542,1,35.000000
cmp-00625,20,6618000.000000,FLEXIBLE,PUBLIC,5,1,17831200.000000,2.694349,1,
cmp-00626,48,11713000.000000,STRICT,PRIVATE_LINK,4,2,11712200.000000,0.999932,0,
cmp-00627,53,14878000.000000,STRICT,PUBLIC,2,1,14478700.000000,0.973162,0,
cmp-00628,15,15304000.000000,STRICT,PUBLIC,0,3,15302100.000000,0.999876,0,
cmp-00629,67,8599000.000000,STRICT,PUBLIC,1,2,7391500.000000,0.859577,0,
cmp-00630,72,8026000.000000,CLOSE_ON_TARGET,PUBLIC,5,3,4242300.000000,0.528570,0,
cmp-00631,29,4248000.000000,FLEXIBLE,PRIVATE_LINK,4,3,6483300.000000,1.526201,1,
cmp-00632,19,8086000.000000,FLEXIBLE,PRIVATE_LINK,3,2,39423800.000000,4.875563,1,
cmp-00633,35,19955000.000000,FLEXIBLE,PUBLIC,4,2,26999000.000000,1.352994,1,
cmp-00634,55,12093000.000000,FLEXIBLE,PUBLIC,2,2,26375500.000000,2.181055,1,
cmp-00635,79,934000.000000,FLEXIBLE,PRIVATE_LINK,1,1,1849500.000000,1.980193,1,
cmp-00636,25,3179000.000000,FLEXIBLE,PUBLIC,5,2,3723400.000000,1.171249,1,
cmp-00637,44,15617000.000000,FLEXIBLE,PUBLIC,3,3,14122000.000000,0.904271,0,
cmp-00638,58,3668000.000000,CLOSE_ON_TARGET,PUBLIC,3,3,2991000.000000,0.815431,0,
cmp-00639,89,9020000.000000,FLEXIBLE,PUBLIC,3,1,6153200.000000,0.682173,0,
cmp-00640,78,7086000.000000,FLEXIBLE,PUBLIC,2,3,18402800.000000,2.597065,1,
cmp-00641,88,12602000.000000,STRICT,PUBLIC,2,3,12599300.000000,0.999786,0,
cmp-00642,73,10221000.000000,FLEXIBLE,PUBLIC,2,2,11995300.000000,1.173594,1,
cmp-00643,76,2849000.000000,STRICT,PUBLIC,4,2,2848500.000000,0.999824,0,
cmp-00644,35,6267000.000000,CLOSE_ON_TARGET,PUBLIC,2,1,5150800.000000,0.821892,0,
cmp-00645,44,18804000.000000,FLEXIBLE,PUBLIC,6,3,17071600.000000,0.907871,0,
cmp-00646,18,42366000.000000,STRICT,PUBLIC,1,3,31955100.000000,0.754263,0,
cmp-00647,25,3006000.000000,CLOSE_ON_TARGET,PUBLIC,3,2,2976200.000000,0.990086,0,
cmp-00648,63,3006000.000000,STRICT,PUBLIC,1,1,2962600.000000,0.985562,0,
cmp-00649,54,9412000.000000,STRICT,PUBLIC,3,3,8084100.000000,0.858914,0,
cmp-00650,53,6516000.000000,FLEXIBLE,PUBLIC,2,2,6590900.000000,1.011495,1,
cmp-00651,62,5206000.000000,FLEXIBLE,PUBLIC,4,2,13389000.000000,2.571840,1,
cmp-00652,53,9565000.000000,FLEXIBLE,PUBLIC,2,2,16452500.000000,1.720073,1,
cmp-00653,31,1130000.000000,FLEXIBLE,PUBLIC,2,3,1156200.000000,1.023186,1,
cmp-00654,35,28244000.000000,FLEXIBLE,PUBLIC,4,1,48318400.000000,1.710749,1,
cmp-00655,84,17200000.000000,CLOSE_ON_TARGET,PUBLIC,0,2,17291700.000000,1.005331,1,26.000000
cmp-00656,86,4403000.000000,CLOSE_ON_TARGET,PUBLIC,4,3,4443000.000000,1.009085,1,38.000000
cmp-00657,18,2919000.000000,STRICT,PUBLIC,1,3,2344900.000000,0.803323,0,
cmp-00658,31,27996000.000000,STRICT,PRIVATE_LINK,2,1,16519800.000000,0.590077,0,
cmp-00659,77,17653000.000000,FLEXIBLE,PRIVATE_LINK,4,1,25264500.000000,1.431173,1,
cmp-00660,46,9361000.000000,FLEXIBLE,PUBLIC,4,1,18132900.000000,1.937069,1,
cmp-00661,81,3128000.000000,FLEXIBLE,PUBLIC,8,2,3046400.000000,0.973913,0,
cmp-00662,43,6986000.000000,FLEXIBLE,PUBLIC,3,3,24603900.000000,3.521887,1,
cmp-00663,28,7445000.000000,FLEXIBLE,PUBLIC,2,3,14575000.000000,1.957690,1,
cmp-00664,38,5717000.000000,STRICT,PUBLIC,2,3,4489900.000000,0.785359,0,
cmp-00665,89,5464000.000000,FLEXIBLE,PUBLIC,3,2,9583600.000000,1.753953,1,
cmp-00666,75,2385000.000000,FLEXIBLE,PUBLIC,3,2,4746200.000000,1.990021,1,
cmp-00667,18,7831000.000000,FLEXIBLE,PUBLIC,2,3,13586400.000000,1.734951,1,
cmp-00668,68,4273000.000000,CLOSE_ON_TARGET,PRIVATE_LINK,3,2,2479000.000000,0.580154,0,
cmp-00669,46,6264000.000000,FLEXIBLE,PUBLIC,2,3,17123800.000000,2.733685,1,
cmp-00670,65,49283000.000000,FLEXIBLE,PUBLIC,4,2,44648100.000000,0.905953,0,
cmp-00671,17,12667000.000000,CLOSE_ON_TARGET,PUBLIC,4,1,12944900.000000,1.021939,1,14.000000
cmp-00672,45,7214000.000000,CLOSE_ON_TARGET,PUBLIC,3,1,7559000.000000,1.047824,1,13.000000
cmp-00673,68,27418000.000000,FLEXIBLE,PUBLIC,4,3,116867600.000000,4.262441,1,
cmp-00674,80,10307000.000000,FLEXIBLE,PUBLIC,4,2,12857300.000000,1.247434,1,
cmp-00675,18,3896000.000000,FLEXIBLE,PUBLIC,2,2,2576700.000000,0.661371,0,
cmp-00676,63,1522000.000000,FLEXIBLE,PUBLIC,1,3,2397800.000000,1.575427,1,
cmp-00677,51,3483000.000000,FLEXIBLE,PUBLIC,3,3,3955700.000000,1.135716,1,
cmp-00678,67,1431000.000000,STRICT,PUBLIC,4,1,520200.000000,0.363522,0,
cmp-00679,19,5046000.000000,STRICT,PRIVATE_LINK,4,3,5030500.000000,0.996928,0,
cmp-00680,70,8939000.000000,STRICT,PUBLIC,8,1,8929900.000000,0.998982,0,
cmp-00681,45,20494000.000000,STRICT,PRIVATE_LINK,1,1,16208500.000000,0.790890,0,
cmp-00682,87,7621000.000000,FLEXIBLE,PUBLIC,4,3,21717600.000000,2.849705,1,
cmp-00683,44,6463000.000000,FLEXIBLE,PRIVATE_LINK,1,3,2782500.000000,0.430528,0,
cmp-00684,79,10290000.000000,FLEXIBLE,PUBLIC,5,2,21890300.000000,2.127337,1,
cmp-00685,87,13439000.000000,CLOSE_ON_TARGET,PUBLIC,3,2,13724800.000000,1.021266,1,78.000000
cmp-00686,31,8161000.000000,STRICT,PUBLIC,4,3,8158900.000000,0.999743,0,
cmp-00687,79,9550000.000000,FLEXIBLE,PUBLIC,3,3,22427700.000000,2.348450,1,
cmp-00688,43,3757000.000000,STRICT,PRIVATE_LINK,2,2,3660900.000000,0.974421,0,
cmp-00689,55,7505000.000000,FLEXIBLE,PUBLIC,2,3,4046100.000000,0.539121,0,
cmp-00690,43,7858000.000000,FLEXIBLE,PRIVATE_LINK,1,3,5225600.000000,0.665004,0,
cmp-00691,67,4412000.000000,FLEXIBLE,PUBLIC,1,1,6674600.000000,1.512829,1,
cmp-00692,90,12019000.000000,FLEXIBLE,PUBLIC,6,1,27091100.000000,2.254023,1,
cmp-00693,36,4801000.000000,FLEXIBLE,PUBLIC,2,3,6137200.000000,1.278317,1,
cmp-00694,85,16589000.000000,FLEXIBLE,PUBLIC,4,1,73610000.000000,4.437278,1,
cmp-00695,83,13472000.000000,STRICT,PUBLIC,2,1,6551500.000000,0.486305,0,
cmp-00696,23,23798000.000000,FLEXIBLE,PUBLIC,3,1,13391000.000000,0.562694,0,
cmp-00697,58,3809000.000000,FLEXIBLE,PUBLIC,5,2,11237500.000000,2.950249,1,
cmp-00698,53,13799000.000000,CLOSE_ON_TARGET,PUBLIC,8,1,13810600.000000,1.000841,1,30.000000
cmp-00699,32,8813000.000000,STRICT,PUBLIC,3,1,8810800.000000,0.999750,0,
cmp-00700,67,6939000.000000,FLEXIBLE,PUBLIC,5,3,9031000.000000,1.301484,1,
cmp-00701,76,2766000.000000,STRICT,PUBLIC,3,1,2761400.000000,0.998337,0,
cmp-00702,33,6632000.000000,FLEXIBLE,PUBLIC,3,2,6660200.000000,1.004252,1,
cmp-00703,16,3012000.000000,FLEXIBLE,PUBLIC,1,3,4859600.000000,1.613413,1,
cmp-00704,47,6917000.000000,CLOSE_ON_TARGET,PRIVATE_LINK,3,3,6947200.000000,1.004366,1,29.000000
cmp-00705,30,3430000.000000,CLOSE_ON_TARGET,PUBLIC,3,1,2527200.000000,0.736793,0,
cmp-00706,55,14519000.000000,FLEXIBLE,PUBLIC,1,2,24087100.000000,1.659005,1,
cmp-00707,20,12784000.000000,FLEXIBLE,PUBLIC,5,1,24622700.000000,1.926056,1,
cmp-00708,28,14889000.000000,CLOSE_ON_TARGET,PUBLIC,1,3,14919300.000000,1.002035,1,4.000000
cmp-00709,38,8096000.000000,FLEXIBLE,PRIVATE_LINK,1,2,15424400.000000,1.905188,1,
cmp-00710,34,3283000.000000,FLEXIBLE,PUBLIC,4,2,2281700.000000,0.695005,0,
cmp-00711,69,13271000.000000,FLEXIBLE,PUBLIC,3,3,11538300.000000,0.869437,0,
cmp-00712,61,4889000.000000,STRICT,PUBLIC,3,2,4869900.000000,0.996093,0,
cmp-00713,61,37595000.000000,STRICT,PRIVATE_LINK,2,1,19532800.000000,0.519558,0,
cmp-00714,29,3593000.000000,FLEXIBLE,PUBLIC,1,3,5024900.000000,1.398525,1,
cmp-00715,23,14259000.000000,FLEXIBLE,PUBLIC,7,2,39864100.000000,2.795715,1,
cmp-00716,70,9211000.000000,FLEXIBLE,PUBLIC,2,2,5231200.000000,0.567930,0,
cmp-00717,73,7601000.000000,STRICT,PUBLIC,4,2,6315800.000000,0.830917,0,
cmp-00718,15,14339000.000000,FLEXIBLE,PUBLIC,3,3,25205600.000000,1.757835,1,
cmp-00719,22,4987000.000000,STRICT,PUBLIC,1,3,3410600.000000,0.683898,0,
cmp-00720,42,4239000.000000,STRICT,PUBLIC,5,1,4207200.000000,0.992498,0,
cmp-00721,40,7981000.000000,FLEXIBLE,PUBLIC,5,1,37318800.000000,4.675955,1,
cmp-00722,29,5444000.000000,STRICT,PUBLIC,3,1,5435500.000000,0.998439,0,
cmp-00723,90,8454000.000000,STRICT,PUBLIC,1,1,8451400.000000,0.999692,0,
cmp-00724,34,4990000.000000,FLEXIBLE,PRIVATE_LINK,1,1,4322100.000000,0.866152,0,
cmp-00725,23,22746000.000000,FLEXIBLE,PUBLIC,4,3,11865900.000000,0.521670,0,
cmp-00726,82,30747000.000000,STRICT,PRIVATE_LINK,4,3,30744600.000000,0.999922,0,
cmp-00727,34,6924000.000000,FLEXIBLE,PUBLIC,1,1,22032100.000000,3.181990,1,
cmp-00728,76,13042000.000000,STRICT,PUBLIC,5,2,13036500.000000,0.999578,0,
cmp-00729,86,18879000.000000,STRICT,PUBLIC,4,2,18871100.000000,0.999582,0,
cmp-00730,38,3941000.000000,FLEXIBLE,PUBLIC,3,2,3799600.000000,0.964121,0,
cmp-00731,37,8987000.000000,FLEXIBLE,PRIVATE_LINK,0,3,16860200.000000,1.876065,1,
cmp-00732,82,15351000.000000,CLOSE_ON_TARGET,PUBLIC,1,1,15361500.000000,1.000684,1,78.000000
cmp-00733,39,7737000.000000,FLEXIBLE,PRIVATE_LINK,3,3,12951400.000000,1.673956,1,
cmp-00734,27,2414000.000000,FLEXIBLE,PUBLIC,6,3,10955400.000000,4.538277,1,
cmp-00735,79,5329000.000000,STRICT,PUBLIC,5,3,5325900.000000,0.999418,0,
cmp-00736,60,6017000.000000,FLEXIBLE,PUBLIC,3,3,9646600.000000,1.603224,1,
cmp-00737,45,2723000.000000,CLOSE_ON_TARGET,PUBLIC,5,1,2890500.000000,1.061513,1,39.000000
cmp-00738,38,16192000.000000,STRICT,PUBLIC,6,1,16191900.000000,0.999994,0,
cmp-00739,32,3955000.000000,FLEXIBLE,PUBLIC,3,1,9338100.000000,2.361087,1,
cmp-00740,52,7380000.000000,FLEXIBLE,PUBLIC,3,2,35398700.000000,4.796572,1,
cmp-00741,60,12429000.000000,FLEXIBLE,PUBLIC,2,3,31654800.000000,2.546850,1,
cmp-00742,81,71139000.000000,FLEXIBLE,PRIVATE_LINK,3,2,40824600.000000,0.573871,0,
cmp-00743,60,5944000.000000,STRICT,PUBLIC,5,2,5938300.000000,0.999041,0,
cmp-00744,66,23170000.000000,STRICT,PUBLIC,1,2,23170000.000000,1.000000,1,
cmp-00745,70,10143000.000000,STRICT,PUBLIC,3,2,5541300.000000,0.546318,0,
cmp-00746,70,8300000.000000,FLEXIBLE,PUBLIC,1,3,7867200.000000,0.947855,0,
cmp-00747,18,10481000.000000,STRICT,PRIVATE_LINK,2,3,10479500.000000,0.999857,0,
cmp-00748,53,13837000.000000,FLEXIBLE,PUBLIC,1,2,8065000.000000,0.582858,0,
cmp-00749,30,16618000.000000,FLEXIBLE,PUBLIC,8,2,46486400.000000,2.797352,1,
cmp-00750,31,9069000.000000,STRICT,PUBLIC,1,3,6701900.000000,0.738990,0,
cmp-00751,39,4700000.000000,FLEXIBLE,PUBLIC,0,1,3784600.000000,0.805234,0,
cmp-00752,87,8004000.000000,STRICT,PUBLIC,6,3,8001700.000000,0.999713,0,
cmp-00753,42,2822000.000000,STRICT,PRIVATE_LINK,1,2,2816300.000000,0.997980,0,
cmp-00754,89,2122000.000000,STRICT,PUBLIC,3,1,2119700.000000,0.998916,0,
cmp-00755,86,13313000.000000,STRICT,PUBLIC,3,3,13306300.000000,0.999497,0,
cmp-00756,76,12619000.000000,STRICT,PUBLIC,2,3,12617500.000000,0.999881,0,
cmp-00757,40,5985000.000000,FLEXIBLE,PRIVATE_LINK,3,3,10221900.000000,1.707920,1,
cmp-00758,81,16767000.000000,CLOSE_ON_TARGET,PRIVATE_LINK,3,1,8025500.000000,0.478649,0,
cmp-00759,81,9462000.000000,FLEXIBLE,PUBLIC,4,1,34309900.000000,3.626073,1,
cmp-00760,74,12560000.000000,CLOSE_ON_TARGET,PUBLIC,4,3,12581700.000000,1.001728,1,13.000000
cmp-00761,87,4750000.000000,FLEXIBLE,PUBLIC,5,3,21151500.000000,4.452947,1,
cmp-00762,59,10735000.000000,FLEXIBLE,PUBLIC,3,1,31507400.000000,2.935016,1,
cmp-00763,75,4929000.000000,FLEXIBLE,PRIVATE_LINK,7,3,20144400.000000,4.086914,1,
cmp-00764,50,11035000.000000,STRICT,PUBLIC,3,3,10220000.000000,0.926144,0,
cmp-00765,54,18864000.000000,STRICT,PUBLIC,1,3,9664600.000000,0.512330,0,
cmp-00766,22,8411000.000000,FLEXIBLE,PUBLIC,5,2,23084500.000000,2.744561,1,
cmp-00767,20,20152000.000000,FLEXIBLE,PUBLIC,0,2,19762400.000000,0.980667,0,
cmp-00768,18,9409000.000000,CLOSE_ON_TARGET,PRIVATE_LINK,4,2,9383000.000000,0.997237,0,
cmp-00769,66,15734000.000000,CLOSE_ON_TARGET,PUBLIC,3,1,15298400.000000,0.972315,0,
cmp-00770,59,9531000.000000,FLEXIBLE,PUBLIC,4,3,11386200.000000,1.194649,1,
cmp-00771,25,6254000.000000,STRICT,PUBLIC,2,3,6061000.000000,0.969140,0,
cmp-00772,47,2529000.000000,FLEXIBLE,PUBLIC,2,3,6305000.000000,2.493080,1,
cmp-00773,42,29790000.000000,FLEXIBLE,PUBLIC,2,2,36654400.000000,1.230426,1,
cmp-00774,59,38101000.000000,FLEXIBLE,PUBLIC,6,3,114059800.000000,2.993617,1,
cmp-00775,20,6370000.000000,FLEXIBLE,PUBLIC,4,3,10703800.000000,1.680345,1,
cmp-00776,26,3675000.000000,STRICT,PUBLIC,4,3,3671000.000000,0.998912,0,
cmp-00777,83,3981000.000000,STRICT,PUBLIC,1,3,3979100.000000,0.999523,0,
cmp-00778,66,9155000.000000,FLEXIBLE,PUBLIC,5,1,13309100.000000,1.453752,1,
cmp-00779,24,4563000.000000,FLEXIBLE,PUBLIC,3,3,13349900.000000,2.925685,1,
cmp-00780,70,19823000.000000,CLOSE_ON_TARGET,PUBLIC,6,2,16347500.000000,0.824673,0,
cmp-00781,64,7395000.000000,STRICT,PUBLIC,3,2,7391500.000000,0.999527,0,
cmp-00782,73,4080000.000000,FLEXIBLE,PUBLIC,9,1,17292800.000000,4.238431,1,
cmp-00783,48,7769000.000000,STRICT,PRIVATE_LINK,6,1,7752000.000000,0.997812,0,
cmp-00784,38,9780000.000000,FLEXIBLE,PUBLIC,4,3,5063700.000000,0.517761,0,
cmp-00785,18,4301000.000000,FLEXIBLE,PRIVATE_LINK,4,2,3802500.000000,0.884097,0,
cmp-00786,47,11579000.000000,FLEXIBLE,PUBLIC,2,1,18319900.000000,1.582166,1,
cmp-00787,64,2111000.000000,FLEXIBLE,PUBLIC,2,3,8178600.000000,3.874278,1,
cmp-00788,31,8770000.000000,CLOSE_ON_TARGET,PUBLIC,4,3,8165800.000000,0.931106,0,
cmp-00789,64,14553000.000000,STRICT,PUBLIC,1,2,11974300.000000,0.822806,0,
cmp-00790,16,6132000.000000,FLEXIBLE,PUBLIC,7,1,24604000.000000,4.012394,1,
cmp-00791,64,3480000.000000,FLEXIBLE,PRIVATE_LINK,4,2,540700.000000,0.155374,0,
cmp-00792,68,21916000.000000,STRICT,PUBLIC,2,3,21906700.000000,0.999576,0,
cmp-00793,30,4725000.000000,STRICT,PUBLIC,1,3,4668300.000000,0.988000,0,
cmp-00794,60,5972000.000000,FLEXIBLE,PUBLIC,1,1,2550800.000000,0.427127,0,
cmp-00795,17,25243000.000000,STRICT,PRIVATE_LINK,5,1,25223400.000000,0.999224,0,
cmp-00796,75,2821000.000000,STRICT,PRIVATE_LINK,3,3,1764800.000000,0.625594,0,
cmp-00797,51,49339000.000000,CLOSE_ON_TARGET,PRIVATE_LINK,4,3,49588800.000000,1.005063,1,39.000000
cmp-00798,35,17080000.000000,FLEXIBLE,PUBLIC,3,2,21436700.000000,1.255076,1,
cmp-00799,89,8883000.000000,FLEXIBLE,PUBLIC,3,1,21276900.000000,2.395238,1,
cmp-00800,28,10677000.000000,CLOSE_ON_TARGET,PUBLIC,1,1,10759500.000000,1.007727,1,9.000000
cmp-00801,82,7052000.000000,FLEXIBLE,PUBLIC,7,2,7165400.000000,1.016081,1,
cmp-00802,82,5512000.000000,STRICT,PUBLIC,3,2,5504200.000000,0.998585,0,
cmp-00803,62,10632000.000000,CLOSE_ON_TARGET,PRIVATE_LINK,5,2,10786700.000000,1.014550,1,45.000000
cmp-00804,82,11934000.000000,FLEXIBLE,PUBLIC,4,3,25752100.000000,2.157877,1,
cmp-00805,58,4714000.000000,FLEXIBLE,PUBLIC,4,2,5145300.000000,1.091493,1,
cmp-00806,40,25083000.000000,FLEXIBLE,PUBLIC,2,2,23123200.000000,0.921867,0,
cmp-00807,64,12228000.000000,STRICT,PUBLIC,3,1,12156500.000000,0.994153,0,
cmp-00808,80,19255000.000000,FLEXIBLE,PUBLIC,5,2,37089200.000000,1.926211,1,
cmp-00809,44,16587000.000000,STRICT,PUBLIC,2,1,9557200.000000,0.576186,0,
cmp-00810,61,2317000.000000,STRICT,PUBLIC,3,1,2121500.000000,0.915624,0,
cmp-00811,41,10698000.000000,STRICT,PUBLIC,5,3,10692800.000000,0.999514,0,
cmp-00812,65,4572000.000000,FLEXIBLE,PUBLIC,2,1,14584500.000000,3.189961,1,
cmp-00813,83,4446000.000000,CLOSE_ON_TARGET,PUBLIC,2,2,4450400.000000,1.000990,1,23.000000
cmp-00814,34,3884000.000000,FLEXIBLE,PRIVATE_LINK,5,3,3065400.000000,0.789238,0,
cmp-00815,22,11289000.000000,CLOSE_ON_TARGET,PRIVATE_LINK,2,1,6026900.000000,0.533874,0,
cmp-00816,46,1678000.000000,STRICT,PUBLIC,3,2,1665900.000000,0.992789,0,
cmp-00817,29,5153000.000000,STRICT,PUBLIC,2,3,5135000.000000,0.996507,0,
cmp-00818,52,6694000.000000,FLEXIBLE,PUBLIC,3,1,7846700.000000,1.172199,1,
cmp-00819,74,36478000.000000,FLEXIBLE,PUBLIC,1,1,36968400.000000,1.013444,1,
cmp-00820,74,6610000.000000,FLEXIBLE,PUBLIC,2,3,10543800.000000,1.595129,1,
cmp-00821,20,9138000.000000,FLEXIBLE,PUBLIC,6,2,15665700.000000,1.714347,1,
cmp-00822,37,26956000.000000,FLEXIBLE,PUBLIC,1,2,29519900.000000,1.095114,1,
cmp-00823,33,6488000.000000,STRICT,PRIVATE_LINK,4,2,6486500.000000,0.999769,0,
cmp-00824,71,4792000.000000,STRICT,PUBLIC,3,1,3210600.000000,0.669992,0,
cmp-00825,87,19851000.000000,STRICT,PUBLIC,6,3,14599200.000000,0.735439,0,
cmp-00826,58,6620000.000000,FLEXIBLE,PUBLIC,3,3,10110300.000000,1.527236,1,
cmp-00827,29,4434000.000000,FLEXIBLE,PUBLIC,3,3,29974900.000000,6.760239,1,
cmp-00828,60,5133000.000000,CLOSE_ON_TARGET,PUBLIC,4,2,5416100.000000,1.055153,1,58.000000
cmp-00829,49,12474000.000000,FLEXIBLE,PUBLIC,3,2,11282400.000000,0.904473,0,
cmp-00830,83,1685000.000000,FLEXIBLE,PUBLIC,3,3,6283100.000000,3.728843,1,
cmp-00831,73,7181000.000000,STRICT,PUBLIC,8,3,7058800.000000,0.982983,0,
cmp-00832,15,67358000.000000,CLOSE_ON_TARGET,PUBLIC,3,3,67497600.000000,1.002073,1,12.000000
cmp-00833,68,5686000.000000,CLOSE_ON_TARGET,PUBLIC,2,3,5774800.000000,1.015617,1,13.000000
cmp-00834,83,7528000.000000,FLEXIBLE,PUBLIC,3,1,10634400.000000,1.412646,1,
cmp-00835,72,1774000.000000,FLEXIBLE,PRIVATE_LINK,3,2,3219600.000000,1.814882,1,
cmp-00836,35,4557000.000000,STRICT,PUBLIC,2,3,4554300.000000,0.999408,0,
cmp-00837,87,4175000.000000,FLEXIBLE,PUBLIC,3,2,4461700.000000,1.068671,1,
cmp-00838,67,11649000.000000,FLEXIBLE,PUBLIC,1,1,36276800.000000,3.114156,1,
cmp-00839,21,26858000.000000,FLEXIBLE,PUBLIC,3,1,19782600.000000,0.736563,0,
cmp-00840,49,30744000.000000,FLEXIBLE,PUBLIC,1,3,44573800.000000,1.449837,1,
cmp-00841,33,2461000.000000,FLEXIBLE,PUBLIC,3,1,3021500.000000,1.227753,1,
cmp-00842,79,7149000.000000,FLEXIBLE,PRIVATE_LINK,3,2,1625500.000000,0.227374,0,
cmp-00843,49,3569000.000000,CLOSE_ON_TARGET,PUBLIC,1,2,2562100.000000,0.717876,0,
cmp-00844,29,31471000.000000,FLEXIBLE,PRIVATE_LINK,0,1,14809000.000000,0.470560,0,
cmp-00845,64,4282000.000000,FLEXIBLE,PUBLIC,2,3,2708200.000000,0.632461,0,
cmp-00846,21,1232000.000000,FLEXIBLE,PRIVATE_LINK,6,2,3936500.000000,3.195211,1,
cmp-00847,75,1886000.000000,FLEXIBLE,PUBLIC,2,1,819400.000000,0.434464,0,
cmp-00848,61,3006000.000000,FLEXIBLE,PUBLIC,5,3,5545400.000000,1.844777,1,
cmp-00849,77,15051000.000000,FLEXIBLE,PUBLIC,5,2,4157600.000000,0.276234,0,
cmp-00850,34,4531000.000000,FLEXIBLE,PUBLIC,6,1,717700.000000,0.158398,0,
cmp-00851,45,2557000.000000,CLOSE_ON_TARGET,PUBLIC,0,3,2750500.000000,1.075675,1,34.000000
cmp-00852,37,4396000.000000,STRICT,PUBLIC,3,3,4390000.000000,0.998635,0,
cmp-00853,22,2238000.000000,FLEXIBLE,PUBLIC,1,1,1446600.000000,0.646381,0,
cmp-00854,46,6549000.000000,CLOSE_ON_TARGET,PRIVATE_LINK,10,1,6592400.000000,1.006627,1,27.000000
cmp-00855,25,10940000.000000,FLEXIBLE,PUBLIC,3,2,8565100.000000,0.782916,0,
cmp-00856,28,6204000.000000,STRICT,PUBLIC,5,1,5848000.000000,0.942618,0,
cmp-00857,47,4218000.000000,CLOSE_ON_TARGET,PUBLIC,1,2,1589600.000000,0.376861,0,
cmp-00858,44,5530000.000000,STRICT,PUBLIC,1,3,5526600.000000,0.999385,0,
cmp-00859,53,28859000.000000,STRICT,PRIVATE_LINK,1,3,28853100.000000,0.999796,0,
cmp-00860,68,2057000.000000,CLOSE_ON_TARGET,PUBLIC,7,2,2172300.000000,1.056053,1,9.000000
cmp-00861,34,4292000.000000,STRICT,PUBLIC,0,3,4288400.000000,0.999161,0,
cmp-00862,40,4944000.000000,FLEXIBLE,PRIVATE_LINK,4,3,6967300.000000,1.409244,1,
cmp-00863,77,1372000.000000,FLEXIBLE,PUBLIC,5,2,3347800.000000,2.440087,1,
cmp-00864,61,3808000.000000,STRICT,PRIVATE_LINK,1,3,3790000.000000,0.995273,0,
cmp-00865,73,20114000.000000,CLOSE_ON_TARGET,PRIVATE_LINK,3,1,4299500.000000,0.213757,0,
cmp-00866,37,38394000.000000,FLEXIBLE,PUBLIC,3,1,15616400.000000,0.406741,0,
cmp-00867,39,7037000.000000,STRICT,PUBLIC,2,2,4283300.000000,0.608683,0,
cmp-00868,83,3732000.000000,FLEXIBLE,PUBLIC,4,3,3741800.000000,1.002626,1,
cmp-00869,57,7699000.000000,STRICT,PUBLIC,1,2,7699000.000000,1.000000,1,
cmp-00870,64,11743000.000000,FLEXIBLE,PUBLIC,4,1,26073500.000000,2.220344,1,
cmp-00871,57,70042000.000000,STRICT,PUBLIC,4,1,70039300.000000,0.999961,0,
cmp-00872,70,10638000.000000,FLEXIBLE,PUBLIC,4,3,21724700.000000,2.042179,1,
cmp-00873,29,3083000.000000,FLEXIBLE,PRIVATE_LINK,0,2,3285700.000000,1.065748,1,
cmp-00874,38,19389000.000000,FLEXIBLE,PRIVATE_LINK,3,1,21095700.000000,1.088024,1,
cmp-00875,72,11524000.000000,FLEXIBLE,PUBLIC,3,1,13938700.000000,1.209537,1,
cmp-00876,45,15711000.000000,STRICT,PUBLIC,1,2,10059600.000000,0.640290,0,
cmp-00877,29,13831000.000000,FLEXIBLE,PUBLIC,5,3,84221400.000000,6.089321,1,
cmp-00878,51,11749000.000000,FLEXIBLE,PUBLIC,1,3,8888000.000000,0.756490,0,
cmp-00879,49,6508000.000000,STRICT,PUBLIC,3,3,6506800.000000,0.999816,0,
cmp-00880,86,11761000.000000,FLEXIBLE,PRIVATE_LINK,1,3,10208400.000000,0.867987,0,
cmp-00881,29,21215000.000000,STRICT,PUBLIC,5,2,21214900.000000,0.999995,0,
cmp-00882,40,8559000.000000,CLOSE_ON_TARGET,PUBLIC,3,3,6299500.000000,0.736009,0,
cmp-00883,35,28302000.000000,FLEXIBLE,PUBLIC,3,1,22553500.000000,0.796887,0,
cmp-00884,40,3661000.000000,FLEXIBLE,PUBLIC,4,2,2235900.000000,0.610735,0,
cmp-00885,22,6249000.000000,FLEXIBLE,PUBLIC,0,2,18050100.000000,2.888478,1,
cmp-00886,52,11010000.000000,FLEXIBLE,PUBLIC,2,3,27596000.000000,2.506449,1,
cmp-00887,89,2881000.000000,STRICT,PUBLIC,4,1,2857400.000000,0.991808,0,
cmp-00888,38,18363000.000000,FLEXIBLE,PUBLIC,5,3,32396700.000000,1.764238,1,
cmp-00889,28,4786000.000000,FLEXIBLE,PUBLIC,0,2,9565000.000000,1.998537,1,
cmp-00890,15,8968000.000000,FLEXIBLE,PUBLIC,5,3,7359900.000000,0.820685,0,
cmp-00891,69,50620000.000000,FLEXIBLE,PUBLIC,4,2,30469900.000000,0.601934,0,
cmp-00892,22,3340000.000000,FLEXIBLE,PUBLIC,1,1,4797400.000000,1.436347,1,
cmp-00893,56,15227000.000000,STRICT,PUBLIC,5,3,15222100.000000,0.999678,0,
cmp-00894,66,18909000.000000,FLEXIBLE,PUBLIC,2,1,33773100.000000,1.786086,1,
cmp-00895,40,8833000.000000,FLEXIBLE,PRIVATE_LINK,2,2,17371600.000000,1.966670,1,
cmp-00896,46,4338000.000000,STRICT,PUBLIC,4,3,4327300.000000,0.997533,0,
cmp-00897,75,10983000.000000,FLEXIBLE,PUBLIC,1,3,22196300.000000,2.020969,1,
cmp-00898,53,4506000.000000,FLEXIBLE,PRIVATE_LINK,8,3,5293600.000000,1.174789,1,
cmp-00899,59,3913000.000000,STRICT,PRIVATE_LINK,3,1,2848600.000000,0.727984,0,
cmp-00900,22,28779000.000000,FLEXIBLE,PUBLIC,2,1,51587100.000000,1.792526,1,
cmp-00901,19,3293000.000000,FLEXIBLE,PUBLIC,2,2,2477200.000000,0.752262,0,
cmp-00902,47,22164000.000000,FLEXIBLE,PUBLIC,7,3,55590700.000000,2.508153,1,
cmp-00903,35,8425000.000000,CLOSE_ON_TARGET,PRIVATE_LINK,4,3,6969000.000000,0.827181,0,
cmp-00904,62,6986000.000000,STRICT,PRIVATE_LINK,3,3,4276300.000000,0.612124,0,
cmp-00905,71,27361000.000000,FLEXIBLE,PUBLIC,3,2,18428900.000000,0.673546,0,
cmp-00906,23,9727000.000000,FLEXIBLE,PRIVATE_LINK,0,3,4995400.000000,0.513560,0,
cmp-00907,49,5232000.000000,FLEXIBLE,PUBLIC,2,2,10595600.000000,2.025153,1,
cmp-00908,60,23901000.000000,FLEXIBLE,PRIVATE_LINK,1,1,51493100.000000,2.154433,1,
cmp-00909,56,9499000.000000,STRICT,PUBLIC,6,2,9498900.000000,0.999989,0,
cmp-00910,21,5386000.000000,FLEXIBLE,PUBLIC,1,3,1345400.000000,0.249796,0,
cmp-00911,67,21826000.000000,STRICT,PUBLIC,3,3,21824200.000000,0.999918,0,
cmp-00912,55,11031000.000000,FLEXIBLE,PUBLIC,8,3,19323500.000000,1.751745,1,
cmp-00913,88,17145000.000000,STRICT,PUBLIC,3,3,17143500.000000,0.999913,0,
cmp-00914,79,5339000.000000,FLEXIBLE,PUBLIC,1,1,14344400.000000,2.686720,1,
cmp-00915,88,1671000.000000,STRICT,PUBLIC,1,1,1300800.000000,0.778456,0,
cmp-00916,55,41171000.000000,CLOSE_ON_TARGET,PUBLIC,2,3,37278100.000000,0.905446,0,
cmp-00917,44,9156000.000000,FLEXIBLE,PRIVATE_LINK,3,1,7572100.000000,0.827010,0,
cmp-00918,55,7780000.000000,FLEXIBLE,PRIVATE_LINK,1,1,12244000.000000,1.573779,1,
cmp-00919,60,10238000.000000,STRICT,PUBLIC,8,1,10238000.000000,1.000000,1,
cmp-00920,78,2699000.000000,CLOSE_ON_TARGET,PRIVATE_LINK,4,1,2763700.000000,1.023972,1,15.000000
cmp-00921,76,13381000.000000,STRICT,PRIVATE_LINK,1,2,13377600.000000,0.999746,0,
cmp-00922,68,8028000.000000,FLEXIBLE,PUBLIC,8,2,22650800.000000,2.821475,1,
cmp-00923,83,12037000.000000,FLEXIBLE,PUBLIC,3,3,72607400.000000,6.032018,1,
cmp-00924,88,6546000.000000,FLEXIBLE,PUBLIC,3,3,8879000.000000,1.356401,1,
cmp-00925,43,5791000.000000,STRICT,PUBLIC,4,3,5602000.000000,0.967363,0,
cmp-00926,35,14541000.000000,FLEXIBLE,PUBLIC,0,1,14892500.000000,1.024173,1,
cmp-00927,57,4910000.000000,FLEXIBLE,PUBLIC,2,2,6425900.000000,1.308737,1,
cmp-00928,43,3339000.000000,CLOSE_ON_TARGET,PUBLIC,3,1,3366900.000000,1.008356,1,41.000000
cmp-00929,63,5564000.000000,FLEXIBLE,PUBLIC,1,3,9154700.000000,1.645345,1,
cmp-00930,36,3290000.000000,FLEXIBLE,PUBLIC,2,3,7718000.000000,2.345897,1,
cmp-00931,28,7983000.000000,STRICT,PUBLIC,4,3,7971100.000000,0.998509,0,
cmp-00932,76,16560000.000000,STRICT,PUBLIC,8,2,16559300.000000,0.999958,0,
cmp-00933,39,6999000.000000,FLEXIBLE,PRIVATE_LINK,3,3,25176700.000000,3.597185,1,
cmp-00934,69,4228000.000000,STRICT,PUBLIC,3,1,1799900.000000,0.425710,0,
cmp-00935,40,8017000.000000,FLEXIBLE,PUBLIC,2,1,21473600.000000,2.678508,1,
cmp-00936,76,4921000.000000,STRICT,PUBLIC,3,3,4917000.000000,0.999187,0,
cmp-00937,42,7946000.000000,STRICT,PUBLIC,5,3,7939500.000000,0.999182,0,
cmp-00938,81,6254000.000000,CLOSE_ON_TARGET,PUBLIC,4,2,6352600.000000,1.015766,1,53.000000
cmp-00939,35,21488000.000000,FLEXIBLE,PUBLIC,5,1,31199500.000000,1.451950,1,
cmp-00940,23,14799000.000000,FLEXIBLE,PUBLIC,2,1,17719800.000000,1.197365,1,
cmp-00941,56,4113000.000000,STRICT,PUBLIC,2,3,4103800.000000,0.997763,0,
cmp-00942,40,5523000.000000,FLEXIBLE,PUBLIC,4,1,5111700.000000,0.925530,0,
cmp-00943,59,6114000.000000,FLEXIBLE,PUBLIC,1,3,13386800.000000,2.189532,1,
cmp-00944,39,5489000.000000,STRICT,PUBLIC,5,3,3396100.000000,0.618710,0,
cmp-00945,40,20256000.000000,FLEXIBLE,PUBLIC,4,3,49844600.000000,2.460733,1,
cmp-00946,86,4875000.000000,STRICT,PUBLIC,6,3,4873000.000000,0.999590,0,
cmp-00947,74,28579000.000000,STRICT,PUBLIC,1,1,19505400.000000,0.682508,0,
cmp-00948,81,3808000.000000,STRICT,PRIVATE_LINK,1,2,3071000.000000,0.806460,0,
cmp-00949,19,1969000.000000,FLEXIBLE,PUBLIC,3,3,1826500.000000,0.927628,0,
cmp-00950,80,5993000.000000,CLOSE_ON_TARGET,PUBLIC,1,1,6011600.000000,1.003104,1,57.000000
cmp-00951,29,3981000.000000,FLEXIBLE,PUBLIC,3,1,4641100.000000,1.165813,1,
cmp-00952,42,7741000.000000,FLEXIBLE,PUBLIC,4,3,11737200.000000,1.516238,1,
cmp-00953,57,8902000.000000,FLEXIBLE,PUBLIC,5,1,10807300.000000,1.214031,1,
cmp-00954,85,8358000.000000,FLEXIBLE,PUBLIC,4,2,37219600.000000,4.453171,1,
cmp-00955,79,26434000.000000,FLEXIBLE,PUBLIC,4,2,16839500.000000,0.637039,0,
cmp-00956,22,4983000.000000,STRICT,PUBLIC,2,2,4241400.000000,0.851174,0,
cmp-00957,66,11749000.000000,FLEXIBLE,PUBLIC,2,2,8159400.000000,0.694476,0,
cmp-00958,62,17160000.000000,FLEXIBLE,PUBLIC,5,1,18485500.000000,1.077244,1,
cmp-00959,88,17430000.000000,FLEXIBLE,PUBLIC,6,1,21262400.000000,1.219874,1,
cmp-00960,19,2672000.000000,STRICT,PUBLIC,2,2,2671400.000000,0.999775,0,
cmp-00961,80,3763000.000000,FLEXIBLE,PUBLIC,5,3,3295600.000000,0.875791,0,
cmp-00962,65,6688000.000000,FLEXIBLE,PUBLIC,4,3,7221700.000000,1.079800,1,
cmp-00963,74,11140000.000000,STRICT,PUBLIC,4,1,11137400.000000,0.999767,0,
cmp-00964,79,5817000.000000,FLEXIBLE,PUBLIC,5,1,7078800.000000,1.216916,1,
cmp-00965,46,11209000.000000,FLEXIBLE,PUBLIC,1,3,7588100.000000,0.676965,0,
cmp-00966,90,3252000.000000,CLOSE_ON_TARGET,PUBLIC,2,2,3256800.000000,1.001476,1,83.000000
cmp-00967,24,16032000.000000,STRICT,PUBLIC,2,3,13187600.000000,0.822580,0,
cmp-00968,74,3173000.000000,FLEXIBLE,PUBLIC,1,1,5831900.000000,1.837977,1,
cmp-00969,25,2830000.000000,FLEXIBLE,PRIVATE_LINK,4,1,10349400.000000,3.657032,1,
cmp-00970,90,3799000.000000,FLEXIBLE,PUBLIC,3,1,3083100.000000,0.811556,0,
cmp-00971,40,14026000.000000,FLEXIBLE,PRIVATE_LINK,4,3,10856900.000000,0.774055,0,
cmp-00972,50,3145000.000000,FLEXIBLE,PUBLIC,1,3,3932300.000000,1.250334,1,
cmp-00973,72,29232000.000000,STRICT,PUBLIC,2,1,17058400.000000,0.583552,0,
cmp-00974,48,9125000.000000,FLEXIBLE,PRIVATE_LINK,6,2,10189300.000000,1.116636,1,
cmp-00975,60,23033000.000000,CLOSE_ON_TARGET,PRIVATE_LINK,5,3,22966100.000000,0.997095,0,
cmp-00976,60,3301000.000000,FLEXIBLE,PRIVATE_LINK,4,2,7452800.000000,2.257740,1,
cmp-00977,69,17666000.000000,STRICT,PUBLIC,4,1,6726200.000000,0.380743,0,
cmp-00978,57,18948000.000000,FLEXIBLE,PUBLIC,3,2,56314900.000000,2.972076,1,
cmp-00979,26,16111000.000000,FLEXIBLE,PUBLIC,2,3,7729400.000000,0.479759,0,
cmp-00980,79,33972000.000000,FLEXIBLE,PUBLIC,3,3,27597300.000000,0.812354,0,
cmp-00981,42,7053000.000000,CLOSE_ON_TARGET,PUBLIC,1,3,7061700.000000,1.001234,1,11.000000
cmp-00982,87,12008000.000000,FLEXIBLE,PUBLIC,1,3,7907100.000000,0.658486,0,
cmp-00983,60,6889000.000000,STRICT,PUBLIC,1,3,6875900.000000,0.998098,0,
cmp-00984,69,22066000.000000,FLEXIBLE,PRIVATE_LINK,3,3,10225900.000000,0.463423,0,
cmp-00985,16,8225000.000000,STRICT,PUBLIC,5,1,8223700.000000,0.999842,0,
cmp-00986,20,21113000.000000,FLEXIBLE,PUBLIC,2,1,95154000.000000,4.506891,1,
cmp-00987,79,4812000.000000,STRICT,PUBLIC,5,2,4806200.000000,0.998795,0,
cmp-00988,86,7218000.000000,STRICT,PUBLIC,4,3,7212400.000000,0.999224,0,
cmp-00989,62,11610000.000000,STRICT,PUBLIC,2,2,11609500.000000,0.999957,0,
cmp-00990,79,17284000.000000,CLOSE_ON_TARGET,PUBLIC,4,3,11197300.000000,0.647842,0,
cmp-00991,51,3489000.000000,FLEXIBLE,PUBLIC,5,3,4473000.000000,1.282029,1,
cmp-00992,17,14056000.000000,FLEXIBLE,PUBLIC,2,2,25854000.000000,1.839357,1,
cmp-00993,42,4485000.000000,FLEXIBLE,PUBLIC,5,3,10180300.000000,2.269855,1,
cmp-00994,20,5485000.000000,STRICT,PUBLIC,2,2,5434400.000000,0.990775,0,
cmp-00995,20,5814000.000000,CLOSE_ON_TARGET,PUBLIC,1,1,5834000.000000,1.003440,1,18.000000
cmp-00996,76,6538000.000000,FLEXIBLE,PUBLIC,3,3,12875700.000000,1.969364,1,
cmp-00997,24,11288000.000000,CLOSE_ON_TARGET,PRIVATE_LINK,2,3,4940100.000000,0.437642,0,
cmp-00998,83,20114000.000000,FLEXIBLE,PUBLIC,0,1,16391200.000000,0.814915,0,
cmp-00999,38,10139000.000000,FLEXIBLE,PUBLIC,1,3,16014600.000000,1.579505,1,
cmp-01000,77,11513000.000000,FLEXIBLE,PUBLIC,3,1,7113500.000000,0.617867,0,
cmp-01001,40,15734000.000000,FLEXIBLE,PUBLIC,5,3,35832700.000000,2.277406,1,
cmp-01002,41,13719000.000000,FLEXIBLE,PUBLIC,3,3,31529100.000000,2.298207,1,
cmp-01003,28,11512000.000000,STRICT,PRIVATE_LINK,4,3,8516500.000000,0.739793,0,
cmp-01004,63,12409000.000000,FLEXIBLE,PUBLIC,2,1,12157000.000000,0.979692,0,
cmp-01005,20,26719000.000000,FLEXIBLE,PUBLIC,4,1,55230100.000000,2.067072,1,
cmp-01006,27,4770000.000000,FLEXIBLE,PUBLIC,2,2,6275300.000000,1.315577,1,
cmp-01007,18,4533000.000000,FLEXIBLE,PUBLIC,2,1,13491100.000000,2.976197,1,
cmp-01008,29,8232000.000000,FLEXIBLE,PUBLIC,0,2,20211500.000000,2.455236,1,
cmp-01009,81,22699000.000000,FLEXIBLE,PRIVATE_LINK,4,2,25118500.000000,1.106591,1,
cmp-01010,24,3539000.000000,STRICT,PUBLIC,4,1,3535100.000000,0.998898,0,
cmp-01011,70,5531000.000000,FLEXIBLE,PUBLIC,1,1,5351300.000000,0.967510,0,
cmp-01012,44,11695000.000000,FLEXIBLE,PRIVATE_LINK,3,1,19618900.000000,1.677546,1,
cmp-01013,33,16222000.000000,FLEXIBLE,PRIVATE_LINK,3,1,22761800.000000,1.403144,1,
cmp-01014,40,5217000.000000,FLEXIBLE,PRIVATE_LINK,4,3,23097700.000000,4.427391,1,
cmp-01015,23,4424000.000000,STRICT,PRIVATE_LINK,4,2,4420400.000000,0.999186,0,
cmp-01016,36,5161000.000000,STRICT,PUBLIC,4,3,2318000.000000,0.449138,0,
cmp-01017,27,9136000.000000,CLOSE_ON_TARGET,PUBLIC,4,1,6191200.000000,0.677671,0,
cmp-01018,49,10275000.000000,FLEXIBLE,PUBLIC,5,2,20840400.000000,2.028263,1,
cmp-01019,55,9155000.000000,STRICT,PUBLIC,2,1,9151900.000000,0.999661,0,
cmp-01020,38,25140000.000000,STRICT,PUBLIC,0,1,25139000.000000,0.999960,0,
cmp-01021,68,11936000.000000,CLOSE_ON_TARGET,PUBLIC,5,2,12024100.000000,1.007381,1,63.000000
cmp-01022,60,6076000.000000,FLEXIBLE,PUBLIC,6,1,32427700.000000,5.337014,1,
cmp-01023,65,704000.000000,STRICT,PUBLIC,5,1,704000.000000,1.000000,1,
cmp-01024,51,3340000.000000,FLEXIBLE,PUBLIC,4,1,8027400.000000,2.403413,1,
cmp-01025,76,3203000.000000,STRICT,PUBLIC,7,1,3201800.000000,0.999625,0,
cmp-01026,85,3471000.000000,FLEXIBLE,PRIVATE_LINK,3,1,4239800.000000,1.221492,1,
cmp-01027,41,3668000.000000,CLOSE_ON_TARGET,PUBLIC,4,3,4046400.000000,1.103162,1,13.000000
cmp-01028,41,2400000.000000,FLEXIBLE,PUBLIC,2,2,1904500.000000,0.793542,0,
cmp-01029,50,17134000.000000,STRICT,PRIVATE_LINK,3,1,17121000.000000,0.999241,0,
cmp-01030,45,4856000.000000,CLOSE_ON_TARGET,PRIVATE_LINK,2,1,4105400.000000,0.845428,0,
cmp-01031,47,18964000.000000,FLEXIBLE,PRIVATE_LINK,1,1,18157400.000000,0.957467,0,
cmp-01032,83,10858000.000000,FLEXIBLE,PUBLIC,2,1,46738000.000000,4.304476,1,
cmp-01033,83,2923000.000000,STRICT,PUBLIC,1,2,2907600.000000,0.994731,0,
cmp-01034,78,9827000.000000,FLEXIBLE,PUBLIC,2,2,19212600.000000,1.955083,1,
cmp-01035,17,3844000.000000,FLEXIBLE,PUBLIC,3,3,1939500.000000,0.504553,0,
cmp-01036,16,2139000.000000,FLEXIBLE,PUBLIC,3,3,1954700.000000,0.913838,0,
cmp-01037,50,4219000.000000,FLEXIBLE,PUBLIC,3,3,8878200.000000,2.104338,1,
cmp-01038,82,12054000.000000,FLEXIBLE,PRIVATE_LINK,4,2,31742500.000000,2.633358,1,
cmp-01039,85,1264000.000000,CLOSE_ON_TARGET,PUBLIC,3,3,1270500.000000,1.005142,1,72.000000
cmp-01040,59,8618000.000000,FLEXIBLE,PUBLIC,3,2,5685600.000000,0.659735,0,
cmp-01041,62,2053000.000000,STRICT,PRIVATE_LINK,5,1,1999300.000000,0.973843,0,
cmp-01042,39,2970000.000000,FLEXIBLE,PUBLIC,2,2,2997800.000000,1.009360,1,
cmp-01043,47,10519000.000000,FLEXIBLE,PRIVATE_LINK,6,3,14585100.000000,1.386548,1,
cmp-01044,76,9715000.000000,STRICT,PUBLIC,2,3,8317300.000000,0.856130,0,
cmp-01045,45,7001000.000000,FLEXIBLE,PUBLIC,2,2,11709800.000000,1.672590,1,
cmp-01046,57,2765000.000000,FLEXIBLE,PRIVATE_LINK,4,2,2190600.000000,0.792260,0,
cmp-01047,20,6676000.000000,STRICT,PRIVATE_LINK,6,1,6664000.000000,0.998203,0,
cmp-01048,29,4287000.000000,FLEXIBLE,PUBLIC,5,2,3544900.000000,0.826895,0,
cmp-01049,24,3112000.000000,FLEXIBLE,PUBLIC,6,1,2734900.000000,0.878824,0,
cmp-01050,61,7907000.000000,STRICT,PUBLIC,1,3,7291800.000000,0.922196,0,
cmp-01051,59,4998000.000000,FLEXIBLE,PUBLIC,4,2,8515800.000000,1.703842,1,
cmp-01052,31,1883000.000000,STRICT,PUBLIC,1,1,1877700.000000,0.997185,0,
cmp-01053,32,29686000.000000,FLEXIBLE,PUBLIC,0,3,38111500.000000,1.283821,1,
cmp-01054,75,9506000.000000,FLEXIBLE,PUBLIC,1,1,12522400.000000,1.317315,1,
cmp-01055,19,3017000.000000,FLEXIBLE,PUBLIC,3,2,4143900.000000,1.373517,1,
cmp-01056,76,23000000.000000,FLEXIBLE,PUBLIC,4,3,21965100.000000,0.955004,0,
cmp-01057,89,6889000.000000,FLEXIBLE,PUBLIC,2,1,9030800.000000,1.310901,1,
cmp-01058,32,42673000.000000,CLOSE_ON_TARGET,PRIVATE_LINK,2,3,42806500.000000,1.003128,1,21.000000
cmp-01059,88,2190000.000000,FLEXIBLE,PUBLIC,3,2,10646100.000000,4.861233,1,
cmp-01060,86,34021000.000000,FLEXIBLE,PUBLIC,5,1,13375800.000000,0.393163,0,
cmp-01061,55,7088000.000000,FLEXIBLE,PUBLIC,2,3,11782000.000000,1.662246,1,
cmp-01062,27,5498000.000000,FLEXIBLE,PUBLIC,3,2,8313100.000000,1.512023,1,
cmp-01063,63,2745000.000000,FLEXIBLE,PUBLIC,3,3,4300700.000000,1.566740,1,
cmp-01064,29,27943000.000000,CLOSE_ON_TARGET,PUBLIC,0,1,7881800.000000,0.282067,0,
cmp-01065,53,4758000.000000,FLEXIBLE,PUBLIC,3,3,6576400.000000,1.382177,1,
cmp-01066,50,11373000.000000,STRICT,PUBLIC,4,1,11371000.000000,0.999824,0,
cmp-01067,46,73961000.000000,FLEXIBLE,PUBLIC,4,1,149641800.000000,2.023253,1,
cmp-01068,82,19167000.000000,CLOSE_ON_TARGET,PUBLIC,3,1,10118200.000000,0.527897,0,
cmp-01069,57,10188000.000000,CLOSE_ON_TARGET,PUBLIC,7,2,10221600.000000,1.003298,1,4.000000
cmp-01070,28,69349000.000000,FLEXIBLE,PRIVATE_LINK,1,1,31587600.000000,0.455487,0,
cmp-01071,57,10196000.000000,CLOSE_ON_TARGET,PUBLIC,7,3,10284500.000000,1.008680,1,45.000000
cmp-01072,26,3788000.000000,FLEXIBLE,PUBLIC,6,1,2545500.000000,0.671990,0,
cmp-01073,55,2507000.000000,STRICT,PUBLIC,3,3,2495800.000000,0.995533,0,
cmp-01074,66,3596000.000000,STRICT,PUBLIC,5,2,3592600.000000,0.999055,0,
cmp-01075,32,17386000.000000,CLOSE_ON_TARGET,PUBLIC,1,2,17422800.000000,1.002117,1,4.000000
cmp-01076,45,9995000.000000,STRICT,PRIVATE_LINK,1,2,9993900.000000,0.999890,0,
cmp-01077,28,4982000.000000,FLEXIBLE,PUBLIC,5,3,3303700.000000,0.663127,0,
cmp-01078,66,28346000.000000,CLOSE_ON_TARGET,PUBLIC,0,1,28020400.000000,0.988513,0,
cmp-01079,63,1899000.000000,FLEXIBLE,PUBLIC,4,3,2866900.000000,1.509689,1,
cmp-01080,47,1511000.000000,FLEXIBLE,PUBLIC,4,3,3437700.000000,2.275116,1,
cmp-01081,55,2978000.000000,FLEXIBLE,PUBLIC,2,2,29860600.000000,10.027065,1,
cmp-01082,89,6286000.000000,FLEXIBLE,PUBLIC,3,1,17867200.000000,2.842380,1,
cmp-01083,15,6406000.000000,FLEXIBLE,PUBLIC,4,3,10657200.000000,1.663628,1,
cmp-01084,46,12610000.000000,FLEXIBLE,PUBLIC,5,3,14456200.000000,1.146408,1,
cmp-01085,47,762000.000000,STRICT,PUBLIC,3,2,722100.000000,0.947638,0,
cmp-01086,61,4111000.000000,STRICT,PRIVATE_LINK,2,2,4107400.000000,0.999124,0,
cmp-01087,49,26695000.000000,FLEXIBLE,PUBLIC,5,2,40192600.000000,1.505623,1,
cmp-01088,44,6775000.000000,FLEXIBLE,PRIVATE_LINK,3,1,4576000.000000,0.675424,0,
cmp-01089,76,13834000.000000,FLEXIBLE,PUBLIC,6,2,48194100.000000,3.483743,1,
cmp-01090,50,4998000.000000,STRICT,PUBLIC,2,3,4997200.000000,0.999840,0,
cmp-01091,53,10837000.000000,FLEXIBLE,PUBLIC,5,2,8637700.000000,0.797056,0,
cmp-01092,60,5873000.000000,FLEXIBLE,PUBLIC,5,3,11714900.000000,1.994705,1,
cmp-01093,54,5493000.000000,CLOSE_ON_TARGET,PRIVATE_LINK,4,2,5514900.000000,1.003987,1,24.000000
cmp-01094,54,3807000.000000,FLEXIBLE,PUBLIC,4,1,7155100.000000,1.879459,1,
cmp-01095,84,17464000.000000,FLEXIBLE,PUBLIC,4,1,19668300.000000,1.126220,1,
cmp-01096,56,7299000.000000,FLEXIBLE,PUBLIC,3,2,6372100.000000,0.873010,0,
cmp-01097,38,6781000.000000,STRICT,PRIVATE_LINK,5,3,6747200.000000,0.995015,0,
cmp-01098,45,5936000.000000,FLEXIBLE,PUBLIC,4,1,7774500.000000,1.309720,1,
cmp-01099,74,3500000.000000,FLEXIBLE,PUBLIC,3,1,3120300.000000,0.891514,0,
cmp-01100,77,4457000.000000,CLOSE_ON_TARGET,PUBLIC,3,1,4475900.000000,1.004241,1,52.000000
cmp-01101,63,4619000.000000,FLEXIBLE,PUBLIC,2,2,6114000.000000,1.323663,1,
cmp-01102,78,9591000.000000,FLEXIBLE,PRIVATE_LINK,7,1,1802600.000000,0.187947,0,
cmp-01103,29,22752000.000000,STRICT,PUBLIC,4,2,22746600.000000,0.999763,0,
cmp-01104,70,14293000.000000,FLEXIBLE,PRIVATE_LINK,3,1,24306700.000000,1.700602,1,
cmp-01105,16,5953000.000000,STRICT,PRIVATE_LINK,5,2,5942600.000000,0.998253,0,
cmp-01106,87,2014000.000000,FLEXIBLE,PRIVATE_LINK,6,3,4170900.000000,2.070953,1,
cmp-01107,38,2509000.000000,FLEXIBLE,PRIVATE_LINK,1,1,2763400.000000,1.101395,1,
cmp-01108,86,10590000.000000,FLEXIBLE,PRIVATE_LINK,7,1,18434600.000000,1.740755,1,
cmp-01109,90,9211000.000000,FLEXIBLE,PUBLIC,3,1,5201400.000000,0.564694,0,
cmp-01110,85,15358000.000000,STRICT,PUBLIC,1,2,12577900.000000,0.818980,0,
cmp-01111,56,10793000.000000,CLOSE_ON_TARGET,PUBLIC,0,2,11426300.000000,1.058677,1,48.000000
cmp-01112,69,7279000.000000,FLEXIBLE,PUBLIC,6,2,8359700.000000,1.148468,1,
cmp-01113,60,22131000.000000,FLEXIBLE,PRIVATE_LINK,4,1,18144000.000000,0.819845,0,
cmp-01114,82,18783000.000000,FLEXIBLE,PUBLIC,1,3,21915500.000000,1.166773,1,
cmp-01115,38,6303000.000000,FLEXIBLE,PUBLIC,0,3,11327800.000000,1.797208,1,
cmp-01116,31,4448000.000000,STRICT,PUBLIC,3,2,4201000.000000,0.944469,0,
cmp-01117,33,11407000.000000,FLEXIBLE,PRIVATE_LINK,4,1,6122900.000000,0.536767,0,
cmp-01118,54,11560000.000000,CLOSE_ON_TARGET,PUBLIC,2,1,9074000.000000,0.784948,0,
cmp-01119,22,2519000.000000,FLEXIBLE,PUBLIC,3,1,5345300.000000,2.121993,1,
cmp-01120,38,9849000.000000,FLEXIBLE,PUBLIC,5,3,33786500.000000,3.430450,1,
cmp-01121,31,8268000.000000,FLEXIBLE,PUBLIC,5,2,12024300.000000,1.454318,1,
cmp-01122,38,5765000.000000,FLEXIBLE,PUBLIC,3,2,7673000.000000,1.330963,1,
cmp-01123,38,1876000.000000,FLEXIBLE,PRIVATE_LINK,6,3,2145700.000000,1.143763,1,
cmp-01124,41,13079000.000000,FLEXIBLE,PUBLIC,5,2,17608100.000000,1.346288,1,
cmp-01125,57,10554000.000000,CLOSE_ON_TARGET,PUBLIC,4,3,10618000.000000,1.006064,1,32.000000
cmp-01126,17,20230000.000000,FLEXIBLE,PUBLIC,3,3,56524900.000000,2.794113,1,
cmp-01127,66,10605000.000000,STRICT,PUBLIC,2,3,8884400.000000,0.837756,0,
cmp-01128,21,38520000.000000,FLEXIBLE,PUBLIC,1,1,27296700.000000,0.708637,0,
cmp-01129,52,8250000.000000,FLEXIBLE,PUBLIC,2,2,7992100.000000,0.968739,0,
cmp-01130,22,8877000.000000,STRICT,PUBLIC,5,3,8875600.000000,0.999842,0,
cmp-01131,41,5040000.000000,CLOSE_ON_TARGET,PUBLIC,3,2,5147200.000000,1.021270,1,18.000000
cmp-01132,82,3716000.000000,FLEXIBLE,PUBLIC,0,3,2901000.000000,0.780678,0,
cmp-01133,60,16190000.000000,CLOSE_ON_TARGET,PRIVATE_LINK,2,2,16393500.000000,1.012569,1,48.000000
cmp-01134,31,9927000.000000,FLEXIBLE,PRIVATE_LINK,7,3,34907000.000000,3.516369,1,
cmp-01135,21,3460000.000000,FLEXIBLE,PRIVATE_LINK,4,3,4492500.000000,1.298410,1,
cmp-01136,80,6593000.000000,STRICT,PUBLIC,0,2,6588600.000000,0.999333,0,
cmp-01137,21,5397000.000000,FLEXIBLE,PUBLIC,0,1,7749600.000000,1.435909,1,
cmp-01138,27,1878000.000000,FLEXIBLE,PUBLIC,1,2,3725400.000000,1.983706,1,
cmp-01139,84,42593000.000000,FLEXIBLE,PUBLIC,3,2,29821800.000000,0.700157,0,
cmp-01140,61,43925000.000000,CLOSE_ON_TARGET,PRIVATE_LINK,4,3,43949900.000000,1.000567,1,54.000000
cmp-01141,16,10685000.000000,FLEXIBLE,PUBLIC,3,3,9625900.000000,0.900880,0,
cmp-01142,62,4368000.000000,FLEXIBLE,PUBLIC,4,1,6275200.000000,1.436630,1,
cmp-01143,23,3665000.000000,FLEXIBLE,PUBLIC,2,3,19954600.000000,5.444638,1,
cmp-01144,34,25405000.000000,FLEXIBLE,PRIVATE_LINK,4,1,23448500.000000,0.922988,0,
cmp-01145,80,26131000.000000,STRICT,PUBLIC,0,1,26126300.000000,0.999820,0,
cmp-01146,84,5265000.000000,FLEXIBLE,PUBLIC,1,2,5762000.000000,1.094397,1,
cmp-01147,54,8156000.000000,FLEXIBLE,PUBLIC,4,3,22202100.000000,2.722180,1,
cmp-01148,49,5080000.000000,CLOSE_ON_TARGET,PUBLIC,3,3,5107600.000000,1.005433,1,34.000000
cmp-01149,47,4479000.000000,STRICT,PUBLIC,3,3,4389800.000000,0.980085,0,
cmp-01150,39,10079000.000000,CLOSE_ON_TARGET,PUBLIC,0,2,5518000.000000,0.547475,0,
cmp-01151,69,19363000.000000,STRICT,PUBLIC,6,2,16953600.000000,0.875567,0,
cmp-01152,74,14827000.000000,FLEXIBLE,PUBLIC,1,3,29601700.000000,1.996473,1,
cmp-01153,70,43694000.000000,CLOSE_ON_TARGET,PUBLIC,1,2,43739600.000000,1.001044,1,15.000000
cmp-01154,61,5819000.000000,FLEXIBLE,PUBLIC,2,1,19225900.000000,3.303987,1,
cmp-01155,64,13346000.000000,FLEXIBLE,PUBLIC,2,1,10396000.000000,0.778960,0,
cmp-01156,89,70268000.000000,FLEXIBLE,PUBLIC,4,3,172937700.000000,2.461116,1,
cmp-01157,53,8772000.000000,STRICT,PRIVATE_LINK,7,3,8770900.000000,0.999875,0,
cmp-01158,35,2505000.000000,STRICT,PUBLIC,3,1,2456100.000000,0.980479,0,
cmp-01159,54,4410000.000000,FLEXIBLE,PUBLIC,4,2,11478800.000000,2.602902,1,
cmp-01160,38,2889000.000000,FLEXIBLE,PUBLIC,2,2,5743300.000000,1.987989,1,
cmp-01161,28,4761000.000000,FLEXIBLE,PUBLIC,1,2,4154700.000000,0.872653,0,
cmp-01162,77,9537000.000000,CLOSE_ON_TARGET,PUBLIC,1,2,9567900.000000,1.003240,1,61.000000
cmp-01163,37,12510000.000000,FLEXIBLE,PUBLIC,4,2,32779700.000000,2.620280,1,
cmp-01164,64,8168000.000000,CLOSE_ON_TARGET,PRIVATE_LINK,5,2,8192800.000000,1.003036,1,10.000000
cmp-01165,15,6203000.000000,FLEXIBLE,PUBLIC,1,1,6226400.000000,1.003772,1,
cmp-01166,80,6722000.000000,FLEXIBLE,PRIVATE_LINK,3,2,7203100.000000,1.071571,1,
cmp-01167,42,21515000.000000,STRICT,PUBLIC,3,1,21511100.000000,0.999819,0,
cmp-01168,83,7917000.000000,FLEXIBLE,PUBLIC,2,1,2660500.000000,0.336049,0,
cmp-01169,23,1665000.000000,FLEXIBLE,PUBLIC,2,1,4348100.000000,2.611471,1,
cmp-01170,53,8236000.000000,FLEXIBLE,PUBLIC,3,1,4657400.000000,0.565493,0,
cmp-01171,45,3248000.000000,STRICT,PUBLIC,3,2,3246000.000000,0.999384,0,
cmp-01172,27,63764000.000000,FLEXIBLE,PRIVATE_LINK,1,1,23716500.000000,0.371942,0,
cmp-01173,81,10659000.000000,STRICT,PUBLIC,2,3,10653200.000000,0.999456,0,
cmp-01174,57,1468000.000000,FLEXIBLE,PUBLIC,6,3,1900900.000000,1.294891,1,
cmp-01175,50,6127000.000000,FLEXIBLE,PUBLIC,4,3,6720000.000000,1.096785,1,
cmp-01176,34,14498000.000000,FLEXIBLE,PUBLIC,3,1,15343600.000000,1.058325,1,
cmp-01177,56,1349000.000000,CLOSE_ON_TARGET,PUBLIC,3,3,1450800.000000,1.075463,1,24.000000
cmp-01178,50,6154000.000000,FLEXIBLE,PUBLIC,5,3,11077800.000000,1.800097,1,
cmp-01179,17,5120000.000000,FLEXIBLE,PUBLIC,3,2,8072600.000000,1.576680,1,
cmp-01180,22,13045000.000000,FLEXIBLE,PUBLIC,8,1,20059200.000000,1.537693,1,
cmp-01181,34,1429000.000000,STRICT,PUBLIC,1,1,1425200.000000,0.997341,0,
cmp-01182,68,4264000.000000,STRICT,PUBLIC,5,1,4185400.000000,0.981567,0,
cmp-01183,67,24885000.000000,FLEXIBLE,PRIVATE_LINK,4,2,14474300.000000,0.581648,0,
cmp-01184,41,4320000.000000,CLOSE_ON_TARGET,PUBLIC,2,1,4336700.000000,1.003866,1,7.000000
cmp-01185,49,14825000.000000,STRICT,PUBLIC,1,2,14823600.000000,0.999906,0,
cmp-01186,74,4505000.000000,FLEXIBLE,PUBLIC,5,1,8969300.000000,1.990966,1,
cmp-01187,24,2473000.000000,STRICT,PUBLIC,3,2,1557400.000000,0.629761,0,
cmp-01188,29,9693000.000000,CLOSE_ON_TARGET,PUBLIC,1,3,5785000.000000,0.596822,0,
cmp-01189,28,7788000.000000,FLEXIBLE,PUBLIC,0,1,8962800.000000,1.150847,1,
cmp-01190,85,15375000.000000,STRICT,PRIVATE_LINK,0,2,3951700.000000,0.257021,0,
cmp-01191,52,1819000.000000,FLEXIBLE,PRIVATE_LINK,1,1,1903800.000000,1.046619,1,
cmp-01192,84,9597000.000000,STRICT,PRIVATE_LINK,2,2,9595300.000000,0.999823,0,
cmp-01193,89,6410000.000000,CLOSE_ON_TARGET,PUBLIC,2,2,6520500.000000,1.017239,1,12.000000
cmp-01194,76,6949000.000000,STRICT,PUBLIC,3,3,4975600.000000,0.716017,0,
cmp-01195,72,4210000.000000,STRICT,PUBLIC,2,1,3515800.000000,0.835107,0,
cmp-01196,43,3111000.000000,FLEXIBLE,PUBLIC,2,1,6861000.000000,2.205400,1,
cmp-01197,88,6316000.000000,STRICT,PUBLIC,4,2,6254300.000000,0.990231,0,
cmp-01198,80,6966000.000000,FLEXIBLE,PRIVATE_LINK,1,3,5243800.000000,0.752771,0,
cmp-01199,47,4300000.000000,FLEXIBLE,PUBLIC,0,1,2585000.000000,0.601163,0,
cmp-01200,79,9145000.000000,FLEXIBLE,PRIVATE_LINK,2,3,12704400.000000,1.389218,1,
cmp-01201,49,7545000.000000,FLEXIBLE,PUBLIC,5,2,8529000.000000,1.130417,1,
cmp-01202,56,5062000.000000,FLEXIBLE,PUBLIC,1,1,15951700.000000,3.151264,1,
cmp-01203,82,8728000.000000,STRICT,PUBLIC,4,1,8727000.000000,0.999885,0,
cmp-01204,62,11352000.000000,STRICT,PUBLIC,1,1,11349800.000000,0.999806,0,
cmp-01205,68,5858000.000000,CLOSE_ON_TARGET,PUBLIC,1,1,6201300.000000,1.058604,1,40.000000
cmp-01206,42,2809000.000000,CLOSE_ON_TARGET,PUBLIC,2,3,2326200.000000,0.828124,0,
cmp-01207,30,2738000.000000,FLEXIBLE,PUBLIC,3,2,2720300.000000,0.993535,0,
cmp-01208,82,16704000.000000,STRICT,PUBLIC,3,3,16698100.000000,0.999647,0,
cmp-01209,47,3132000.000000,CLOSE_ON_TARGET,PUBLIC,3,2,3314900.000000,1.058397,1,10.000000
cmp-01210,42,27781000.000000,FLEXIBLE,PUBLIC,4,2,50637200.000000,1.822728,1,
cmp-01211,86,8140000.000000,STRICT,PRIVATE_LINK,2,1,8131500.000000,0.998956,0,
cmp-01212,24,4840000.000000,CLOSE_ON_TARGET,PRIVATE_LINK,1,3,3847600.000000,0.794959,0,
cmp-01213,58,20243000.000000,STRICT,PUBLIC,5,3,20172900.000000,0.996537,0,
cmp-01214,36,13596000.000000,CLOSE_ON_TARGET,PUBLIC,1,1,10170000.000000,0.748014,0,
cmp-01215,32,2002000.000000,FLEXIBLE,PUBLIC,5,3,5839500.000000,2.916833,1,
cmp-01216,22,8585000.000000,CLOSE_ON_TARGET,PRIVATE_LINK,5,1,8631200.000000,1.005381,1,5.000000
cmp-01217,45,5991000.000000,STRICT,PUBLIC,0,2,5980100.000000,0.998181,0,
cmp-01218,20,17013000.000000,FLEXIBLE,PUBLIC,2,3,27837700.000000,1.636261,1,
cmp-01219,37,5417000.000000,FLEXIBLE,PUBLIC,1,3,17587600.000000,3.246742,1,
cmp-01220,20,11918000.000000,FLEXIBLE,PUBLIC,0,1,9472300.000000,0.794789,0,
cmp-01221,77,2790000.000000,FLEXIBLE,PUBLIC,3,1,5846400.000000,2.095484,1,
cmp-01222,58,2574000.000000,FLEXIBLE,PUBLIC,3,2,1931500.000000,0.750389,0,
cmp-01223,41,16089000.000000,FLEXIBLE,PUBLIC,2,1,12607200.000000,0.783591,0,
cmp-01224,47,8188000.000000,FLEXIBLE,PRIVATE_LINK,4,1,9608400.000000,1.173473,1,
cmp-01225,23,1954000.000000,FLEXIBLE,PUBLIC,2,3,5568400.000000,2.849744,1,
cmp-01226,61,43960000.000000,CLOSE_ON_TARGET,PUBLIC,3,2,35154000.000000,0.799682,0,
cmp-01227,68,8140000.000000,FLEXIBLE,PUBLIC,2,2,12010600.000000,1.475504,1,
cmp-01228,20,11758000.000000,FLEXIBLE,PRIVATE_LINK,7,1,29845100.000000,2.538280,1,
cmp-01229,18,4636000.000000,STRICT,PUBLIC,2,2,4636000.000000,1.000000,1,
cmp-01230,74,13835000.000000,FLEXIBLE,PUBLIC,3,2,26138200.000000,1.889281,1,
cmp-01231,82,13337000.000000,STRICT,PUBLIC,5,3,13336000.000000,0.999925,0,
cmp-01232,80,2208000.000000,FLEXIBLE,PUBLIC,2,2,3267200.000000,1.479710,1,
cmp-01233,59,65611000.000000,FLEXIBLE,PUBLIC,4,2,41342500.000000,0.630115,0,
cmp-01234,25,19138000.000000,FLEXIBLE,PUBLIC,2,1,3930400.000000,0.205372,0,
cmp-01235,66,7256000.000000,FLEXIBLE,PUBLIC,0,2,7516600.000000,1.035915,1,
cmp-01236,80,13518000.000000,FLEXIBLE,PUBLIC,2,2,22629300.000000,1.674012,1,
cmp-01237,49,20713000.000000,STRICT,PUBLIC,5,3,10599300.000000,0.511722,0,
cmp-01238,43,3488000.000000,CLOSE_ON_TARGET,PUBLIC,2,1,3656800.000000,1.048394,1,9.000000
cmp-01239,62,15966000.000000,STRICT,PUBLIC,3,2,15964900.000000,0.999931,0,
cmp-01240,72,5208000.000000,FLEXIBLE,PRIVATE_LINK,5,1,4388100.000000,0.842569,0,
cmp-01241,57,22020000.000000,FLEXIBLE,PRIVATE_LINK,1,1,22394300.000000,1.016998,1,
cmp-01242,81,11160000.000000,STRICT,PUBLIC,3,2,11159300.000000,0.999937,0,
cmp-01243,43,10099000.000000,FLEXIBLE,PUBLIC,2,3,21003100.000000,2.079721,1,
cmp-01244,25,10142000.000000,FLEXIBLE,PRIVATE_LINK,3,2,4043500.000000,0.398689,0,
cmp-01245,48,13836000.000000,FLEXIBLE,PUBLIC,5,3,59646600.000000,4.310971,1,
cmp-01246,43,20385000.000000,FLEXIBLE,PUBLIC,5,3,9068100.000000,0.444842,0,
cmp-01247,77,2939000.000000,FLEXIBLE,PRIVATE_LINK,3,2,8674700.000000,2.951582,1,
cmp-01248,41,14664000.000000,FLEXIBLE,PUBLIC,2,1,16482100.000000,1.123984,1,
cmp-01249,18,25327000.000000,FLEXIBLE,PRIVATE_LINK,4,3,41146100.000000,1.624594,1,
cmp-01250,62,9764000.000000,CLOSE_ON_TARGET,PUBLIC,6,3,6115500.000000,0.626331,0,
cmp-01251,52,29239000.000000,FLEXIBLE,PUBLIC,3,1,29116100.000000,0.995797,0,
cmp-01252,44,12757000.000000,FLEXIBLE,PUBLIC,6,2,28418700.000000,2.227695,1,
cmp-01253,67,10194000.000000,FLEXIBLE,PUBLIC,6,3,14966900.000000,1.468207,1,
cmp-01254,30,2772000.000000,FLEXIBLE,PUBLIC,2,1,3326500.000000,1.200036,1,
cmp-01255,87,3509000.000000,STRICT,PRIVATE_LINK,6,1,1183600.000000,0.337304,0,
cmp-01256,76,6425000.000000,FLEXIBLE,PUBLIC,2,2,10009900.000000,1.557961,1,
cmp-01257,16,4964000.000000,FLEXIBLE,PUBLIC,6,2,5931800.000000,1.194964,1,
cmp-01258,34,8394000.000000,FLEXIBLE,PUBLIC,4,1,4110000.000000,0.489635,0,
cmp-01259,47,8580000.000000,FLEXIBLE,PUBLIC,5,1,15672500.000000,1.826632,1,
cmp-01260,73,5480000.000000,FLEXIBLE,PUBLIC,5,1,5138100.000000,0.937609,0,
cmp-01261,58,17507000.000000,STRICT,PUBLIC,1,2,17506300.000000,0.999960,0,
cmp-01262,82,6153000.000000,FLEXIBLE,PUBLIC,4,3,4064600.000000,0.660588,0,
cmp-01263,76,3144000.000000,FLEXIBLE,PUBLIC,4,2,2307100.000000,0.733810,0,
cmp-01264,24,4124000.000000,FLEXIBLE,PUBLIC,6,1,6027200.000000,1.461494,1,
cmp-01265,17,13863000.000000,FLEXIBLE,PUBLIC,6,3,40292700.000000,2.906492,1,
cmp-01266,57,5280000.000000,FLEXIBLE,PUBLIC,1,3,7122000.000000,1.348864,1,
cmp-01267,28,12886000.000000,FLEXIBLE,PUBLIC,4,2,18492800.000000,1.435108,1,
cmp-01268,40,6324000.000000,FLEXIBLE,PUBLIC,5,2,13862000.000000,2.191967,1,
cmp-01269,71,16540000.000000,STRICT,PUBLIC,2,3,10255000.000000,0.620012,0,
cmp-01270,47,16833000.000000,CLOSE_ON_TARGET,PUBLIC,0,3,17142100.000000,1.018363,1,18.000000
cmp-01271,76,3482000.000000,CLOSE_ON_TARGET,PUBLIC,3,2,3618500.000000,1.039202,1,53.000000
cmp-01272,16,6467000.000000,STRICT,PUBLIC,3,2,5568900.000000,0.861126,0,
cmp-01273,48,11879000.000000,FLEXIBLE,PUBLIC,5,1,16403100.000000,1.380849,1,
cmp-01274,77,3354000.000000,FLEXIBLE,PRIVATE_LINK,2,3,2734900.000000,0.815414,0,
cmp-01275,73,6416000.000000,FLEXIBLE,PUBLIC,2,2,2776800.000000,0.432793,0,
cmp-01276,51,4139000.000000,FLEXIBLE,PUBLIC,2,3,7178000.000000,1.734235,1,
cmp-01277,51,15001000.000000,STRICT,PUBLIC,0,2,14992200.000000,0.999413,0,
cmp-01278,23,2149000.000000,CLOSE_ON_TARGET,PUBLIC,3,2,2177400.000000,1.013215,1,5.000000
cmp-01279,49,2698000.000000,FLEXIBLE,PRIVATE_LINK,4,2,10172600.000000,3.770423,1,
cmp-01280,82,13231000.000000,FLEXIBLE,PRIVATE_LINK,6,3,20204000.000000,1.527020,1,
cmp-01281,42,1842000.000000,CLOSE_ON_TARGET,PUBLIC,4,1,1909800.000000,1.036808,1,14.000000
cmp-01282,41,4814000.000000,CLOSE_ON_TARGET,PUBLIC,4,1,4849000.000000,1.007270,1,16.000000
cmp-01283,75,11578000.000000,FLEXIBLE,PUBLIC,2,1,6291100.000000,0.543367,0,
cmp-01284,73,1726000.000000,FLEXIBLE,PUBLIC,4,2,687600.000000,0.398378,0,
cmp-01285,27,16904000.000000,STRICT,PUBLIC,5,3,16900400.000000,0.999787,0,
cmp-01286,20,5893000.000000,STRICT,PRIVATE_LINK,9,2,3167200.000000,0.537451,0,
cmp-01287,37,10839000.000000,FLEXIBLE,PRIVATE_LINK,3,1,47594700.000000,4.391060,1,
cmp-01288,53,7487000.000000,FLEXIBLE,PRIVATE_LINK,5,3,10951300.000000,1.462709,1,
cmp-01289,47,10610000.000000,FLEXIBLE,PUBLIC,2,1,12500800.000000,1.178209,1,
cmp-01290,35,3118000.000000,FLEXIBLE,PRIVATE_LINK,2,2,1477400.000000,0.473829,0,
cmp-01291,63,10574000.000000,FLEXIBLE,PUBLIC,2,1,9518800.000000,0.900208,0,
cmp-01292,52,14589000.000000,FLEXIBLE,PUBLIC,1,3,11050300.000000,0.757441,0,
cmp-01293,53,4760000.000000,FLEXIBLE,PUBLIC,2,1,3771100.000000,0.792248,0,
cmp-01294,51,14342000.000000,FLEXIBLE,PRIVATE_LINK,2,3,26998500.000000,1.882478,1,
cmp-01295,80,8088000.000000,FLEXIBLE,PUBLIC,5,1,12013200.000000,1.485312,1,
cmp-01296,24,11754000.000000,FLEXIBLE,PUBLIC,1,2,22886000.000000,1.947082,1,
cmp-01297,57,14862000.000000,CLOSE_ON_TARGET,PUBLIC,2,1,15015100.000000,1.010301,1,8.000000
cmp-01298,27,10458000.000000,FLEXIBLE,PRIVATE_LINK,4,2,8245000.000000,0.788392,0,
cmp-01299,74,2637000.000000,FLEXIBLE,PUBLIC,4,3,13554100.000000,5.139970,1,
cmp-01300,50,3175000.000000,STRICT,PUBLIC,3,1,3174900.000000,0.999969,0,
cmp-01301,66,10414000.000000,STRICT,PUBLIC,4,2,6762800.000000,0.649395,0,
cmp-01302,85,9318000.000000,CLOSE_ON_TARGET,PUBLIC,3,3,6736800.000000,0.722988,0,
cmp-01303,90,7543000.000000,FLEXIBLE,PRIVATE_LINK,0,1,4447500.000000,0.589620,0,
cmp-01304,45,4145000.000000,STRICT,PUBLIC,2,1,4141600.000000,0.999180,0,
cmp-01305,64,8513000.000000,FLEXIBLE,PUBLIC,3,2,25692900.000000,3.018078,1,
cmp-01306,77,12060000.000000,CLOSE_ON_TARGET,PUBLIC,2,1,9659600.000000,0.800962,0,
cmp-01307,90,4858000.000000,FLEXIBLE,PUBLIC,5,1,11890000.000000,2.447509,1,
cmp-01308,58,5917000.000000,STRICT,PUBLIC,2,2,5916900.000000,0.999983,0,
cmp-01309,18,70727000.000000,FLEXIBLE,PUBLIC,1,3,24677000.000000,0.348905,0,
cmp-01310,70,8170000.000000,FLEXIBLE,PRIVATE_LINK,4,2,13832200.000000,1.693048,1,
cmp-01311,23,3154000.000000,STRICT,PUBLIC,2,2,3151500.000000,0.999207,0,
cmp-01312,31,7694000.000000,FLEXIBLE,PRIVATE_LINK,1,1,6627900.000000,0.861437,0,
cmp-01313,42,6479000.000000,FLEXIBLE,PUBLIC,1,3,8053100.000000,1.242954,1,
cmp-01314,27,6583000.000000,FLEXIBLE,PUBLIC,6,3,13721100.000000,2.084323,1,
cmp-01315,20,5885000.000000,CLOSE_ON_TARGET,PRIVATE_LINK,3,1,4941300.000000,0.839643,0,
cmp-01316,79,15190000.000000,STRICT,PUBLIC,3,3,6979900.000000,0.459506,0,
cmp-01317,50,6812000.000000,FLEXIBLE,PUBLIC,4,3,6886200.000000,1.010893,1,
cmp-01318,41,39446000.000000,CLOSE_ON_TARGET,PUBLIC,3,1,16797400.000000,0.425833,0,
cmp-01319,62,12991000.000000,FLEXIBLE,PUBLIC,2,1,17203600.000000,1.324271,1,
cmp-01320,34,20011000.000000,CLOSE_ON_TARGET,PUBLIC,2,2,16312400.000000,0.815172,0,
cmp-01321,24,3629000.000000,STRICT,PUBLIC,2,1,3625400.000000,0.999008,0,
cmp-01322,54,30227000.000000,FLEXIBLE,PUBLIC,3,1,38227900.000000,1.264694,1,
cmp-01323,53,4767000.000000,FLEXIBLE,PUBLIC,3,3,10283900.000000,2.157311,1,
cmp-01324,74,2897000.000000,FLEXIBLE,PUBLIC,1,3,3348400.000000,1.155816,1,
cmp-01325,34,4875000.000000,FLEXIBLE,PRIVATE_LINK,4,3,4652000.000000,0.954256,0,
cmp-01326,72,34027000.000000,FLEXIBLE,PUBLIC,6,3,307463900.000000,9.035880,1,
cmp-01327,23,1421000.000000,FLEXIBLE,PUBLIC,2,1,4520100.000000,3.180929,1,
cmp-01328,36,8837000.000000,STRICT,PUBLIC,6,2,8355100.000000,0.945468,0,
cmp-01329,37,4908000.000000,STRICT,PRIVATE_LINK,3,3,4905100.000000,0.999409,0,
cmp-01330,49,15389000.000000,FLEXIBLE,PUBLIC,5,1,28072900.000000,1.824219,1,
cmp-01331,35,4922000.000000,FLEXIBLE,PUBLIC,6,3,5601900.000000,1.138135,1,
cmp-01332,44,5765000.000000,FLEXIBLE,PRIVATE_LINK,5,1,7500800.000000,1.301093,1,
cmp-01333,77,3798000.000000,FLEXIBLE,PUBLIC,1,3,6900000.000000,1.816746,1,
cmp-01334,80,1848000.000000,STRICT,PUBLIC,3,3,1816500.000000,0.982955,0,
cmp-01335,70,6486000.000000,STRICT,PUBLIC,5,2,6479600.000000,0.999013,0,
cmp-01336,64,1551000.000000,FLEXIBLE,PUBLIC,3,3,434700.000000,0.280271,0,
cmp-01337,24,7398000.000000,STRICT,PUBLIC,2,1,7391600.000000,0.999135,0,
cmp-01338,26,5212000.000000,FLEXIBLE,PRIVATE_LINK,7,1,3119400.000000,0.598503,0,
cmp-01339,71,4360000.000000,FLEXIBLE,PUBLIC,5,3,1875600.000000,0.430183,0,
cmp-01340,55,12262000.000000,FLEXIBLE,PUBLIC,4,3,40529000.000000,3.305252,1,
cmp-01341,41,12058000.000000,STRICT,PUBLIC,2,1,8981000.000000,0.744817,0,
cmp-01342,47,12891000.000000,FLEXIBLE,PUBLIC,4,1,41402900.000000,3.211768,1,
cmp-01343,79,6987000.000000,FLEXIBLE,PRIVATE_LINK,1,2,7974000.000000,1.141262,1,
cmp-01344,18,12555000.000000,STRICT,PUBLIC,0,2,7944800.000000,0.632800,0,
cmp-01345,16,2882000.000000,FLEXIBLE,PRIVATE_LINK,5,2,7463200.000000,2.589591,1,
cmp-01346,32,8255000.000000,STRICT,PUBLIC,2,1,8215000.000000,0.995154,0,
cmp-01347,20,13730000.000000,FLEXIBLE,PUBLIC,4,3,36400100.000000,2.651136,1,
cmp-01348,53,7597000.000000,FLEXIBLE,PUBLIC,2,1,12894100.000000,1.697262,1,
cmp-01349,40,41183000.000000,CLOSE_ON_TARGET,PUBLIC,2,2,41219800.000000,1.000894,1,28.000000
cmp-01350,34,21857000.000000,FLEXIBLE,PUBLIC,2,3,69297600.000000,3.170499,1,
cmp-01351,58,3329000.000000,FLEXIBLE,PUBLIC,1,2,5246100.000000,1.575879,1,
cmp-01352,76,7272000.000000,CLOSE_ON_TARGET,PUBLIC,3,2,7296600.000000,1.003383,1,11.000000
cmp-01353,43,5522000.000000,FLEXIBLE,PUBLIC,3,1,4585500.000000,0.830406,0,
cmp-01354,65,10488000.000000,FLEXIBLE,PUBLIC,4,1,15266900.000000,1.455654,1,
cmp-01355,26,27343000.000000,FLEXIBLE,PUBLIC,6,1,29886400.000000,1.093018,1,
cmp-01356,88,15481000.000000,CLOSE_ON_TARGET,PUBLIC,0,2,15481200.000000,1.000013,1,12.000000
cmp-01357,66,18104000.000000,FLEXIBLE,PUBLIC,6,3,24750700.000000,1.367140,1,
cmp-01358,83,8833000.000000,STRICT,PUBLIC,1,3,8829800.000000,0.999638,0,
cmp-01359,63,14269000.000000,FLEXIBLE,PRIVATE_LINK,2,1,16727000.000000,1.172262,1,
cmp-01360,53,7991000.000000,FLEXIBLE,PUBLIC,3,2,2680100.000000,0.335390,0,
cmp-01361,54,8750000.000000,FLEXIBLE,PRIVATE_LINK,2,2,2624000.000000,0.299886,0,
cmp-01362,76,2772000.000000,FLEXIBLE,PUBLIC,3,3,3556700.000000,1.283081,1,
cmp-01363,61,7227000.000000,FLEXIBLE,PUBLIC,2,1,3222400.000000,0.445883,0,
cmp-01364,22,9721000.000000,CLOSE_ON_TARGET,PUBLIC,1,3,10012200.000000,1.029956,1,12.000000
cmp-01365,51,1404000.000000,STRICT,PUBLIC,5,3,1399900.000000,0.997080,0,
cmp-01366,40,13663000.000000,FLEXIBLE,PRIVATE_LINK,1,2,3584100.000000,0.262322,0,
cmp-01367,82,26293000.000000,STRICT,PUBLIC,3,3,7959100.000000,0.302708,0,
cmp-01368,79,11907000.000000,FLEXIBLE,PUBLIC,3,2,7917400.000000,0.664937,0,
cmp-01369,53,3115000.000000,STRICT,PUBLIC,4,2,3113700.000000,0.999583,0,
cmp-01370,81,6412000.000000,FLEXIBLE,PUBLIC,2,3,3098100.000000,0.483172,0,
cmp-01371,51,11529000.000000,FLEXIBLE,PUBLIC,3,2,22576000.000000,1.958192,1,
cmp-01372,61,28941000.000000,FLEXIBLE,PUBLIC,3,2,31741700.000000,1.096773,1,
cmp-01373,79,5479000.000000,FLEXIBLE,PUBLIC,4,2,2595300.000000,0.473681,0,
cmp-01374,57,5102000.000000,FLEXIBLE,PUBLIC,2,1,4682500.000000,0.917777,0,
cmp-01375,37,19532000.000000,CLOSE_ON_TARGET,PUBLIC,6,3,19555100.000000,1.001183,1,17.000000
cmp-01376,15,2859000.000000,FLEXIBLE,PRIVATE_LINK,4,1,3382300.000000,1.183036,1,
cmp-01377,85,11067000.000000,FLEXIBLE,PRIVATE_LINK,2,2,27034300.000000,2.442785,1,
cmp-01378,87,19879000.000000,STRICT,PRIVATE_LINK,4,3,19878900.000000,0.999995,0,
cmp-01379,87,9426000.000000,FLEXIBLE,PRIVATE_LINK,4,2,9777500.000000,1.037290,1,
cmp-01380,71,6630000.000000,FLEXIBLE,PUBLIC,2,1,2850600.000000,0.429955,0,
cmp-01381,18,12053000.000000,STRICT,PUBLIC,6,3,9357400.000000,0.776354,0,
cmp-01382,65,5775000.000000,STRICT,PUBLIC,6,2,5773200.000000,0.999688,0,
cmp-01383,77,7929000.000000,FLEXIBLE,PUBLIC,5,1,10440600.000000,1.316761,1,
cmp-01384,50,14421000.000000,CLOSE_ON_TARGET,PUBLIC,3,3,15440700.000000,1.070709,1,15.000000
cmp-01385,53,3819000.000000,FLEXIBLE,PUBLIC,6,2,7259100.000000,1.900786,1,
cmp-01386,68,8800000.000000,FLEXIBLE,PUBLIC,2,3,18695400.000000,2.124477,1,
cmp-01387,88,18046000.000000,FLEXIBLE,PUBLIC,1,2,17895700.000000,0.991671,0,
cmp-01388,89,22779000.000000,FLEXIBLE,PUBLIC,2,1,22030100.000000,0.967123,0,
cmp-01389,74,3315000.000000,FLEXIBLE,PUBLIC,4,2,3988700.000000,1.203228,1,
cmp-01390,77,7212000.000000,FLEXIBLE,PRIVATE_LINK,4,1,3911900.000000,0.542415,0,
cmp-01391,20,2001000.000000,STRICT,PRIVATE_LINK,2,1,1993000.000000,0.996002,0,
cmp-01392,35,19519000.000000,FLEXIBLE,PUBLIC,2,2,117722400.000000,6.031170,1,
cmp-01393,55,8884000.000000,FLEXIBLE,PUBLIC,5,3,12727600.000000,1.432643,1,
cmp-01394,65,22687000.000000,FLEXIBLE,PUBLIC,2,1,19455600.000000,0.857566,0,
cmp-01395,71,4158000.000000,FLEXIBLE,PUBLIC,3,1,1728800.000000,0.415777,0,
cmp-01396,66,9093000.000000,STRICT,PUBLIC,2,2,9089600.000000,0.999626,0,
cmp-01397,76,5723000.000000,FLEXIBLE,PUBLIC,4,2,2045100.000000,0.357348,0,
cmp-01398,38,4287000.000000,FLEXIBLE,PUBLIC,7,2,11856900.000000,2.765780,1,
cmp-01399,23,7095000.000000,FLEXIBLE,PUBLIC,1,2,8885200.000000,1.252319,1,
cmp-01400,46,16104000.000000,FLEXIBLE,PUBLIC,1,2,9877100.000000,0.613332,0,
cmp-01401,52,11639000.000000,FLEXIBLE,PRIVATE_LINK,5,3,10296000.000000,0.884612,0,
cmp-01402,37,8457000.000000,STRICT,PUBLIC,5,2,8457000.000000,1.000000,1,
cmp-01403,43,14720000.000000,STRICT,PUBLIC,1,2,14715300.000000,0.999681,0,
cmp-01404,71,14293000.000000,STRICT,PUBLIC,3,3,14287500.000000,0.999615,0,
cmp-01405,80,7860000.000000,FLEXIBLE,PUBLIC,3,2,3301300.000000,0.420013,0,
cmp-01406,62,6479000.000000,FLEXIBLE,PUBLIC,3,2,8482900.000000,1.309292,1,
cmp-01407,54,12963000.000000,STRICT,PUBLIC,4,3,7079900.000000,0.546162,0,
cmp-01408,49,6526000.000000,STRICT,PUBLIC,5,1,6266400.000000,0.960221,0,
cmp-01409,44,18540000.000000,FLEXIBLE,PUBLIC,1,2,34470700.000000,1.859261,1,
cmp-01410,15,9097000.000000,FLEXIBLE,PUBLIC,6,3,19922500.000000,2.190008,1,
cmp-01411,22,14007000.000000,FLEXIBLE,PUBLIC,4,2,25120000.000000,1.793389,1,
cmp-01412,35,10101000.000000,FLEXIBLE,PUBLIC,4,3,15467600.000000,1.531294,1,
cmp-01413,53,3985000.000000,FLEXIBLE,PUBLIC,4,1,11464300.000000,2.876863,1,
cmp-01414,87,3170000.000000,FLEXIBLE,PUBLIC,5,2,5788800.000000,1.826120,1,
cmp-01415,56,13136000.000000,STRICT,PRIVATE_LINK,1,2,13132600.000000,0.999741,0,
cmp-01416,67,5875000.000000,FLEXIBLE,PRIVATE_LINK,1,1,2826000.000000,0.481021,0,
cmp-01417,85,15898000.000000,FLEXIBLE,PRIVATE_LINK,2,3,28495800.000000,1.792414,1,
cmp-01418,61,6232000.000000,STRICT,PUBLIC,1,3,2778400.000000,0.445828,0,
cmp-01419,59,5704000.000000,CLOSE_ON_TARGET,PUBLIC,1,1,1531100.000000,0.268426,0,
cmp-01420,39,2465000.000000,FLEXIBLE,PRIVATE_LINK,3,2,2696500.000000,1.093915,1,
cmp-01421,90,3461000.000000,STRICT,PUBLIC,5,1,2454800.000000,0.709275,0,
cmp-01422,27,1283000.000000,FLEXIBLE,PUBLIC,5,2,5299100.000000,4.130242,1,
cmp-01423,68,26926000.000000,FLEXIBLE,PRIVATE_LINK,6,1,21501300.000000,0.798533,0,
cmp-01424,64,23542000.000000,CLOSE_ON_TARGET,PUBLIC,0,3,23591100.000000,1.002086,1,61.000000
cmp-01425,86,5768000.000000,FLEXIBLE,PUBLIC,2,3,13158800.000000,2.281345,1,
cmp-01426,42,15846000.000000,STRICT,PUBLIC,0,2,11759600.000000,0.742118,0,
cmp-01427,59,8968000.000000,FLEXIBLE,PUBLIC,6,2,25889600.000000,2.886887,1,
cmp-01428,37,5255000.000000,FLEXIBLE,PUBLIC,2,1,2376200.000000,0.452179,0,
cmp-01429,58,17703000.000000,FLEXIBLE,PRIVATE_LINK,0,3,28713500.000000,1.621957,1,
cmp-01430,88,3679000.000000,CLOSE_ON_TARGET,PUBLIC,4,1,3988300.000000,1.084072,1,14.000000
cmp-01431,71,4822000.000000,STRICT,PUBLIC,3,1,1955200.000000,0.405475,0,
cmp-01432,66,749000.000000,STRICT,PUBLIC,4,1,493700.000000,0.659146,0,
cmp-01433,63,11648000.000000,FLEXIBLE,PRIVATE_LINK,2,2,6949500.000000,0.596626,0,
cmp-01434,74,3538000.000000,FLEXIBLE,PRIVATE_LINK,5,1,3164300.000000,0.894375,0,
cmp-01435,89,2918000.000000,CLOSE_ON_TARGET,PRIVATE_LINK,3,1,2920600.000000,1.000891,1,9.000000
cmp-01436,31,25209000.000000,STRICT,PRIVATE_LINK,5,1,25205500.000000,0.999861,0,
cmp-01437,18,2257000.000000,CLOSE_ON_TARGET,PUBLIC,6,1,2329500.000000,1.032122,1,3.000000
cmp-01438,32,2207000.000000,FLEXIBLE,PUBLIC,2,2,4169400.000000,1.889171,1,
cmp-01439,68,4751000.000000,STRICT,PUBLIC,1,1,4719200.000000,0.993307,0,
cmp-01440,80,4905000.000000,FLEXIBLE,PUBLIC,2,3,10090200.000000,2.057125,1,
cmp-01441,66,6866000.000000,FLEXIBLE,PUBLIC,4,3,31732000.000000,4.621614,1,
cmp-01442,78,13051000.000000,FLEXIBLE,PUBLIC,0,1,15149300.000000,1.160777,1,
cmp-01443,48,6367000.000000,FLEXIBLE,PUBLIC,6,2,2797300.000000,0.439343,0,
cmp-01444,48,5201000.000000,STRICT,PUBLIC,6,3,5196900.000000,0.999212,0,
cmp-01445,86,9218000.000000,CLOSE_ON_TARGET,PUBLIC,4,3,6774700.000000,0.734943,0,
cmp-01446,88,1632000.000000,STRICT,PUBLIC,2,2,567700.000000,0.347855,0,
cmp-01447,85,16546000.000000,STRICT,PUBLIC,6,3,16542500.000000,0.999788,0,
cmp-01448,55,9777000.000000,STRICT,PUBLIC,2,2,9772700.000000,0.999560,0,
cmp-01449,20,8517000.000000,FLEXIBLE,PUBLIC,1,2,16227000.000000,1.905248,1,
cmp-01450,25,19762000.000000,FLEXIBLE,PUBLIC,1,3,16898000.000000,0.855075,0,
cmp-01451,48,11257000.000000,CLOSE_ON_TARGET,PUBLIC,5,2,11335500.000000,1.006973,1,4.000000
cmp-01452,28,7225000.000000,CLOSE_ON_TARGET,PUBLIC,3,1,5132900.000000,0.710436,0,
cmp-01453,80,13739000.000000,FLEXIBLE,PRIVATE_LINK,3,3,20335200.000000,1.480108,1,
cmp-01454,87,7144000.000000,FLEXIBLE,PUBLIC,3,2,7009600.000000,0.981187,0,
cmp-01455,51,12834000.000000,FLEXIBLE,PUBLIC,2,3,11574500.000000,0.901862,0,
cmp-01456,18,11444000.000000,CLOSE_ON_TARGET,PUBLIC,5,3,11516100.000000,1.006300,1,7.000000
cmp-01457,27,9245000.000000,FLEXIBLE,PRIVATE_LINK,2,3,12755800.000000,1.379751,1,
cmp-01458,32,2825000.000000,FLEXIBLE,PUBLIC,0,3,3307900.000000,1.170938,1,
cmp-01459,90,4743000.000000,FLEXIBLE,PRIVATE_LINK,4,2,2452300.000000,0.517036,0,
cmp-01460,18,9942000.000000,FLEXIBLE,PRIVATE_LINK,2,3,2955600.000000,0.297284,0,
cmp-01461,82,7419000.000000,FLEXIBLE,PRIVATE_LINK,2,3,7735900.000000,1.042715,1,
cmp-01462,63,6493000.000000,FLEXIBLE,PUBLIC,4,1,13541800.000000,2.085600,1,
cmp-01463,87,8604000.000000,FLEXIBLE,PUBLIC,3,1,14531500.000000,1.688924,1,
cmp-01464,77,9007000.000000,FLEXIBLE,PUBLIC,3,3,6284800.000000,0.697768,0,
cmp-01465,33,11307000.000000,STRICT,PUBLIC,4,3,7734200.000000,0.684019,0,
cmp-01466,70,8624000.000000,STRICT,PUBLIC,3,2,3598200.000000,0.417231,0,
cmp-01467,24,14172000.000000,STRICT,PUBLIC,1,1,14170200.000000,0.999873,0,
cmp-01468,28,6101000.000000,STRICT,PUBLIC,0,3,4834300.000000,0.792378,0,
cmp-01469,34,10516000.000000,CLOSE_ON_TARGET,PUBLIC,2,3,10567100.000000,1.004859,1,13.000000
cmp-01470,54,9647000.000000,STRICT,PRIVATE_LINK,5,1,7900200.000000,0.818928,0,
cmp-01471,22,4343000.000000,FLEXIBLE,PUBLIC,1,2,12245500.000000,2.819595,1,
cmp-01472,26,10123000.000000,FLEXIBLE,PUBLIC,1,1,10110100.000000,0.998726,0,
cmp-01473,16,7686000.000000,FLEXIBLE,PUBLIC,5,3,12277300.000000,1.597359,1,
cmp-01474,54,4955000.000000,FLEXIBLE,PUBLIC,3,1,6029500.000000,1.216852,1,
cmp-01475,28,21514000.000000,FLEXIBLE,PUBLIC,1,2,39350300.000000,1.829055,1,
cmp-01476,52,13292000.000000,STRICT,PUBLIC,4,3,13288300.000000,0.999722,0,
cmp-01477,85,18501000.000000,FLEXIBLE,PUBLIC,7,3,17429800.000000,0.942100,0,
cmp-01478,39,28985000.000000,STRICT,PUBLIC,5,2,18156500.000000,0.626410,0,
cmp-01479,68,7322000.000000,FLEXIBLE,PUBLIC,1,3,7442500.000000,1.016457,1,
cmp-01480,17,6963000.000000,STRICT,PUBLIC,3,3,6960000.000000,0.999569,0,
cmp-01481,42,18021000.000000,FLEXIBLE,PRIVATE_LINK,3,1,43183200.000000,2.396271,1,
cmp-01482,26,2893000.000000,FLEXIBLE,PRIVATE_LINK,0,1,3529400.000000,1.219979,1,
cmp-01483,33,47048000.000000,FLEXIBLE,PUBLIC,2,2,91606500.000000,1.947086,1,
cmp-01484,57,12439000.000000,FLEXIBLE,PUBLIC,3,2,7187400.000000,0.577812,0,
cmp-01485,86,1257000.000000,STRICT,PUBLIC,1,1,473400.000000,0.376611,0,
cmp-01486,47,34869000.000000,FLEXIBLE,PUBLIC,0,2,50456700.000000,1.447036,1,
cmp-01487,57,4125000.000000,FLEXIBLE,PUBLIC,4,3,2752900.000000,0.667370,0,
cmp-01488,73,7490000.000000,STRICT,PUBLIC,3,3,7489800.000000,0.999973,0,
cmp-01489,67,22029000.000000,STRICT,PUBLIC,2,1,22024600.000000,0.999800,0,
cmp-01490,73,3990000.000000,STRICT,PUBLIC,3,3,3983600.000000,0.998396,0,
cmp-01491,17,1931000.000000,STRICT,PUBLIC,3,2,1927500.000000,0.998187,0,
cmp-01492,55,2478000.000000,FLEXIBLE,PUBLIC,1,1,2862900.000000,1.155327,1,
cmp-01493,26,6343000.000000,CLOSE_ON_TARGET,PRIVATE_LINK,1,2,1744200.000000,0.274980,0,
cmp-01494,66,14996000.000000,FLEXIBLE,PUBLIC,3,2,15028600.000000,1.002174,1,
cmp-01495,26,4832000.000000,FLEXIBLE,PUBLIC,4,1,6097700.000000,1.261941,1,
cmp-01496,62,19143000.000000,STRICT,PUBLIC,2,3,7696400.000000,0.402048,0,
cmp-01497,26,2607000.000000,STRICT,PUBLIC,4,1,2601500.000000,0.997890,0,
cmp-01498,47,12595000.000000,STRICT,PUBLIC,3,1,12590300.000000,0.999627,0,
cmp-01499,28,9401000.000000,FLEXIBLE,PUBLIC,6,3,10020100.000000,1.065855,1,
