campaignRef,t,targetAmount,logTargetAmount,durationDays,targetPolicy,visibility,orgPriorCampaigns,paymentMethodsEnabled,pctTimeElapsed,pctRaised,nDonations,nDistinctDonors,meanDonationPctOfTarget,recentVelocity,overallVelocity,requiredVelocity,paceRatio,failedRate,alreadyReachedAtT,label_reachedTarget,label_finalPctOfTarget
cmp-00000,0.150000,2989000.000000,14.910449,70,CLOSE_ON_TARGET,PUBLIC,3,3,0.150000,0.539043,16,15,0.033690,0.018668,0.051337,0.007747,3.593621,0.111111,0,1,1.020174
cmp-00000,0.250000,2989000.000000,14.910449,70,CLOSE_ON_TARGET,PUBLIC,3,3,0.250000,0.892907,26,23,0.034343,0.050552,0.051023,0.002040,3.571629,0.103448,0,1,1.020174
cmp-00001,0.150000,7561000.000000,15.838514,40,FLEXIBLE,PUBLIC,1,2,0.150000,0.685769,45,40,0.015239,0.101498,0.114295,0.009242,4.571794,0.196429,0,1,2.620791
cmp-00001,0.250000,7561000.000000,15.838514,40,FLEXIBLE,PUBLIC,1,2,0.250000,0.932443,69,58,0.013514,0.061668,0.093244,0.002252,3.729771,0.148148,0,1,2.620791
cmp-00001,0.500000,7561000.000000,15.838514,40,FLEXIBLE,PUBLIC,1,2,0.500000,1.502248,106,77,0.014172,0.065878,0.075112,0.000000,3.004497,0.158730,1,1,2.620791
cmp-00002,0.150000,16078000.000000,16.592962,55,FLEXIBLE,PRIVATE_LINK,4,3,0.150000,0.412582,49,47,0.008420,0.036871,0.050010,0.012565,2.750549,0.039216,0,1,1.140515
cmp-00002,0.250000,16078000.000000,16.592962,55,FLEXIBLE,PRIVATE_LINK,4,3,0.250000,0.562234,67,64,0.008392,0.027209,0.040890,0.010613,2.248936,0.042857,0,1,1.140515
cmp-00002,0.500000,16078000.000000,16.592962,55,FLEXIBLE,PRIVATE_LINK,4,3,0.500000,0.710281,87,76,0.008164,0.013168,0.025828,0.010535,1.420562,0.054348,0,1,1.140515
cmp-00003,0.150000,4319000.000000,15.278534,42,STRICT,PUBLIC,4,3,0.150000,0.396295,18,16,0.022016,0.034626,0.062904,0.016910,2.641970,0.000000,0,0,0.965733
cmp-00003,0.250000,4319000.000000,15.278534,42,STRICT,PUBLIC,4,3,0.250000,0.425978,20,18,0.021299,0.007067,0.040569,0.018223,1.703913,0.047619,0,0,0.965733
cmp-00003,0.500000,4319000.000000,15.278534,42,STRICT,PUBLIC,4,3,0.500000,0.502802,26,23,0.019339,0.003131,0.023943,0.023676,1.005603,0.071429,0,0,0.965733
cmp-00004,0.150000,16805000.000000,16.637187,67,FLEXIBLE,PUBLIC,4,1,0.150000,0.130907,18,17,0.007273,0.013574,0.013026,0.015261,0.872716,0.142857,0,0,0.646587
cmp-00004,0.250000,16805000.000000,16.637187,67,FLEXIBLE,PUBLIC,4,1,0.250000,0.210205,30,27,0.007007,0.011835,0.012550,0.015717,0.840821,0.166667,0,0,0.646587
cmp-00004,0.500000,16805000.000000,16.637187,67,FLEXIBLE,PUBLIC,4,1,0.500000,0.333799,49,46,0.006812,0.007660,0.009964,0.019887,0.667599,0.125000,0,0,0.646587
cmp-00005,0.150000,3163000.000000,14.967032,61,FLEXIBLE,PUBLIC,2,1,0.150000,0.135757,6,6,0.022626,0.010241,0.014837,0.016668,0.905048,0.000000,0,0,0.831141
cmp-00005,0.250000,3163000.000000,14.967032,61,FLEXIBLE,PUBLIC,2,1,0.250000,0.213468,8,7,0.026684,0.012740,0.013998,0.017192,0.853873,0.000000,0,0,0.831141
cmp-00005,0.500000,3163000.000000,14.967032,61,FLEXIBLE,PUBLIC,2,1,0.500000,0.348340,12,11,0.029028,0.018607,0.011421,0.021366,0.696680,0.076923,0,0,0.831141
cmp-00006,0.150000,10284000.000000,16.146100,89,FLEXIBLE,PUBLIC,4,3,0.150000,0.267474,33,31,0.008105,0.019340,0.020035,0.009683,1.783158,0.131579,0,1,1.012476
cmp-00006,0.250000,10284000.000000,16.146100,89,FLEXIBLE,PUBLIC,4,3,0.250000,0.407157,42,40,0.009694,0.015695,0.018299,0.008882,1.628627,0.106383,0,1,1.012476
cmp-00006,0.500000,10284000.000000,16.146100,89,FLEXIBLE,PUBLIC,4,3,0.500000,0.623055,60,54,0.010384,0.017182,0.014001,0.008471,1.246110,0.130435,0,1,1.012476
cmp-00007,0.150000,15175000.000000,16.535160,23,FLEXIBLE,PUBLIC,1,3,0.150000,0.211993,69,64,0.003072,0.045584,0.061447,0.040307,1.413289,0.115385,0,0,0.810840
cmp-00007,0.250000,15175000.000000,16.535160,23,FLEXIBLE,PUBLIC,1,3,0.250000,0.253997,84,77,0.003024,0.018262,0.044173,0.043247,1.015987,0.115789,0,0,0.810840
cmp-00007,0.500000,15175000.000000,16.535160,23,FLEXIBLE,PUBLIC,1,3,0.500000,0.412771,118,107,0.003498,0.021213,0.035893,0.051063,0.825542,0.112782,0,0,0.810840
cmp-00008,0.150000,23516000.000000,16.973192,56,FLEXIBLE,PUBLIC,3,1,0.150000,0.870526,273,231,0.003189,0.087806,0.103634,0.002720,5.803510,0.116505,0,1,2.987085
cmp-00008,0.250000,23516000.000000,16.973192,56,FLEXIBLE,PUBLIC,3,1,0.250000,1.170535,369,286,0.003172,0.053573,0.083610,0.000000,4.682140,0.110843,1,1,2.987085
cmp-00008,0.500000,23516000.000000,16.973192,56,FLEXIBLE,PUBLIC,3,1,0.500000,1.657344,498,357,0.003328,0.026891,0.059191,0.000000,3.314688,0.121693,1,1,2.987085
cmp-00009,0.150000,3349000.000000,15.024172,81,FLEXIBLE,PUBLIC,2,2,0.150000,0.263302,15,14,0.017553,0.002223,0.021671,0.010700,1.755350,0.210526,0,0,0.807495
cmp-00009,0.250000,3349000.000000,15.024172,81,FLEXIBLE,PUBLIC,2,2,0.250000,0.291490,20,19,0.014574,0.003480,0.014395,0.011663,1.165960,0.166667,0,0,0.807495
cmp-00009,0.500000,3349000.000000,15.024172,81,FLEXIBLE,PUBLIC,2,2,0.500000,0.438459,32,27,0.013702,0.007701,0.010826,0.013865,0.876918,0.135135,0,0,0.807495
cmp-00010,0.150000,7996000.000000,15.894452,33,STRICT,PUBLIC,2,2,0.150000,0.501476,41,40,0.012231,0.090329,0.101308,0.017773,3.343172,0.108696,0,0,0.998974
cmp-00010,0.250000,7996000.000000,15.894452,33,STRICT,PUBLIC,2,2,0.250000,0.631103,55,52,0.011475,0.039281,0.076497,0.014905,2.524412,0.098361,0,0,0.998974
cmp-00010,0.500000,7996000.000000,15.894452,33,STRICT,PUBLIC,2,2,0.500000,0.997261,92,70,0.010840,0.028564,0.060440,0.000166,1.994522,0.085714,0,0,0.998974
cmp-00011,0.150000,20917000.000000,16.856073,33,STRICT,PUBLIC,3,3,0.150000,0.305106,108,99,0.002825,0.051520,0.061638,0.024773,2.034039,0.100000,0,0,0.947320
cmp-00011,0.250000,20917000.000000,16.856073,33,STRICT,PUBLIC,3,3,0.250000,0.405321,142,129,0.002854,0.030368,0.049130,0.024027,1.621284,0.112500,0,0,0.947320
cmp-00011,0.500000,20917000.000000,16.856073,33,STRICT,PUBLIC,3,3,0.500000,0.548606,198,177,0.002771,0.013285,0.033249,0.027357,1.097213,0.108108,0,0,0.947320
cmp-00012,0.150000,7815000.000000,15.871556,55,FLEXIBLE,PUBLIC,4,1,0.150000,0.783928,48,42,0.016332,0.088275,0.095022,0.004622,5.226189,0.157895,0,1,1.640230
cmp-00012,0.250000,7815000.000000,15.871556,55,FLEXIBLE,PUBLIC,4,1,0.250000,0.918388,69,56,0.013310,0.024447,0.066792,0.001978,3.673551,0.158537,0,1,1.640230
cmp-00012,0.500000,7815000.000000,15.871556,55,FLEXIBLE,PUBLIC,4,1,0.500000,1.036622,81,63,0.012798,0.013126,0.037695,0.000000,2.073244,0.164948,1,1,1.640230
cmp-00013,0.150000,11781000.000000,16.281999,44,FLEXIBLE,PUBLIC,2,1,0.150000,0.885010,117,91,0.007564,0.128923,0.134092,0.003075,5.900065,0.145985,0,1,2.741363
cmp-00013,0.250000,11781000.000000,16.281999,44,FLEXIBLE,PUBLIC,2,1,0.250000,1.126874,153,117,0.007365,0.054969,0.102443,0.000000,4.507495,0.150000,1,1,2.741363
cmp-00013,0.500000,11781000.000000,16.281999,44,FLEXIBLE,PUBLIC,2,1,0.500000,1.664018,218,154,0.007633,0.033552,0.075637,0.000000,3.328037,0.158301,1,1,2.741363
cmp-00014,0.150000,16591000.000000,16.624371,63,FLEXIBLE,PUBLIC,2,1,0.150000,0.137695,18,17,0.007650,0.014008,0.014571,0.016103,0.917968,0.052632,0,0,0.561009
cmp-00014,0.250000,16591000.000000,16.624371,63,FLEXIBLE,PUBLIC,2,1,0.250000,0.220626,20,17,0.011031,0.013164,0.014008,0.016495,0.882503,0.130435,0,0,0.561009
cmp-00014,0.500000,16591000.000000,16.624371,63,FLEXIBLE,PUBLIC,2,1,0.500000,0.326303,27,23,0.012085,0.009967,0.010359,0.021387,0.652607,0.156250,0,0,0.561009
cmp-00015,0.150000,14843000.000000,16.513039,45,FLEXIBLE,PRIVATE_LINK,2,2,0.150000,0.151432,25,24,0.006057,0.015585,0.022434,0.022185,1.009544,0.137931,0,0,0.494017
cmp-00015,0.250000,14843000.000000,16.513039,45,FLEXIBLE,PRIVATE_LINK,2,2,0.250000,0.186741,32,31,0.005836,0.007847,0.016599,0.024097,0.746965,0.135135,0,0,0.494017
cmp-00015,0.500000,14843000.000000,16.513039,45,FLEXIBLE,PRIVATE_LINK,2,2,0.500000,0.243003,45,44,0.005400,0.004930,0.010800,0.033644,0.486007,0.134615,0,0,0.494017
cmp-00016,0.150000,4168000.000000,15.242947,57,FLEXIBLE,PUBLIC,1,1,0.150000,0.420993,22,20,0.019136,0.044512,0.049239,0.011951,2.806622,0.043478,0,1,1.178527
cmp-00016,0.250000,4168000.000000,15.242947,57,FLEXIBLE,PUBLIC,1,1,0.250000,0.461348,26,23,0.017744,0.007080,0.032375,0.012600,1.845393,0.103448,0,1,1.178527
cmp-00016,0.500000,4168000.000000,15.242947,57,FLEXIBLE,PUBLIC,1,1,0.500000,0.492922,31,28,0.015901,0.001423,0.017296,0.017792,0.985845,0.114286,0,1,1.178527
cmp-00017,0.150000,10290000.000000,16.146683,17,STRICT,PRIVATE_LINK,3,1,0.150000,0.322303,32,30,0.010072,0.100474,0.126393,0.046899,2.148688,0.000000,0,0,0.998581
cmp-00017,0.250000,10290000.000000,16.146683,17,STRICT,PRIVATE_LINK,3,1,0.250000,0.539086,49,44,0.011002,0.127520,0.126844,0.036150,2.156346,0.039216,0,0,0.998581
cmp-00017,0.500000,10290000.000000,16.146683,17,STRICT,PRIVATE_LINK,3,1,0.500000,0.647065,55,50,0.011765,0.021043,0.076125,0.041522,1.294130,0.051724,0,0,0.998581
cmp-00018,0.150000,3522000.000000,15.074540,48,FLEXIBLE,PUBLIC,4,1,0.150000,0.641085,17,16,0.037711,0.083345,0.089040,0.008797,4.273897,0.190476,0,1,1.485264
cmp-00018,0.250000,3522000.000000,15.074540,48,FLEXIBLE,PUBLIC,4,1,0.250000,0.764991,24,21,0.031875,0.025814,0.063749,0.006528,3.059966,0.142857,0,1,1.485264
cmp-00018,0.500000,3522000.000000,15.074540,48,FLEXIBLE,PUBLIC,4,1,0.500000,0.984952,31,24,0.031773,0.003419,0.041040,0.000627,1.969903,0.184211,0,1,1.485264
cmp-00019,0.150000,11977000.000000,16.298499,81,FLEXIBLE,PUBLIC,6,2,0.150000,0.275595,25,22,0.011024,0.022665,0.022683,0.010521,1.837299,0.137931,0,0,0.702730
cmp-00019,0.250000,11977000.000000,16.298499,81,FLEXIBLE,PUBLIC,6,2,0.250000,0.348927,35,32,0.009969,0.009053,0.017231,0.010717,1.395708,0.146341,0,0,0.702730
cmp-00019,0.500000,11977000.000000,16.298499,81,FLEXIBLE,PUBLIC,6,2,0.500000,0.413150,46,40,0.008982,0.003582,0.010201,0.014490,0.826300,0.115385,0,0,0.702730
cmp-00020,0.150000,3740000.000000,15.134596,70,STRICT,PUBLIC,3,1,0.150000,0.436364,25,22,0.017455,0.021998,0.041558,0.009473,2.909091,0.137931,0,0,0.999973
cmp-00020,0.250000,3740000.000000,15.134596,70,STRICT,PUBLIC,3,1,0.250000,0.687861,30,27,0.022929,0.035928,0.039306,0.005946,2.751444,0.166667,0,0,0.999973
cmp-00020,0.500000,3740000.000000,15.134596,70,STRICT,PUBLIC,3,1,0.500000,0.976631,42,37,0.023253,0.014897,0.027904,0.000668,1.953262,0.176471,0,0,0.999973
cmp-00021,0.150000,7796000.000000,15.869121,70,STRICT,PUBLIC,3,3,0.150000,0.186981,24,22,0.007791,0.012695,0.017808,0.013664,1.246537,0.111111,0,0,0.732016
cmp-00021,0.250000,7796000.000000,15.869121,70,STRICT,PUBLIC,3,3,0.250000,0.273217,31,29,0.008813,0.012320,0.015612,0.013843,1.092868,0.138889,0,0,0.732016
cmp-00021,0.500000,7796000.000000,15.869121,70,STRICT,PUBLIC,3,3,0.500000,0.400629,47,44,0.008524,0.010051,0.011447,0.017125,0.801257,0.129630,0,0,0.732016
cmp-00022,0.150000,8570000.000000,15.963778,37,FLEXIBLE,PUBLIC,1,1,0.150000,0.251552,46,42,0.005469,0.045697,0.045325,0.023798,1.677013,0.148148,0,0,0.999895
cmp-00022,0.250000,8570000.000000,15.963778,37,FLEXIBLE,PUBLIC,1,1,0.250000,0.373617,65,60,0.005748,0.032991,0.040391,0.022572,1.494469,0.144737,0,0,0.999895
cmp-00022,0.500000,8570000.000000,15.963778,37,FLEXIBLE,PUBLIC,1,1,0.500000,0.486184,82,73,0.005929,0.007140,0.026280,0.027774,0.972369,0.136842,0,0,0.999895
cmp-00023,0.150000,23110000.000000,16.955776,45,CLOSE_ON_TARGET,PUBLIC,1,1,0.150000,0.405063,91,87,0.004451,0.056766,0.060009,0.015554,2.700418,0.090000,0,1,1.003721
cmp-00023,0.250000,23110000.000000,16.955776,45,CLOSE_ON_TARGET,PUBLIC,1,1,0.250000,0.468157,111,102,0.004218,0.014021,0.041614,0.015758,1.872627,0.112000,0,1,1.003721
cmp-00023,0.500000,23110000.000000,16.955776,45,CLOSE_ON_TARGET,PUBLIC,1,1,0.500000,0.628066,154,138,0.004078,0.007106,0.027914,0.016530,1.256132,0.125000,0,1,1.003721
cmp-00025,0.150000,22707000.000000,16.938184,70,CLOSE_ON_TARGET,PUBLIC,0,3,0.150000,0.211353,58,55,0.003644,0.020658,0.020129,0.013255,1.409022,0.159420,0,0,0.793024
cmp-00025,0.250000,22707000.000000,16.938184,70,CLOSE_ON_TARGET,PUBLIC,0,3,0.250000,0.260475,71,67,0.003669,0.007017,0.014884,0.014086,1.041899,0.154762,0,0,0.793024
cmp-00025,0.500000,22707000.000000,16.938184,70,CLOSE_ON_TARGET,PUBLIC,0,3,0.500000,0.433602,115,102,0.003770,0.009472,0.012389,0.016183,0.867204,0.148148,0,0,0.793024
cmp-00026,0.150000,13082000.000000,16.386748,69,CLOSE_ON_TARGET,PUBLIC,1,3,0.150000,0.379567,94,84,0.004038,0.035568,0.036673,0.010579,2.530449,0.137615,0,1,1.001315
cmp-00026,0.250000,13082000.000000,16.386748,69,CLOSE_ON_TARGET,PUBLIC,1,3,0.250000,0.499916,120,102,0.004166,0.017442,0.028981,0.009663,1.999664,0.166667,0,1,1.001315
cmp-00026,0.500000,13082000.000000,16.386748,69,CLOSE_ON_TARGET,PUBLIC,1,3,0.500000,0.802049,183,149,0.004383,0.018268,0.023248,0.005738,1.604097,0.144860,0,1,1.001315
cmp-00027,0.150000,10942000.000000,16.208119,37,STRICT,PUBLIC,7,3,0.150000,0.997953,71,55,0.014056,0.135115,0.179811,0.000065,6.653019,0.150538,0,0,0.999269
cmp-00027,0.250000,10942000.000000,16.208119,37,STRICT,PUBLIC,7,3,0.250000,0.997953,71,55,0.014056,0.000000,0.107887,0.000074,3.991811,0.130769,0,0,0.999269
cmp-00027,0.500000,10942000.000000,16.208119,37,STRICT,PUBLIC,7,3,0.500000,0.997953,71,55,0.014056,0.000000,0.053943,0.000111,1.995906,0.130682,0,0,0.999269
cmp-00028,0.150000,7246000.000000,15.795960,64,STRICT,PUBLIC,2,3,0.150000,0.224482,15,15,0.014965,0.024943,0.023384,0.014256,1.496550,0.210526,0,0,0.639511
cmp-00028,0.250000,7246000.000000,15.795960,64,STRICT,PUBLIC,2,3,0.250000,0.297281,21,21,0.014156,0.011375,0.018580,0.014640,1.189125,0.160000,0,0,0.639511
cmp-00028,0.500000,7246000.000000,15.795960,64,STRICT,PUBLIC,2,3,0.500000,0.375573,28,26,0.013413,0.000000,0.011737,0.019513,0.751145,0.176471,0,0,0.639511
cmp-00029,0.150000,26978000.000000,17.110532,16,STRICT,PUBLIC,2,1,0.150000,0.543498,71,65,0.007655,0.212947,0.226458,0.033566,3.623323,0.112500,0,0,0.999922
cmp-00029,0.250000,26978000.000000,17.110532,16,STRICT,PUBLIC,2,1,0.250000,0.725662,99,85,0.007330,0.113852,0.181415,0.022862,2.902647,0.123894,0,0,0.999922
cmp-00029,0.500000,26978000.000000,17.110532,16,STRICT,PUBLIC,2,1,0.500000,0.882248,132,105,0.006684,0.045245,0.110281,0.014719,1.764497,0.137255,0,0,0.999922
cmp-00030,0.150000,9495000.000000,16.066276,77,STRICT,PUBLIC,7,3,0.150000,0.675208,45,40,0.015005,0.061536,0.058460,0.004962,4.501387,0.062500,0,0,0.999621
cmp-00030,0.250000,9495000.000000,16.066276,77,STRICT,PUBLIC,7,3,0.250000,0.940295,62,52,0.015166,0.034427,0.048846,0.001034,3.761180,0.074627,0,0,0.999621
cmp-00030,0.500000,9495000.000000,16.066276,77,STRICT,PUBLIC,7,3,0.500000,0.999621,69,57,0.014487,0.000253,0.025964,0.000010,1.999242,0.065217,0,0,0.999621
cmp-00031,0.150000,8112000.000000,15.908855,74,FLEXIBLE,PRIVATE_LINK,3,2,0.150000,0.302700,12,11,0.025225,0.020902,0.027270,0.011086,2.017998,0.076923,0,0,0.475518
cmp-00031,0.250000,8112000.000000,15.908855,74,FLEXIBLE,PRIVATE_LINK,3,2,0.250000,0.327872,14,13,0.023419,0.003402,0.017723,0.012110,1.311489,0.066667,0,0,0.475518
cmp-00031,0.500000,8112000.000000,15.908855,74,FLEXIBLE,PRIVATE_LINK,3,2,0.500000,0.370537,17,16,0.021796,0.002629,0.010015,0.017013,0.741075,0.150000,0,0,0.475518
cmp-00032,0.150000,10390000.000000,16.156354,45,FLEXIBLE,PUBLIC,4,3,0.150000,0.509086,51,47,0.009982,0.081536,0.075420,0.012834,3.393904,0.203125,0,1,1.803369
cmp-00032,0.250000,10390000.000000,16.156354,45,FLEXIBLE,PUBLIC,4,3,0.250000,0.604225,69,63,0.008757,0.021142,0.053709,0.011727,2.416901,0.215909,0,1,1.803369
cmp-00032,0.500000,10390000.000000,16.156354,45,FLEXIBLE,PUBLIC,4,3,0.500000,0.979346,109,90,0.008985,0.018263,0.043526,0.000918,1.958691,0.161538,0,1,1.803369
cmp-00033,0.150000,11279000.000000,16.238453,69,FLEXIBLE,PUBLIC,6,1,0.150000,1.838851,143,102,0.012859,0.138251,0.177667,0.000000,12.259006,0.100629,1,1,5.981754
cmp-00033,0.250000,11279000.000000,16.238453,69,FLEXIBLE,PUBLIC,6,1,0.250000,2.453817,190,116,0.012915,0.089125,0.142250,0.000000,9.815267,0.120370,1,1,5.981754
cmp-00033,0.500000,11279000.000000,16.238453,69,FLEXIBLE,PUBLIC,6,1,0.500000,3.584626,277,135,0.012941,0.046306,0.103902,0.000000,7.169253,0.112179,1,1,5.981754
cmp-00034,0.150000,13658000.000000,16.429836,74,FLEXIBLE,PUBLIC,6,2,0.150000,0.515947,136,114,0.003794,0.041855,0.046482,0.007696,3.439645,0.133758,0,1,1.649012
cmp-00034,0.250000,13658000.000000,16.429836,74,FLEXIBLE,PUBLIC,6,2,0.250000,0.675392,174,148,0.003882,0.021547,0.036508,0.005849,2.701567,0.130000,0,1,1.649012
cmp-00034,0.500000,13658000.000000,16.429836,74,FLEXIBLE,PUBLIC,6,2,0.500000,0.924564,240,195,0.003852,0.011536,0.024988,0.002039,1.849129,0.124088,0,1,1.649012
cmp-00035,0.150000,2931000.000000,14.890854,33,FLEXIBLE,PUBLIC,6,3,0.150000,0.398635,9,9,0.044293,0.063842,0.080532,0.021439,2.657569,0.181818,0,1,1.068100
cmp-00035,0.250000,2931000.000000,14.890854,33,FLEXIBLE,PUBLIC,6,3,0.250000,0.716581,10,10,0.071658,0.096347,0.086858,0.011451,2.866325,0.166667,0,1,1.068100
cmp-00035,0.500000,2931000.000000,14.890854,33,FLEXIBLE,PUBLIC,6,3,0.500000,0.786694,14,13,0.056192,0.002295,0.047678,0.012928,1.573388,0.176471,0,1,1.068100
cmp-00036,0.150000,828000.000000,13.626768,32,FLEXIBLE,PUBLIC,4,2,0.150000,0.266667,4,4,0.066667,0.045592,0.055556,0.026961,1.777778,0.000000,0,0,0.561473
cmp-00036,0.250000,828000.000000,13.626768,32,FLEXIBLE,PUBLIC,4,2,0.250000,0.266667,4,4,0.066667,0.000000,0.033333,0.030556,1.066667,0.200000,0,0,0.561473
cmp-00036,0.500000,828000.000000,13.626768,32,FLEXIBLE,PUBLIC,4,2,0.500000,0.266667,4,4,0.066667,0.000000,0.016667,0.045833,0.533333,0.200000,0,0,0.561473
cmp-00037,0.150000,6040000.000000,15.613915,70,CLOSE_ON_TARGET,PUBLIC,4,3,0.150000,0.705993,46,36,0.015348,0.059428,0.067237,0.004941,4.706623,0.080000,0,1,1.002798
cmp-00037,0.250000,6040000.000000,15.613915,70,CLOSE_ON_TARGET,PUBLIC,4,3,0.250000,0.881109,58,42,0.015192,0.025017,0.050349,0.002265,3.524437,0.079365,0,1,1.002798
cmp-00038,0.150000,3736000.000000,15.133526,62,FLEXIBLE,PUBLIC,1,1,0.150000,0.232548,16,15,0.014534,0.030557,0.025005,0.014563,1.550321,0.058824,0,0,0.607334
cmp-00038,0.250000,3736000.000000,15.133526,62,FLEXIBLE,PUBLIC,1,1,0.250000,0.250161,18,16,0.013898,0.002841,0.016139,0.016126,1.000642,0.052632,0,0,0.607334
cmp-00038,0.500000,3736000.000000,15.133526,62,FLEXIBLE,PUBLIC,1,1,0.500000,0.317184,27,24,0.011748,0.000950,0.010232,0.022026,0.634368,0.129032,0,0,0.607334
cmp-00039,0.150000,24670000.000000,17.021098,84,CLOSE_ON_TARGET,PUBLIC,0,3,0.150000,0.984159,257,213,0.003829,0.070172,0.078108,0.000222,6.561059,0.119863,0,1,1.001982
cmp-00040,0.150000,15960000.000000,16.585596,64,FLEXIBLE,PRIVATE_LINK,7,2,0.150000,0.511128,103,93,0.004962,0.041514,0.053242,0.008987,3.407519,0.127119,0,1,1.506604
cmp-00040,0.250000,15960000.000000,16.585596,64,FLEXIBLE,PRIVATE_LINK,7,2,0.250000,0.737337,147,121,0.005016,0.035345,0.046084,0.005472,2.949348,0.109091,0,1,1.506604
cmp-00040,0.500000,15960000.000000,16.585596,64,FLEXIBLE,PRIVATE_LINK,7,2,0.500000,0.964806,202,159,0.004776,0.015410,0.030150,0.001100,1.929612,0.098214,0,1,1.506604
cmp-00041,0.150000,11895000.000000,16.291629,35,FLEXIBLE,PUBLIC,3,2,0.150000,0.742514,100,83,0.007425,0.112616,0.141431,0.008655,4.950091,0.122807,0,1,2.496410
cmp-00041,0.250000,11895000.000000,16.291629,35,FLEXIBLE,PUBLIC,3,2,0.250000,0.970559,134,107,0.007243,0.065156,0.110921,0.001122,3.882236,0.106667,0,1,2.496410
cmp-00041,0.500000,11895000.000000,16.291629,35,FLEXIBLE,PUBLIC,3,2,0.500000,1.414519,200,143,0.007073,0.037038,0.080830,0.000000,2.829037,0.090909,1,1,2.496410
cmp-00042,0.150000,25904000.000000,17.069908,54,CLOSE_ON_TARGET,PRIVATE_LINK,6,2,0.150000,0.212921,94,91,0.002265,0.021986,0.026287,0.017148,1.419472,0.087379,0,0,0.874749
cmp-00042,0.250000,25904000.000000,17.069908,54,CLOSE_ON_TARGET,PRIVATE_LINK,6,2,0.250000,0.313423,125,119,0.002507,0.018611,0.023216,0.016953,1.253691,0.107143,0,0,0.874749
cmp-00042,0.500000,25904000.000000,17.069908,54,CLOSE_ON_TARGET,PRIVATE_LINK,6,2,0.500000,0.489291,175,158,0.002796,0.018356,0.018122,0.018915,0.978582,0.111675,0,0,0.874749
cmp-00043,0.150000,1223000.000000,14.016817,18,CLOSE_ON_TARGET,PUBLIC,3,3,0.150000,0.088307,2,2,0.044154,0.049060,0.032706,0.059588,0.588716,0.000000,0,1,1.148978
cmp-00043,0.250000,1223000.000000,14.016817,18,CLOSE_ON_TARGET,PUBLIC,3,3,0.250000,0.148733,3,3,0.049578,0.033570,0.033052,0.063057,0.594930,0.000000,0,1,1.148978
cmp-00043,0.500000,1223000.000000,14.016817,18,CLOSE_ON_TARGET,PUBLIC,3,3,0.500000,0.878087,6,6,0.146348,0.000000,0.097565,0.013546,1.756173,0.000000,0,1,1.148978
cmp-00044,0.150000,1309000.000000,14.084774,70,STRICT,PUBLIC,3,2,0.150000,0.145913,2,2,0.072956,0.004125,0.013896,0.014354,0.972753,0.000000,0,0,0.447746
cmp-00044,0.250000,1309000.000000,14.084774,70,STRICT,PUBLIC,3,2,0.250000,0.422995,3,3,0.140998,0.039583,0.024171,0.010991,1.691979,0.000000,0,0,0.447746
cmp-00044,0.500000,1309000.000000,14.084774,70,STRICT,PUBLIC,3,2,0.500000,0.422995,3,3,0.140998,0.000000,0.012086,0.016486,0.845989,0.000000,0,0,0.447746
cmp-00045,0.150000,3604000.000000,15.097555,57,FLEXIBLE,PUBLIC,0,3,0.150000,0.584406,15,14,0.038960,0.080237,0.068352,0.008578,3.896041,0.117647,0,1,1.636043
cmp-00045,0.250000,3604000.000000,15.097555,57,FLEXIBLE,PUBLIC,0,3,0.250000,0.594839,16,15,0.037177,0.001830,0.041743,0.009477,2.379356,0.157895,0,1,1.636043
cmp-00045,0.500000,3604000.000000,15.097555,57,FLEXIBLE,PUBLIC,0,3,0.500000,0.986876,25,23,0.039475,0.039810,0.034627,0.000461,1.973751,0.137931,0,1,1.636043
cmp-00046,0.150000,9641000.000000,16.081535,88,CLOSE_ON_TARGET,PUBLIC,3,2,0.150000,0.284193,17,16,0.016717,0.023455,0.021530,0.009570,1.894617,0.055556,0,0,0.909646
cmp-00046,0.250000,9641000.000000,16.081535,88,CLOSE_ON_TARGET,PUBLIC,3,2,0.250000,0.394326,23,20,0.017145,0.012515,0.017924,0.009177,1.577305,0.041667,0,0,0.909646
cmp-00046,0.500000,9641000.000000,16.081535,88,CLOSE_ON_TARGET,PUBLIC,3,2,0.500000,0.515890,27,24,0.019107,0.011074,0.011725,0.011002,1.031781,0.035714,0,0,0.909646
cmp-00047,0.150000,8605000.000000,15.967854,53,FLEXIBLE,PUBLIC,2,3,0.150000,0.497316,54,47,0.009210,0.049394,0.062555,0.011158,3.315437,0.084746,0,1,1.789355
cmp-00047,0.250000,8605000.000000,15.967854,53,FLEXIBLE,PUBLIC,2,3,0.250000,0.744869,76,64,0.009801,0.046708,0.056217,0.006418,2.979477,0.095238,0,1,1.789355
cmp-00047,0.500000,8605000.000000,15.967854,53,FLEXIBLE,PUBLIC,2,3,0.500000,1.007147,117,91,0.008608,0.031121,0.038006,0.000000,2.014294,0.085938,1,1,1.789355
cmp-00048,0.150000,12060000.000000,16.305405,64,STRICT,PUBLIC,3,2,0.150000,0.538242,38,33,0.014164,0.040735,0.056067,0.008488,3.588281,0.191489,0,0,0.998209
cmp-00048,0.250000,12060000.000000,16.305405,64,STRICT,PUBLIC,3,2,0.250000,0.956509,58,46,0.016492,0.065354,0.059782,0.000906,3.826036,0.171429,0,0,0.998209
cmp-00048,0.500000,12060000.000000,16.305405,64,STRICT,PUBLIC,3,2,0.500000,0.998209,62,50,0.016100,0.000000,0.031194,0.000056,1.996418,0.153846,0,0,0.998209
cmp-00049,0.150000,4551000.000000,15.330858,16,FLEXIBLE,PUBLIC,4,1,0.150000,0.384509,15,14,0.025634,0.184067,0.160212,0.045257,2.563393,0.000000,0,1,1.320787
cmp-00049,0.250000,4551000.000000,15.330858,16,FLEXIBLE,PUBLIC,4,1,0.250000,0.644100,22,19,0.029277,0.162245,0.161025,0.029658,2.576401,0.000000,0,1,1.320787
cmp-00049,0.500000,4551000.000000,15.330858,16,FLEXIBLE,PUBLIC,4,1,0.500000,0.866073,34,27,0.025473,0.034237,0.108259,0.016741,1.732147,0.000000,0,1,1.320787
cmp-00050,0.150000,4007000.000000,15.203553,67,FLEXIBLE,PUBLIC,1,2,0.150000,1.014649,95,79,0.010681,0.083648,0.100960,0.000000,6.764329,0.068627,1,1,3.375343
cmp-00050,0.250000,4007000.000000,15.203553,67,FLEXIBLE,PUBLIC,1,2,0.250000,1.361817,129,95,0.010557,0.051816,0.081302,0.000000,5.447267,0.071942,1,1,3.375343
cmp-00050,0.500000,4007000.000000,15.203553,67,FLEXIBLE,PUBLIC,1,2,0.500000,1.852583,175,113,0.010586,0.019794,0.055301,0.000000,3.705166,0.078947,1,1,3.375343
cmp-00051,0.150000,11953000.000000,16.296493,85,CLOSE_ON_TARGET,PUBLIC,6,1,0.150000,0.457902,83,77,0.005517,0.028543,0.035914,0.007503,3.052679,0.107527,0,1,1.006367
cmp-00051,0.250000,11953000.000000,16.296493,85,CLOSE_ON_TARGET,PUBLIC,6,1,0.250000,0.655066,115,98,0.005696,0.023196,0.030827,0.005411,2.620263,0.101562,0,1,1.006367
cmp-00052,0.150000,4232000.000000,15.258185,18,FLEXIBLE,PUBLIC,5,2,0.150000,0.767533,16,13,0.047971,0.296668,0.284272,0.015194,5.116887,0.111111,0,1,2.169896
cmp-00052,0.250000,4232000.000000,15.258185,18,FLEXIBLE,PUBLIC,5,2,0.250000,0.963469,22,16,0.043794,0.108853,0.214104,0.002706,3.853875,0.083333,0,1,2.169896
cmp-00052,0.500000,4232000.000000,15.258185,18,FLEXIBLE,PUBLIC,5,2,0.500000,1.396385,29,19,0.048151,0.185334,0.155154,0.000000,2.792769,0.064516,1,1,2.169896
cmp-00053,0.150000,18011000.000000,16.706493,38,STRICT,PUBLIC,5,3,0.150000,0.990278,201,158,0.004927,0.134108,0.173733,0.000301,6.601854,0.091304,0,0,0.999928
cmp-00053,0.250000,18011000.000000,16.706493,38,STRICT,PUBLIC,5,3,0.250000,0.999928,207,160,0.004831,0.002539,0.105256,0.000003,3.999711,0.096154,0,0,0.999928
cmp-00053,0.500000,18011000.000000,16.706493,38,STRICT,PUBLIC,5,3,0.500000,0.999928,207,160,0.004831,0.000000,0.052628,0.000004,1.999856,0.093822,0,0,0.999928
cmp-00054,0.150000,8922000.000000,16.004031,58,FLEXIBLE,PRIVATE_LINK,2,3,0.150000,0.366510,17,15,0.021559,0.047067,0.042128,0.012850,2.443398,0.000000,0,0,0.851345
cmp-00054,0.250000,8922000.000000,16.004031,58,FLEXIBLE,PRIVATE_LINK,2,3,0.250000,0.392569,19,16,0.020662,0.004493,0.027074,0.013964,1.570276,0.050000,0,0,0.851345
cmp-00054,0.500000,8922000.000000,16.004031,58,FLEXIBLE,PRIVATE_LINK,2,3,0.500000,0.624613,28,24,0.022308,0.030877,0.021538,0.012944,1.249227,0.096774,0,0,0.851345
cmp-00055,0.150000,18214000.000000,16.717701,39,FLEXIBLE,PUBLIC,3,1,0.150000,0.423592,80,69,0.005295,0.069011,0.072409,0.017388,2.823945,0.148936,0,1,1.192676
cmp-00055,0.250000,18214000.000000,16.717701,39,FLEXIBLE,PUBLIC,3,1,0.250000,0.574113,115,96,0.004992,0.038595,0.058883,0.014560,2.296453,0.178571,0,1,1.192676
cmp-00055,0.500000,18214000.000000,16.717701,39,FLEXIBLE,PUBLIC,3,1,0.500000,0.704436,147,122,0.004792,0.018613,0.036125,0.015157,1.408872,0.201087,0,1,1.192676
cmp-00056,0.150000,9685000.000000,16.086089,38,FLEXIBLE,PUBLIC,6,3,0.150000,0.964109,96,80,0.010043,0.116086,0.169142,0.001111,6.427396,0.127273,0,1,2.974362
cmp-00056,0.250000,9685000.000000,16.086089,38,FLEXIBLE,PUBLIC,6,3,0.250000,1.222375,125,95,0.009779,0.067965,0.128671,0.000000,4.889499,0.113475,1,1,2.974362
cmp-00056,0.500000,9685000.000000,16.086089,38,FLEXIBLE,PUBLIC,6,3,0.500000,1.734455,176,122,0.009855,0.053721,0.091287,0.000000,3.468911,0.102041,1,1,2.974362
cmp-00057,0.150000,8878000.000000,15.999087,83,FLEXIBLE,PRIVATE_LINK,4,2,0.150000,0.390313,74,66,0.005275,0.024387,0.031350,0.008642,2.602088,0.086420,0,1,1.385650
cmp-00057,0.250000,8878000.000000,15.999087,83,FLEXIBLE,PRIVATE_LINK,4,2,0.250000,0.541834,101,83,0.005365,0.018255,0.026112,0.007360,2.167335,0.090090,0,1,1.385650
cmp-00057,0.500000,8878000.000000,15.999087,83,FLEXIBLE,PRIVATE_LINK,4,2,0.500000,0.674893,127,99,0.005314,0.005502,0.016262,0.007834,1.349786,0.099291,0,1,1.385650
cmp-00058,0.150000,9357000.000000,16.051635,18,STRICT,PRIVATE_LINK,5,2,0.150000,0.999316,98,82,0.010197,0.335500,0.370117,0.000045,6.662107,0.142857,0,0,0.999316
cmp-00058,0.250000,9357000.000000,16.051635,18,STRICT,PRIVATE_LINK,5,2,0.250000,0.999316,98,82,0.010197,0.000000,0.222070,0.000051,3.997264,0.128655,0,0,0.999316
cmp-00058,0.500000,9357000.000000,16.051635,18,STRICT,PRIVATE_LINK,5,2,0.500000,0.999316,98,82,0.010197,0.000000,0.111035,0.000076,1.998632,0.130252,0,0,0.999316
cmp-00059,0.150000,2465000.000000,14.717702,84,STRICT,PUBLIC,4,1,0.150000,0.459513,5,4,0.091903,0.027625,0.036469,0.007570,3.063421,0.285714,0,0,0.978215
cmp-00059,0.250000,2465000.000000,14.717702,84,STRICT,PUBLIC,4,1,0.250000,0.551075,8,7,0.068884,0.010900,0.026242,0.007126,2.204300,0.200000,0,0,0.978215
cmp-00059,0.500000,2465000.000000,14.717702,84,STRICT,PUBLIC,4,1,0.500000,0.695619,12,11,0.057968,0.003550,0.016562,0.007247,1.391237,0.294118,0,0,0.978215
cmp-00060,0.150000,4064000.000000,15.217678,80,FLEXIBLE,PUBLIC,4,2,0.150000,0.935187,63,53,0.014844,0.050609,0.077932,0.000953,6.234580,0.059701,0,1,3.157899
cmp-00060,0.250000,4064000.000000,15.217678,80,FLEXIBLE,PUBLIC,4,2,0.250000,1.237697,92,69,0.013453,0.037814,0.061885,0.000000,4.950787,0.041667,1,1,3.157899
cmp-00060,0.500000,4064000.000000,15.217678,80,FLEXIBLE,PUBLIC,4,2,0.500000,1.829798,135,88,0.013554,0.025062,0.045745,0.000000,3.659596,0.055944,1,1,3.157899
cmp-00061,0.150000,4109000.000000,15.228690,21,CLOSE_ON_TARGET,PUBLIC,4,1,0.150000,0.635167,46,41,0.013808,0.122495,0.201640,0.020439,4.234445,0.192982,0,1,1.003091
cmp-00062,0.150000,12416000.000000,16.334497,79,FLEXIBLE,PUBLIC,3,2,0.150000,0.823993,78,66,0.010564,0.036408,0.069535,0.002621,5.493288,0.133333,0,1,2.737838
cmp-00062,0.250000,12416000.000000,16.334497,79,FLEXIBLE,PUBLIC,3,2,0.250000,1.004728,98,81,0.010252,0.022878,0.050872,0.000000,4.018911,0.162393,1,1,2.737838
cmp-00062,0.500000,12416000.000000,16.334497,79,FLEXIBLE,PUBLIC,3,2,0.500000,1.577207,152,113,0.010376,0.026970,0.039929,0.000000,3.154414,0.146067,1,1,2.737838
cmp-00063,0.150000,4457000.000000,15.309986,56,FLEXIBLE,PRIVATE_LINK,3,1,0.150000,0.430289,11,11,0.039117,0.053387,0.051225,0.011969,2.868596,0.083333,0,1,1.239107
cmp-00063,0.250000,4457000.000000,15.309986,56,FLEXIBLE,PRIVATE_LINK,3,1,0.250000,0.464483,12,12,0.038707,0.006106,0.033177,0.012750,1.857931,0.076923,0,1,1.239107
cmp-00063,0.500000,4457000.000000,15.309986,56,FLEXIBLE,PRIVATE_LINK,3,1,0.500000,0.793920,16,16,0.049620,0.005741,0.028354,0.007360,1.587839,0.111111,0,1,1.239107
cmp-00064,0.150000,12560000.000000,16.346028,33,FLEXIBLE,PUBLIC,3,3,0.150000,0.674674,127,110,0.005312,0.100140,0.136298,0.011598,4.497824,0.164474,0,1,2.342030
cmp-00064,0.250000,12560000.000000,16.346028,33,FLEXIBLE,PUBLIC,3,3,0.250000,1.009148,182,152,0.005545,0.101356,0.122321,0.000000,4.036592,0.145540,1,1,2.342030
cmp-00064,0.500000,12560000.000000,16.346028,33,FLEXIBLE,PUBLIC,3,3,0.500000,1.514124,251,193,0.006032,0.035925,0.091765,0.000000,3.028248,0.125436,1,1,2.342030
cmp-00065,0.150000,11131000.000000,16.225245,61,STRICT,PRIVATE_LINK,3,2,0.150000,0.671710,76,70,0.008838,0.067692,0.073411,0.006332,4.478064,0.126437,0,0,0.999605
cmp-00065,0.250000,11131000.000000,16.225245,61,STRICT,PRIVATE_LINK,3,2,0.250000,0.880999,106,91,0.008311,0.034310,0.057770,0.002601,3.523996,0.109244,0,0,0.999605
cmp-00065,0.500000,11131000.000000,16.225245,61,STRICT,PRIVATE_LINK,3,2,0.500000,0.999605,122,98,0.008193,0.000289,0.032774,0.000013,1.999209,0.111765,0,0,0.999605
cmp-00066,0.150000,12100000.000000,16.308716,62,FLEXIBLE,PUBLIC,4,1,0.150000,0.261612,31,29,0.008439,0.019148,0.028130,0.014011,1.744077,0.114286,0,0,0.773736
cmp-00066,0.250000,12100000.000000,16.308716,62,FLEXIBLE,PUBLIC,4,1,0.250000,0.344893,40,36,0.008622,0.013432,0.022251,0.014088,1.379570,0.130435,0,0,0.773736
cmp-00066,0.500000,12100000.000000,16.308716,62,FLEXIBLE,PUBLIC,4,1,0.500000,0.479529,62,53,0.007734,0.007467,0.015469,0.016789,0.959058,0.114286,0,0,0.773736
cmp-00067,0.150000,9606000.000000,16.077898,72,FLEXIBLE,PUBLIC,3,3,0.150000,0.650770,71,63,0.009166,0.044042,0.060257,0.005706,4.338469,0.053333,0,1,2.507818
cmp-00067,0.250000,9606000.000000,16.077898,72,FLEXIBLE,PUBLIC,3,3,0.250000,0.985613,95,76,0.010375,0.046506,0.054756,0.000266,3.942453,0.068627,0,1,2.507818
cmp-00067,0.500000,9606000.000000,16.077898,72,FLEXIBLE,PUBLIC,3,3,0.500000,1.393088,131,98,0.010634,0.014486,0.038697,0.000000,2.786175,0.070922,1,1,2.507818
cmp-00068,0.150000,17601000.000000,16.683466,77,FLEXIBLE,PUBLIC,1,1,0.150000,0.504733,62,57,0.008141,0.036739,0.043700,0.007567,3.364885,0.074627,0,1,1.146884
cmp-00068,0.250000,17601000.000000,16.683466,77,FLEXIBLE,PUBLIC,1,1,0.250000,0.663053,79,73,0.008393,0.020561,0.034444,0.005835,2.652213,0.070588,0,1,1.146884
cmp-00068,0.500000,17601000.000000,16.683466,77,FLEXIBLE,PUBLIC,1,1,0.500000,0.772115,104,97,0.007424,0.001650,0.020055,0.005919,1.544230,0.095652,0,1,1.146884
cmp-00070,0.150000,2119000.000000,14.566455,48,FLEXIBLE,PRIVATE_LINK,3,3,0.150000,0.219585,6,6,0.036597,0.020489,0.030498,0.019128,1.463898,0.000000,0,0,0.770269
cmp-00070,0.250000,2119000.000000,14.566455,48,FLEXIBLE,PRIVATE_LINK,3,3,0.250000,0.326333,9,9,0.036259,0.022239,0.027194,0.018713,1.305333,0.000000,0,0,0.770269
cmp-00070,0.500000,2119000.000000,14.566455,48,FLEXIBLE,PRIVATE_LINK,3,3,0.500000,0.392072,11,11,0.035643,0.006843,0.016336,0.025330,0.784143,0.083333,0,0,0.770269
cmp-00071,0.150000,8023000.000000,15.897823,90,STRICT,PUBLIC,3,2,0.150000,0.725414,82,69,0.008847,0.045058,0.053734,0.003589,4.836096,0.145833,0,0,0.999551
cmp-00071,0.250000,8023000.000000,15.897823,90,STRICT,PUBLIC,3,2,0.250000,0.996672,115,95,0.008667,0.030140,0.044297,0.000049,3.986688,0.119403,0,0,0.999551
cmp-00071,0.500000,8023000.000000,15.897823,90,STRICT,PUBLIC,3,2,0.500000,0.998990,116,96,0.008612,0.000000,0.022200,0.000022,1.997981,0.116667,0,0,0.999551
cmp-00072,0.150000,6132000.000000,15.629032,65,FLEXIBLE,PUBLIC,7,1,0.150000,0.235714,19,19,0.012406,0.022206,0.024176,0.013833,1.571429,0.095238,0,0,0.762606
cmp-00072,0.250000,6132000.000000,15.629032,65,FLEXIBLE,PUBLIC,7,1,0.250000,0.317140,22,22,0.014415,0.012527,0.019516,0.014007,1.268558,0.185185,0,0,0.762606
cmp-00072,0.500000,6132000.000000,15.629032,65,FLEXIBLE,PUBLIC,7,1,0.500000,0.470695,30,28,0.015690,0.008284,0.014483,0.016286,0.941389,0.142857,0,0,0.762606
cmp-00073,0.150000,10708000.000000,16.186502,46,FLEXIBLE,PUBLIC,2,3,0.150000,1.052064,116,95,0.009070,0.130615,0.152473,0.000000,7.013759,0.147059,1,1,3.072796
cmp-00073,0.250000,10708000.000000,16.186502,46,FLEXIBLE,PUBLIC,2,3,0.250000,1.325859,148,109,0.008959,0.059521,0.115292,0.000000,5.303437,0.134503,1,1,3.072796
cmp-00073,0.500000,10708000.000000,16.186502,46,FLEXIBLE,PUBLIC,2,3,0.500000,1.885656,225,145,0.008381,0.035731,0.081985,0.000000,3.771311,0.127907,1,1,3.072796
cmp-00074,0.150000,3163000.000000,14.967032,27,STRICT,PRIVATE_LINK,4,3,0.150000,0.832469,28,22,0.029731,0.137949,0.205548,0.007300,5.549794,0.066667,0,0,0.996586
cmp-00074,0.250000,3163000.000000,14.967032,27,STRICT,PRIVATE_LINK,4,3,0.250000,0.996586,37,29,0.026935,0.060784,0.147642,0.000169,3.986342,0.066667,0,0,0.996586
cmp-00074,0.500000,3163000.000000,14.967032,27,STRICT,PRIVATE_LINK,4,3,0.500000,0.996586,37,29,0.026935,0.000000,0.073821,0.000253,1.993171,0.100000,0,0,0.996586
cmp-00075,0.150000,2791000.000000,14.841911,39,FLEXIBLE,PRIVATE_LINK,2,2,0.150000,0.549373,12,9,0.045781,0.106671,0.093910,0.013594,3.662487,0.250000,0,1,1.036367
cmp-00075,0.250000,2791000.000000,14.841911,39,FLEXIBLE,PRIVATE_LINK,2,2,0.250000,0.677284,15,12,0.045152,0.032798,0.069465,0.011033,2.709137,0.250000,0,1,1.036367
cmp-00075,0.500000,2791000.000000,14.841911,39,FLEXIBLE,PRIVATE_LINK,2,2,0.500000,0.759764,18,15,0.042209,0.000000,0.038962,0.012320,1.519527,0.250000,0,1,1.036367
cmp-00076,0.150000,7953000.000000,15.889060,65,FLEXIBLE,PRIVATE_LINK,2,1,0.150000,0.075141,10,10,0.007514,0.008281,0.007707,0.016740,0.500943,0.000000,0,0,0.287288
cmp-00076,0.250000,7953000.000000,15.889060,65,FLEXIBLE,PRIVATE_LINK,2,1,0.250000,0.086810,12,12,0.007234,0.001795,0.005342,0.018732,0.347240,0.076923,0,0,0.287288
cmp-00076,0.500000,7953000.000000,15.889060,65,FLEXIBLE,PRIVATE_LINK,2,1,0.500000,0.119703,16,15,0.007481,0.002435,0.003683,0.027086,0.239407,0.058824,0,0,0.287288
cmp-00077,0.150000,2621000.000000,14.779066,78,FLEXIBLE,PRIVATE_LINK,2,1,0.150000,0.904426,48,39,0.018842,0.072741,0.077301,0.001442,6.029505,0.111111,0,1,3.640023
cmp-00077,0.250000,2621000.000000,14.779066,78,FLEXIBLE,PRIVATE_LINK,2,1,0.250000,1.181496,59,48,0.020025,0.035522,0.060590,0.000000,4.725982,0.132353,1,1,3.640023
cmp-00077,0.500000,2621000.000000,14.779066,78,FLEXIBLE,PRIVATE_LINK,2,1,0.500000,1.768638,91,68,0.019436,0.024942,0.045350,0.000000,3.537276,0.149533,1,1,3.640023
cmp-00078,0.150000,5550000.000000,15.529308,22,FLEXIBLE,PRIVATE_LINK,2,3,0.150000,0.511207,31,26,0.016491,0.040704,0.154911,0.026139,3.408048,0.031250,0,1,1.436000
cmp-00078,0.250000,5550000.000000,15.529308,22,FLEXIBLE,PRIVATE_LINK,2,3,0.250000,0.609063,42,34,0.014502,0.044480,0.110739,0.023693,2.436252,0.066667,0,1,1.436000
cmp-00078,0.500000,5550000.000000,15.529308,22,FLEXIBLE,PRIVATE_LINK,2,3,0.500000,0.930559,66,51,0.014099,0.024701,0.084596,0.006313,1.861117,0.043478,0,1,1.436000
cmp-00079,0.150000,11730000.000000,16.277660,87,FLEXIBLE,PUBLIC,2,2,0.150000,0.566922,86,75,0.006592,0.032770,0.043442,0.005856,3.779483,0.104167,0,1,1.990938
cmp-00079,0.250000,11730000.000000,16.277660,87,FLEXIBLE,PUBLIC,2,2,0.250000,0.758150,116,103,0.006536,0.021980,0.034857,0.003707,3.032600,0.093750,0,1,1.990938
cmp-00079,0.500000,11730000.000000,16.277660,87,FLEXIBLE,PUBLIC,2,2,0.500000,1.093478,158,129,0.006921,0.009828,0.025137,0.000000,2.186957,0.086705,1,1,1.990938
cmp-00080,0.150000,4227000.000000,15.257003,52,STRICT,PUBLIC,3,1,0.150000,0.219683,9,8,0.024409,0.029854,0.028164,0.017654,1.464553,0.100000,0,0,0.714810
cmp-00080,0.250000,4227000.000000,15.257003,52,STRICT,PUBLIC,3,1,0.250000,0.286965,14,12,0.020497,0.012939,0.022074,0.018283,1.147859,0.066667,0,0,0.714810
cmp-00080,0.500000,4227000.000000,15.257003,52,STRICT,PUBLIC,3,1,0.500000,0.395860,19,16,0.020835,0.000000,0.015225,0.023236,0.791720,0.050000,0,0,0.714810
cmp-00081,0.150000,5954000.000000,15.599574,24,CLOSE_ON_TARGET,PUBLIC,3,1,0.150000,0.168458,18,16,0.009359,0.037377,0.046794,0.040762,1.123055,0.100000,0,0,0.953813
cmp-00081,0.250000,5954000.000000,15.599574,24,CLOSE_ON_TARGET,PUBLIC,3,1,0.250000,0.350252,28,25,0.012509,0.075747,0.058375,0.036097,1.401008,0.096774,0,0,0.953813
cmp-00081,0.500000,5954000.000000,15.599574,24,CLOSE_ON_TARGET,PUBLIC,3,1,0.500000,0.509876,37,33,0.013780,0.008489,0.042490,0.040844,1.019751,0.139535,0,0,0.953813
cmp-00082,0.150000,10166000.000000,16.134559,36,CLOSE_ON_TARGET,PRIVATE_LINK,3,2,0.150000,0.102223,10,10,0.010222,0.005522,0.018930,0.029339,0.681487,0.166667,0,0,0.540380
cmp-00082,0.250000,10166000.000000,16.134559,36,CLOSE_ON_TARGET,PRIVATE_LINK,3,2,0.250000,0.124897,13,13,0.009607,0.006298,0.013877,0.032411,0.499587,0.133333,0,0,0.540380
cmp-00082,0.500000,10166000.000000,16.134559,36,CLOSE_ON_TARGET,PRIVATE_LINK,3,2,0.500000,0.152744,16,16,0.009547,0.000000,0.008486,0.047070,0.305489,0.157895,0,0,0.540380
cmp-00083,0.150000,7821000.000000,15.872323,80,FLEXIBLE,PUBLIC,1,1,0.150000,0.471922,41,35,0.011510,0.034628,0.039327,0.007766,3.146145,0.108696,0,1,1.589375
cmp-00083,0.250000,7821000.000000,15.872323,80,FLEXIBLE,PUBLIC,1,1,0.250000,0.721903,58,47,0.012447,0.031248,0.036095,0.004635,2.887610,0.107692,0,1,1.589375
cmp-00083,0.500000,7821000.000000,15.872323,80,FLEXIBLE,PUBLIC,1,1,0.500000,0.937463,88,67,0.010653,0.009906,0.023437,0.001563,1.874926,0.092784,0,1,1.589375
cmp-00084,0.150000,25793000.000000,17.065614,48,FLEXIBLE,PUBLIC,3,1,0.150000,0.373679,150,142,0.002491,0.051522,0.051900,0.015351,2.491193,0.132948,0,1,1.176951
cmp-00084,0.250000,25793000.000000,17.065614,48,FLEXIBLE,PUBLIC,3,1,0.250000,0.465180,201,186,0.002314,0.019063,0.038765,0.014856,1.860722,0.126087,0,1,1.176951
cmp-00084,0.500000,25793000.000000,17.065614,48,FLEXIBLE,PUBLIC,3,1,0.500000,0.686841,276,242,0.002489,0.018268,0.028618,0.013048,1.373683,0.142857,0,1,1.176951
cmp-00085,0.150000,7612000.000000,15.845237,83,FLEXIBLE,PUBLIC,4,2,0.150000,0.187888,23,23,0.008169,0.014046,0.015091,0.011511,1.252584,0.148148,0,0,0.799120
cmp-00085,0.250000,7612000.000000,15.845237,83,FLEXIBLE,PUBLIC,4,2,0.250000,0.252811,29,29,0.008718,0.007822,0.012184,0.012003,1.011245,0.171429,0,0,0.799120
cmp-00085,0.500000,7612000.000000,15.845237,83,FLEXIBLE,PUBLIC,4,2,0.500000,0.406385,44,41,0.009236,0.011463,0.009792,0.014304,0.812769,0.169811,0,0,0.799120
cmp-00086,0.150000,7832000.000000,15.873728,75,STRICT,PRIVATE_LINK,2,1,0.150000,0.168795,34,34,0.004965,0.015037,0.015004,0.013039,1.125298,0.170732,0,0,0.819727
cmp-00086,0.250000,7832000.000000,15.873728,75,STRICT,PRIVATE_LINK,2,1,0.250000,0.228486,46,44,0.004967,0.007959,0.012186,0.013716,0.913943,0.148148,0,0,0.819727
cmp-00086,0.500000,7832000.000000,15.873728,75,STRICT,PRIVATE_LINK,2,1,0.500000,0.392071,65,60,0.006032,0.008868,0.010455,0.016211,0.784142,0.133333,0,0,0.819727
cmp-00087,0.150000,8632000.000000,15.970987,69,FLEXIBLE,PUBLIC,5,2,0.150000,0.988172,108,82,0.009150,0.090531,0.095476,0.000202,6.587813,0.121951,0,1,3.049015
cmp-00087,0.250000,8632000.000000,15.970987,69,FLEXIBLE,PUBLIC,5,2,0.250000,1.272787,139,99,0.009157,0.041249,0.073785,0.000000,5.091149,0.141975,1,1,3.049015
cmp-00087,0.500000,8632000.000000,15.970987,69,FLEXIBLE,PUBLIC,5,2,0.500000,1.742389,203,129,0.008583,0.023195,0.050504,0.000000,3.484778,0.136170,1,1,3.049015
cmp-00088,0.150000,7673000.000000,15.853218,21,CLOSE_ON_TARGET,PUBLIC,0,3,0.150000,0.565959,70,61,0.008085,0.128087,0.179669,0.024316,3.773057,0.135802,0,1,1.000847
cmp-00088,0.250000,7673000.000000,15.853218,21,CLOSE_ON_TARGET,PUBLIC,0,3,0.250000,0.673674,85,75,0.007926,0.051293,0.128319,0.020719,2.694696,0.174757,0,1,1.000847
cmp-00088,0.500000,7673000.000000,15.853218,21,CLOSE_ON_TARGET,PUBLIC,0,3,0.500000,0.956158,124,101,0.007711,0.035350,0.091063,0.004175,1.912316,0.173333,0,1,1.000847
cmp-00089,0.150000,4153000.000000,15.239342,46,CLOSE_ON_TARGET,PUBLIC,5,2,0.150000,0.140405,6,6,0.023401,0.007899,0.020348,0.021985,0.936030,0.000000,0,0,0.389189
cmp-00089,0.250000,4153000.000000,15.239342,46,CLOSE_ON_TARGET,PUBLIC,5,2,0.250000,0.140405,6,6,0.023401,0.000000,0.012209,0.024916,0.561618,0.142857,0,0,0.389189
cmp-00089,0.500000,4153000.000000,15.239342,46,CLOSE_ON_TARGET,PUBLIC,5,2,0.500000,0.235637,7,7,0.033662,0.000000,0.010245,0.033233,0.471274,0.125000,0,0,0.389189
cmp-00090,0.150000,6729000.000000,15.721937,15,STRICT,PRIVATE_LINK,1,3,0.150000,0.526393,10,10,0.052639,0.158617,0.233953,0.037146,3.509288,0.166667,0,0,0.824045
cmp-00090,0.250000,6729000.000000,15.721937,15,STRICT,PRIVATE_LINK,1,3,0.250000,0.618279,14,14,0.044163,0.061257,0.164874,0.033931,2.473116,0.176471,0,0,0.824045
cmp-00090,0.500000,6729000.000000,15.721937,15,STRICT,PRIVATE_LINK,1,3,0.500000,0.687650,21,21,0.032745,0.016823,0.091687,0.041647,1.375301,0.160000,0,0,0.824045
cmp-00091,0.150000,3474000.000000,15.060817,59,FLEXIBLE,PUBLIC,2,1,0.150000,0.458578,11,10,0.041689,0.051950,0.051817,0.010796,3.057187,0.153846,0,0,0.897841
cmp-00091,0.250000,3474000.000000,15.060817,59,FLEXIBLE,PUBLIC,2,1,0.250000,0.651785,15,12,0.043452,0.032747,0.044189,0.007869,2.607139,0.117647,0,0,0.897841
cmp-00091,0.500000,3474000.000000,15.060817,59,FLEXIBLE,PUBLIC,2,1,0.500000,0.735866,19,15,0.038730,0.000820,0.024945,0.008954,1.471733,0.095238,0,0,0.897841
cmp-00092,0.150000,6057000.000000,15.616725,71,CLOSE_ON_TARGET,PUBLIC,3,2,0.150000,0.828562,42,34,0.019728,0.061470,0.077799,0.002841,5.523747,0.125000,0,1,1.004458
cmp-00092,0.250000,6057000.000000,15.616725,71,CLOSE_ON_TARGET,PUBLIC,3,2,0.250000,0.988493,55,41,0.017973,0.022525,0.055690,0.000216,3.953971,0.098361,0,1,1.004458
cmp-00093,0.150000,2508000.000000,14.734996,89,FLEXIBLE,PUBLIC,2,1,0.150000,0.758174,19,17,0.039904,0.029636,0.056792,0.003197,5.054492,0.000000,0,1,2.609689
cmp-00093,0.250000,2508000.000000,14.734996,89,FLEXIBLE,PUBLIC,2,1,0.250000,1.162281,26,22,0.044703,0.045405,0.052237,0.000000,4.649123,0.000000,1,1,2.609689
cmp-00093,0.500000,2508000.000000,14.734996,89,FLEXIBLE,PUBLIC,2,1,0.500000,1.575678,38,30,0.041465,0.030079,0.035408,0.000000,3.151356,0.050000,1,1,2.609689
cmp-00094,0.150000,8995000.000000,16.012179,64,STRICT,PUBLIC,3,3,0.150000,0.578321,52,45,0.011122,0.038747,0.060242,0.007751,3.855475,0.147541,0,0,0.999822
cmp-00094,0.250000,8995000.000000,16.012179,64,STRICT,PUBLIC,3,3,0.250000,0.814697,71,58,0.011475,0.036934,0.050919,0.003860,3.258788,0.144578,0,0,0.999822
cmp-00094,0.500000,8995000.000000,16.012179,64,STRICT,PUBLIC,3,3,0.500000,0.996042,97,73,0.010268,0.005083,0.031126,0.000124,1.992084,0.139130,0,0,0.999822
cmp-00095,0.150000,14321000.000000,16.477238,73,FLEXIBLE,PUBLIC,2,1,0.150000,0.197500,27,27,0.007315,0.017902,0.018037,0.012933,1.316668,0.035714,0,0,0.698953
cmp-00095,0.250000,14321000.000000,16.477238,73,FLEXIBLE,PUBLIC,2,1,0.250000,0.263990,42,41,0.006285,0.009108,0.014465,0.013443,1.055960,0.106383,0,0,0.698953
cmp-00095,0.500000,14321000.000000,16.477238,73,FLEXIBLE,PUBLIC,2,1,0.500000,0.389247,54,52,0.007208,0.013239,0.010664,0.016733,0.778493,0.142857,0,0,0.698953
cmp-00096,0.150000,17156000.000000,16.657859,89,STRICT,PUBLIC,2,3,0.150000,0.248642,28,26,0.008880,0.019262,0.018625,0.009932,1.657612,0.066667,0,0,0.718454
cmp-00096,0.250000,17156000.000000,16.657859,89,STRICT,PUBLIC,2,3,0.250000,0.274015,31,29,0.008839,0.002851,0.012315,0.010876,1.096060,0.088235,0,0,0.718454
cmp-00096,0.500000,17156000.000000,16.657859,89,STRICT,PUBLIC,2,3,0.500000,0.459489,43,40,0.010686,0.013292,0.010326,0.012146,0.918979,0.104167,0,0,0.718454
cmp-00097,0.150000,16609000.000000,16.625455,39,STRICT,PRIVATE_LINK,2,1,0.150000,0.416931,38,37,0.010972,0.065389,0.071270,0.017589,2.779537,0.050000,0,0,0.998417
cmp-00097,0.250000,16609000.000000,16.625455,39,STRICT,PRIVATE_LINK,2,1,0.250000,0.553182,53,50,0.010437,0.034936,0.056737,0.015276,2.212728,0.086207,0,0,0.998417
cmp-00097,0.500000,16609000.000000,16.625455,39,STRICT,PRIVATE_LINK,2,1,0.500000,0.787019,76,66,0.010356,0.027331,0.040360,0.010922,1.574038,0.095238,0,0,0.998417
cmp-00098,0.150000,4530000.000000,15.326232,17,FLEXIBLE,PRIVATE_LINK,4,2,0.150000,0.065408,2,2,0.032704,0.028944,0.025650,0.064678,0.436056,0.500000,0,0,0.444812
cmp-00098,0.250000,4530000.000000,15.326232,17,FLEXIBLE,PRIVATE_LINK,4,2,0.250000,0.079735,3,3,0.026578,0.008427,0.018761,0.072178,0.318940,0.500000,0,0,0.444812
cmp-00098,0.500000,4530000.000000,15.326232,17,FLEXIBLE,PRIVATE_LINK,4,2,0.500000,0.140861,5,5,0.028172,0.020997,0.016572,0.101075,0.281722,0.375000,0,0,0.444812
cmp-00099,0.150000,4048000.000000,15.213733,47,FLEXIBLE,PUBLIC,6,3,0.150000,0.554175,15,15,0.036945,0.064329,0.078606,0.011160,3.694499,0.062500,0,1,1.726087
cmp-00099,0.250000,4048000.000000,15.213733,47,FLEXIBLE,PUBLIC,6,3,0.250000,1.088562,21,20,0.051836,0.113699,0.092644,0.000000,4.354249,0.045455,1,1,1.726087
cmp-00099,0.500000,4048000.000000,15.213733,47,FLEXIBLE,PUBLIC,6,3,0.500000,1.230805,30,24,0.041027,0.003995,0.052375,0.000000,2.461611,0.062500,1,1,1.726087
cmp-00100,0.150000,9646000.000000,16.082054,27,FLEXIBLE,PUBLIC,2,2,0.150000,0.476965,36,35,0.013249,0.082383,0.117769,0.022790,3.179764,0.181818,0,1,1.492163
cmp-00100,0.250000,9646000.000000,16.082054,27,FLEXIBLE,PUBLIC,2,2,0.250000,0.624207,47,45,0.013281,0.054534,0.092475,0.018558,2.496828,0.175439,0,1,1.492163
cmp-00100,0.500000,9646000.000000,16.082054,27,FLEXIBLE,PUBLIC,2,2,0.500000,0.914027,68,61,0.013442,0.020093,0.067706,0.006368,1.828053,0.150000,0,1,1.492163
cmp-00101,0.150000,6708000.000000,15.718811,20,FLEXIBLE,PUBLIC,6,1,0.150000,0.341682,40,37,0.008542,0.090474,0.113894,0.038725,2.277877,0.166667,0,1,1.183140
cmp-00101,0.250000,6708000.000000,15.718811,20,FLEXIBLE,PUBLIC,6,1,0.250000,0.498092,58,52,0.008588,0.078205,0.099618,0.033461,1.992367,0.147059,0,1,1.183140
cmp-00101,0.500000,6708000.000000,15.718811,20,FLEXIBLE,PUBLIC,6,1,0.500000,0.763253,80,68,0.009541,0.052639,0.076325,0.023675,1.526506,0.166667,0,1,1.183140
cmp-00102,0.150000,14766000.000000,16.507838,61,FLEXIBLE,PRIVATE_LINK,3,1,0.150000,0.205641,46,40,0.004470,0.020851,0.022474,0.015320,1.370942,0.115385,0,0,0.791751
cmp-00102,0.250000,14766000.000000,16.507838,61,FLEXIBLE,PRIVATE_LINK,3,1,0.250000,0.273757,64,53,0.004277,0.011167,0.017951,0.015874,1.095029,0.135135,0,0,0.791751
cmp-00102,0.500000,14766000.000000,16.507838,61,FLEXIBLE,PRIVATE_LINK,3,1,0.500000,0.462989,92,76,0.005032,0.010815,0.015180,0.017607,0.925979,0.115385,0,0,0.791751
cmp-00103,0.150000,36488000.000000,17.412494,86,FLEXIBLE,PUBLIC,6,3,0.150000,1.086086,308,246,0.003526,0.058053,0.084193,0.000000,7.240572,0.096774,1,1,3.535579
cmp-00103,0.250000,36488000.000000,17.412494,86,FLEXIBLE,PUBLIC,6,3,0.250000,1.404336,405,302,0.003467,0.037006,0.065318,0.000000,5.617343,0.097996,1,1,3.535579
cmp-00103,0.500000,36488000.000000,17.412494,86,FLEXIBLE,PUBLIC,6,3,0.500000,2.001943,578,389,0.003464,0.021360,0.046557,0.000000,4.003886,0.114855,1,1,3.535579
cmp-00104,0.150000,1911000.000000,14.463137,50,STRICT,PUBLIC,5,2,0.150000,0.638671,11,10,0.058061,0.061905,0.085156,0.008502,4.257806,0.153846,0,0,0.999267
cmp-00104,0.250000,1911000.000000,14.463137,50,STRICT,PUBLIC,5,2,0.250000,0.852643,18,15,0.047369,0.042794,0.068211,0.003930,3.410570,0.181818,0,0,0.999267
cmp-00104,0.500000,1911000.000000,14.463137,50,STRICT,PUBLIC,5,2,0.500000,0.989848,21,17,0.047136,0.001811,0.039594,0.000406,1.979696,0.161290,0,0,0.999267
cmp-00105,0.150000,23802000.000000,16.985280,75,STRICT,PUBLIC,3,3,0.150000,0.098458,19,19,0.005182,0.006680,0.008752,0.014142,0.656387,0.050000,0,0,0.281682
cmp-00105,0.250000,23802000.000000,16.985280,75,STRICT,PUBLIC,3,3,0.250000,0.165860,24,24,0.006911,0.008987,0.008846,0.014829,0.663440,0.040000,0,0,0.281682
cmp-00105,0.500000,23802000.000000,16.985280,75,STRICT,PUBLIC,3,3,0.500000,0.187791,31,30,0.006058,0.000000,0.005008,0.021659,0.375582,0.060606,0,0,0.281682
cmp-00106,0.150000,1213000.000000,14.008607,50,CLOSE_ON_TARGET,PUBLIC,4,3,0.150000,0.128772,2,2,0.064386,0.014625,0.017170,0.020499,0.858478,0.000000,0,0,0.724732
cmp-00106,0.250000,1213000.000000,14.008607,50,CLOSE_ON_TARGET,PUBLIC,4,3,0.250000,0.224320,3,3,0.074773,0.019110,0.017946,0.020685,0.897279,0.000000,0,0,0.724732
cmp-00106,0.500000,1213000.000000,14.008607,50,CLOSE_ON_TARGET,PUBLIC,4,3,0.500000,0.423908,6,5,0.070651,0.000000,0.016956,0.023044,0.847815,0.000000,0,0,0.724732
cmp-00107,0.150000,10800000.000000,16.195057,24,STRICT,PUBLIC,2,2,0.150000,0.154083,9,8,0.017120,0.018573,0.042801,0.041467,1.027222,0.181818,0,0,0.335694
cmp-00107,0.250000,10800000.000000,16.195057,24,STRICT,PUBLIC,2,2,0.250000,0.194398,16,15,0.012150,0.016798,0.032400,0.044756,0.777593,0.157895,0,0,0.335694
cmp-00107,0.500000,10800000.000000,16.195057,24,STRICT,PUBLIC,2,2,0.500000,0.255139,22,21,0.011597,0.013191,0.021262,0.062072,0.510278,0.153846,0,0,0.335694
cmp-00108,0.150000,25518000.000000,17.054895,84,STRICT,PUBLIC,1,2,0.150000,0.252947,90,83,0.002811,0.019072,0.020075,0.010463,1.686313,0.117647,0,0,0.786696
cmp-00108,0.250000,25518000.000000,17.054895,84,STRICT,PUBLIC,1,2,0.250000,0.365769,130,116,0.002814,0.013431,0.017418,0.010067,1.463077,0.121622,0,0,0.786696
cmp-00108,0.500000,25518000.000000,17.054895,84,STRICT,PUBLIC,1,2,0.500000,0.476272,169,151,0.002818,0.004944,0.011340,0.012470,0.952543,0.142132,0,0,0.786696
cmp-00109,0.150000,4162000.000000,15.241506,44,FLEXIBLE,PUBLIC,3,1,0.150000,0.398510,12,11,0.033209,0.024213,0.060380,0.016083,2.656736,0.076923,0,1,1.073642
cmp-00109,0.250000,4162000.000000,15.241506,44,FLEXIBLE,PUBLIC,3,1,0.250000,0.467468,15,14,0.031165,0.015672,0.042497,0.016137,1.869870,0.062500,0,1,1.073642
cmp-00109,0.500000,4162000.000000,15.241506,44,FLEXIBLE,PUBLIC,3,1,0.500000,0.696228,21,18,0.033154,0.004221,0.031647,0.013808,1.392456,0.045455,0,1,1.073642
cmp-00110,0.150000,14709000.000000,16.503970,85,FLEXIBLE,PUBLIC,1,1,0.150000,0.254946,25,24,0.010198,0.012811,0.019996,0.010312,1.699640,0.107143,0,0,0.860256
cmp-00110,0.250000,14709000.000000,16.503970,85,FLEXIBLE,PUBLIC,1,1,0.250000,0.354960,34,31,0.010440,0.011766,0.016704,0.010118,1.419838,0.105263,0,0,0.860256
cmp-00110,0.500000,14709000.000000,16.503970,85,FLEXIBLE,PUBLIC,1,1,0.500000,0.496288,46,41,0.010789,0.004526,0.011677,0.011852,0.992576,0.080000,0,0,0.860256
cmp-00111,0.150000,2581000.000000,14.763687,53,FLEXIBLE,PUBLIC,4,1,0.150000,0.370012,16,14,0.023126,0.040455,0.046542,0.013984,2.466744,0.000000,0,1,1.683766
cmp-00111,0.250000,2581000.000000,14.763687,53,FLEXIBLE,PUBLIC,4,1,0.250000,1.135800,26,20,0.043685,0.144488,0.085721,0.000000,4.543200,0.037037,1,1,1.683766
cmp-00111,0.500000,2581000.000000,14.763687,53,FLEXIBLE,PUBLIC,4,1,0.500000,1.195622,31,24,0.038568,0.000921,0.045118,0.000000,2.391244,0.088235,1,1,1.683766
cmp-00112,0.150000,3768000.000000,15.142055,23,FLEXIBLE,PUBLIC,3,1,0.150000,0.232962,13,13,0.017920,0.032286,0.067525,0.039235,1.553079,0.071429,0,1,1.022877
cmp-00112,0.250000,3768000.000000,15.142055,23,FLEXIBLE,PUBLIC,3,1,0.250000,0.297028,18,16,0.016502,0.027855,0.051657,0.040752,1.188110,0.052632,0,1,1.022877
cmp-00112,0.500000,3768000.000000,15.142055,23,FLEXIBLE,PUBLIC,3,1,0.500000,0.342569,24,21,0.014274,0.010662,0.029789,0.057168,0.685138,0.040000,0,1,1.022877
cmp-00113,0.150000,4258000.000000,15.264310,34,FLEXIBLE,PUBLIC,3,1,0.150000,0.391029,21,19,0.018620,0.059411,0.076672,0.021072,2.606858,0.086957,0,1,1.321019
cmp-00113,0.250000,4258000.000000,15.264310,34,FLEXIBLE,PUBLIC,3,1,0.250000,0.606928,30,28,0.020231,0.063500,0.071403,0.015415,2.427713,0.117647,0,1,1.321019
cmp-00113,0.500000,4258000.000000,15.264310,34,FLEXIBLE,PUBLIC,3,1,0.500000,0.727501,36,33,0.020208,0.005788,0.042794,0.016029,1.455002,0.121951,0,1,1.321019
cmp-00114,0.150000,18690000.000000,16.743499,56,FLEXIBLE,PUBLIC,6,3,0.150000,0.925217,169,139,0.005475,0.096430,0.110145,0.001571,6.168111,0.119792,0,1,2.805099
cmp-00114,0.250000,18690000.000000,16.743499,56,FLEXIBLE,PUBLIC,6,3,0.250000,1.219326,223,171,0.005468,0.052519,0.087095,0.000000,4.877303,0.128906,1,1,2.805099
cmp-00114,0.500000,18690000.000000,16.743499,56,FLEXIBLE,PUBLIC,6,3,0.500000,1.657822,301,217,0.005508,0.036614,0.059208,0.000000,3.315645,0.119883,1,1,2.805099
cmp-00115,0.150000,9049000.000000,16.018165,53,FLEXIBLE,PUBLIC,2,3,0.150000,0.762836,45,40,0.016952,0.092797,0.095954,0.005264,5.085571,0.150943,0,1,1.962548
cmp-00115,0.250000,9049000.000000,16.018165,53,FLEXIBLE,PUBLIC,2,3,0.250000,0.989623,62,54,0.015962,0.042790,0.074689,0.000261,3.958493,0.126761,0,1,1.962548
cmp-00115,0.500000,9049000.000000,16.018165,53,FLEXIBLE,PUBLIC,2,3,0.500000,1.280241,90,71,0.014225,0.031679,0.048311,0.000000,2.560482,0.108911,1,1,1.962548
cmp-00116,0.150000,8618000.000000,15.969364,66,FLEXIBLE,PUBLIC,2,3,0.150000,1.078997,63,49,0.017127,0.101155,0.108990,0.000000,7.193316,0.100000,1,1,4.237781
cmp-00116,0.250000,8618000.000000,15.969364,66,FLEXIBLE,PUBLIC,2,3,0.250000,1.546380,89,64,0.017375,0.070815,0.093720,0.000000,6.185519,0.072917,1,1,4.237781
cmp-00116,0.500000,8618000.000000,15.969364,66,FLEXIBLE,PUBLIC,2,3,0.500000,2.317487,127,79,0.018248,0.050808,0.070227,0.000000,4.634973,0.079710,1,1,4.237781
cmp-00117,0.150000,5735000.000000,15.562098,73,CLOSE_ON_TARGET,PUBLIC,5,2,0.150000,0.597855,73,67,0.008190,0.048317,0.054599,0.006481,3.985702,0.087500,0,1,1.002040
cmp-00117,0.250000,5735000.000000,15.562098,73,CLOSE_ON_TARGET,PUBLIC,5,2,0.250000,0.835554,101,90,0.008273,0.032561,0.045784,0.003004,3.342214,0.073394,0,1,1.002040
cmp-00118,0.150000,2824000.000000,14.853665,87,FLEXIBLE,PUBLIC,3,3,0.150000,0.378718,14,12,0.027051,0.027677,0.029021,0.008401,2.524788,0.000000,0,1,1.295574
cmp-00118,0.250000,2824000.000000,14.853665,87,FLEXIBLE,PUBLIC,3,3,0.250000,0.415510,19,17,0.021869,0.004229,0.019104,0.008958,1.662040,0.000000,0,1,1.295574
cmp-00118,0.500000,2824000.000000,14.853665,87,FLEXIBLE,PUBLIC,3,3,0.500000,0.518449,24,22,0.021602,0.003749,0.011918,0.011070,1.036898,0.076923,0,1,1.295574
cmp-00120,0.150000,14920000.000000,16.518213,18,CLOSE_ON_TARGET,PUBLIC,5,3,0.150000,0.197922,25,25,0.007917,0.049244,0.073305,0.052423,1.319482,0.137931,0,0,0.682259
cmp-00120,0.250000,14920000.000000,16.518213,18,CLOSE_ON_TARGET,PUBLIC,5,3,0.250000,0.223686,33,31,0.006778,0.014313,0.049708,0.057505,0.894745,0.175000,0,0,0.682259
cmp-00120,0.500000,14920000.000000,16.518213,18,CLOSE_ON_TARGET,PUBLIC,5,3,0.500000,0.283083,42,39,0.006740,0.003031,0.031454,0.079657,0.566166,0.176471,0,0,0.682259
cmp-00121,0.150000,5209000.000000,15.465898,60,FLEXIBLE,PUBLIC,3,3,0.150000,0.268535,17,17,0.015796,0.026057,0.029837,0.014342,1.790235,0.150000,0,0,0.814513
cmp-00121,0.250000,5209000.000000,15.465898,60,FLEXIBLE,PUBLIC,3,3,0.250000,0.317566,22,22,0.014435,0.008172,0.021171,0.015165,1.270263,0.185185,0,0,0.814513
cmp-00121,0.500000,5209000.000000,15.465898,60,FLEXIBLE,PUBLIC,3,3,0.500000,0.473431,31,29,0.015272,0.009618,0.015781,0.017552,0.946861,0.162162,0,0,0.814513
cmp-00122,0.150000,4044000.000000,15.212745,40,CLOSE_ON_TARGET,PUBLIC,3,2,0.150000,0.769857,45,37,0.017108,0.129241,0.128309,0.006769,5.132377,0.042553,0,1,1.054674
cmp-00122,0.250000,4044000.000000,15.212745,40,CLOSE_ON_TARGET,PUBLIC,3,2,0.250000,0.850569,51,40,0.016678,0.020178,0.085057,0.004981,3.402275,0.072727,0,1,1.054674
cmp-00123,0.150000,10093000.000000,16.127353,34,STRICT,PUBLIC,5,1,0.150000,0.662311,138,118,0.004799,0.091613,0.129865,0.011685,4.415403,0.103896,0,0,0.999931
cmp-00123,0.250000,10093000.000000,16.127353,34,STRICT,PUBLIC,5,1,0.250000,0.856019,183,151,0.004678,0.056973,0.100708,0.005646,3.424076,0.094059,0,0,0.999931
cmp-00123,0.500000,10093000.000000,16.127353,34,STRICT,PUBLIC,5,1,0.500000,0.999931,214,168,0.004673,0.000000,0.058819,0.000004,1.999861,0.088968,0,0,0.999931
cmp-00124,0.150000,11245000.000000,16.235434,37,FLEXIBLE,PUBLIC,6,1,0.150000,1.167870,82,66,0.014242,0.203040,0.210427,0.000000,7.785801,0.108696,1,1,2.953455
cmp-00124,0.250000,11245000.000000,16.235434,37,FLEXIBLE,PUBLIC,6,1,0.250000,1.432628,104,77,0.013775,0.071556,0.154879,0.000000,5.730511,0.103448,1,1,2.953455
cmp-00124,0.500000,11245000.000000,16.235434,37,FLEXIBLE,PUBLIC,6,1,0.500000,1.840285,145,96,0.012692,0.053030,0.099475,0.000000,3.680569,0.126506,1,1,2.953455
cmp-00125,0.150000,29985000.000000,17.216208,53,FLEXIBLE,PUBLIC,3,1,0.150000,0.378786,87,81,0.004354,0.025311,0.047646,0.013789,2.525240,0.064516,0,1,1.237202
cmp-00125,0.250000,29985000.000000,17.216208,53,FLEXIBLE,PUBLIC,3,1,0.250000,0.463252,113,104,0.004100,0.015937,0.034962,0.013503,1.853007,0.073770,0,1,1.237202
cmp-00125,0.500000,29985000.000000,17.216208,53,FLEXIBLE,PUBLIC,3,1,0.500000,0.609018,163,144,0.003736,0.011606,0.022982,0.014754,1.218036,0.084270,0,1,1.237202
cmp-00126,0.150000,9265000.000000,16.041754,61,STRICT,PRIVATE_LINK,4,1,0.150000,0.223918,32,30,0.006997,0.023354,0.024472,0.014968,1.492786,0.157895,0,0,0.780108
cmp-00126,0.250000,9265000.000000,16.041754,61,STRICT,PRIVATE_LINK,4,1,0.250000,0.291322,44,41,0.006621,0.011050,0.019103,0.015490,1.165289,0.153846,0,0,0.780108
cmp-00126,0.500000,9265000.000000,16.041754,61,STRICT,PRIVATE_LINK,4,1,0.500000,0.427048,65,61,0.006570,0.008854,0.014002,0.018785,0.854096,0.121622,0,0,0.780108
cmp-00127,0.150000,10925000.000000,16.206564,63,FLEXIBLE,PRIVATE_LINK,2,3,0.150000,0.283423,27,25,0.010497,0.018432,0.029992,0.013381,1.889489,0.205882,0,1,1.007616
cmp-00127,0.250000,10925000.000000,16.206564,63,FLEXIBLE,PRIVATE_LINK,2,3,0.250000,0.371195,34,31,0.010917,0.013932,0.023568,0.013308,1.484778,0.190476,0,1,1.007616
cmp-00127,0.500000,10925000.000000,16.206564,63,FLEXIBLE,PRIVATE_LINK,2,3,0.500000,0.631423,53,48,0.011914,0.021396,0.020045,0.011701,1.262847,0.184615,0,1,1.007616
cmp-00128,0.150000,3952000.000000,15.189732,50,CLOSE_ON_TARGET,PUBLIC,3,3,0.150000,0.108300,9,8,0.012033,0.019934,0.014440,0.020981,0.721997,0.250000,0,0,0.371230
cmp-00128,0.250000,3952000.000000,15.189732,50,CLOSE_ON_TARGET,PUBLIC,3,3,0.250000,0.142966,12,11,0.011914,0.006933,0.011437,0.022854,0.571862,0.333333,0,0,0.371230
cmp-00128,0.500000,3952000.000000,15.189732,50,CLOSE_ON_TARGET,PUBLIC,3,3,0.500000,0.217308,17,16,0.012783,0.012075,0.008692,0.031308,0.434615,0.291667,0,0,0.371230
cmp-00129,0.150000,4130000.000000,15.233788,45,FLEXIBLE,PUBLIC,1,3,0.150000,0.318717,13,12,0.024517,0.030056,0.047217,0.017811,2.124778,0.187500,0,1,1.196804
cmp-00129,0.250000,4130000.000000,15.233788,45,FLEXIBLE,PUBLIC,1,3,0.250000,0.532324,20,17,0.026616,0.047468,0.047318,0.013857,2.129298,0.130435,0,1,1.196804
cmp-00129,0.500000,4130000.000000,15.233788,45,FLEXIBLE,PUBLIC,1,3,0.500000,0.584479,26,19,0.022480,0.008028,0.025977,0.018468,1.168959,0.187500,0,1,1.196804
cmp-00130,0.150000,12090000.000000,16.307889,40,STRICT,PUBLIC,2,2,0.150000,0.271762,18,17,0.015098,0.045850,0.045294,0.021419,1.811745,0.100000,0,0,0.947725
cmp-00130,0.250000,12090000.000000,16.307889,40,STRICT,PUBLIC,2,2,0.250000,0.444913,28,25,0.015890,0.043288,0.044491,0.018503,1.779653,0.096774,0,0,0.947725
cmp-00130,0.500000,12090000.000000,16.307889,40,STRICT,PUBLIC,2,2,0.500000,0.651158,40,34,0.016279,0.028916,0.032558,0.017442,1.302316,0.090909,0,0,0.947725
cmp-00131,0.150000,17769000.000000,16.692966,64,STRICT,PUBLIC,4,3,0.150000,0.141871,50,49,0.002837,0.009513,0.014778,0.015774,0.945804,0.090909,0,0,0.950177
cmp-00131,0.250000,17769000.000000,16.692966,64,STRICT,PUBLIC,4,3,0.250000,0.234149,72,65,0.003252,0.014419,0.014634,0.015955,0.936597,0.088608,0,0,0.950177
cmp-00131,0.500000,17769000.000000,16.692966,64,STRICT,PUBLIC,4,3,0.500000,0.452597,108,94,0.004191,0.008449,0.014144,0.017106,0.905194,0.107438,0,0,0.950177
cmp-00132,0.150000,2905000.000000,14.881944,32,STRICT,PRIVATE_LINK,1,2,0.150000,0.070775,3,3,0.023592,0.008692,0.014745,0.034163,0.471830,0.400000,0,0,0.497315
cmp-00132,0.250000,2905000.000000,14.881944,32,STRICT,PRIVATE_LINK,1,2,0.250000,0.221515,5,4,0.044303,0.047106,0.027689,0.032437,0.886059,0.285714,0,0,0.497315
cmp-00132,0.500000,2905000.000000,14.881944,32,STRICT,PRIVATE_LINK,1,2,0.500000,0.286127,7,6,0.040875,0.000000,0.017883,0.044617,0.572255,0.363636,0,0,0.497315
cmp-00133,0.150000,8196000.000000,15.919157,17,FLEXIBLE,PRIVATE_LINK,2,3,0.150000,0.562152,41,38,0.013711,0.167463,0.220452,0.030301,3.747682,0.145833,0,1,2.023194
cmp-00133,0.250000,8196000.000000,15.919157,17,FLEXIBLE,PRIVATE_LINK,2,3,0.250000,0.923682,59,50,0.015656,0.212665,0.217337,0.005986,3.694729,0.106061,0,1,2.023194
cmp-00133,0.500000,8196000.000000,15.919157,17,FLEXIBLE,PRIVATE_LINK,2,3,0.500000,1.216557,76,60,0.016007,0.068685,0.143124,0.000000,2.433114,0.105882,1,1,2.023194
cmp-00134,0.150000,3130000.000000,14.956544,29,FLEXIBLE,PUBLIC,4,1,0.150000,0.853450,50,42,0.017069,0.212758,0.196196,0.005945,5.689670,0.107143,0,1,2.932013
cmp-00134,0.250000,3130000.000000,14.956544,29,FLEXIBLE,PUBLIC,4,1,0.250000,1.255847,66,52,0.019028,0.138757,0.173220,0.000000,5.023387,0.095890,1,1,2.932013
cmp-00134,0.500000,3130000.000000,14.956544,29,FLEXIBLE,PUBLIC,4,1,0.500000,1.730671,91,63,0.019018,0.062444,0.119357,0.000000,3.461342,0.107843,1,1,2.932013
cmp-00135,0.150000,13184000.000000,16.394515,64,FLEXIBLE,PUBLIC,0,2,0.150000,0.395282,54,51,0.007320,0.029728,0.041175,0.011116,2.635214,0.169231,0,1,1.050061
cmp-00135,0.250000,13184000.000000,16.394515,64,FLEXIBLE,PUBLIC,0,2,0.250000,0.491482,71,65,0.006922,0.015031,0.030718,0.010594,1.965928,0.154762,0,1,1.050061
cmp-00135,0.500000,13184000.000000,16.394515,64,FLEXIBLE,PUBLIC,0,2,0.500000,0.621200,96,89,0.006471,0.004537,0.019412,0.011838,1.242400,0.172414,0,1,1.050061
cmp-00136,0.150000,4343000.000000,15.284076,31,FLEXIBLE,PRIVATE_LINK,0,3,0.150000,0.192286,6,6,0.032048,0.051250,0.041352,0.030653,1.281910,0.333333,0,1,1.256804
cmp-00136,0.250000,4343000.000000,15.284076,31,FLEXIBLE,PRIVATE_LINK,0,3,0.250000,0.311029,10,10,0.031103,0.038304,0.040133,0.029633,1.244117,0.285714,0,1,1.256804
cmp-00136,0.500000,4343000.000000,15.284076,31,FLEXIBLE,PRIVATE_LINK,0,3,0.500000,0.608289,18,17,0.033794,0.019884,0.039244,0.025272,1.216578,0.181818,0,1,1.256804
cmp-00137,0.150000,24054000.000000,16.995812,90,CLOSE_ON_TARGET,PRIVATE_LINK,3,3,0.150000,0.826324,151,124,0.005472,0.045654,0.061209,0.002270,5.508827,0.142045,0,1,1.003866
cmp-00138,0.150000,4515000.000000,15.322916,48,STRICT,PUBLIC,2,1,0.150000,0.624452,33,27,0.018923,0.103156,0.086729,0.009205,4.163012,0.108108,0,0,0.999889
cmp-00138,0.250000,4515000.000000,15.322916,48,STRICT,PUBLIC,2,1,0.250000,0.697741,41,34,0.017018,0.015269,0.058145,0.008396,2.790963,0.108696,0,0,0.999889
cmp-00138,0.500000,4515000.000000,15.322916,48,STRICT,PUBLIC,2,1,0.500000,0.833511,53,46,0.015727,0.003544,0.034730,0.006937,1.667021,0.116667,0,0,0.999889
cmp-00139,0.150000,8497000.000000,15.955224,67,STRICT,PUBLIC,2,2,0.150000,0.766659,51,43,0.015033,0.044797,0.076284,0.004097,5.111059,0.037736,0,0,0.999812
cmp-00139,0.250000,8497000.000000,15.955224,67,STRICT,PUBLIC,2,2,0.250000,0.955090,64,50,0.014923,0.028124,0.057020,0.000894,3.820360,0.058824,0,0,0.999812
cmp-00139,0.500000,8497000.000000,15.955224,67,STRICT,PUBLIC,2,2,0.500000,0.999812,69,55,0.014490,0.000529,0.029845,0.000006,1.999623,0.079545,0,0,0.999812
cmp-00140,0.150000,15891000.000000,16.581263,41,STRICT,PUBLIC,3,2,0.150000,0.458303,111,101,0.004129,0.062525,0.074521,0.015544,3.055356,0.125984,0,0,0.999975
cmp-00140,0.250000,15891000.000000,16.581263,41,STRICT,PUBLIC,3,2,0.250000,0.553508,145,129,0.003817,0.023221,0.054001,0.014520,2.214033,0.126506,0,0,0.999975
cmp-00140,0.500000,15891000.000000,16.581263,41,STRICT,PUBLIC,3,2,0.500000,0.809962,217,180,0.003733,0.026749,0.039510,0.009270,1.619923,0.110656,0,0,0.999975
cmp-00141,0.150000,4948000.000000,15.414494,49,FLEXIBLE,PRIVATE_LINK,1,2,0.150000,0.826981,51,47,0.016215,0.117982,0.112514,0.004154,5.513204,0.072727,0,1,1.872595
cmp-00141,0.250000,4948000.000000,15.414494,49,FLEXIBLE,PRIVATE_LINK,1,2,0.250000,1.034236,67,59,0.015436,0.042297,0.084427,0.000000,4.136944,0.118421,1,1,1.872595
cmp-00141,0.500000,4948000.000000,15.414494,49,FLEXIBLE,PRIVATE_LINK,1,2,0.500000,1.401657,93,77,0.015072,0.047098,0.057210,0.000000,2.803314,0.130841,1,1,1.872595
cmp-00142,0.150000,2544000.000000,14.749248,51,FLEXIBLE,PUBLIC,2,1,0.150000,0.887539,3,2,0.295846,0.107088,0.116018,0.002594,5.916929,0.250000,0,1,4.266981
cmp-00142,0.250000,2544000.000000,14.749248,51,FLEXIBLE,PUBLIC,2,1,0.250000,1.211950,9,7,0.134661,0.063610,0.095055,0.000000,4.847799,0.100000,1,1,4.266981
cmp-00142,0.500000,2544000.000000,14.749248,51,FLEXIBLE,PUBLIC,2,1,0.500000,2.579009,23,14,0.112131,0.043054,0.101138,0.000000,5.158019,0.041667,1,1,4.266981
cmp-00143,0.150000,16685000.000000,16.630021,43,FLEXIBLE,PUBLIC,4,1,0.150000,0.547504,102,89,0.005368,0.058147,0.084884,0.012380,3.650025,0.113043,0,1,1.943806
cmp-00143,0.250000,16685000.000000,16.630021,43,FLEXIBLE,PUBLIC,4,1,0.250000,0.725166,142,118,0.005107,0.041317,0.067457,0.008522,2.900665,0.112500,0,1,1.943806
cmp-00143,0.500000,16685000.000000,16.630021,43,FLEXIBLE,PUBLIC,4,1,0.500000,1.133893,203,159,0.005586,0.039955,0.052739,0.000000,2.267785,0.109649,1,1,1.943806
cmp-00144,0.150000,5160000.000000,15.456447,21,CLOSE_ON_TARGET,PUBLIC,5,2,0.150000,0.446260,9,9,0.049584,0.052132,0.141670,0.031022,2.975065,0.100000,0,0,0.883760
cmp-00144,0.250000,5160000.000000,15.456447,21,CLOSE_ON_TARGET,PUBLIC,5,2,0.250000,0.484767,11,11,0.044070,0.018337,0.092337,0.032713,1.939070,0.153846,0,0,0.883760
cmp-00144,0.500000,5160000.000000,15.456447,21,CLOSE_ON_TARGET,PUBLIC,5,2,0.500000,0.517093,12,12,0.043091,0.000000,0.049247,0.045991,1.034186,0.200000,0,0,0.883760
cmp-00145,0.150000,563000.000000,13.241035,40,FLEXIBLE,PUBLIC,5,3,0.150000,0.733748,11,8,0.066704,0.098135,0.122291,0.007831,4.891652,0.000000,0,1,2.771403
cmp-00145,0.250000,563000.000000,13.241035,40,FLEXIBLE,PUBLIC,5,3,0.250000,1.488988,16,12,0.093062,0.188810,0.148899,0.000000,5.955950,0.000000,1,1,2.771403
cmp-00145,0.500000,563000.000000,13.241035,40,FLEXIBLE,PUBLIC,5,3,0.500000,1.696625,20,12,0.084831,0.012789,0.084831,0.000000,3.393250,0.090909,1,1,2.771403
cmp-00146,0.150000,8823000.000000,15.992873,25,STRICT,PUBLIC,3,2,0.150000,0.771926,86,73,0.008976,0.184169,0.205847,0.010733,5.146171,0.104167,0,0,0.999853
cmp-00146,0.250000,8823000.000000,15.992873,25,STRICT,PUBLIC,3,2,0.250000,0.957951,112,91,0.008553,0.074410,0.153272,0.002243,3.831803,0.118110,0,0,0.999853
cmp-00146,0.500000,8823000.000000,15.992873,25,STRICT,PUBLIC,3,2,0.500000,0.999853,126,98,0.007935,0.000000,0.079988,0.000012,1.999705,0.116959,0,0,0.999853
cmp-00147,0.150000,12494000.000000,16.340759,80,FLEXIBLE,PUBLIC,4,3,0.150000,0.952401,142,116,0.006707,0.075084,0.079367,0.000700,6.349341,0.118012,0,1,3.263967
cmp-00147,0.250000,12494000.000000,16.340759,80,FLEXIBLE,PUBLIC,4,3,0.250000,1.276605,187,140,0.006827,0.040525,0.063830,0.000000,5.106419,0.113744,1,1,3.263967
cmp-00147,0.500000,12494000.000000,16.340759,80,FLEXIBLE,PUBLIC,4,3,0.500000,1.868001,245,168,0.007624,0.017446,0.046700,0.000000,3.736001,0.112319,1,1,3.263967
cmp-00148,0.150000,15809000.000000,16.576090,87,STRICT,PRIVATE_LINK,4,1,0.150000,0.444696,137,116,0.003246,0.025207,0.034076,0.007509,2.964640,0.074324,0,0,0.999968
cmp-00148,0.250000,15809000.000000,16.576090,87,STRICT,PRIVATE_LINK,4,1,0.250000,0.666203,182,148,0.003660,0.025461,0.030630,0.005116,2.664811,0.094527,0,0,0.999968
cmp-00148,0.500000,15809000.000000,16.576090,87,STRICT,PRIVATE_LINK,4,1,0.500000,0.996553,272,212,0.003664,0.014019,0.022909,0.000079,1.993105,0.099338,0,0,0.999968
cmp-00149,0.150000,11889000.000000,16.291124,31,STRICT,PRIVATE_LINK,0,1,0.150000,0.416166,75,67,0.005549,0.083447,0.089498,0.022157,2.774441,0.157303,0,0,0.999748
cmp-00149,0.250000,11889000.000000,16.291124,31,STRICT,PRIVATE_LINK,0,1,0.250000,0.517243,92,78,0.005622,0.032605,0.066741,0.020764,2.068971,0.171171,0,0,0.999748
cmp-00149,0.500000,11889000.000000,16.291124,31,STRICT,PRIVATE_LINK,0,1,0.500000,0.847060,134,107,0.006321,0.021345,0.054649,0.009867,1.694121,0.135484,0,0,0.999748
cmp-00150,0.150000,5858000.000000,15.583319,88,FLEXIBLE,PUBLIC,8,2,0.150000,0.338767,23,22,0.014729,0.022820,0.025664,0.008840,2.258450,0.041667,0,1,1.425111
cmp-00150,0.250000,5858000.000000,15.583319,88,FLEXIBLE,PUBLIC,8,2,0.250000,0.454421,31,28,0.014659,0.013142,0.020656,0.008266,1.817685,0.088235,0,1,1.425111
cmp-00150,0.500000,5858000.000000,15.583319,88,FLEXIBLE,PUBLIC,8,2,0.500000,0.728593,51,44,0.014286,0.003913,0.016559,0.006168,1.457187,0.120690,0,1,1.425111
cmp-00151,0.150000,8029000.000000,15.898571,18,STRICT,PUBLIC,1,1,0.150000,0.188330,27,27,0.006975,0.054974,0.069752,0.053050,1.255532,0.100000,0,0,0.592116
cmp-00151,0.250000,8029000.000000,15.898571,18,STRICT,PUBLIC,1,1,0.250000,0.242185,35,35,0.006920,0.029919,0.053819,0.056134,0.968738,0.125000,0,0,0.592116
cmp-00151,0.500000,8029000.000000,15.898571,18,STRICT,PUBLIC,1,1,0.500000,0.362934,52,48,0.006980,0.026605,0.040326,0.070785,0.725869,0.118644,0,0,0.592116
cmp-00152,0.150000,5060000.000000,15.436877,54,STRICT,PUBLIC,5,2,0.150000,0.354071,22,21,0.016094,0.044433,0.043712,0.014073,2.360474,0.043478,0,0,0.994862
cmp-00152,0.250000,5060000.000000,15.436877,54,STRICT,PUBLIC,5,2,0.250000,0.423814,25,24,0.016953,0.012915,0.031394,0.014227,1.695257,0.074074,0,0,0.994862
cmp-00152,0.500000,5060000.000000,15.436877,54,STRICT,PUBLIC,5,2,0.500000,0.653538,38,33,0.017198,0.015807,0.024205,0.012832,1.307075,0.116279,0,0,0.994862
cmp-00153,0.150000,11874000.000000,16.289862,24,FLEXIBLE,PUBLIC,1,3,0.150000,1.824499,124,85,0.014714,0.452035,0.506805,0.000000,12.163326,0.144828,1,1,6.231152
cmp-00153,0.250000,11874000.000000,16.289862,24,FLEXIBLE,PUBLIC,1,3,0.250000,2.599891,171,105,0.015204,0.323080,0.433315,0.000000,10.399562,0.140704,1,1,6.231152
cmp-00153,0.500000,11874000.000000,16.289862,24,FLEXIBLE,PUBLIC,1,3,0.500000,3.712346,245,124,0.015152,0.091359,0.309362,0.000000,7.424693,0.137324,1,1,6.231152
cmp-00154,0.150000,1480000.000000,14.207553,62,STRICT,PUBLIC,4,2,0.150000,0.986419,16,13,0.061651,0.015126,0.106067,0.000258,6.576126,0.043478,0,0,0.999865
cmp-00154,0.250000,1480000.000000,14.207553,62,STRICT,PUBLIC,4,2,0.250000,0.999865,17,14,0.058816,0.002169,0.064507,0.000003,3.999459,0.032258,0,0,0.999865
cmp-00154,0.500000,1480000.000000,14.207553,62,STRICT,PUBLIC,4,2,0.500000,0.999865,17,14,0.058816,0.000000,0.032254,0.000004,1.999730,0.025641,0,0,0.999865
cmp-00155,0.150000,16622000.000000,16.626238,40,STRICT,PUBLIC,3,1,0.150000,0.591938,148,131,0.004000,0.081299,0.098656,0.012002,3.946256,0.149425,0,0,0.999964
cmp-00155,0.250000,16622000.000000,16.626238,40,STRICT,PUBLIC,3,1,0.250000,0.808868,192,157,0.004213,0.054232,0.080887,0.006371,3.235471,0.135135,0,0,0.999964
cmp-00155,0.500000,16622000.000000,16.626238,40,STRICT,PUBLIC,3,1,0.500000,0.999615,237,189,0.004218,0.000387,0.049981,0.000019,1.999230,0.143312,0,0,0.999964
cmp-00156,0.150000,6009000.000000,15.608769,90,FLEXIBLE,PUBLIC,1,3,0.150000,0.564537,18,16,0.031363,0.044330,0.041818,0.005692,3.763577,0.100000,0,1,1.270145
cmp-00156,0.250000,6009000.000000,15.608769,90,FLEXIBLE,PUBLIC,1,3,0.250000,0.588950,21,18,0.028045,0.002713,0.026176,0.006090,2.355800,0.125000,0,1,1.270145
cmp-00156,0.500000,6009000.000000,15.608769,90,FLEXIBLE,PUBLIC,1,3,0.500000,0.626826,23,19,0.027253,0.000000,0.013929,0.008293,1.253653,0.115385,0,1,1.270145
cmp-00157,0.150000,8494000.000000,15.954871,58,CLOSE_ON_TARGET,PRIVATE_LINK,3,3,0.150000,0.422557,40,38,0.010564,0.044445,0.048570,0.011713,2.817047,0.130435,0,1,1.037921
cmp-00157,0.250000,8494000.000000,15.954871,58,CLOSE_ON_TARGET,PRIVATE_LINK,3,3,0.250000,0.591618,58,54,0.010200,0.029148,0.040801,0.009388,2.366470,0.121212,0,1,1.037921
cmp-00157,0.500000,8494000.000000,15.954871,58,CLOSE_ON_TARGET,PRIVATE_LINK,3,3,0.500000,0.996939,95,79,0.010494,0.023434,0.034377,0.000106,1.993878,0.128440,0,1,1.037921
cmp-00158,0.150000,3481000.000000,15.062830,21,STRICT,PUBLIC,2,1,0.150000,0.223700,9,7,0.024856,0.063022,0.071016,0.043490,1.491334,0.100000,0,0,0.752054
cmp-00158,0.250000,3481000.000000,15.062830,21,STRICT,PUBLIC,2,1,0.250000,0.370641,13,11,0.028511,0.069972,0.070598,0.039959,1.482562,0.133333,0,0,0.752054
cmp-00158,0.500000,3481000.000000,15.062830,21,STRICT,PUBLIC,2,1,0.500000,0.384028,14,11,0.027431,0.006375,0.036574,0.058664,0.768055,0.176471,0,0,0.752054
cmp-00159,0.150000,16505000.000000,16.619174,70,FLEXIBLE,PRIVATE_LINK,5,3,0.150000,0.298558,63,58,0.004739,0.025455,0.028434,0.011789,1.990387,0.148649,0,1,1.099218
cmp-00159,0.250000,16505000.000000,16.619174,70,FLEXIBLE,PRIVATE_LINK,5,3,0.250000,0.361921,81,71,0.004468,0.009052,0.020681,0.012154,1.447683,0.173469,0,1,1.099218
cmp-00159,0.500000,16505000.000000,16.619174,70,FLEXIBLE,PRIVATE_LINK,5,3,0.500000,0.609149,122,107,0.004993,0.006847,0.017404,0.011167,1.218297,0.186667,0,1,1.099218
cmp-00160,0.150000,5939000.000000,15.597051,70,STRICT,PUBLIC,2,2,0.150000,0.325257,12,10,0.027105,0.030075,0.030977,0.011340,2.168379,0.200000,0,0,0.996094
cmp-00160,0.250000,5939000.000000,15.597051,70,STRICT,PUBLIC,2,2,0.250000,0.568176,18,15,0.031565,0.034703,0.032467,0.008225,2.272706,0.181818,0,0,0.996094
cmp-00160,0.500000,5939000.000000,15.597051,70,STRICT,PUBLIC,2,2,0.500000,0.919330,30,24,0.030644,0.022652,0.026267,0.002305,1.838660,0.117647,0,0,0.996094
cmp-00161,0.150000,8502000.000000,15.955812,88,CLOSE_ON_TARGET,PRIVATE_LINK,3,2,0.150000,0.382451,53,48,0.007216,0.021983,0.028974,0.008256,2.549675,0.116667,0,1,1.002152
cmp-00161,0.250000,8502000.000000,15.955812,88,CLOSE_ON_TARGET,PRIVATE_LINK,3,2,0.250000,0.496942,68,59,0.007308,0.013010,0.022588,0.007622,1.987768,0.128205,0,1,1.002152
cmp-00161,0.500000,8502000.000000,15.955812,88,CLOSE_ON_TARGET,PRIVATE_LINK,3,2,0.500000,0.684698,94,82,0.007284,0.007949,0.015561,0.007166,1.369395,0.113208,0,1,1.002152
cmp-00162,0.150000,4269000.000000,15.266890,68,FLEXIBLE,PUBLIC,0,2,0.150000,0.215835,13,13,0.016603,0.022267,0.021160,0.013567,1.438901,0.133333,0,0,0.802225
cmp-00162,0.250000,4269000.000000,15.266890,68,FLEXIBLE,PUBLIC,0,2,0.250000,0.380675,18,18,0.021149,0.024241,0.022393,0.012144,1.522699,0.100000,0,0,0.802225
cmp-00162,0.500000,4269000.000000,15.266890,68,FLEXIBLE,PUBLIC,0,2,0.500000,0.460904,24,23,0.019204,0.006297,0.013556,0.015856,0.921808,0.076923,0,0,0.802225
cmp-00163,0.150000,3795000.000000,15.149195,15,FLEXIBLE,PUBLIC,8,1,0.150000,0.417049,24,22,0.017377,0.078542,0.185355,0.045722,2.780325,0.200000,0,1,1.351383
cmp-00163,0.250000,3795000.000000,15.149195,15,FLEXIBLE,PUBLIC,8,1,0.250000,0.535231,30,26,0.017841,0.078788,0.142728,0.041313,2.140922,0.166667,0,1,1.351383
cmp-00163,0.500000,3795000.000000,15.149195,15,FLEXIBLE,PUBLIC,8,1,0.500000,0.706166,44,35,0.016049,0.033711,0.094155,0.039178,1.412332,0.169811,0,1,1.351383
cmp-00164,0.150000,4074000.000000,15.220136,74,FLEXIBLE,PUBLIC,5,2,0.150000,0.528522,24,22,0.022022,0.023455,0.047615,0.007496,3.523482,0.225806,0,1,2.024153
cmp-00164,0.250000,4074000.000000,15.220136,74,FLEXIBLE,PUBLIC,5,2,0.250000,0.638684,33,29,0.019354,0.014887,0.034523,0.006510,2.554737,0.175000,0,1,2.024153
cmp-00164,0.500000,4074000.000000,15.220136,74,FLEXIBLE,PUBLIC,5,2,0.500000,1.043373,54,43,0.019322,0.020081,0.028199,0.000000,2.086745,0.129032,1,1,2.024153
cmp-00165,0.150000,2702000.000000,14.809503,29,STRICT,PRIVATE_LINK,6,1,0.150000,0.164952,5,5,0.032990,0.017331,0.037920,0.033876,1.099679,0.000000,0,0,0.534382
cmp-00165,0.250000,2702000.000000,14.809503,29,STRICT,PRIVATE_LINK,6,1,0.250000,0.164952,5,5,0.032990,0.000000,0.022752,0.038393,0.659808,0.000000,0,0,0.534382
cmp-00165,0.500000,2702000.000000,14.809503,29,STRICT,PRIVATE_LINK,6,1,0.500000,0.334937,11,11,0.030449,0.041221,0.023099,0.045866,0.669874,0.000000,0,0,0.534382
cmp-00166,0.150000,2405000.000000,14.693060,54,FLEXIBLE,PUBLIC,3,3,0.150000,0.554345,21,18,0.026397,0.045607,0.068438,0.009709,3.695634,0.125000,0,1,2.502744
cmp-00166,0.250000,2405000.000000,14.693060,54,FLEXIBLE,PUBLIC,3,3,0.250000,0.793514,27,24,0.029389,0.044290,0.058779,0.005098,3.174054,0.100000,0,1,2.502744
cmp-00166,0.500000,2405000.000000,14.693060,54,FLEXIBLE,PUBLIC,3,3,0.500000,1.420125,43,32,0.033026,0.062193,0.052597,0.000000,2.840249,0.122449,1,1,2.502744
cmp-00167,0.150000,13181000.000000,16.394287,83,FLEXIBLE,PRIVATE_LINK,3,3,0.150000,0.701206,68,59,0.010312,0.032165,0.056322,0.004235,4.674709,0.139241,0,1,2.245839
cmp-00167,0.250000,13181000.000000,16.394287,83,FLEXIBLE,PRIVATE_LINK,3,3,0.250000,1.043745,91,79,0.011470,0.041270,0.050301,0.000000,4.174979,0.141509,1,1,2.245839
cmp-00167,0.500000,13181000.000000,16.394287,83,FLEXIBLE,PRIVATE_LINK,3,3,0.500000,1.409180,127,99,0.011096,0.006989,0.033956,0.000000,2.818360,0.147651,1,1,2.245839
cmp-00168,0.150000,6651000.000000,15.710278,78,FLEXIBLE,PRIVATE_LINK,3,2,0.150000,0.334311,16,15,0.020894,0.026827,0.028574,0.010041,2.228738,0.200000,0,0,0.817261
cmp-00168,0.250000,6651000.000000,15.710278,78,FLEXIBLE,PRIVATE_LINK,3,2,0.250000,0.434371,22,20,0.019744,0.012828,0.022275,0.009669,1.737483,0.153846,0,0,0.817261
cmp-00168,0.500000,6651000.000000,15.710278,78,FLEXIBLE,PRIVATE_LINK,3,2,0.500000,0.548263,29,26,0.018906,0.003159,0.014058,0.011583,1.096527,0.121212,0,0,0.817261
cmp-00169,0.150000,18816000.000000,16.750218,62,FLEXIBLE,PUBLIC,1,3,0.150000,0.387426,116,106,0.003340,0.030274,0.041659,0.011624,2.582837,0.100775,0,1,1.167310
cmp-00169,0.250000,18816000.000000,16.750218,62,FLEXIBLE,PUBLIC,1,3,0.250000,0.518676,153,136,0.003390,0.021169,0.033463,0.010351,2.074702,0.100000,0,1,1.167310
cmp-00169,0.500000,18816000.000000,16.750218,62,FLEXIBLE,PUBLIC,1,3,0.500000,0.648783,205,182,0.003165,0.009324,0.020928,0.011330,1.297566,0.108696,0,1,1.167310
cmp-00170,0.150000,3932000.000000,15.184659,66,FLEXIBLE,PUBLIC,3,1,0.150000,0.197126,19,17,0.010375,0.018415,0.019912,0.014311,1.314174,0.095238,0,0,0.998423
cmp-00170,0.250000,3932000.000000,15.184659,66,FLEXIBLE,PUBLIC,3,1,0.250000,0.311190,25,22,0.012448,0.017282,0.018860,0.013915,1.244761,0.074074,0,0,0.998423
cmp-00170,0.500000,3932000.000000,15.184659,66,FLEXIBLE,PUBLIC,3,1,0.500000,0.479985,36,32,0.013333,0.011152,0.014545,0.015758,0.959969,0.100000,0,0,0.998423
cmp-00171,0.150000,3264000.000000,14.998464,83,FLEXIBLE,PUBLIC,3,1,0.150000,0.405300,17,15,0.023841,0.020416,0.032554,0.008429,2.702002,0.190476,0,1,1.414430
cmp-00171,0.250000,3264000.000000,14.998464,83,FLEXIBLE,PUBLIC,3,1,0.250000,0.547059,22,19,0.024866,0.017079,0.026364,0.007276,2.188235,0.153846,0,1,1.414430
cmp-00171,0.500000,3264000.000000,14.998464,83,FLEXIBLE,PUBLIC,3,1,0.500000,0.724969,28,23,0.025892,0.004839,0.017469,0.006627,1.449939,0.125000,0,1,1.414430
cmp-00172,0.150000,4673000.000000,15.357312,66,FLEXIBLE,PUBLIC,3,1,0.150000,0.181318,5,5,0.036264,0.024713,0.018315,0.014593,1.208788,0.000000,0,0,0.856645
cmp-00172,0.250000,4673000.000000,15.357312,66,FLEXIBLE,PUBLIC,3,1,0.250000,0.223903,7,7,0.031986,0.006452,0.013570,0.015679,0.895613,0.000000,0,0,0.856645
cmp-00172,0.500000,4673000.000000,15.357312,66,FLEXIBLE,PUBLIC,3,1,0.500000,0.338797,11,11,0.030800,0.007026,0.010267,0.020036,0.677595,0.083333,0,0,0.856645
cmp-00173,0.150000,5346000.000000,15.491859,42,STRICT,PUBLIC,3,2,0.150000,0.037168,4,4,0.009292,0.004405,0.005900,0.026970,0.247787,0.200000,0,0,0.410905
cmp-00173,0.250000,5346000.000000,15.491859,42,STRICT,PUBLIC,3,2,0.250000,0.052974,6,6,0.008829,0.003763,0.005045,0.030064,0.211897,0.333333,0,0,0.410905
cmp-00173,0.500000,5346000.000000,15.491859,42,STRICT,PUBLIC,3,2,0.500000,0.100673,7,7,0.014382,0.011357,0.004794,0.042825,0.201347,0.300000,0,0,0.410905
cmp-00174,0.150000,13347000.000000,16.406802,90,FLEXIBLE,PUBLIC,1,3,0.150000,0.352536,31,28,0.011372,0.033715,0.026114,0.008464,2.350241,0.114286,0,1,1.100030
cmp-00174,0.250000,13347000.000000,16.406802,90,FLEXIBLE,PUBLIC,1,3,0.250000,0.488469,42,39,0.011630,0.015104,0.021710,0.007578,1.953877,0.125000,0,1,1.100030
cmp-00174,0.500000,13347000.000000,16.406802,90,FLEXIBLE,PUBLIC,1,3,0.500000,0.656462,63,55,0.010420,0.007562,0.014588,0.007634,1.312924,0.086957,0,1,1.100030
cmp-00175,0.150000,25704000.000000,17.062157,43,CLOSE_ON_TARGET,PUBLIC,3,1,0.150000,0.654521,245,209,0.002672,0.084441,0.101476,0.009452,4.363471,0.118705,0,1,1.000860
cmp-00175,0.250000,25704000.000000,17.062157,43,CLOSE_ON_TARGET,PUBLIC,3,1,0.250000,0.839663,323,266,0.002600,0.043056,0.078108,0.004972,3.358652,0.117486,0,1,1.000860
cmp-00176,0.150000,9541000.000000,16.071109,34,FLEXIBLE,PUBLIC,1,1,0.150000,0.510848,86,74,0.005940,0.093525,0.100166,0.016926,3.405653,0.104167,0,1,1.701604
cmp-00176,0.250000,9541000.000000,16.071109,34,FLEXIBLE,PUBLIC,1,1,0.250000,0.674489,117,96,0.005765,0.048130,0.079352,0.012765,2.697956,0.106870,0,1,1.701604
cmp-00176,0.500000,9541000.000000,16.071109,34,FLEXIBLE,PUBLIC,1,1,0.500000,0.928309,155,123,0.005989,0.028089,0.054606,0.004217,1.856619,0.114286,0,1,1.701604
cmp-00177,0.150000,37767000.000000,17.446946,41,FLEXIBLE,PUBLIC,2,1,0.150000,1.205931,453,352,0.002662,0.170801,0.196086,0.000000,8.039541,0.137143,1,1,4.133100
cmp-00177,0.250000,37767000.000000,17.446946,41,FLEXIBLE,PUBLIC,2,1,0.250000,1.601327,601,444,0.002664,0.096438,0.156227,0.000000,6.405306,0.126453,1,1,4.133100
cmp-00177,0.500000,37767000.000000,17.446946,41,FLEXIBLE,PUBLIC,2,1,0.500000,2.326076,874,549,0.002661,0.056279,0.113467,0.000000,4.652151,0.122490,1,1,4.133100
cmp-00178,0.150000,4001000.000000,15.202055,75,STRICT,PUBLIC,4,3,0.150000,0.409598,12,10,0.034133,0.020412,0.036409,0.009261,2.730651,0.250000,0,0,0.996401
cmp-00178,0.250000,4001000.000000,15.202055,75,STRICT,PUBLIC,4,3,0.250000,0.548238,18,16,0.030458,0.018485,0.029239,0.008031,2.192952,0.217391,0,0,0.996401
cmp-00178,0.500000,4001000.000000,15.202055,75,STRICT,PUBLIC,4,3,0.500000,0.831492,29,21,0.028672,0.005965,0.022173,0.004494,1.662984,0.236842,0,0,0.996401
cmp-00179,0.150000,10307000.000000,16.148334,49,FLEXIBLE,PUBLIC,5,3,0.150000,1.436955,225,169,0.006386,0.166724,0.195504,0.000000,9.579703,0.096386,1,1,4.228524
cmp-00179,0.250000,10307000.000000,16.148334,49,FLEXIBLE,PUBLIC,5,3,0.250000,1.756457,286,203,0.006141,0.065204,0.143384,0.000000,7.025827,0.106250,1,1,4.228524
cmp-00179,0.500000,10307000.000000,16.148334,49,FLEXIBLE,PUBLIC,5,3,0.500000,2.590162,399,253,0.006492,0.043303,0.105721,0.000000,5.180324,0.121145,1,1,4.228524
cmp-00180,0.150000,10127000.000000,16.130716,47,FLEXIBLE,PRIVATE_LINK,4,3,0.150000,1.770544,162,116,0.010929,0.211465,0.251141,0.000000,11.803627,0.124324,1,1,6.273497
cmp-00180,0.250000,10127000.000000,16.130716,47,FLEXIBLE,PRIVATE_LINK,4,3,0.250000,2.371620,227,137,0.010448,0.127889,0.201840,0.000000,9.486482,0.109804,1,1,6.273497
cmp-00180,0.500000,10127000.000000,16.130716,47,FLEXIBLE,PRIVATE_LINK,4,3,0.500000,3.598509,340,173,0.010584,0.093750,0.153128,0.000000,7.197018,0.100529,1,1,6.273497
cmp-00181,0.150000,21938000.000000,16.903731,23,FLEXIBLE,PUBLIC,0,1,0.150000,0.247438,41,39,0.006035,0.049654,0.071721,0.038494,1.649588,0.211538,0,0,0.627541
cmp-00181,0.250000,21938000.000000,16.903731,23,FLEXIBLE,PUBLIC,0,1,0.250000,0.287054,52,50,0.005520,0.017224,0.049923,0.041330,1.148218,0.235294,0,0,0.627541
cmp-00181,0.500000,21938000.000000,16.903731,23,FLEXIBLE,PUBLIC,0,1,0.500000,0.437437,75,67,0.005832,0.040557,0.038038,0.048918,0.874875,0.193548,0,0,0.627541
cmp-00182,0.150000,28704000.000000,17.172547,63,FLEXIBLE,PRIVATE_LINK,3,2,0.150000,0.603480,155,137,0.003893,0.059058,0.063860,0.007405,4.023202,0.104046,0,1,1.511563
cmp-00182,0.250000,28704000.000000,17.172547,63,FLEXIBLE,PRIVATE_LINK,3,2,0.250000,0.737455,193,165,0.003821,0.021266,0.046823,0.005557,2.949819,0.126697,0,1,1.511563
cmp-00182,0.500000,28704000.000000,17.172547,63,FLEXIBLE,PRIVATE_LINK,3,2,0.500000,0.947749,266,221,0.003563,0.011264,0.030087,0.001659,1.895499,0.107383,0,1,1.511563
cmp-00183,0.150000,3487000.000000,15.064552,49,FLEXIBLE,PUBLIC,3,1,0.150000,0.378664,17,17,0.022274,0.048173,0.051519,0.014918,2.524424,0.000000,0,1,1.464898
cmp-00183,0.250000,3487000.000000,15.064552,49,FLEXIBLE,PUBLIC,3,1,0.250000,0.483482,24,24,0.020145,0.021391,0.039468,0.014055,1.933926,0.040000,0,1,1.464898
cmp-00183,0.500000,3487000.000000,15.064552,49,FLEXIBLE,PUBLIC,3,1,0.500000,0.755635,37,34,0.020423,0.021169,0.030842,0.009974,1.511270,0.026316,0,1,1.464898
cmp-00184,0.150000,13096000.000000,16.387817,68,FLEXIBLE,PUBLIC,8,1,0.150000,0.179673,29,27,0.006196,0.008051,0.017615,0.014193,1.197821,0.093750,0,0,0.438607
cmp-00184,0.250000,13096000.000000,16.387817,68,FLEXIBLE,PUBLIC,8,1,0.250000,0.204322,36,32,0.005676,0.003625,0.012019,0.015602,0.817288,0.100000,0,0,0.438607
cmp-00184,0.500000,13096000.000000,16.387817,68,FLEXIBLE,PUBLIC,8,1,0.500000,0.279666,54,48,0.005179,0.004406,0.008225,0.021186,0.559331,0.084746,0,0,0.438607
cmp-00186,0.150000,7501000.000000,15.830547,18,FLEXIBLE,PUBLIC,2,3,0.150000,0.896494,72,57,0.012451,0.235317,0.332035,0.006765,5.976625,0.040000,0,1,2.334555
cmp-00186,0.250000,7501000.000000,15.830547,18,FLEXIBLE,PUBLIC,2,3,0.250000,1.223010,94,72,0.013011,0.181398,0.271780,0.000000,4.892041,0.078431,1,1,2.334555
cmp-00186,0.500000,7501000.000000,15.830547,18,FLEXIBLE,PUBLIC,2,3,0.500000,1.439501,116,82,0.012409,0.041691,0.159945,0.000000,2.879003,0.086614,1,1,2.334555
cmp-00187,0.150000,18639000.000000,16.740767,16,STRICT,PRIVATE_LINK,1,2,0.150000,0.414936,53,48,0.007829,0.155564,0.172890,0.043019,2.766243,0.116667,0,0,0.999523
cmp-00187,0.250000,18639000.000000,16.740767,16,STRICT,PRIVATE_LINK,1,2,0.250000,0.534406,71,64,0.007527,0.074669,0.133602,0.038799,2.137625,0.134146,0,0,0.999523
cmp-00187,0.500000,18639000.000000,16.740767,16,STRICT,PRIVATE_LINK,1,2,0.500000,0.703906,94,81,0.007488,0.060448,0.087988,0.037012,1.407812,0.145455,0,0,0.999523
cmp-00188,0.150000,13066000.000000,16.385524,56,FLEXIBLE,PUBLIC,5,1,0.150000,1.039744,175,141,0.005941,0.107173,0.123779,0.000000,6.931629,0.107143,1,1,3.500459
cmp-00188,0.250000,13066000.000000,16.385524,56,FLEXIBLE,PUBLIC,5,1,0.250000,1.426351,242,179,0.005894,0.069037,0.101882,0.000000,5.705403,0.097015,1,1,3.500459
cmp-00188,0.500000,13066000.000000,16.385524,56,FLEXIBLE,PUBLIC,5,1,0.500000,2.068552,352,227,0.005877,0.035712,0.073877,0.000000,4.137104,0.083333,1,1,3.500459
cmp-00189,0.150000,20449000.000000,16.833445,70,FLEXIBLE,PUBLIC,0,1,0.150000,0.224564,158,149,0.001421,0.015897,0.021387,0.013033,1.497090,0.131868,0,0,0.744066
cmp-00189,0.250000,20449000.000000,16.833445,70,FLEXIBLE,PUBLIC,0,1,0.250000,0.291833,209,198,0.001396,0.009610,0.016676,0.013489,1.167333,0.136364,0,0,0.744066
cmp-00189,0.500000,20449000.000000,16.833445,70,FLEXIBLE,PUBLIC,0,1,0.500000,0.419150,292,264,0.001435,0.007833,0.011976,0.016596,0.838300,0.133531,0,0,0.744066
cmp-00190,0.150000,3430000.000000,15.048071,15,FLEXIBLE,PUBLIC,4,3,0.150000,0.455860,23,20,0.019820,0.186025,0.202604,0.042678,3.039067,0.148148,0,0,0.967230
cmp-00190,0.250000,3430000.000000,15.048071,15,FLEXIBLE,PUBLIC,4,3,0.250000,0.488484,28,24,0.017446,0.021749,0.130262,0.045468,1.953936,0.151515,0,0,0.967230
cmp-00190,0.500000,3430000.000000,15.048071,15,FLEXIBLE,PUBLIC,4,3,0.500000,0.552799,35,30,0.015794,0.003557,0.073707,0.059627,1.105598,0.166667,0,0,0.967230
cmp-00191,0.150000,5091000.000000,15.442985,15,FLEXIBLE,PUBLIC,4,3,0.150000,0.646081,42,36,0.015383,0.332456,0.287147,0.027758,4.307209,0.086957,0,1,1.396445
cmp-00191,0.250000,5091000.000000,15.442985,15,FLEXIBLE,PUBLIC,4,3,0.250000,0.779572,52,44,0.014992,0.088994,0.207886,0.019594,3.118287,0.087719,0,1,1.396445
cmp-00191,0.500000,5091000.000000,15.442985,15,FLEXIBLE,PUBLIC,4,3,0.500000,0.902848,62,52,0.014562,0.047352,0.120380,0.012954,1.805696,0.138889,0,1,1.396445
cmp-00192,0.150000,9708000.000000,16.088461,62,STRICT,PUBLIC,5,2,0.150000,0.217285,23,23,0.009447,0.016235,0.023364,0.014852,1.448565,0.148148,0,0,0.999557
cmp-00192,0.250000,9708000.000000,16.088461,62,STRICT,PUBLIC,5,2,0.250000,0.478822,36,34,0.013301,0.042183,0.030892,0.011208,1.915286,0.142857,0,0,0.999557
cmp-00192,0.500000,9708000.000000,16.088461,62,STRICT,PUBLIC,5,2,0.500000,0.715297,50,48,0.014306,0.008379,0.023074,0.009184,1.430593,0.122807,0,0,0.999557
cmp-00193,0.150000,4848000.000000,15.394077,83,FLEXIBLE,PRIVATE_LINK,2,2,0.150000,0.265532,15,15,0.017702,0.020545,0.021328,0.010411,1.770215,0.210526,0,0,0.805569
cmp-00193,0.250000,4848000.000000,15.394077,83,FLEXIBLE,PRIVATE_LINK,2,2,0.250000,0.337768,19,18,0.017777,0.008703,0.016278,0.010638,1.351073,0.173913,0,0,0.805569
cmp-00193,0.500000,4848000.000000,15.394077,83,FLEXIBLE,PRIVATE_LINK,2,2,0.500000,0.467203,32,26,0.014600,0.005559,0.011258,0.012838,0.934406,0.135135,0,0,0.805569
cmp-00194,0.150000,20542000.000000,16.837982,33,FLEXIBLE,PUBLIC,2,2,0.150000,0.636277,138,117,0.004611,0.105292,0.128541,0.012967,4.241846,0.092105,0,1,1.891724
cmp-00194,0.250000,20542000.000000,16.837982,33,FLEXIBLE,PUBLIC,2,2,0.250000,0.822398,183,153,0.004494,0.056400,0.099685,0.007176,3.289592,0.094059,0,1,1.891724
cmp-00194,0.500000,20542000.000000,16.837982,33,FLEXIBLE,PUBLIC,2,2,0.500000,1.165724,253,206,0.004608,0.040610,0.070650,0.000000,2.331448,0.102837,1,1,1.891724
cmp-00195,0.150000,9761000.000000,16.093905,55,CLOSE_ON_TARGET,PUBLIC,1,1,0.150000,0.171028,25,24,0.006841,0.023561,0.020731,0.017732,1.140184,0.166667,0,0,0.614773
cmp-00195,0.250000,9761000.000000,16.093905,55,CLOSE_ON_TARGET,PUBLIC,1,1,0.250000,0.256849,35,33,0.007339,0.015604,0.018680,0.018016,1.027395,0.125000,0,0,0.614773
cmp-00195,0.500000,9761000.000000,16.093905,55,CLOSE_ON_TARGET,PUBLIC,1,1,0.500000,0.349524,48,42,0.007282,0.008818,0.012710,0.023654,0.699047,0.094340,0,0,0.614773
cmp-00196,0.150000,7106000.000000,15.776450,82,FLEXIBLE,PUBLIC,3,2,0.150000,0.388967,21,18,0.018522,0.029836,0.031623,0.008767,2.593114,0.160000,0,0,0.859935
cmp-00196,0.250000,7106000.000000,15.776450,82,FLEXIBLE,PUBLIC,3,2,0.250000,0.474191,29,26,0.016351,0.010393,0.023131,0.008550,1.896763,0.121212,0,0,0.859935
cmp-00196,0.500000,7106000.000000,15.776450,82,FLEXIBLE,PUBLIC,3,2,0.500000,0.632353,41,36,0.015423,0.005469,0.015423,0.008967,1.264706,0.088889,0,0,0.859935
cmp-00197,0.150000,4622000.000000,15.346338,39,FLEXIBLE,PUBLIC,0,3,0.150000,0.057940,5,5,0.011588,0.009209,0.009904,0.028418,0.386269,0.000000,0,0,0.283449
cmp-00197,0.250000,4622000.000000,15.346338,39,FLEXIBLE,PUBLIC,0,3,0.250000,0.213847,9,9,0.023761,0.039976,0.021933,0.026877,0.855387,0.000000,0,0,0.283449
cmp-00197,0.500000,4622000.000000,15.346338,39,FLEXIBLE,PUBLIC,0,3,0.500000,0.214777,10,10,0.021478,0.000239,0.011014,0.040268,0.429554,0.090909,0,0,0.283449
cmp-00198,0.150000,4049000.000000,15.213980,68,FLEXIBLE,PUBLIC,0,1,0.150000,0.526155,57,50,0.009231,0.030124,0.051584,0.008198,3.507697,0.208333,0,1,2.173623
cmp-00198,0.250000,4049000.000000,15.213980,68,FLEXIBLE,PUBLIC,0,1,0.250000,0.756088,76,63,0.009949,0.033814,0.044476,0.004783,3.024352,0.224490,0,1,2.173623
cmp-00198,0.500000,4049000.000000,15.213980,68,FLEXIBLE,PUBLIC,0,1,0.500000,1.139121,112,84,0.010171,0.022362,0.033504,0.000000,2.278242,0.194245,1,1,2.173623
cmp-00199,0.150000,2991000.000000,14.911118,59,FLEXIBLE,PUBLIC,2,3,0.150000,0.679405,11,11,0.061764,0.093529,0.076769,0.006393,4.529366,0.083333,0,1,1.261718
cmp-00199,0.250000,2991000.000000,14.911118,59,FLEXIBLE,PUBLIC,2,3,0.250000,0.788365,17,15,0.046374,0.018468,0.053448,0.004783,3.153460,0.105263,0,1,1.261718
cmp-00199,0.500000,2991000.000000,14.911118,59,FLEXIBLE,PUBLIC,2,3,0.500000,0.945336,22,18,0.042970,0.006732,0.032045,0.001853,1.890672,0.153846,0,1,1.261718
cmp-00200,0.150000,13672000.000000,16.430861,67,FLEXIBLE,PUBLIC,4,1,0.150000,0.192496,23,23,0.008369,0.015258,0.019154,0.014179,1.283304,0.080000,0,0,0.738509
cmp-00200,0.250000,13672000.000000,16.430861,67,FLEXIBLE,PUBLIC,4,1,0.250000,0.293015,32,31,0.009157,0.015003,0.017493,0.014069,1.172060,0.085714,0,0,0.738509
cmp-00200,0.500000,13672000.000000,16.430861,67,FLEXIBLE,PUBLIC,4,1,0.500000,0.330844,39,36,0.008483,0.003246,0.009876,0.019975,0.661688,0.093023,0,0,0.738509
cmp-00201,0.150000,8377000.000000,15.941000,48,STRICT,PRIVATE_LINK,3,2,0.150000,0.681079,60,53,0.011351,0.061930,0.094594,0.007817,4.540528,0.104478,0,0,0.999857
cmp-00201,0.250000,8377000.000000,15.941000,48,STRICT,PRIVATE_LINK,3,2,0.250000,0.844336,79,65,0.010688,0.034012,0.070361,0.004324,3.377343,0.091954,0,0,0.999857
cmp-00201,0.500000,8377000.000000,15.941000,48,STRICT,PRIVATE_LINK,3,2,0.500000,0.996264,91,72,0.010948,0.000000,0.041511,0.000156,1.992527,0.092437,0,0,0.999857
cmp-00202,0.150000,4779000.000000,15.379742,23,FLEXIBLE,PRIVATE_LINK,1,3,0.150000,0.298870,13,12,0.022990,0.065313,0.086629,0.035863,1.992467,0.187500,0,1,1.027914
cmp-00202,0.250000,4779000.000000,15.379742,23,FLEXIBLE,PRIVATE_LINK,1,3,0.250000,0.431178,18,16,0.023954,0.057525,0.074987,0.032975,1.724712,0.217391,0,1,1.027914
cmp-00202,0.500000,4779000.000000,15.379742,23,FLEXIBLE,PRIVATE_LINK,1,3,0.500000,0.644612,26,23,0.024793,0.025610,0.056053,0.030903,1.289224,0.212121,0,1,1.027914
cmp-00203,0.150000,4933000.000000,15.411458,64,CLOSE_ON_TARGET,PUBLIC,3,3,0.150000,0.195338,16,16,0.012209,0.017519,0.020348,0.014792,1.302250,0.304348,0,0,0.720718
cmp-00203,0.250000,4933000.000000,15.411458,64,CLOSE_ON_TARGET,PUBLIC,3,3,0.250000,0.271336,25,23,0.010853,0.011875,0.016958,0.015181,1.085344,0.242424,0,0,0.720718
cmp-00203,0.500000,4933000.000000,15.411458,64,CLOSE_ON_TARGET,PUBLIC,3,3,0.500000,0.501176,41,36,0.012224,0.010104,0.015662,0.015588,1.002352,0.196078,0,0,0.720718
cmp-00204,0.150000,17262000.000000,16.664018,21,FLEXIBLE,PUBLIC,5,1,0.150000,0.258284,56,51,0.004612,0.075351,0.081995,0.041553,1.721894,0.096774,0,0,0.793657
cmp-00204,0.250000,17262000.000000,16.664018,21,FLEXIBLE,PUBLIC,5,1,0.250000,0.317605,70,65,0.004537,0.028248,0.060496,0.043327,1.270421,0.102564,0,0,0.793657
cmp-00204,0.500000,17262000.000000,16.664018,21,FLEXIBLE,PUBLIC,5,1,0.500000,0.421139,102,91,0.004129,0.014441,0.040108,0.055130,0.842278,0.113043,0,0,0.793657
cmp-00205,0.150000,1700000.000000,14.346139,63,FLEXIBLE,PUBLIC,3,3,0.150000,0.498059,25,22,0.019922,0.070654,0.052705,0.009373,3.320392,0.166667,0,1,1.279000
cmp-00205,0.250000,1700000.000000,14.346139,63,FLEXIBLE,PUBLIC,3,3,0.250000,0.522176,28,24,0.018649,0.003828,0.033154,0.010113,2.088706,0.176471,0,1,1.279000
cmp-00205,0.500000,1700000.000000,14.346139,63,FLEXIBLE,PUBLIC,3,3,0.500000,0.706471,34,28,0.020779,0.025882,0.022428,0.009318,1.412941,0.190476,0,1,1.279000
cmp-00206,0.150000,34144000.000000,17.346097,17,FLEXIBLE,PRIVATE_LINK,3,1,0.150000,0.141741,35,35,0.004050,0.038699,0.055585,0.059395,0.944939,0.054054,0,0,0.537854
cmp-00206,0.250000,34144000.000000,17.346097,17,FLEXIBLE,PRIVATE_LINK,3,1,0.250000,0.250029,49,49,0.005103,0.063699,0.058830,0.058821,1.000117,0.057692,0,0,0.537854
cmp-00206,0.500000,34144000.000000,17.346097,17,FLEXIBLE,PRIVATE_LINK,3,1,0.500000,0.298008,62,61,0.004807,0.014823,0.035060,0.082587,0.596017,0.088235,0,0,0.537854
cmp-00207,0.150000,8665000.000000,15.974802,90,FLEXIBLE,PRIVATE_LINK,1,3,0.150000,0.337346,35,34,0.009638,0.016989,0.024989,0.008662,2.248971,0.186047,0,1,1.373226
cmp-00207,0.250000,8665000.000000,15.974802,90,FLEXIBLE,PRIVATE_LINK,1,3,0.250000,0.447986,50,47,0.008960,0.012293,0.019910,0.008178,1.791945,0.137931,0,1,1.373226
cmp-00207,0.500000,8665000.000000,15.974802,90,FLEXIBLE,PRIVATE_LINK,1,3,0.500000,0.681858,80,66,0.008523,0.008025,0.015152,0.007070,1.363716,0.111111,0,1,1.373226
cmp-00208,0.150000,7292000.000000,15.802288,83,CLOSE_ON_TARGET,PRIVATE_LINK,1,2,0.150000,0.409366,27,26,0.015162,0.021188,0.032881,0.008372,2.729110,0.100000,0,1,1.001563
cmp-00208,0.250000,7292000.000000,15.802288,83,CLOSE_ON_TARGET,PRIVATE_LINK,1,2,0.250000,0.531802,38,34,0.013995,0.014751,0.025629,0.007521,2.127208,0.073171,0,1,1.001563
cmp-00208,0.500000,7292000.000000,15.802288,83,CLOSE_ON_TARGET,PRIVATE_LINK,1,2,0.500000,0.697230,57,49,0.012232,0.004659,0.016801,0.007296,1.394460,0.149254,0,1,1.001563
cmp-00209,0.150000,16262000.000000,16.604342,68,STRICT,PUBLIC,3,1,0.150000,0.086275,11,11,0.007843,0.003832,0.008458,0.015808,0.575165,0.214286,0,0,0.328041
cmp-00209,0.250000,16262000.000000,16.604342,68,STRICT,PUBLIC,3,1,0.250000,0.093187,14,14,0.006656,0.001016,0.005482,0.017781,0.372746,0.176471,0,0,0.328041
cmp-00209,0.500000,16262000.000000,16.604342,68,STRICT,PUBLIC,3,1,0.500000,0.181171,22,22,0.008235,0.005571,0.005329,0.024083,0.362342,0.120000,0,0,0.328041
cmp-00210,0.150000,14667000.000000,16.501111,79,CLOSE_ON_TARGET,PUBLIC,1,2,0.150000,0.195030,37,36,0.005271,0.016939,0.016458,0.011988,1.300198,0.051282,0,0,0.584216
cmp-00210,0.250000,14667000.000000,16.501111,79,CLOSE_ON_TARGET,PUBLIC,1,2,0.250000,0.245960,52,50,0.004730,0.006447,0.012454,0.012726,0.983841,0.071429,0,0,0.584216
cmp-00210,0.500000,14667000.000000,16.501111,79,CLOSE_ON_TARGET,PUBLIC,1,2,0.500000,0.332979,78,72,0.004269,0.002508,0.008430,0.016887,0.665958,0.103448,0,0,0.584216
cmp-00211,0.150000,7518000.000000,15.832811,69,FLEXIBLE,PUBLIC,2,1,0.150000,0.132402,12,12,0.011034,0.011807,0.012792,0.014793,0.882682,0.076923,0,0,0.929702
cmp-00211,0.250000,7518000.000000,15.832811,69,FLEXIBLE,PUBLIC,2,1,0.250000,0.248178,22,22,0.011281,0.016779,0.014387,0.014528,0.992711,0.043478,0,0,0.929702
cmp-00211,0.500000,7518000.000000,15.832811,69,FLEXIBLE,PUBLIC,2,1,0.500000,0.340263,33,30,0.010311,0.007100,0.009863,0.019123,0.680527,0.029412,0,0,0.929702
cmp-00212,0.150000,9613000.000000,16.078627,85,FLEXIBLE,PRIVATE_LINK,4,2,0.150000,0.267960,33,30,0.008120,0.022222,0.021016,0.010132,1.786400,0.153846,0,1,1.129065
cmp-00212,0.250000,9613000.000000,16.078627,85,FLEXIBLE,PRIVATE_LINK,4,2,0.250000,0.369562,44,39,0.008399,0.011953,0.017391,0.009889,1.478248,0.137255,0,1,1.129065
cmp-00212,0.500000,9613000.000000,16.078627,85,FLEXIBLE,PRIVATE_LINK,4,2,0.500000,0.542037,57,48,0.009509,0.013168,0.012754,0.010776,1.084074,0.173913,0,1,1.129065
cmp-00213,0.150000,11196000.000000,16.231067,24,CLOSE_ON_TARGET,PUBLIC,5,1,0.150000,0.378716,27,25,0.014027,0.113098,0.105199,0.030455,2.524771,0.100000,0,1,1.015952
cmp-00213,0.250000,11196000.000000,16.231067,24,CLOSE_ON_TARGET,PUBLIC,5,1,0.250000,0.449812,35,32,0.012852,0.029624,0.074969,0.030566,1.799250,0.125000,0,1,1.015952
cmp-00213,0.500000,11196000.000000,16.231067,24,CLOSE_ON_TARGET,PUBLIC,5,1,0.500000,0.601206,50,44,0.012024,0.025121,0.050100,0.033233,1.202412,0.166667,0,1,1.015952
cmp-00214,0.150000,7569000.000000,15.839572,62,FLEXIBLE,PRIVATE_LINK,4,2,0.150000,0.925763,73,58,0.012682,0.094164,0.099544,0.001409,6.171753,0.120482,0,1,3.095231
cmp-00214,0.250000,7569000.000000,15.839572,62,FLEXIBLE,PRIVATE_LINK,4,2,0.250000,1.254855,101,76,0.012424,0.053079,0.080958,0.000000,5.019421,0.106195,1,1,3.095231
cmp-00214,0.500000,7569000.000000,15.839572,62,FLEXIBLE,PRIVATE_LINK,4,2,0.500000,1.747919,145,97,0.012055,0.029343,0.056384,0.000000,3.495838,0.110429,1,1,3.095231
cmp-00215,0.150000,2378000.000000,14.681770,68,FLEXIBLE,PUBLIC,4,1,0.150000,0.366779,20,19,0.018339,0.029226,0.035959,0.010955,2.445192,0.090909,0,1,1.595879
cmp-00215,0.250000,2378000.000000,14.681770,68,FLEXIBLE,PUBLIC,4,1,0.250000,0.481245,22,20,0.021875,0.016833,0.028309,0.010172,1.924979,0.120000,0,1,1.595879
cmp-00215,0.500000,2378000.000000,14.681770,68,FLEXIBLE,PUBLIC,4,1,0.500000,0.775610,31,26,0.025020,0.006221,0.022812,0.006600,1.551220,0.088235,0,1,1.595879
cmp-00216,0.150000,8518000.000000,15.957692,15,FLEXIBLE,PUBLIC,2,3,0.150000,0.400035,34,32,0.011766,0.119011,0.177793,0.047056,2.666901,0.128205,0,1,1.177859
cmp-00216,0.250000,8518000.000000,15.957692,15,FLEXIBLE,PUBLIC,2,3,0.250000,0.464663,42,39,0.011063,0.043085,0.123910,0.047586,1.858652,0.192308,0,1,1.177859
cmp-00216,0.500000,8518000.000000,15.957692,15,FLEXIBLE,PUBLIC,2,3,0.500000,0.545058,51,48,0.010687,0.018322,0.072674,0.060659,1.090115,0.190476,0,1,1.177859
cmp-00217,0.150000,38256000.000000,17.459811,25,FLEXIBLE,PUBLIC,1,3,0.150000,0.656582,448,386,0.001466,0.146595,0.175089,0.016161,4.377213,0.123288,0,1,1.954120
cmp-00217,0.250000,38256000.000000,17.459811,25,FLEXIBLE,PUBLIC,1,3,0.250000,0.889521,597,492,0.001490,0.093175,0.142323,0.005892,3.558082,0.115556,0,1,1.954120
cmp-00217,0.500000,38256000.000000,17.459811,25,FLEXIBLE,PUBLIC,1,3,0.500000,1.207209,822,622,0.001469,0.041939,0.096577,0.000000,2.414419,0.125532,1,1,1.954120
cmp-00218,0.150000,12690000.000000,16.356325,89,CLOSE_ON_TARGET,PUBLIC,3,3,0.150000,0.458148,45,39,0.010181,0.029032,0.034318,0.007163,3.054321,0.166667,0,1,1.014137
cmp-00218,0.250000,12690000.000000,16.356325,89,CLOSE_ON_TARGET,PUBLIC,3,3,0.250000,0.610315,57,47,0.010707,0.017097,0.027430,0.005838,2.441261,0.161765,0,1,1.014137
cmp-00218,0.500000,12690000.000000,16.356325,89,CLOSE_ON_TARGET,PUBLIC,3,3,0.500000,0.920717,94,73,0.009795,0.015129,0.020690,0.001782,1.841434,0.153153,0,1,1.014137
cmp-00219,0.150000,5940000.000000,15.597220,63,CLOSE_ON_TARGET,PUBLIC,3,3,0.150000,0.763300,59,53,0.012937,0.080656,0.080772,0.004420,5.088664,0.119403,0,1,1.067424
cmp-00219,0.250000,5940000.000000,15.597220,63,CLOSE_ON_TARGET,PUBLIC,3,3,0.250000,1.047138,79,66,0.013255,0.045054,0.066485,0.000000,4.188552,0.112360,1,1,1.067424
cmp-00220,0.150000,3669000.000000,15.115430,49,FLEXIBLE,PUBLIC,2,2,0.150000,0.552576,23,22,0.024025,0.078290,0.075180,0.010742,3.683838,0.041667,0,1,2.365576
cmp-00220,0.250000,3669000.000000,15.115430,49,FLEXIBLE,PUBLIC,2,2,0.250000,0.734805,31,28,0.023703,0.037190,0.059984,0.007216,2.939220,0.031250,0,1,2.365576
cmp-00220,0.500000,3669000.000000,15.115430,49,FLEXIBLE,PUBLIC,2,2,0.500000,1.114827,53,41,0.021034,0.022744,0.045503,0.000000,2.229654,0.116667,1,1,2.365576
cmp-00221,0.150000,858000.000000,13.662359,77,FLEXIBLE,PUBLIC,2,2,0.150000,0.084965,2,2,0.042483,0.000000,0.007356,0.013981,0.566434,0.000000,0,1,1.532634
cmp-00221,0.250000,858000.000000,13.662359,77,FLEXIBLE,PUBLIC,2,2,0.250000,0.182867,3,3,0.060956,0.012715,0.009500,0.014149,0.731469,0.000000,0,1,1.532634
cmp-00221,0.500000,858000.000000,13.662359,77,FLEXIBLE,PUBLIC,2,2,0.500000,0.346503,6,5,0.057751,0.000000,0.009000,0.016974,0.693007,0.000000,0,1,1.532634
cmp-00222,0.150000,4885000.000000,15.401680,59,FLEXIBLE,PUBLIC,4,1,0.150000,0.370972,21,19,0.017665,0.040976,0.041918,0.012543,2.473149,0.086957,0,0,0.997114
cmp-00222,0.250000,4885000.000000,15.401680,59,FLEXIBLE,PUBLIC,4,1,0.250000,0.397625,23,19,0.017288,0.004517,0.026958,0.013613,1.590502,0.080000,0,0,0.997114
cmp-00222,0.500000,4885000.000000,15.401680,59,FLEXIBLE,PUBLIC,4,1,0.500000,0.638669,30,23,0.021289,0.019319,0.021650,0.012248,1.277339,0.062500,0,0,0.997114
cmp-00223,0.150000,14122000.000000,16.463244,27,FLEXIBLE,PUBLIC,5,2,0.150000,0.248017,53,49,0.004680,0.052741,0.061239,0.032766,1.653449,0.184615,0,1,1.042728
cmp-00223,0.250000,14122000.000000,16.463244,27,FLEXIBLE,PUBLIC,5,2,0.250000,0.406125,79,72,0.005141,0.058558,0.060167,0.029327,1.624501,0.193878,0,1,1.042728
cmp-00223,0.500000,14122000.000000,16.463244,27,FLEXIBLE,PUBLIC,5,2,0.500000,0.615033,114,100,0.005395,0.030134,0.045558,0.028516,1.230067,0.167883,0,1,1.042728
cmp-00224,0.150000,1380000.000000,14.137594,63,FLEXIBLE,PUBLIC,2,1,0.150000,0.451014,6,6,0.075169,0.031539,0.047726,0.010252,3.006763,0.000000,0,1,1.492899
cmp-00224,0.250000,1380000.000000,14.137594,63,FLEXIBLE,PUBLIC,2,1,0.250000,0.714638,10,10,0.071464,0.041845,0.045374,0.006039,2.858551,0.000000,0,1,1.492899
cmp-00224,0.500000,1380000.000000,14.137594,63,FLEXIBLE,PUBLIC,2,1,0.500000,1.268116,14,13,0.090580,0.000000,0.040258,0.000000,2.536232,0.000000,1,1,1.492899
cmp-00225,0.150000,20403000.000000,16.831193,24,CLOSE_ON_TARGET,PUBLIC,0,3,0.150000,0.387575,99,93,0.003915,0.072342,0.107660,0.030021,2.583836,0.066038,0,1,1.001524
cmp-00225,0.250000,20403000.000000,16.831193,24,CLOSE_ON_TARGET,PUBLIC,0,3,0.250000,0.480292,122,113,0.003937,0.038632,0.080049,0.028873,1.921168,0.089552,0,1,1.001524
cmp-00225,0.500000,20403000.000000,16.831193,24,CLOSE_ON_TARGET,PUBLIC,0,3,0.500000,0.688781,165,144,0.004174,0.024551,0.057398,0.025935,1.377562,0.098361,0,1,1.001524
cmp-00226,0.150000,5019000.000000,15.428741,67,FLEXIBLE,PUBLIC,2,3,0.150000,0.365989,26,22,0.014077,0.033705,0.036417,0.011133,2.439928,0.037037,0,1,1.013250
cmp-00226,0.250000,5019000.000000,15.428741,67,FLEXIBLE,PUBLIC,2,3,0.250000,0.425224,33,27,0.012886,0.008841,0.025387,0.011438,1.700897,0.057143,0,1,1.013250
cmp-00226,0.500000,5019000.000000,15.428741,67,FLEXIBLE,PUBLIC,2,3,0.500000,0.519865,45,38,0.011553,0.004395,0.015518,0.014332,1.039729,0.081633,0,1,1.013250
cmp-00227,0.150000,4315000.000000,15.277608,72,FLEXIBLE,PUBLIC,3,3,0.150000,0.549571,24,22,0.022899,0.063371,0.050886,0.007360,3.663808,0.076923,0,1,1.698795
cmp-00227,0.250000,4315000.000000,15.277608,72,FLEXIBLE,PUBLIC,3,3,0.250000,0.724519,32,25,0.022641,0.024298,0.040251,0.005101,2.898076,0.058824,0,1,1.698795
cmp-00227,0.500000,4315000.000000,15.277608,72,FLEXIBLE,PUBLIC,3,3,0.500000,1.080811,45,33,0.024018,0.026584,0.030023,0.000000,2.161622,0.042553,1,1,1.698795
cmp-00228,0.150000,14310000.000000,16.476469,69,FLEXIBLE,PUBLIC,3,2,0.150000,0.335821,86,76,0.003905,0.026579,0.032446,0.011324,2.238807,0.075269,0,0,0.991663
cmp-00228,0.250000,14310000.000000,16.476469,69,FLEXIBLE,PUBLIC,3,2,0.250000,0.452460,104,91,0.004351,0.016904,0.026230,0.010580,1.809839,0.071429,0,0,0.991663
cmp-00228,0.500000,14310000.000000,16.476469,69,FLEXIBLE,PUBLIC,3,2,0.500000,0.586247,143,120,0.004100,0.003492,0.016993,0.011993,1.172495,0.065359,0,0,0.991663
cmp-00229,0.150000,35962000.000000,17.397973,64,STRICT,PUBLIC,1,1,0.150000,0.257280,126,117,0.002042,0.018487,0.026800,0.013653,1.715199,0.086957,0,0,0.723850
cmp-00229,0.250000,35962000.000000,17.397973,64,STRICT,PUBLIC,1,1,0.250000,0.334587,163,148,0.002053,0.012079,0.020912,0.013863,1.338346,0.104396,0,0,0.723850
cmp-00229,0.500000,35962000.000000,17.397973,64,STRICT,PUBLIC,1,1,0.500000,0.434840,222,199,0.001959,0.004332,0.013589,0.017661,0.869679,0.108434,0,0,0.723850
cmp-00230,0.150000,7322000.000000,15.806394,90,FLEXIBLE,PRIVATE_LINK,3,1,0.150000,0.596504,43,39,0.013872,0.033737,0.044185,0.005274,3.976691,0.085106,0,1,1.627301
cmp-00230,0.250000,7322000.000000,15.806394,90,FLEXIBLE,PRIVATE_LINK,3,1,0.250000,0.693977,52,46,0.013346,0.010830,0.030843,0.004534,2.775908,0.103448,0,1,1.627301
cmp-00230,0.500000,7322000.000000,15.806394,90,FLEXIBLE,PRIVATE_LINK,3,1,0.500000,1.078708,72,57,0.014982,0.011084,0.023971,0.000000,2.157416,0.088608,1,1,1.627301
cmp-00231,0.150000,4713000.000000,15.365835,39,FLEXIBLE,PRIVATE_LINK,6,1,0.150000,1.070443,46,37,0.023271,0.136246,0.182982,0.000000,7.136290,0.021277,1,1,3.264587
cmp-00231,0.250000,4713000.000000,15.365835,39,FLEXIBLE,PRIVATE_LINK,6,1,0.250000,1.532760,65,48,0.023581,0.118543,0.157206,0.000000,6.131042,0.084507,1,1,3.264587
cmp-00231,0.500000,4713000.000000,15.365835,39,FLEXIBLE,PRIVATE_LINK,6,1,0.500000,1.948398,90,66,0.021649,0.028699,0.099918,0.000000,3.896796,0.117647,1,1,3.264587
cmp-00232,0.150000,22637000.000000,16.935096,32,STRICT,PUBLIC,3,1,0.150000,0.201445,93,88,0.002166,0.038246,0.041968,0.029359,1.342964,0.138889,0,0,0.662954
cmp-00232,0.250000,22637000.000000,16.935096,32,STRICT,PUBLIC,3,1,0.250000,0.262380,121,115,0.002168,0.019042,0.032798,0.030734,1.049521,0.159722,0,0,0.662954
cmp-00232,0.500000,22637000.000000,16.935096,32,STRICT,PUBLIC,3,1,0.500000,0.385210,178,168,0.002164,0.015622,0.024076,0.038424,0.770420,0.152381,0,0,0.662954
cmp-00233,0.150000,6321000.000000,15.659388,33,STRICT,PUBLIC,2,3,0.150000,0.682408,39,35,0.017498,0.126615,0.137860,0.011322,4.549386,0.093023,0,0,0.999272
cmp-00233,0.250000,6321000.000000,15.659388,33,STRICT,PUBLIC,2,3,0.250000,0.917750,52,46,0.017649,0.071316,0.111242,0.003323,3.671001,0.071429,0,0,0.999272
cmp-00233,0.500000,6321000.000000,15.659388,33,STRICT,PUBLIC,2,3,0.500000,0.997231,56,48,0.017808,0.000000,0.060438,0.000168,1.994463,0.055556,0,0,0.999272
cmp-00234,0.150000,7223000.000000,15.792781,56,STRICT,PUBLIC,3,1,0.150000,0.316738,33,30,0.009598,0.031002,0.037707,0.014354,2.111588,0.057143,0,0,0.900761
cmp-00234,0.250000,7223000.000000,15.792781,56,STRICT,PUBLIC,3,1,0.250000,0.417929,42,38,0.009951,0.018070,0.029852,0.013859,1.671715,0.086957,0,0,0.900761
cmp-00234,0.500000,7223000.000000,15.792781,56,STRICT,PUBLIC,3,1,0.500000,0.488620,55,49,0.008884,0.000000,0.017451,0.018264,0.977239,0.083333,0,0,0.900761
cmp-00235,0.150000,13534000.000000,16.420716,84,FLEXIBLE,PRIVATE_LINK,2,2,0.150000,0.320726,14,13,0.022909,0.035473,0.025454,0.009514,2.138171,0.222222,0,0,0.960662
cmp-00235,0.250000,13534000.000000,16.420716,84,FLEXIBLE,PRIVATE_LINK,2,2,0.250000,0.429792,21,20,0.020466,0.012984,0.020466,0.009051,1.719167,0.160000,0,0,0.960662
cmp-00235,0.500000,13534000.000000,16.420716,84,FLEXIBLE,PRIVATE_LINK,2,2,0.500000,0.481277,27,25,0.017825,0.001649,0.011459,0.012351,0.962554,0.156250,0,0,0.960662
cmp-00236,0.150000,8331000.000000,15.935494,32,FLEXIBLE,PUBLIC,2,2,0.150000,1.024943,76,65,0.013486,0.177443,0.213530,0.000000,6.832953,0.084337,1,1,3.198656
cmp-00236,0.250000,8331000.000000,15.935494,32,FLEXIBLE,PUBLIC,2,2,0.250000,1.468227,106,80,0.013851,0.138526,0.183528,0.000000,5.872908,0.094017,1,1,3.198656
cmp-00236,0.500000,8331000.000000,15.935494,32,FLEXIBLE,PUBLIC,2,2,0.500000,1.949910,146,102,0.013356,0.057894,0.121869,0.000000,3.899820,0.104294,1,1,3.198656
cmp-00237,0.150000,3739000.000000,15.134329,20,FLEXIBLE,PUBLIC,7,2,0.150000,0.324819,30,29,0.010827,0.056780,0.108273,0.039717,2.165463,0.090909,0,1,1.357368
cmp-00237,0.250000,3739000.000000,15.134329,20,FLEXIBLE,PUBLIC,7,2,0.250000,0.438941,38,34,0.011551,0.057061,0.087788,0.037404,1.755764,0.095238,0,1,1.357368
cmp-00237,0.500000,3739000.000000,15.134329,20,FLEXIBLE,PUBLIC,7,2,0.500000,0.693501,53,45,0.013085,0.113881,0.069350,0.030650,1.387002,0.070175,0,1,1.357368
cmp-00238,0.150000,6278000.000000,15.652562,85,FLEXIBLE,PUBLIC,4,3,0.150000,0.347658,27,24,0.012876,0.020535,0.027267,0.009029,2.317723,0.068966,0,1,1.309541
cmp-00238,0.250000,6278000.000000,15.652562,85,FLEXIBLE,PUBLIC,4,3,0.250000,0.508378,37,34,0.013740,0.018908,0.023924,0.007712,2.033514,0.051282,0,1,1.309541
cmp-00238,0.500000,6278000.000000,15.652562,85,FLEXIBLE,PUBLIC,4,3,0.500000,0.634183,49,40,0.012943,0.003294,0.014922,0.008607,1.268366,0.057692,0,1,1.309541
cmp-00239,0.150000,9252000.000000,16.040350,19,CLOSE_ON_TARGET,PUBLIC,1,1,0.150000,0.264343,55,55,0.004806,0.087685,0.092752,0.045552,1.762286,0.126984,0,0,0.630134
cmp-00239,0.250000,9252000.000000,16.040350,19,CLOSE_ON_TARGET,PUBLIC,1,1,0.250000,0.302853,67,65,0.004520,0.020269,0.063759,0.048923,1.211414,0.129870,0,0,0.630134
cmp-00239,0.500000,9252000.000000,16.040350,19,CLOSE_ON_TARGET,PUBLIC,1,1,0.500000,0.407220,87,82,0.004681,0.011150,0.042865,0.062398,0.814440,0.155340,0,0,0.630134
cmp-00240,0.150000,8655000.000000,15.973648,67,CLOSE_ON_TARGET,PRIVATE_LINK,1,3,0.150000,0.473091,57,54,0.008300,0.032544,0.047074,0.009252,3.153938,0.095238,0,1,1.007256
cmp-00240,0.250000,8655000.000000,15.973648,67,CLOSE_ON_TARGET,PRIVATE_LINK,1,3,0.250000,0.627972,74,69,0.008486,0.023117,0.037491,0.007404,2.511889,0.086420,0,1,1.007256
cmp-00240,0.500000,8655000.000000,15.973648,67,CLOSE_ON_TARGET,PRIVATE_LINK,1,3,0.500000,0.857158,105,91,0.008163,0.016877,0.025587,0.004264,1.714315,0.086957,0,1,1.007256
cmp-00241,0.150000,7364000.000000,15.812114,44,CLOSE_ON_TARGET,PUBLIC,4,2,0.150000,0.526684,44,39,0.011970,0.055648,0.079801,0.012656,3.511226,0.043478,0,1,1.019473
cmp-00241,0.250000,7364000.000000,15.812114,44,CLOSE_ON_TARGET,PUBLIC,4,2,0.250000,0.644718,58,49,0.011116,0.026826,0.058611,0.010766,2.578870,0.107692,0,1,1.019473
cmp-00241,0.500000,7364000.000000,15.812114,44,CLOSE_ON_TARGET,PUBLIC,4,2,0.500000,0.860674,83,65,0.010370,0.026076,0.039122,0.006333,1.721347,0.097826,0,1,1.019473
cmp-00242,0.150000,2761000.000000,14.831103,84,FLEXIBLE,PUBLIC,4,2,0.150000,0.326693,10,10,0.032669,0.010879,0.025928,0.009430,2.177955,0.090909,0,0,0.927454
cmp-00242,0.250000,2761000.000000,14.831103,84,FLEXIBLE,PUBLIC,4,2,0.250000,0.375806,12,12,0.031317,0.005847,0.017896,0.009908,1.503223,0.076923,0,0,0.927454
cmp-00242,0.500000,2761000.000000,14.831103,84,FLEXIBLE,PUBLIC,4,2,0.500000,0.414669,13,13,0.031898,0.004627,0.009873,0.013936,0.829337,0.071429,0,0,0.927454
cmp-00243,0.150000,4726000.000000,15.368590,68,CLOSE_ON_TARGET,PUBLIC,8,3,0.150000,0.974714,27,25,0.036101,0.078735,0.095560,0.000437,6.498096,0.129032,0,1,1.135379
cmp-00244,0.150000,11787000.000000,16.282508,74,STRICT,PUBLIC,3,1,0.150000,0.479579,58,54,0.008269,0.031017,0.043205,0.008274,3.197195,0.049180,0,0,0.999992
cmp-00244,0.250000,11787000.000000,16.282508,74,STRICT,PUBLIC,3,1,0.250000,0.539323,68,63,0.007931,0.008073,0.029153,0.008300,2.157292,0.055556,0,0,0.999992
cmp-00244,0.500000,11787000.000000,16.282508,74,STRICT,PUBLIC,3,1,0.500000,0.736863,103,91,0.007154,0.007835,0.019915,0.007112,1.473725,0.063636,0,0,0.999992
cmp-00245,0.150000,3203000.000000,14.979598,90,FLEXIBLE,PUBLIC,7,2,0.150000,0.590415,29,27,0.020359,0.029729,0.043734,0.005354,3.936102,0.171429,0,1,1.807274
cmp-00245,0.250000,3203000.000000,14.979598,90,FLEXIBLE,PUBLIC,7,2,0.250000,0.817858,42,35,0.019473,0.025271,0.036349,0.002698,3.271433,0.142857,0,1,1.807274
cmp-00245,0.500000,3203000.000000,14.979598,90,FLEXIBLE,PUBLIC,7,2,0.500000,1.050890,55,43,0.019107,0.004253,0.023353,0.000000,2.101780,0.126984,1,1,1.807274
cmp-00246,0.150000,13429000.000000,16.412927,49,FLEXIBLE,PRIVATE_LINK,2,3,0.150000,0.321074,56,52,0.005733,0.042202,0.043684,0.016301,2.140492,0.111111,0,1,1.142334
cmp-00246,0.250000,13429000.000000,16.412927,49,FLEXIBLE,PRIVATE_LINK,2,3,0.250000,0.401043,73,63,0.005494,0.016320,0.032738,0.016298,1.604170,0.151163,0,1,1.142334
cmp-00246,0.500000,13429000.000000,16.412927,49,FLEXIBLE,PRIVATE_LINK,2,3,0.500000,0.669856,106,89,0.006319,0.008869,0.027341,0.013475,1.339713,0.145161,0,1,1.142334
cmp-00247,0.150000,13544000.000000,16.421454,82,STRICT,PUBLIC,4,2,0.150000,0.329526,95,90,0.003469,0.027214,0.026791,0.009619,2.196840,0.173913,0,0,0.999956
cmp-00247,0.250000,13544000.000000,16.421454,82,STRICT,PUBLIC,4,2,0.250000,0.414028,124,116,0.003339,0.010305,0.020197,0.009528,1.656113,0.167785,0,0,0.999956
cmp-00247,0.500000,13544000.000000,16.421454,82,STRICT,PUBLIC,4,2,0.500000,0.683734,182,159,0.003757,0.018010,0.016676,0.007714,1.367469,0.165138,0,0,0.999956
cmp-00249,0.150000,25643000.000000,17.059781,68,FLEXIBLE,PUBLIC,4,2,0.150000,0.302909,87,84,0.003482,0.024070,0.029697,0.012060,2.019395,0.155340,0,0,0.955555
cmp-00249,0.250000,25643000.000000,17.059781,68,FLEXIBLE,PUBLIC,4,2,0.250000,0.408919,127,120,0.003220,0.015590,0.024054,0.011590,1.635674,0.147651,0,0,0.955555
cmp-00249,0.500000,25643000.000000,17.059781,68,FLEXIBLE,PUBLIC,4,2,0.500000,0.538595,181,165,0.002976,0.007432,0.015841,0.013571,1.077191,0.150235,0,0,0.955555
cmp-00250,0.150000,15919000.000000,16.583024,89,FLEXIBLE,PRIVATE_LINK,3,1,0.150000,0.104052,10,10,0.010405,0.005571,0.007794,0.011843,0.693678,0.000000,0,0,0.397462
cmp-00250,0.250000,15919000.000000,16.583024,89,FLEXIBLE,PRIVATE_LINK,3,1,0.250000,0.170117,16,16,0.010632,0.007423,0.007646,0.012433,0.680470,0.000000,0,0,0.397462
cmp-00250,0.500000,15919000.000000,16.583024,89,FLEXIBLE,PRIVATE_LINK,3,1,0.500000,0.298555,27,26,0.011058,0.008852,0.006709,0.015763,0.597110,0.035714,0,0,0.397462
cmp-00251,0.150000,47885000.000000,17.684313,53,FLEXIBLE,PUBLIC,7,2,0.150000,0.730291,289,245,0.002527,0.070596,0.091861,0.005987,4.868609,0.118902,0,1,2.284381
cmp-00251,0.250000,47885000.000000,17.684313,53,FLEXIBLE,PUBLIC,7,2,0.250000,0.942830,385,312,0.002449,0.040102,0.071157,0.001438,3.771319,0.121005,0,1,2.284381
cmp-00251,0.500000,47885000.000000,17.684313,53,FLEXIBLE,PUBLIC,7,2,0.500000,1.297893,541,407,0.002399,0.028507,0.048977,0.000000,2.595786,0.116013,1,1,2.284381
cmp-00252,0.150000,8825000.000000,15.993099,17,CLOSE_ON_TARGET,PUBLIC,1,1,0.150000,0.481224,22,21,0.021874,0.124379,0.188715,0.035901,3.208159,0.120000,0,1,1.002969
cmp-00252,0.250000,8825000.000000,15.993099,17,CLOSE_ON_TARGET,PUBLIC,1,1,0.250000,0.566357,30,26,0.018879,0.050078,0.133260,0.034011,2.265428,0.142857,0,1,1.002969
cmp-00252,0.500000,8825000.000000,15.993099,17,CLOSE_ON_TARGET,PUBLIC,1,1,0.500000,0.683841,40,32,0.017096,0.028875,0.080452,0.037195,1.367683,0.148936,0,1,1.002969
cmp-00253,0.150000,4059000.000000,15.216447,18,FLEXIBLE,PRIVATE_LINK,2,2,0.150000,0.237275,6,6,0.039546,0.038666,0.087880,0.049851,1.581835,0.000000,0,1,1.118133
cmp-00253,0.250000,4059000.000000,15.216447,18,FLEXIBLE,PRIVATE_LINK,2,2,0.250000,0.308253,8,8,0.038532,0.039432,0.068501,0.051240,1.233013,0.000000,0,1,1.118133
cmp-00253,0.500000,4059000.000000,15.216447,18,FLEXIBLE,PRIVATE_LINK,2,2,0.500000,0.420202,15,14,0.028013,0.012934,0.046689,0.064422,0.840404,0.000000,0,1,1.118133
cmp-00254,0.150000,7850000.000000,15.876024,36,FLEXIBLE,PUBLIC,3,2,0.150000,0.482268,48,45,0.010047,0.080124,0.089309,0.016919,3.215117,0.094340,0,1,1.916433
cmp-00254,0.250000,7850000.000000,15.876024,36,FLEXIBLE,PUBLIC,3,2,0.250000,0.762204,68,60,0.011209,0.077760,0.084689,0.008807,3.048815,0.105263,0,1,1.916433
cmp-00254,0.500000,7850000.000000,15.876024,36,FLEXIBLE,PUBLIC,3,2,0.500000,1.196790,106,83,0.011290,0.031387,0.066488,0.000000,2.393580,0.101695,1,1,1.916433
cmp-00255,0.150000,2286000.000000,14.642314,32,STRICT,PUBLIC,1,2,0.150000,0.996850,29,25,0.034374,0.186926,0.207677,0.000116,6.645669,0.108108,0,0,0.996850
cmp-00255,0.250000,2286000.000000,14.642314,32,STRICT,PUBLIC,1,2,0.250000,0.996850,29,25,0.034374,0.000000,0.124606,0.000131,3.987402,0.100000,0,0,0.996850
cmp-00255,0.500000,2286000.000000,14.642314,32,STRICT,PUBLIC,1,2,0.500000,0.996850,29,25,0.034374,0.000000,0.062303,0.000197,1.993701,0.103448,0,0,0.996850
cmp-00256,0.150000,11227000.000000,16.233832,50,FLEXIBLE,PUBLIC,0,1,0.150000,0.576307,103,93,0.005595,0.072673,0.076841,0.009969,3.842047,0.119658,0,1,1.738844
cmp-00256,0.250000,11227000.000000,16.233832,50,FLEXIBLE,PUBLIC,0,1,0.250000,0.717449,134,119,0.005354,0.028228,0.057396,0.007535,2.869796,0.124183,0,1,1.738844
cmp-00256,0.500000,11227000.000000,16.233832,50,FLEXIBLE,PUBLIC,0,1,0.500000,0.973671,191,161,0.005098,0.017431,0.038947,0.001053,1.947341,0.107477,0,1,1.738844
cmp-00257,0.150000,16791000.000000,16.636354,21,FLEXIBLE,PUBLIC,3,3,0.150000,0.772128,162,139,0.004766,0.222412,0.245120,0.012766,5.147520,0.094972,0,1,2.572801
cmp-00257,0.250000,16791000.000000,16.636354,21,FLEXIBLE,PUBLIC,3,3,0.250000,1.089697,221,180,0.004931,0.151223,0.207561,0.000000,4.358787,0.097959,1,1,2.572801
cmp-00257,0.500000,16791000.000000,16.636354,21,FLEXIBLE,PUBLIC,3,3,0.500000,1.522542,294,223,0.005179,0.102251,0.145004,0.000000,3.045084,0.098160,1,1,2.572801
cmp-00258,0.150000,4848000.000000,15.394077,15,FLEXIBLE,PUBLIC,1,3,0.150000,0.529889,40,35,0.013247,0.188339,0.235506,0.036871,3.532591,0.130435,0,1,1.622504
cmp-00258,0.250000,4848000.000000,15.394077,15,FLEXIBLE,PUBLIC,1,3,0.250000,0.696885,52,42,0.013402,0.111331,0.185836,0.026944,2.787541,0.147541,0,1,1.622504
cmp-00258,0.500000,4848000.000000,15.394077,15,FLEXIBLE,PUBLIC,1,3,0.500000,0.948494,74,58,0.012817,0.054772,0.126466,0.006867,1.896988,0.139535,0,1,1.622504
cmp-00259,0.150000,7179000.000000,15.786671,52,STRICT,PUBLIC,3,1,0.150000,0.289149,31,29,0.009327,0.028671,0.037070,0.016083,1.927659,0.138889,0,0,0.972935
cmp-00259,0.250000,7179000.000000,15.786671,52,STRICT,PUBLIC,3,1,0.250000,0.400293,44,40,0.009098,0.021374,0.030792,0.015377,1.601170,0.137255,0,0,0.972935
cmp-00259,0.500000,7179000.000000,15.786671,52,STRICT,PUBLIC,3,1,0.500000,0.429043,52,47,0.008251,0.000881,0.016502,0.021960,0.858086,0.147541,0,0,0.972935
cmp-00260,0.150000,718000.000000,13.484225,69,FLEXIBLE,PRIVATE_LINK,6,1,0.150000,0.064206,1,1,0.064206,0.000000,0.006203,0.015956,0.428041,0.500000,0,0,0.349443
cmp-00260,0.250000,718000.000000,13.484225,69,FLEXIBLE,PRIVATE_LINK,6,1,0.250000,0.239972,2,2,0.119986,0.025473,0.013911,0.014687,0.959889,0.333333,0,0,0.349443
cmp-00260,0.500000,718000.000000,13.484225,69,FLEXIBLE,PRIVATE_LINK,6,1,0.500000,0.275209,3,3,0.091736,0.005107,0.007977,0.021008,0.550418,0.250000,0,0,0.349443
cmp-00261,0.150000,10275000.000000,16.145224,25,FLEXIBLE,PUBLIC,3,1,0.150000,0.243027,20,20,0.012151,0.060796,0.064807,0.035622,1.620178,0.047619,0,0,0.618063
cmp-00261,0.250000,10275000.000000,16.145224,25,FLEXIBLE,PUBLIC,3,1,0.250000,0.271844,22,21,0.012357,0.011527,0.043495,0.038835,1.087377,0.043478,0,0,0.618063
cmp-00261,0.500000,10275000.000000,16.145224,25,FLEXIBLE,PUBLIC,3,1,0.500000,0.315961,31,30,0.010192,0.005076,0.025277,0.054723,0.631922,0.088235,0,0,0.618063
cmp-00262,0.150000,8046000.000000,15.900686,64,FLEXIBLE,PUBLIC,1,2,0.150000,0.377455,24,24,0.015727,0.045698,0.039318,0.011444,2.516364,0.111111,0,1,1.020296
cmp-00262,0.250000,8046000.000000,15.900686,64,FLEXIBLE,PUBLIC,1,2,0.250000,0.445389,33,33,0.013497,0.010615,0.027837,0.011554,1.781556,0.175000,0,1,1.020296
cmp-00262,0.500000,8046000.000000,15.900686,64,FLEXIBLE,PUBLIC,1,2,0.500000,0.600696,46,43,0.013059,0.013046,0.018772,0.012478,1.201392,0.148148,0,1,1.020296
cmp-00263,0.150000,11706000.000000,16.275612,59,STRICT,PUBLIC,5,3,0.150000,0.999727,93,80,0.010750,0.000224,0.112963,0.000005,6.664844,0.165992,0,0,0.999727
cmp-00263,0.250000,11706000.000000,16.275612,59,STRICT,PUBLIC,5,3,0.250000,0.999727,93,80,0.010750,0.000000,0.067778,0.000006,3.998907,0.160494,0,0,0.999727
cmp-00263,0.500000,11706000.000000,16.275612,59,STRICT,PUBLIC,5,3,0.500000,0.999727,93,80,0.010750,0.000000,0.033889,0.000009,1.999453,0.153110,0,0,0.999727
cmp-00264,0.150000,18453000.000000,16.730738,55,FLEXIBLE,PUBLIC,2,1,0.150000,0.684116,205,181,0.003337,0.055725,0.082923,0.006757,4.560776,0.123932,0,1,2.254062
cmp-00264,0.250000,18453000.000000,16.730738,55,FLEXIBLE,PUBLIC,2,1,0.250000,0.903143,264,225,0.003421,0.039823,0.065683,0.002348,3.612572,0.128713,0,1,2.254062
cmp-00264,0.500000,18453000.000000,16.730738,55,FLEXIBLE,PUBLIC,2,1,0.500000,1.311109,367,293,0.003573,0.026111,0.047677,0.000000,2.622219,0.142523,1,1,2.254062
cmp-00265,0.150000,39414000.000000,17.489632,42,FLEXIBLE,PUBLIC,1,1,0.150000,0.528959,143,127,0.003699,0.074323,0.083962,0.013194,3.526395,0.111801,0,1,1.741285
cmp-00265,0.250000,39414000.000000,17.489632,42,FLEXIBLE,PUBLIC,1,1,0.250000,0.756861,187,161,0.004047,0.054262,0.072082,0.007719,3.027442,0.117925,0,1,1.741285
cmp-00265,0.500000,39414000.000000,17.489632,42,FLEXIBLE,PUBLIC,1,1,0.500000,1.016928,251,205,0.004052,0.032198,0.048425,0.000000,2.033856,0.103571,1,1,1.741285
cmp-00266,0.150000,7101000.000000,15.775746,28,FLEXIBLE,PUBLIC,2,3,0.150000,0.341712,22,22,0.015532,0.052452,0.081360,0.027659,2.278083,0.083333,0,0,0.844092
cmp-00266,0.250000,7101000.000000,15.775746,28,FLEXIBLE,PUBLIC,2,3,0.250000,0.379623,26,26,0.014601,0.013539,0.054232,0.029542,1.518490,0.071429,0,0,0.844092
cmp-00266,0.500000,7101000.000000,15.775746,28,FLEXIBLE,PUBLIC,2,3,0.500000,0.478834,34,30,0.014083,0.007544,0.034202,0.037226,0.957668,0.128205,0,0,0.844092
cmp-00267,0.150000,4869000.000000,15.398399,80,FLEXIBLE,PUBLIC,3,3,0.150000,0.276895,22,20,0.012586,0.027290,0.023075,0.010634,1.845964,0.043478,0,0,0.631238
cmp-00267,0.250000,4869000.000000,15.398399,80,FLEXIBLE,PUBLIC,3,3,0.250000,0.308174,30,27,0.010272,0.003910,0.015409,0.011530,1.232697,0.090909,0,0,0.631238
cmp-00267,0.500000,4869000.000000,15.398399,80,FLEXIBLE,PUBLIC,3,3,0.500000,0.397556,41,35,0.009696,0.001671,0.009939,0.015061,0.795112,0.068182,0,0,0.631238
cmp-00268,0.150000,3819000.000000,15.155499,81,FLEXIBLE,PUBLIC,4,2,0.150000,0.600419,32,30,0.018763,0.038634,0.049417,0.005804,4.002793,0.058824,0,1,1.312202
cmp-00268,0.250000,3819000.000000,15.155499,81,FLEXIBLE,PUBLIC,4,2,0.250000,0.623619,36,33,0.017323,0.002864,0.030796,0.006196,2.494475,0.100000,0,1,1.312202
cmp-00268,0.500000,3819000.000000,15.155499,81,FLEXIBLE,PUBLIC,4,2,0.500000,0.788950,47,42,0.016786,0.002932,0.019480,0.005211,1.577900,0.078431,0,1,1.312202
cmp-00269,0.150000,5839000.000000,15.580070,43,CLOSE_ON_TARGET,PUBLIC,6,1,0.150000,0.443569,17,15,0.026092,0.059034,0.068770,0.015224,2.957127,0.150000,0,1,1.004504
cmp-00269,0.250000,5839000.000000,15.580070,43,CLOSE_ON_TARGET,PUBLIC,6,1,0.250000,0.668197,25,20,0.026728,0.052239,0.062158,0.010288,2.672786,0.166667,0,1,1.004504
cmp-00269,0.500000,5839000.000000,15.580070,43,CLOSE_ON_TARGET,PUBLIC,6,1,0.500000,0.758657,35,25,0.021676,0.003688,0.035286,0.011225,1.517315,0.125000,0,1,1.004504
cmp-00270,0.150000,3442000.000000,15.051563,36,CLOSE_ON_TARGET,PUBLIC,3,1,0.150000,0.316734,5,5,0.063347,0.021314,0.058655,0.022329,2.111563,0.000000,0,1,1.013481
cmp-00270,0.250000,3442000.000000,15.051563,36,CLOSE_ON_TARGET,PUBLIC,3,1,0.250000,0.421121,6,6,0.070187,0.028996,0.046791,0.021440,1.684486,0.000000,0,1,1.013481
cmp-00270,0.500000,3442000.000000,15.051563,36,CLOSE_ON_TARGET,PUBLIC,3,1,0.500000,0.827920,10,9,0.082792,0.019570,0.045996,0.009560,1.655840,0.090909,0,1,1.013481
cmp-00271,0.150000,2708000.000000,14.811721,49,STRICT,PUBLIC,6,3,0.150000,0.406869,22,18,0.018494,0.071481,0.055356,0.014241,2.712457,0.120000,0,0,0.991507
cmp-00271,0.250000,2708000.000000,14.811721,49,STRICT,PUBLIC,6,3,0.250000,0.462038,25,21,0.018482,0.011259,0.037717,0.014638,1.848154,0.137931,0,0,0.991507
cmp-00271,0.500000,2708000.000000,14.811721,49,STRICT,PUBLIC,6,3,0.500000,0.851403,42,31,0.020272,0.017055,0.034751,0.006065,1.702806,0.106383,0,0,0.991507
cmp-00272,0.150000,4610000.000000,15.343738,22,FLEXIBLE,PUBLIC,2,1,0.150000,0.115228,8,8,0.014403,0.006133,0.034918,0.047314,0.768185,0.000000,0,0,0.416139
cmp-00272,0.250000,4610000.000000,15.343738,22,FLEXIBLE,PUBLIC,2,1,0.250000,0.166139,12,12,0.013845,0.023141,0.030207,0.050537,0.664555,0.000000,0,0,0.416139
cmp-00272,0.500000,4610000.000000,15.343738,22,FLEXIBLE,PUBLIC,2,1,0.500000,0.246573,16,14,0.015411,0.029797,0.022416,0.068493,0.493145,0.000000,0,0,0.416139
cmp-00273,0.150000,7145000.000000,15.781923,85,FLEXIBLE,PRIVATE_LINK,4,2,0.150000,0.320042,35,33,0.009144,0.024127,0.025101,0.009411,2.133613,0.102564,0,1,1.297355
cmp-00273,0.250000,7145000.000000,15.781923,85,FLEXIBLE,PRIVATE_LINK,4,2,0.250000,0.536963,50,44,0.010739,0.025520,0.025269,0.007263,2.147852,0.074074,0,1,1.297355
cmp-00273,0.500000,7145000.000000,15.781923,85,FLEXIBLE,PRIVATE_LINK,4,2,0.500000,0.782029,74,64,0.010568,0.007362,0.018401,0.005129,1.564059,0.086420,0,1,1.297355
cmp-00274,0.150000,8913000.000000,16.003021,89,FLEXIBLE,PUBLIC,4,3,0.150000,1.885863,174,111,0.010838,0.132841,0.141263,0.000000,12.572422,0.112245,1,1,5.893874
cmp-00274,0.250000,8913000.000000,16.003021,89,FLEXIBLE,PUBLIC,4,3,0.250000,2.312039,224,125,0.010322,0.047885,0.103912,0.000000,9.248154,0.111111,1,1,5.893874
cmp-00274,0.500000,8913000.000000,16.003021,89,FLEXIBLE,PUBLIC,4,3,0.500000,3.469999,309,147,0.011230,0.042689,0.077978,0.000000,6.939998,0.109510,1,1,5.893874
cmp-00275,0.150000,11051000.000000,16.218031,37,FLEXIBLE,PUBLIC,3,2,0.150000,0.306407,47,44,0.006519,0.041097,0.055208,0.022054,2.042711,0.129630,0,1,1.091286
cmp-00275,0.250000,11051000.000000,16.218031,37,FLEXIBLE,PUBLIC,3,2,0.250000,0.420767,65,61,0.006473,0.030908,0.045488,0.020873,1.683069,0.133333,0,1,1.091286
cmp-00275,0.500000,11051000.000000,16.218031,37,FLEXIBLE,PUBLIC,3,2,0.500000,0.619627,89,84,0.006962,0.018232,0.033493,0.020561,1.239254,0.135922,0,1,1.091286
cmp-00276,0.150000,6248000.000000,15.647772,78,FLEXIBLE,PUBLIC,1,1,0.150000,0.495727,53,51,0.009353,0.032004,0.042370,0.007606,3.304844,0.131148,0,1,2.088860
cmp-00276,0.250000,6248000.000000,15.647772,78,FLEXIBLE,PUBLIC,1,1,0.250000,0.655250,73,64,0.008976,0.020452,0.033603,0.005893,2.620999,0.130952,0,1,2.088860
cmp-00276,0.500000,6248000.000000,15.647772,78,FLEXIBLE,PUBLIC,1,1,0.500000,1.078553,117,90,0.009218,0.023560,0.027655,0.000000,2.157106,0.120301,1,1,2.088860
cmp-00277,0.150000,5918000.000000,15.593509,44,FLEXIBLE,PRIVATE_LINK,3,2,0.150000,0.204360,15,14,0.013624,0.017631,0.030964,0.021274,1.362397,0.117647,0,1,1.221646
cmp-00277,0.250000,5918000.000000,15.593509,44,FLEXIBLE,PRIVATE_LINK,3,2,0.250000,0.336887,24,22,0.014037,0.030120,0.030626,0.020094,1.347550,0.111111,0,1,1.221646
cmp-00277,0.500000,5918000.000000,15.593509,44,FLEXIBLE,PRIVATE_LINK,3,2,0.500000,0.613619,37,34,0.016584,0.033734,0.027892,0.017563,1.227239,0.119048,0,1,1.221646
cmp-00278,0.150000,13269000.000000,16.400941,19,FLEXIBLE,PUBLIC,3,1,0.150000,0.282478,28,26,0.010088,0.093614,0.099115,0.044429,1.883186,0.200000,0,0,0.950509
cmp-00278,0.250000,13269000.000000,16.400941,19,FLEXIBLE,PUBLIC,3,1,0.250000,0.375371,37,34,0.010145,0.048891,0.079026,0.043834,1.501485,0.195652,0,0,0.950509
cmp-00278,0.500000,13269000.000000,16.400941,19,FLEXIBLE,PUBLIC,3,1,0.500000,0.511387,52,47,0.009834,0.008020,0.053830,0.051433,1.022775,0.200000,0,0,0.950509
cmp-00279,0.150000,5640000.000000,15.545395,75,FLEXIBLE,PUBLIC,2,3,0.150000,0.232252,9,8,0.025806,0.012955,0.020645,0.012043,1.548345,0.100000,0,1,2.014468
cmp-00279,0.250000,5640000.000000,15.545395,75,FLEXIBLE,PUBLIC,2,3,0.250000,0.905727,15,13,0.060382,0.089797,0.048305,0.001676,3.622908,0.062500,0,1,2.014468
cmp-00279,0.500000,5640000.000000,15.545395,75,FLEXIBLE,PUBLIC,2,3,0.500000,1.248901,24,20,0.052038,0.028974,0.033304,0.000000,2.497801,0.111111,1,1,2.014468
cmp-00280,0.150000,8905000.000000,16.002123,84,FLEXIBLE,PUBLIC,3,3,0.150000,0.361179,24,23,0.015049,0.027648,0.028665,0.008947,2.407861,0.142857,0,1,1.193902
cmp-00280,0.250000,8905000.000000,16.002123,84,FLEXIBLE,PUBLIC,3,3,0.250000,0.477923,29,27,0.016480,0.013898,0.022758,0.008287,1.911690,0.194444,0,1,1.193902
cmp-00280,0.500000,8905000.000000,16.002123,84,FLEXIBLE,PUBLIC,3,3,0.500000,0.845705,54,47,0.015661,0.019171,0.020136,0.003674,1.691409,0.169231,0,1,1.193902
cmp-00281,0.150000,16083000.000000,16.593273,74,CLOSE_ON_TARGET,PUBLIC,2,3,0.150000,0.886787,306,250,0.002898,0.062587,0.079891,0.001800,5.911915,0.120690,0,1,1.011434
cmp-00282,0.150000,30575000.000000,17.235693,48,STRICT,PUBLIC,4,2,0.150000,0.199362,112,109,0.001780,0.021887,0.027689,0.019623,1.329081,0.125000,0,0,0.675097
cmp-00282,0.250000,30575000.000000,17.235693,48,STRICT,PUBLIC,4,2,0.250000,0.258191,147,139,0.001756,0.012256,0.021516,0.020606,1.032765,0.109091,0,0,0.675097
cmp-00282,0.500000,30575000.000000,17.235693,48,STRICT,PUBLIC,4,2,0.500000,0.390404,209,194,0.001868,0.010754,0.016267,0.025400,0.780808,0.103004,0,0,0.675097
cmp-00283,0.150000,13302000.000000,16.403425,57,STRICT,PUBLIC,1,1,0.150000,0.449188,134,120,0.003352,0.046731,0.052537,0.011369,2.994587,0.100671,0,0,0.999865
cmp-00283,0.250000,13302000.000000,16.403425,57,STRICT,PUBLIC,1,1,0.250000,0.661540,184,156,0.003595,0.037255,0.046424,0.007917,2.646158,0.093596,0,0,0.999865
cmp-00283,0.500000,13302000.000000,16.403425,57,STRICT,PUBLIC,1,1,0.500000,0.835205,246,205,0.003395,0.009048,0.029305,0.005782,1.670410,0.095588,0,0,0.999865
cmp-00284,0.150000,2398000.000000,14.690146,89,STRICT,PUBLIC,3,2,0.150000,0.179900,8,8,0.022487,0.017847,0.013476,0.010841,1.199333,0.000000,0,0,0.746080
cmp-00284,0.250000,2398000.000000,14.690146,89,STRICT,PUBLIC,3,2,0.250000,0.218057,10,9,0.021806,0.004287,0.009800,0.011715,0.872227,0.000000,0,0,0.746080
cmp-00284,0.500000,2398000.000000,14.690146,89,STRICT,PUBLIC,3,2,0.500000,0.292160,12,10,0.024347,0.008326,0.006565,0.015907,0.584320,0.000000,0,0,0.746080
cmp-00286,0.150000,21191000.000000,16.869087,19,STRICT,PUBLIC,6,2,0.150000,0.330721,132,122,0.002505,0.097445,0.116042,0.041441,2.204804,0.153846,0,0,0.823991
cmp-00286,0.250000,21191000.000000,16.869087,19,STRICT,PUBLIC,6,2,0.250000,0.422868,162,145,0.002610,0.048499,0.089025,0.040500,1.691473,0.156250,0,0,0.823991
cmp-00286,0.500000,21191000.000000,16.869087,19,STRICT,PUBLIC,6,2,0.500000,0.532509,225,198,0.002367,0.013747,0.056054,0.049210,1.065018,0.154135,0,0,0.823991
cmp-00287,0.150000,14029000.000000,16.456637,16,CLOSE_ON_TARGET,PUBLIC,3,1,0.150000,0.225818,27,27,0.008364,0.080449,0.094091,0.056925,1.505453,0.129032,0,0,0.877860
cmp-00287,0.250000,14029000.000000,16.456637,16,CLOSE_ON_TARGET,PUBLIC,3,1,0.250000,0.386143,39,39,0.009901,0.100203,0.096536,0.051155,1.544572,0.113636,0,0,0.877860
cmp-00287,0.500000,14029000.000000,16.456637,16,CLOSE_ON_TARGET,PUBLIC,3,1,0.500000,0.440815,47,45,0.009379,0.014408,0.055102,0.069898,0.881631,0.113208,0,0,0.877860
cmp-00288,0.150000,12320000.000000,16.326735,58,FLEXIBLE,PUBLIC,4,1,0.150000,0.685146,85,70,0.008061,0.063888,0.078752,0.006386,4.567641,0.123711,0,1,2.503693
cmp-00288,0.250000,12320000.000000,16.326735,58,FLEXIBLE,PUBLIC,4,1,0.250000,0.860609,105,85,0.008196,0.030252,0.059352,0.003204,3.442435,0.139344,0,1,2.503693
cmp-00288,0.500000,12320000.000000,16.326735,58,FLEXIBLE,PUBLIC,4,1,0.500000,1.359075,168,120,0.008090,0.033128,0.046865,0.000000,2.718149,0.115789,1,1,2.503693
cmp-00289,0.150000,5462000.000000,15.513326,42,FLEXIBLE,PUBLIC,1,2,0.150000,0.320487,25,25,0.012819,0.038260,0.050871,0.019034,2.136580,0.137931,0,0,0.579495
cmp-00289,0.250000,5462000.000000,15.513326,42,FLEXIBLE,PUBLIC,1,2,0.250000,0.385665,32,32,0.012052,0.015518,0.036730,0.019503,1.542658,0.157895,0,0,0.579495
cmp-00289,0.500000,5462000.000000,15.513326,42,FLEXIBLE,PUBLIC,1,2,0.500000,0.436141,39,37,0.011183,0.006225,0.020769,0.026850,0.872281,0.152174,0,0,0.579495
cmp-00290,0.150000,13098000.000000,16.387970,55,STRICT,PUBLIC,3,1,0.150000,0.202206,50,47,0.004044,0.023039,0.024510,0.017065,1.348043,0.074074,0,0,0.704588
cmp-00290,0.250000,13098000.000000,16.387970,55,STRICT,PUBLIC,3,1,0.250000,0.245419,64,61,0.003835,0.007857,0.017849,0.018293,0.981677,0.098592,0,0,0.704588
cmp-00290,0.500000,13098000.000000,16.387970,55,STRICT,PUBLIC,3,1,0.500000,0.338754,88,82,0.003849,0.006091,0.012318,0.024045,0.677508,0.092784,0,0,0.704588
cmp-00291,0.150000,3728000.000000,15.131382,46,FLEXIBLE,PUBLIC,3,3,0.150000,0.433020,23,21,0.018827,0.027588,0.062757,0.014501,2.886803,0.148148,0,1,1.311776
cmp-00291,0.250000,3728000.000000,15.131382,46,FLEXIBLE,PUBLIC,3,3,0.250000,0.565960,30,27,0.018865,0.028900,0.049214,0.012581,2.263841,0.142857,0,1,1.311776
cmp-00291,0.500000,3728000.000000,15.131382,46,FLEXIBLE,PUBLIC,3,3,0.500000,0.915129,48,39,0.019065,0.022433,0.039788,0.003690,1.830258,0.094340,0,1,1.311776
cmp-00292,0.150000,8075000.000000,15.904283,53,CLOSE_ON_TARGET,PUBLIC,2,1,0.150000,0.829994,21,19,0.039524,0.065625,0.104402,0.003774,5.533292,0.086957,0,1,1.005994
cmp-00293,0.150000,4942000.000000,15.413281,21,FLEXIBLE,PUBLIC,0,3,0.150000,0.409854,17,15,0.024109,0.130177,0.130112,0.033061,2.732362,0.190476,0,1,1.200081
cmp-00293,0.250000,4942000.000000,15.413281,21,FLEXIBLE,PUBLIC,0,3,0.250000,0.659996,22,19,0.030000,0.119115,0.125714,0.021588,2.639984,0.153846,0,1,1.200081
cmp-00293,0.500000,4942000.000000,15.413281,21,FLEXIBLE,PUBLIC,0,3,0.500000,0.832861,29,26,0.028719,0.015022,0.079320,0.015918,1.665722,0.147059,0,1,1.200081
cmp-00294,0.150000,23550000.000000,16.974636,22,FLEXIBLE,PRIVATE_LINK,2,3,0.150000,0.548807,221,192,0.002483,0.140405,0.166305,0.024128,3.658712,0.140078,0,1,1.961516
cmp-00294,0.250000,23550000.000000,16.974636,22,FLEXIBLE,PRIVATE_LINK,2,3,0.250000,0.711465,290,244,0.002453,0.073936,0.129357,0.017487,2.845860,0.121212,0,1,1.961516
cmp-00294,0.500000,23550000.000000,16.974636,22,FLEXIBLE,PRIVATE_LINK,2,3,0.500000,1.036454,415,324,0.002497,0.050664,0.094223,0.000000,2.072909,0.122622,1,1,1.961516
cmp-00295,0.150000,7917000.000000,15.884523,88,FLEXIBLE,PUBLIC,3,2,0.150000,0.388619,34,28,0.011430,0.019707,0.029441,0.008174,2.590796,0.081081,0,1,1.764002
cmp-00295,0.250000,7917000.000000,15.884523,88,FLEXIBLE,PUBLIC,3,2,0.250000,0.572932,48,37,0.011936,0.020945,0.026042,0.006471,2.291727,0.094340,0,1,1.764002
cmp-00295,0.500000,7917000.000000,15.884523,88,FLEXIBLE,PUBLIC,3,2,0.500000,0.851838,66,49,0.012907,0.014730,0.019360,0.003367,1.703676,0.108108,0,1,1.764002
cmp-00296,0.150000,8633000.000000,15.971103,50,STRICT,PRIVATE_LINK,5,2,0.150000,0.870277,102,82,0.008532,0.070826,0.116037,0.003052,5.801846,0.128205,0,0,0.999988
cmp-00296,0.250000,8633000.000000,15.971103,50,STRICT,PRIVATE_LINK,5,2,0.250000,0.999363,120,99,0.008328,0.025817,0.079949,0.000017,3.997452,0.103659,0,0,0.999988
cmp-00296,0.500000,8633000.000000,15.971103,50,STRICT,PRIVATE_LINK,5,2,0.500000,0.999988,121,99,0.008264,0.000000,0.040000,0.000000,1.999977,0.122271,0,0,0.999988
cmp-00297,0.150000,5411000.000000,15.503944,76,STRICT,PUBLIC,3,3,0.150000,0.681612,28,27,0.024343,0.063265,0.059790,0.004929,4.544077,0.125000,0,0,0.999131
cmp-00297,0.250000,5411000.000000,15.503944,76,STRICT,PUBLIC,3,3,0.250000,0.887747,38,35,0.023362,0.027123,0.046724,0.001969,3.550989,0.136364,0,0,0.999131
cmp-00297,0.500000,5411000.000000,15.503944,76,STRICT,PUBLIC,3,3,0.500000,0.973147,45,40,0.021625,0.000000,0.025609,0.000707,1.946295,0.148148,0,0,0.999131
cmp-00298,0.150000,9152000.000000,16.029483,15,FLEXIBLE,PRIVATE_LINK,1,2,0.150000,0.922968,103,82,0.008961,0.325444,0.410208,0.006042,6.153118,0.119658,0,1,2.895345
cmp-00298,0.250000,9152000.000000,16.029483,15,FLEXIBLE,PRIVATE_LINK,1,2,0.250000,1.313079,137,108,0.009585,0.260074,0.350154,0.000000,5.252316,0.121795,1,1,2.895345
cmp-00298,0.500000,9152000.000000,16.029483,15,FLEXIBLE,PRIVATE_LINK,1,2,0.500000,1.775098,181,133,0.009807,0.094631,0.236680,0.000000,3.550197,0.112745,1,1,2.895345
cmp-00299,0.150000,16970000.000000,16.646958,60,FLEXIBLE,PUBLIC,5,1,0.150000,0.648456,141,120,0.004599,0.068907,0.072051,0.006893,4.323041,0.129630,0,1,2.302392
cmp-00299,0.250000,16970000.000000,16.646958,60,FLEXIBLE,PUBLIC,5,1,0.250000,0.965751,208,166,0.004643,0.052883,0.064383,0.000761,3.863005,0.136929,0,1,2.302392
cmp-00299,0.500000,16970000.000000,16.646958,60,FLEXIBLE,PUBLIC,5,1,0.500000,1.456936,304,209,0.004793,0.029597,0.048565,0.000000,2.913872,0.133903,1,1,2.302392
cmp-00300,0.150000,10623000.000000,16.178532,63,CLOSE_ON_TARGET,PRIVATE_LINK,2,2,0.150000,0.224325,19,19,0.011807,0.016920,0.023738,0.014485,1.495497,0.095238,0,0,0.488130
cmp-00300,0.250000,10623000.000000,16.178532,63,CLOSE_ON_TARGET,PRIVATE_LINK,2,2,0.250000,0.253958,24,24,0.010582,0.004704,0.016124,0.015789,1.015834,0.142857,0,0,0.488130
cmp-00300,0.500000,10623000.000000,16.178532,63,CLOSE_ON_TARGET,PRIVATE_LINK,2,2,0.500000,0.308792,32,32,0.009650,0.005143,0.009803,0.021943,0.617584,0.157895,0,0,0.488130
cmp-00301,0.150000,7033000.000000,15.766124,84,FLEXIBLE,PUBLIC,7,2,0.150000,0.390786,29,28,0.013475,0.025176,0.031015,0.008532,2.605242,0.121212,0,1,1.380833
cmp-00301,0.250000,7033000.000000,15.766124,84,FLEXIBLE,PUBLIC,7,2,0.250000,0.450235,36,30,0.012507,0.007077,0.021440,0.008726,1.800938,0.162791,0,1,1.380833
cmp-00301,0.500000,7033000.000000,15.766124,84,FLEXIBLE,PUBLIC,7,2,0.500000,0.641220,57,48,0.011249,0.011207,0.015267,0.008542,1.282440,0.161765,0,1,1.380833
cmp-00302,0.150000,2406000.000000,14.693476,19,STRICT,PUBLIC,2,3,0.150000,0.563134,13,13,0.043318,0.182329,0.197591,0.027051,3.754226,0.133333,0,0,0.998878
cmp-00302,0.250000,2406000.000000,14.693476,19,STRICT,PUBLIC,2,3,0.250000,0.789900,21,19,0.037614,0.119351,0.166295,0.014744,3.159601,0.086957,0,0,0.998878
cmp-00302,0.500000,2406000.000000,14.693476,19,STRICT,PUBLIC,2,3,0.500000,0.990316,25,23,0.039613,0.000000,0.104244,0.001019,1.980632,0.064516,0,0,0.998878
cmp-00303,0.150000,6206000.000000,15.641027,69,STRICT,PUBLIC,3,2,0.150000,0.527651,49,45,0.010768,0.029196,0.050981,0.008054,3.517671,0.039216,0,0,0.999871
cmp-00303,0.250000,6206000.000000,15.641027,69,STRICT,PUBLIC,3,2,0.250000,0.694860,64,57,0.010857,0.024233,0.040282,0.005896,2.779439,0.058824,0,0,0.999871
cmp-00303,0.500000,6206000.000000,15.641027,69,STRICT,PUBLIC,3,2,0.500000,0.878634,84,73,0.010460,0.004150,0.025468,0.003518,1.757267,0.066667,0,0,0.999871
cmp-00304,0.150000,6084000.000000,15.621173,85,STRICT,PUBLIC,6,3,0.150000,0.375937,27,24,0.013924,0.024023,0.029485,0.008638,2.506246,0.068966,0,0,0.993721
cmp-00304,0.250000,6084000.000000,15.621173,85,STRICT,PUBLIC,6,3,0.250000,0.578139,38,34,0.015214,0.023789,0.027207,0.006617,2.312558,0.095238,0,0,0.993721
cmp-00304,0.500000,6084000.000000,15.621173,85,STRICT,PUBLIC,6,3,0.500000,0.781509,47,42,0.016628,0.004403,0.018388,0.005141,1.563018,0.096154,0,0,0.993721
cmp-00305,0.150000,4524000.000000,15.324907,53,FLEXIBLE,PUBLIC,0,2,0.150000,0.152431,7,6,0.021776,0.014535,0.019174,0.018814,1.016210,0.000000,0,0,0.316932
cmp-00305,0.250000,4524000.000000,15.324907,53,FLEXIBLE,PUBLIC,0,2,0.250000,0.158974,8,6,0.019872,0.001235,0.011998,0.021158,0.635897,0.111111,0,0,0.316932
cmp-00305,0.500000,4524000.000000,15.324907,53,FLEXIBLE,PUBLIC,0,2,0.500000,0.163108,9,7,0.018123,0.000000,0.006155,0.031581,0.326216,0.100000,0,0,0.316932
cmp-00306,0.150000,19454000.000000,16.783563,46,STRICT,PUBLIC,2,3,0.150000,0.388254,38,36,0.010217,0.032035,0.056269,0.015646,2.588362,0.208333,0,0,0.999429
cmp-00306,0.250000,19454000.000000,16.783563,46,STRICT,PUBLIC,2,3,0.250000,0.459885,51,47,0.009017,0.015572,0.039990,0.015656,1.839539,0.215385,0,0,0.999429
cmp-00306,0.500000,19454000.000000,16.783563,46,STRICT,PUBLIC,2,3,0.500000,0.650884,79,72,0.008239,0.012224,0.028299,0.015179,1.301768,0.193878,0,0,0.999429
cmp-00307,0.150000,8746000.000000,15.984107,45,FLEXIBLE,PUBLIC,5,1,0.150000,0.688440,61,56,0.011286,0.065600,0.101991,0.008145,4.589603,0.089552,0,1,2.395061
cmp-00307,0.250000,8746000.000000,15.984107,45,FLEXIBLE,PUBLIC,5,1,0.250000,0.905614,78,67,0.011610,0.048261,0.080499,0.002797,3.622456,0.123596,0,1,2.395061
cmp-00307,0.500000,8746000.000000,15.984107,45,FLEXIBLE,PUBLIC,5,1,0.500000,1.345415,115,94,0.011699,0.044462,0.059796,0.000000,2.690830,0.115385,1,1,2.395061
cmp-00308,0.150000,12762000.000000,16.361983,44,STRICT,PUBLIC,4,1,0.150000,0.279823,56,54,0.004997,0.032935,0.042397,0.019256,1.865486,0.138462,0,0,0.831852
cmp-00308,0.250000,12762000.000000,16.361983,44,STRICT,PUBLIC,4,1,0.250000,0.385661,72,69,0.005356,0.024054,0.035060,0.018616,1.542642,0.132530,0,0,0.831852
cmp-00308,0.500000,12762000.000000,16.361983,44,STRICT,PUBLIC,4,1,0.500000,0.531751,103,94,0.005163,0.007353,0.024170,0.021284,1.063501,0.096491,0,0,0.831852
cmp-00309,0.150000,8464000.000000,15.951332,60,STRICT,PUBLIC,2,3,0.150000,0.190536,13,13,0.014657,0.012910,0.021171,0.015872,1.270243,0.277778,0,0,0.821125
cmp-00309,0.250000,8464000.000000,15.951332,60,STRICT,PUBLIC,2,3,0.250000,0.274551,20,19,0.013728,0.014002,0.018303,0.016121,1.098204,0.259259,0,0,0.821125
cmp-00309,0.500000,8464000.000000,15.951332,60,STRICT,PUBLIC,2,3,0.500000,0.460704,35,32,0.013163,0.016988,0.015357,0.017977,0.921408,0.166667,0,0,0.821125
cmp-00310,0.150000,12568000.000000,16.346664,58,CLOSE_ON_TARGET,PRIVATE_LINK,2,1,0.150000,0.295640,59,55,0.005011,0.025452,0.033982,0.014287,1.970931,0.119403,0,1,1.003962
cmp-00310,0.250000,12568000.000000,16.346664,58,CLOSE_ON_TARGET,PRIVATE_LINK,2,1,0.250000,0.374905,81,73,0.004628,0.013666,0.025855,0.014370,1.499618,0.119565,0,1,1.003962
cmp-00310,0.500000,12568000.000000,16.346664,58,CLOSE_ON_TARGET,PRIVATE_LINK,2,1,0.500000,0.611163,127,110,0.004812,0.014506,0.021075,0.013408,1.222327,0.105634,0,1,1.003962
cmp-00311,0.150000,1859000.000000,14.435549,18,CLOSE_ON_TARGET,PUBLIC,1,3,0.150000,0.277407,5,5,0.055481,0.095661,0.102743,0.047228,1.849381,0.375000,0,1,1.091931
cmp-00311,0.250000,1859000.000000,14.435549,18,CLOSE_ON_TARGET,PUBLIC,1,3,0.250000,0.411565,9,8,0.045729,0.074532,0.091459,0.043588,1.646261,0.250000,0,1,1.091931
cmp-00311,0.500000,1859000.000000,14.435549,18,CLOSE_ON_TARGET,PUBLIC,1,3,0.500000,0.752932,19,15,0.039628,0.059231,0.083659,0.027452,1.505863,0.208333,0,1,1.091931
cmp-00312,0.150000,6956000.000000,15.755115,80,STRICT,PUBLIC,3,3,0.150000,0.073117,9,9,0.008124,0.004848,0.006093,0.013631,0.487445,0.307692,0,0,0.675633
cmp-00312,0.250000,6956000.000000,15.755115,80,STRICT,PUBLIC,3,3,0.250000,0.132619,16,16,0.008289,0.007438,0.006631,0.014456,0.530477,0.200000,0,0,0.675633
cmp-00312,0.500000,6956000.000000,15.755115,80,STRICT,PUBLIC,3,3,0.500000,0.327516,26,24,0.012597,0.006191,0.008188,0.016812,0.655032,0.187500,0,0,0.675633
cmp-00313,0.150000,3739000.000000,15.134329,44,CLOSE_ON_TARGET,PRIVATE_LINK,5,1,0.150000,0.121102,3,2,0.040367,0.000529,0.018349,0.023500,0.807346,0.000000,0,0,0.946670
cmp-00313,0.250000,3739000.000000,15.134329,44,CLOSE_ON_TARGET,PRIVATE_LINK,5,1,0.250000,0.121102,3,2,0.040367,0.000000,0.011009,0.026633,0.484408,0.000000,0,0,0.946670
cmp-00313,0.500000,3739000.000000,15.134329,44,CLOSE_ON_TARGET,PRIVATE_LINK,5,1,0.500000,0.254961,4,3,0.063740,0.000000,0.011589,0.033865,0.509922,0.000000,0,0,0.946670
cmp-00314,0.150000,13483000.000000,16.416940,85,FLEXIBLE,PUBLIC,3,1,0.150000,0.712742,61,51,0.011684,0.058381,0.055901,0.003976,4.751613,0.152778,0,1,2.242016
cmp-00314,0.250000,13483000.000000,16.416940,85,FLEXIBLE,PUBLIC,3,1,0.250000,0.918876,84,68,0.010939,0.024251,0.043241,0.001273,3.675502,0.142857,0,1,2.242016
cmp-00314,0.500000,13483000.000000,16.416940,85,FLEXIBLE,PUBLIC,3,1,0.500000,1.228777,114,81,0.010779,0.012469,0.028912,0.000000,2.457554,0.142857,1,1,2.242016
cmp-00315,0.150000,3855000.000000,15.164882,44,STRICT,PUBLIC,1,1,0.150000,0.292840,9,8,0.032538,0.025280,0.044370,0.018908,1.952270,0.100000,0,0,0.964436
cmp-00315,0.250000,3855000.000000,15.164882,44,STRICT,PUBLIC,1,1,0.250000,0.480467,13,11,0.036959,0.042642,0.043679,0.015743,1.921868,0.071429,0,0,0.964436
cmp-00315,0.500000,3855000.000000,15.164882,44,STRICT,PUBLIC,1,1,0.500000,0.635071,19,15,0.033425,0.007340,0.028867,0.016588,1.270143,0.050000,0,0,0.964436
cmp-00316,0.150000,6557000.000000,15.696044,35,FLEXIBLE,PUBLIC,0,3,0.150000,0.636526,63,55,0.010104,0.113623,0.121243,0.012218,4.243506,0.160000,0,1,2.151029
cmp-00316,0.250000,6557000.000000,15.696044,35,FLEXIBLE,PUBLIC,0,3,0.250000,0.919826,90,76,0.010220,0.080943,0.105123,0.003054,3.679305,0.142857,0,1,2.151029
cmp-00316,0.500000,6557000.000000,15.696044,35,FLEXIBLE,PUBLIC,0,3,0.500000,1.244792,125,97,0.009958,0.052724,0.071131,0.000000,2.489584,0.155405,1,1,2.151029
cmp-00317,0.150000,6029000.000000,15.612092,71,FLEXIBLE,PUBLIC,4,2,0.150000,0.623370,29,24,0.021496,0.042936,0.058532,0.006241,4.155803,0.147059,0,1,2.036026
cmp-00317,0.250000,6029000.000000,15.612092,71,FLEXIBLE,PUBLIC,4,2,0.250000,0.746907,37,31,0.020187,0.017399,0.042079,0.004753,2.987626,0.195652,0,1,2.036026
cmp-00317,0.500000,6029000.000000,15.612092,71,FLEXIBLE,PUBLIC,4,2,0.500000,1.096434,52,41,0.021085,0.004049,0.030885,0.000000,2.192868,0.161290,1,1,2.036026
cmp-00318,0.150000,5202000.000000,15.464554,28,CLOSE_ON_TARGET,PUBLIC,3,3,0.150000,0.499346,24,23,0.020806,0.137845,0.118892,0.021036,3.328976,0.111111,0,1,1.016301
cmp-00318,0.250000,5202000.000000,15.464554,28,CLOSE_ON_TARGET,PUBLIC,3,3,0.250000,0.665763,33,28,0.020175,0.059435,0.095109,0.015916,2.663053,0.083333,0,1,1.016301
cmp-00318,0.500000,5202000.000000,15.464554,28,CLOSE_ON_TARGET,PUBLIC,3,3,0.500000,0.854748,40,31,0.021369,0.036428,0.061053,0.010375,1.709496,0.069767,0,1,1.016301
cmp-00319,0.150000,2950000.000000,14.897316,22,FLEXIBLE,PUBLIC,4,2,0.150000,0.454949,17,14,0.026762,0.114622,0.137863,0.029147,3.032994,0.190476,0,1,1.899559
cmp-00319,0.250000,2950000.000000,14.897316,22,FLEXIBLE,PUBLIC,4,2,0.250000,0.662508,24,20,0.027605,0.094345,0.120456,0.020454,2.650034,0.142857,0,1,1.899559
cmp-00319,0.500000,2950000.000000,14.897316,22,FLEXIBLE,PUBLIC,4,2,0.500000,0.871288,30,25,0.029043,0.052327,0.079208,0.011701,1.742576,0.142857,0,1,1.899559
cmp-00320,0.150000,4195000.000000,15.249404,50,FLEXIBLE,PUBLIC,1,3,0.150000,0.314779,11,11,0.028616,0.034508,0.041971,0.016123,2.098530,0.153846,0,1,1.218784
cmp-00320,0.250000,4195000.000000,15.249404,50,FLEXIBLE,PUBLIC,1,3,0.250000,0.346841,13,11,0.026680,0.006412,0.027747,0.017418,1.387366,0.133333,0,1,1.218784
cmp-00320,0.500000,4195000.000000,15.249404,50,FLEXIBLE,PUBLIC,1,3,0.500000,0.450799,18,15,0.025044,0.002636,0.018032,0.021968,0.901597,0.181818,0,1,1.218784
cmp-00321,0.150000,33941000.000000,17.340134,60,STRICT,PUBLIC,3,3,0.150000,0.163148,47,47,0.003471,0.017057,0.018128,0.016409,1.087652,0.160714,0,0,0.519207
cmp-00321,0.250000,33941000.000000,17.340134,60,STRICT,PUBLIC,3,3,0.250000,0.207905,65,64,0.003199,0.007460,0.013860,0.017602,0.831620,0.144737,0,0,0.519207
cmp-00321,0.500000,33941000.000000,17.340134,60,STRICT,PUBLIC,3,3,0.500000,0.310250,96,92,0.003232,0.005657,0.010342,0.022992,0.620500,0.150442,0,0,0.519207
cmp-00322,0.150000,1832000.000000,14.420919,90,FLEXIBLE,PUBLIC,2,2,0.150000,0.554694,7,7,0.079242,0.015278,0.041088,0.005821,3.697962,0.222222,0,1,1.354694
cmp-00322,0.250000,1832000.000000,14.420919,90,FLEXIBLE,PUBLIC,2,2,0.250000,0.648035,9,9,0.072004,0.010371,0.028802,0.005214,2.592140,0.181818,0,1,1.354694
cmp-00322,0.500000,1832000.000000,14.420919,90,FLEXIBLE,PUBLIC,2,2,0.500000,0.773362,10,10,0.077336,0.000000,0.017186,0.005036,1.546725,0.166667,0,1,1.354694
cmp-00323,0.150000,16713000.000000,16.631697,78,FLEXIBLE,PUBLIC,6,3,0.150000,0.606450,132,118,0.004594,0.048568,0.051833,0.005936,4.043000,0.083333,0,1,2.088225
cmp-00323,0.250000,16713000.000000,16.631697,78,FLEXIBLE,PUBLIC,6,3,0.250000,0.843122,182,152,0.004633,0.030343,0.043237,0.002682,3.372488,0.080808,0,1,2.088225
cmp-00323,0.500000,16713000.000000,16.631697,78,FLEXIBLE,PUBLIC,6,3,0.500000,1.211691,245,192,0.004946,0.011520,0.031069,0.000000,2.423383,0.099265,1,1,2.088225
cmp-00324,0.150000,6553000.000000,15.695434,55,FLEXIBLE,PUBLIC,4,1,0.150000,0.578651,34,30,0.017019,0.050397,0.070140,0.009013,3.857673,0.170732,0,1,2.146406
cmp-00324,0.250000,6553000.000000,15.695434,55,FLEXIBLE,PUBLIC,4,1,0.250000,0.879948,55,47,0.015999,0.054781,0.063996,0.002910,3.519792,0.166667,0,1,2.146406
cmp-00324,0.500000,6553000.000000,15.695434,55,FLEXIBLE,PUBLIC,4,1,0.500000,1.336777,90,70,0.014853,0.019195,0.048610,0.000000,2.673554,0.134615,1,1,2.146406
cmp-00325,0.150000,14683000.000000,16.502201,47,CLOSE_ON_TARGET,PUBLIC,2,3,0.150000,0.543949,145,133,0.003751,0.078962,0.077156,0.011416,3.626325,0.131737,0,1,1.005646
cmp-00325,0.250000,14683000.000000,16.502201,47,CLOSE_ON_TARGET,PUBLIC,2,3,0.250000,0.696656,192,167,0.003628,0.032491,0.059290,0.008606,2.786624,0.139013,0,1,1.005646
cmp-00325,0.500000,14683000.000000,16.502201,47,CLOSE_ON_TARGET,PUBLIC,2,3,0.500000,0.936709,285,234,0.003287,0.016240,0.039860,0.002693,1.873418,0.106583,0,1,1.005646
cmp-00326,0.150000,3071000.000000,14.937514,61,FLEXIBLE,PRIVATE_LINK,5,1,0.150000,0.327515,27,25,0.012130,0.025169,0.035794,0.012970,2.183436,0.129032,0,1,1.131781
cmp-00326,0.250000,3071000.000000,14.937514,61,FLEXIBLE,PRIVATE_LINK,5,1,0.250000,0.459818,39,33,0.011790,0.021689,0.030152,0.011807,1.839271,0.093023,0,1,1.131781
cmp-00326,0.500000,3071000.000000,14.937514,61,FLEXIBLE,PRIVATE_LINK,5,1,0.500000,0.600456,52,40,0.011547,0.012048,0.019687,0.013100,1.200912,0.103448,0,1,1.131781
cmp-00327,0.150000,8230000.000000,15.923297,49,FLEXIBLE,PRIVATE_LINK,6,3,0.150000,0.866513,162,130,0.005349,0.104471,0.117893,0.003205,5.776752,0.063584,0,1,3.353269
cmp-00327,0.250000,8230000.000000,15.923297,49,FLEXIBLE,PRIVATE_LINK,6,3,0.250000,1.187801,221,164,0.005375,0.065569,0.096963,0.000000,4.751203,0.063559,1,1,3.353269
cmp-00327,0.500000,8230000.000000,15.923297,49,FLEXIBLE,PRIVATE_LINK,6,3,0.500000,1.881993,325,218,0.005791,0.043068,0.076816,0.000000,3.763985,0.066092,1,1,3.353269
cmp-00328,0.150000,32327000.000000,17.291413,17,FLEXIBLE,PUBLIC,1,1,0.150000,0.488375,196,172,0.002492,0.164012,0.191520,0.035407,3.255834,0.136564,0,1,1.730952
cmp-00328,0.250000,32327000.000000,17.291413,17,FLEXIBLE,PUBLIC,1,1,0.250000,0.702351,272,236,0.002582,0.125868,0.165259,0.023345,2.809404,0.130990,0,1,1.730952
cmp-00328,0.500000,32327000.000000,17.291413,17,FLEXIBLE,PUBLIC,1,1,0.500000,0.983611,383,313,0.002568,0.076591,0.115719,0.001928,1.967222,0.135440,0,1,1.730952
cmp-00329,0.150000,6223000.000000,15.643763,53,FLEXIBLE,PUBLIC,3,3,0.150000,0.336092,19,17,0.017689,0.030750,0.042276,0.014737,2.240613,0.095238,0,0,0.954170
cmp-00329,0.250000,6223000.000000,15.643763,53,FLEXIBLE,PUBLIC,3,3,0.250000,0.437667,24,22,0.018236,0.019165,0.033031,0.014147,1.750667,0.076923,0,0,0.954170
cmp-00329,0.500000,6223000.000000,15.643763,53,FLEXIBLE,PUBLIC,3,3,0.500000,0.540431,33,28,0.016377,0.005764,0.020394,0.017342,1.080861,0.083333,0,0,0.954170
cmp-00330,0.150000,22978000.000000,16.950048,69,FLEXIBLE,PUBLIC,2,3,0.150000,0.290060,41,40,0.007075,0.028284,0.028025,0.012105,1.933734,0.196078,0,0,0.822826
cmp-00330,0.250000,22978000.000000,16.950048,69,FLEXIBLE,PUBLIC,2,3,0.250000,0.404887,53,51,0.007639,0.016642,0.023472,0.011500,1.619549,0.184615,0,0,0.822826
cmp-00330,0.500000,22978000.000000,16.950048,69,FLEXIBLE,PUBLIC,2,3,0.500000,0.590839,78,72,0.007575,0.013948,0.017126,0.011860,1.181678,0.187500,0,0,0.822826
cmp-00331,0.150000,10569000.000000,16.173436,23,STRICT,PRIVATE_LINK,4,2,0.150000,0.920428,96,78,0.009588,0.238910,0.266791,0.004070,6.136184,0.084112,0,0,0.999839
cmp-00331,0.250000,10569000.000000,16.173436,23,STRICT,PRIVATE_LINK,4,2,0.250000,0.999063,104,82,0.009606,0.034189,0.173750,0.000054,3.996253,0.082707,0,0,0.999839
cmp-00331,0.500000,10569000.000000,16.173436,23,STRICT,PRIVATE_LINK,4,2,0.500000,0.999839,105,83,0.009522,0.000000,0.086943,0.000014,1.999678,0.098446,0,0,0.999839
cmp-00332,0.150000,6776000.000000,15.728898,25,FLEXIBLE,PUBLIC,7,1,0.150000,1.073509,40,33,0.026838,0.222544,0.286269,0.000000,7.156730,0.183673,1,1,3.253188
cmp-00332,0.250000,6776000.000000,15.728898,25,FLEXIBLE,PUBLIC,7,1,0.250000,1.674380,57,47,0.029375,0.240348,0.267901,0.000000,6.697521,0.136364,1,1,3.253188
cmp-00332,0.500000,6776000.000000,15.728898,25,FLEXIBLE,PUBLIC,7,1,0.500000,2.113607,82,59,0.025776,0.051352,0.169089,0.000000,4.227214,0.127660,1,1,3.253188
cmp-00333,0.150000,38186000.000000,17.457980,41,FLEXIBLE,PUBLIC,1,3,0.150000,0.778696,654,556,0.001191,0.105409,0.126617,0.006350,5.191309,0.104110,0,1,2.638108
cmp-00333,0.250000,38186000.000000,17.457980,41,FLEXIBLE,PUBLIC,1,3,0.250000,1.019224,880,697,0.001158,0.058665,0.099437,0.000000,4.076897,0.114688,1,1,2.638108
cmp-00333,0.500000,38186000.000000,17.457980,41,FLEXIBLE,PUBLIC,1,3,0.500000,1.525122,1259,888,0.001211,0.036400,0.074396,0.000000,3.050244,0.114004,1,1,2.638108
cmp-00334,0.150000,24295000.000000,17.005781,47,FLEXIBLE,PUBLIC,2,1,0.150000,0.155139,26,26,0.005967,0.022997,0.022006,0.021148,1.034259,0.071429,0,0,0.579086
cmp-00334,0.250000,24295000.000000,17.005781,47,FLEXIBLE,PUBLIC,2,1,0.250000,0.188401,27,27,0.006978,0.007077,0.016034,0.023024,0.753604,0.100000,0,0,0.579086
cmp-00334,0.500000,24295000.000000,17.005781,47,FLEXIBLE,PUBLIC,2,1,0.500000,0.323540,46,44,0.007033,0.009236,0.013768,0.028786,0.647080,0.098039,0,0,0.579086
cmp-00335,0.150000,6134000.000000,15.629358,68,FLEXIBLE,PUBLIC,2,2,0.150000,0.214428,6,6,0.035738,0.019860,0.021022,0.013591,1.429519,0.333333,0,0,0.846772
cmp-00335,0.250000,6134000.000000,15.629358,68,FLEXIBLE,PUBLIC,2,2,0.250000,0.249967,9,9,0.027774,0.005226,0.014704,0.014707,0.999870,0.357143,0,0,0.846772
cmp-00335,0.500000,6134000.000000,15.629358,68,FLEXIBLE,PUBLIC,2,2,0.500000,0.457662,17,16,0.026921,0.018626,0.013461,0.015951,0.915324,0.260870,0,0,0.846772
cmp-00336,0.150000,15334000.000000,16.545583,18,FLEXIBLE,PUBLIC,4,1,0.150000,0.844822,129,115,0.006549,0.285517,0.312897,0.010142,5.632146,0.140000,0,1,2.931114
cmp-00336,0.250000,15334000.000000,16.545583,18,FLEXIBLE,PUBLIC,4,1,0.250000,1.249765,189,154,0.006613,0.224968,0.277726,0.000000,4.999061,0.129032,1,1,2.931114
cmp-00336,0.500000,15334000.000000,16.545583,18,FLEXIBLE,PUBLIC,4,1,0.500000,1.766499,275,196,0.006424,0.088873,0.196278,0.000000,3.532999,0.115756,1,1,2.931114
cmp-00337,0.150000,4868000.000000,15.398194,66,FLEXIBLE,PUBLIC,5,2,0.150000,0.461627,30,26,0.015388,0.032687,0.046629,0.009597,3.077513,0.189189,0,1,1.583956
cmp-00337,0.250000,4868000.000000,15.398194,66,FLEXIBLE,PUBLIC,5,2,0.250000,0.610168,42,35,0.014528,0.022506,0.036980,0.007875,2.440674,0.192308,0,1,1.583956
cmp-00337,0.500000,4868000.000000,15.398194,66,FLEXIBLE,PUBLIC,5,2,0.500000,0.899322,63,49,0.014275,0.025270,0.027252,0.003051,1.798644,0.148649,0,1,1.583956
cmp-00338,0.150000,2524000.000000,14.741356,33,FLEXIBLE,PRIVATE_LINK,5,3,0.150000,0.205784,8,8,0.025723,0.041913,0.041573,0.028314,1.371896,0.000000,0,0,0.699525
cmp-00338,0.250000,2524000.000000,14.741356,33,FLEXIBLE,PRIVATE_LINK,5,3,0.250000,0.221791,10,10,0.022179,0.004850,0.026884,0.031443,0.887163,0.000000,0,0,0.699525
cmp-00338,0.500000,2524000.000000,14.741356,33,FLEXIBLE,PRIVATE_LINK,5,3,0.500000,0.389422,16,16,0.024339,0.008128,0.023601,0.037005,0.778843,0.000000,0,0,0.699525
cmp-00339,0.150000,7825000.000000,15.872834,47,FLEXIBLE,PUBLIC,1,1,0.150000,0.095157,10,9,0.009516,0.007594,0.013497,0.022649,0.634377,0.166667,0,0,0.475821
cmp-00339,0.250000,7825000.000000,15.872834,47,FLEXIBLE,PUBLIC,1,1,0.250000,0.173163,14,13,0.012369,0.016597,0.014737,0.023456,0.692652,0.125000,0,0,0.475821
cmp-00339,0.500000,7825000.000000,15.872834,47,FLEXIBLE,PUBLIC,1,1,0.500000,0.270620,22,20,0.012301,0.008619,0.011516,0.031037,0.541240,0.120000,0,0,0.475821
cmp-00340,0.150000,4431000.000000,15.304136,71,FLEXIBLE,PRIVATE_LINK,2,1,0.150000,0.939562,28,24,0.033556,0.073070,0.088222,0.001001,6.263748,0.096774,0,1,3.121214
cmp-00340,0.250000,4431000.000000,15.304136,71,FLEXIBLE,PRIVATE_LINK,2,1,0.250000,1.357256,41,31,0.033104,0.058830,0.076465,0.000000,5.429023,0.068182,1,1,3.121214
cmp-00340,0.500000,4431000.000000,15.304136,71,FLEXIBLE,PRIVATE_LINK,2,1,0.500000,1.859084,62,46,0.029985,0.030540,0.052369,0.000000,3.718167,0.060606,1,1,3.121214
cmp-00341,0.150000,2000000.000000,14.508658,21,FLEXIBLE,PUBLIC,1,1,0.150000,0.898450,16,13,0.056153,0.225143,0.285222,0.005689,5.989667,0.058824,0,1,2.591000
cmp-00341,0.250000,2000000.000000,14.508658,21,FLEXIBLE,PUBLIC,1,1,0.250000,1.255950,20,16,0.062798,0.170238,0.239229,0.000000,5.023800,0.090909,1,1,2.591000
cmp-00341,0.500000,2000000.000000,14.508658,21,FLEXIBLE,PUBLIC,1,1,0.500000,1.515250,26,17,0.058279,0.011548,0.144310,0.000000,3.030500,0.071429,1,1,2.591000
cmp-00342,0.150000,4242000.000000,15.260545,44,FLEXIBLE,PRIVATE_LINK,2,1,0.150000,0.531683,23,21,0.023117,0.063403,0.080558,0.012522,3.544554,0.148148,0,1,1.502994
cmp-00342,0.250000,4242000.000000,15.260545,44,FLEXIBLE,PRIVATE_LINK,2,1,0.250000,0.663319,31,28,0.021397,0.029917,0.060302,0.010202,2.653277,0.138889,0,1,1.502994
cmp-00342,0.500000,4242000.000000,15.260545,44,FLEXIBLE,PRIVATE_LINK,2,1,0.500000,1.045592,44,37,0.023763,0.012553,0.047527,0.000000,2.091183,0.120000,1,1,1.502994
cmp-00343,0.150000,10039000.000000,16.121988,71,FLEXIBLE,PUBLIC,3,3,0.150000,0.356639,52,47,0.006858,0.018571,0.033487,0.010660,2.377594,0.174603,0,1,1.492868
cmp-00343,0.250000,10039000.000000,16.121988,71,FLEXIBLE,PUBLIC,3,3,0.250000,0.499861,76,65,0.006577,0.020172,0.028161,0.009392,1.999442,0.191489,0,1,1.492868
cmp-00343,0.500000,10039000.000000,16.121988,71,FLEXIBLE,PUBLIC,3,3,0.500000,0.764847,114,94,0.006709,0.016282,0.021545,0.006624,1.529694,0.173913,0,1,1.492868
cmp-00344,0.150000,3212000.000000,14.982404,34,FLEXIBLE,PUBLIC,3,3,0.150000,0.209496,8,8,0.026187,0.056809,0.041078,0.027353,1.396638,0.272727,0,0,0.500903
cmp-00344,0.250000,3212000.000000,14.982404,34,FLEXIBLE,PUBLIC,3,3,0.250000,0.279670,13,13,0.021513,0.020640,0.032902,0.028248,1.118680,0.235294,0,0,0.500903
cmp-00344,0.500000,3212000.000000,14.982404,34,FLEXIBLE,PUBLIC,3,3,0.500000,0.350031,19,19,0.018423,0.002866,0.020590,0.038233,0.700062,0.173913,0,0,0.500903
cmp-00345,0.150000,33307000.000000,17.321278,29,STRICT,PUBLIC,2,2,0.150000,0.600958,337,317,0.001783,0.130570,0.138151,0.016188,4.006385,0.110818,0,0,0.999940
cmp-00345,0.250000,33307000.000000,17.321278,29,STRICT,PUBLIC,2,2,0.250000,0.765194,437,383,0.001751,0.056633,0.105544,0.010796,3.060774,0.102669,0,0,0.999940
cmp-00345,0.500000,33307000.000000,17.321278,29,STRICT,PUBLIC,2,2,0.500000,0.999940,561,467,0.001782,0.006482,0.068961,0.000004,1.999880,0.102899,0,0,0.999940
cmp-00346,0.150000,13153000.000000,16.392160,49,FLEXIBLE,PUBLIC,2,1,0.150000,0.214544,29,27,0.007398,0.021778,0.029190,0.018858,1.430295,0.093750,0,0,0.718954
cmp-00346,0.250000,13153000.000000,16.392160,49,FLEXIBLE,PUBLIC,2,1,0.250000,0.305451,42,40,0.007273,0.018552,0.024935,0.018899,1.221805,0.106383,0,0,0.718954
cmp-00346,0.500000,13153000.000000,16.392160,49,FLEXIBLE,PUBLIC,2,1,0.500000,0.414278,60,52,0.006905,0.008518,0.016909,0.023907,0.828556,0.104478,0,0,0.718954
cmp-00347,0.150000,5310000.000000,15.485102,77,FLEXIBLE,PUBLIC,2,3,0.150000,0.572750,29,23,0.019750,0.056512,0.049589,0.006528,3.818330,0.194444,0,1,2.330584
cmp-00347,0.250000,5310000.000000,15.485102,77,FLEXIBLE,PUBLIC,2,3,0.250000,0.809699,44,32,0.018402,0.030773,0.042062,0.003295,3.238795,0.153846,0,1,2.330584
cmp-00347,0.500000,5310000.000000,15.485102,77,FLEXIBLE,PUBLIC,2,3,0.500000,1.375951,61,43,0.022557,0.010262,0.035739,0.000000,2.751902,0.175676,1,1,2.330584
cmp-00348,0.150000,17475000.000000,16.676282,87,FLEXIBLE,PUBLIC,0,2,0.150000,0.541013,79,70,0.006848,0.033751,0.041457,0.006207,3.606753,0.168421,0,1,1.952813
cmp-00348,0.250000,17475000.000000,16.676282,87,FLEXIBLE,PUBLIC,0,2,0.250000,0.821934,113,95,0.007274,0.032290,0.037790,0.002729,3.287737,0.130769,0,1,1.952813
cmp-00348,0.500000,17475000.000000,16.676282,87,FLEXIBLE,PUBLIC,0,2,0.500000,1.075948,158,126,0.006810,0.017058,0.024734,0.000000,2.151897,0.136612,1,1,1.952813
cmp-00349,0.150000,3335000.000000,15.019983,53,FLEXIBLE,PRIVATE_LINK,2,1,0.150000,0.151124,4,4,0.037781,0.014817,0.019009,0.018843,1.007496,0.000000,0,0,0.320450
cmp-00349,0.250000,3335000.000000,15.019983,53,FLEXIBLE,PRIVATE_LINK,2,1,0.250000,0.175892,6,6,0.029315,0.004673,0.013275,0.020732,0.703568,0.142857,0,0,0.320450
cmp-00349,0.500000,3335000.000000,15.019983,53,FLEXIBLE,PRIVATE_LINK,2,1,0.500000,0.230705,8,8,0.028838,0.004198,0.008706,0.029030,0.461409,0.111111,0,0,0.320450
cmp-00350,0.150000,3751000.000000,15.137533,52,STRICT,PUBLIC,1,1,0.150000,0.395948,17,12,0.023291,0.027470,0.050763,0.013666,2.639652,0.055556,0,0,0.996508
cmp-00350,0.250000,3751000.000000,15.137533,52,STRICT,PUBLIC,1,1,0.250000,0.674807,26,21,0.025954,0.053627,0.051908,0.008338,2.699227,0.071429,0,0,0.996508
cmp-00350,0.500000,3751000.000000,15.137533,52,STRICT,PUBLIC,1,1,0.500000,0.996508,39,31,0.025551,0.031627,0.038327,0.000134,1.993015,0.130435,0,0,0.996508
cmp-00351,0.150000,1574000.000000,14.269131,15,FLEXIBLE,PUBLIC,5,3,0.150000,2.216582,54,33,0.041048,0.719695,0.985148,0.000000,14.777213,0.052632,1,1,8.622490
cmp-00351,0.250000,1574000.000000,14.269131,15,FLEXIBLE,PUBLIC,5,3,0.250000,3.207116,63,36,0.050907,0.660356,0.855231,0.000000,12.828463,0.059701,1,1,8.622490
cmp-00351,0.500000,1574000.000000,14.269131,15,FLEXIBLE,PUBLIC,5,3,0.500000,4.524587,95,41,0.047627,0.199619,0.603278,0.000000,9.049174,0.059406,1,1,8.622490
cmp-00352,0.150000,13438000.000000,16.413597,58,FLEXIBLE,PUBLIC,6,1,0.150000,0.200469,37,33,0.005418,0.022312,0.023042,0.016218,1.336459,0.139535,0,0,0.881203
cmp-00352,0.250000,13438000.000000,16.413597,58,FLEXIBLE,PUBLIC,6,1,0.250000,0.325703,50,45,0.006514,0.021592,0.022462,0.015501,1.302813,0.107143,0,0,0.881203
cmp-00352,0.500000,13438000.000000,16.413597,58,FLEXIBLE,PUBLIC,6,1,0.500000,0.468857,72,66,0.006512,0.013649,0.016167,0.018315,0.937714,0.111111,0,0,0.881203
cmp-00353,0.150000,2187000.000000,14.598041,30,FLEXIBLE,PUBLIC,2,2,0.150000,0.084545,3,3,0.028182,0.017299,0.018788,0.035900,0.563634,0.000000,0,0,0.239963
cmp-00353,0.250000,2187000.000000,14.598041,30,FLEXIBLE,PUBLIC,2,2,0.250000,0.084545,3,3,0.028182,0.000000,0.011273,0.040687,0.338180,0.000000,0,0,0.239963
cmp-00353,0.500000,2187000.000000,14.598041,30,FLEXIBLE,PUBLIC,2,2,0.500000,0.084545,3,3,0.028182,0.000000,0.005636,0.061030,0.169090,0.000000,0,0,0.239963
cmp-00354,0.150000,3149000.000000,14.962596,53,STRICT,PUBLIC,5,2,0.150000,0.319022,8,8,0.039878,0.033560,0.040129,0.015116,2.126813,0.272727,0,0,0.976056
cmp-00354,0.250000,3149000.000000,14.962596,53,STRICT,PUBLIC,5,2,0.250000,0.448587,14,14,0.032042,0.024446,0.033856,0.013872,1.794347,0.263158,0,0,0.976056
cmp-00354,0.500000,3149000.000000,14.962596,53,STRICT,PUBLIC,5,2,0.500000,0.541982,20,20,0.027099,0.000000,0.020452,0.017284,1.083963,0.230769,0,0,0.976056
cmp-00355,0.150000,5038000.000000,15.432520,67,CLOSE_ON_TARGET,PRIVATE_LINK,0,2,0.150000,0.479258,17,17,0.028192,0.012475,0.047687,0.009144,3.195051,0.000000,0,1,1.033347
cmp-00355,0.250000,5038000.000000,15.432520,67,CLOSE_ON_TARGET,PRIVATE_LINK,0,2,0.250000,0.551032,20,20,0.027552,0.010713,0.032897,0.008935,2.204129,0.047619,0,1,1.033347
cmp-00355,0.500000,5038000.000000,15.432520,67,CLOSE_ON_TARGET,PRIVATE_LINK,0,2,0.500000,0.741584,31,28,0.023922,0.018637,0.022137,0.007714,1.483168,0.060606,0,1,1.033347
cmp-00356,0.150000,10498000.000000,16.166695,67,FLEXIBLE,PUBLIC,1,1,0.150000,0.876615,99,83,0.008855,0.086149,0.087225,0.002167,5.844097,0.123894,0,1,2.622690
cmp-00356,0.250000,10498000.000000,16.166695,67,FLEXIBLE,PUBLIC,1,1,0.250000,1.200791,124,97,0.009684,0.048384,0.071689,0.000000,4.803163,0.126761,1,1,2.622690
cmp-00356,0.500000,10498000.000000,16.166695,67,FLEXIBLE,PUBLIC,1,1,0.500000,1.587864,178,128,0.008921,0.025168,0.047399,0.000000,3.175729,0.096447,1,1,2.622690
cmp-00357,0.150000,16861000.000000,16.640514,39,STRICT,PUBLIC,2,1,0.150000,0.432596,99,89,0.004370,0.059743,0.073948,0.017116,2.883973,0.116071,0,0,0.999852
cmp-00357,0.250000,16861000.000000,16.640514,39,STRICT,PUBLIC,2,1,0.250000,0.563205,124,111,0.004542,0.033490,0.057765,0.014933,2.252820,0.138889,0,0,0.999852
cmp-00357,0.500000,16861000.000000,16.640514,39,STRICT,PUBLIC,2,1,0.500000,0.848526,183,154,0.004637,0.029791,0.043514,0.007768,1.697052,0.132701,0,0,0.999852
cmp-00358,0.150000,18268000.000000,16.720661,37,FLEXIBLE,PRIVATE_LINK,4,2,0.150000,0.556295,89,77,0.006251,0.090381,0.100233,0.014108,3.708634,0.127451,0,1,1.881722
cmp-00358,0.250000,18268000.000000,16.720661,37,FLEXIBLE,PRIVATE_LINK,4,2,0.250000,0.829768,125,99,0.006638,0.073912,0.089705,0.006134,3.319072,0.125874,0,1,1.881722
cmp-00358,0.500000,18268000.000000,16.720661,37,FLEXIBLE,PRIVATE_LINK,4,2,0.500000,1.135882,169,132,0.006721,0.032254,0.061399,0.000000,2.271765,0.128866,1,1,1.881722
cmp-00359,0.150000,19688000.000000,16.795520,32,CLOSE_ON_TARGET,PUBLIC,3,3,0.150000,0.136916,16,16,0.008557,0.023817,0.028524,0.031731,0.912773,0.111111,0,0,0.571084
cmp-00359,0.250000,19688000.000000,16.795520,32,CLOSE_ON_TARGET,PUBLIC,3,3,0.250000,0.162515,19,19,0.008553,0.008000,0.020314,0.034895,0.650061,0.095238,0,0,0.571084
cmp-00359,0.500000,19688000.000000,16.795520,32,CLOSE_ON_TARGET,PUBLIC,3,3,0.500000,0.317762,29,29,0.010957,0.003221,0.019860,0.042640,0.635524,0.064516,0,0,0.571084
cmp-00360,0.150000,5835000.000000,15.579385,55,FLEXIBLE,PUBLIC,10,1,0.150000,0.636452,73,66,0.008719,0.055275,0.077146,0.007776,4.243016,0.141176,0,1,2.339332
cmp-00360,0.250000,5835000.000000,15.579385,55,FLEXIBLE,PUBLIC,10,1,0.250000,0.833950,97,85,0.008597,0.035909,0.060651,0.004025,3.335801,0.149123,0,1,2.339332
cmp-00360,0.500000,5835000.000000,15.579385,55,FLEXIBLE,PUBLIC,10,1,0.500000,1.192991,147,118,0.008116,0.025289,0.043381,0.000000,2.385981,0.145349,1,1,2.339332
cmp-00361,0.150000,19584000.000000,16.790223,88,STRICT,PUBLIC,8,1,0.150000,0.784549,200,170,0.003923,0.044324,0.059436,0.002880,5.230324,0.122807,0,0,0.999929
cmp-00361,0.250000,19584000.000000,16.790223,88,STRICT,PUBLIC,8,1,0.250000,0.998208,257,215,0.003884,0.024279,0.045373,0.000027,3.992831,0.124579,0,0,0.999929
cmp-00361,0.500000,19584000.000000,16.790223,88,STRICT,PUBLIC,8,1,0.500000,0.999929,260,217,0.003846,0.000000,0.022726,0.000002,1.999857,0.114416,0,0,0.999929
cmp-00362,0.150000,25827000.000000,17.066931,73,FLEXIBLE,PUBLIC,1,3,0.150000,0.818403,194,159,0.004219,0.066085,0.074740,0.002927,5.456021,0.145374,0,1,2.638595
cmp-00362,0.250000,25827000.000000,17.066931,73,FLEXIBLE,PUBLIC,1,3,0.250000,1.070078,252,194,0.004246,0.034476,0.058634,0.000000,4.280311,0.154362,1,1,2.638595
cmp-00362,0.500000,25827000.000000,17.066931,73,FLEXIBLE,PUBLIC,1,3,0.500000,1.614833,379,272,0.004261,0.023451,0.044242,0.000000,3.229667,0.130734,1,1,2.638595
cmp-00363,0.150000,10001000.000000,16.118196,16,FLEXIBLE,PUBLIC,2,3,0.150000,0.437046,63,59,0.006937,0.164252,0.182103,0.041394,2.913642,0.100000,0,1,1.397420
cmp-00363,0.250000,10001000.000000,16.118196,16,FLEXIBLE,PUBLIC,2,3,0.250000,0.536816,80,73,0.006710,0.062356,0.134204,0.038599,2.147265,0.148936,0,1,1.397420
cmp-00363,0.500000,10001000.000000,16.118196,16,FLEXIBLE,PUBLIC,2,3,0.500000,0.880082,119,100,0.007396,0.091416,0.110010,0.014990,1.760164,0.143885,0,1,1.397420
cmp-00364,0.150000,13074000.000000,16.386136,65,CLOSE_ON_TARGET,PUBLIC,6,3,0.150000,0.995388,107,86,0.009303,0.071807,0.102091,0.000083,6.635919,0.108333,0,1,1.013745
cmp-00365,0.150000,11401000.000000,16.249212,17,FLEXIBLE,PUBLIC,3,1,0.150000,0.254390,37,33,0.006875,0.077841,0.099761,0.051599,1.695933,0.139535,0,0,0.769678
cmp-00365,0.250000,11401000.000000,16.249212,17,FLEXIBLE,PUBLIC,3,1,0.250000,0.310517,47,41,0.006607,0.033016,0.073063,0.054077,1.242066,0.160714,0,0,0.769678
cmp-00365,0.500000,11401000.000000,16.249212,17,FLEXIBLE,PUBLIC,3,1,0.500000,0.400289,65,57,0.006158,0.008395,0.047093,0.070554,0.800579,0.177215,0,0,0.769678
cmp-00366,0.150000,15420000.000000,16.551176,30,STRICT,PUBLIC,5,2,0.150000,0.621109,95,86,0.006538,0.093629,0.138024,0.014858,4.140726,0.144144,0,0,0.999942
cmp-00366,0.250000,15420000.000000,16.551176,30,STRICT,PUBLIC,5,2,0.250000,0.786958,123,102,0.006398,0.055283,0.104928,0.009469,3.147834,0.139860,0,0,0.999942
cmp-00366,0.500000,15420000.000000,16.551176,30,STRICT,PUBLIC,5,2,0.500000,0.999008,156,128,0.006404,0.007806,0.066601,0.000066,1.998016,0.157068,0,0,0.999942
cmp-00367,0.150000,9066000.000000,16.020042,48,FLEXIBLE,PRIVATE_LINK,5,1,0.150000,0.469358,38,35,0.012352,0.060825,0.065189,0.013006,3.129054,0.173913,0,1,1.649570
cmp-00367,0.250000,9066000.000000,16.020042,48,FLEXIBLE,PRIVATE_LINK,5,1,0.250000,0.631425,52,45,0.012143,0.033764,0.052619,0.010238,2.525700,0.174603,0,1,1.649570
cmp-00367,0.500000,9066000.000000,16.020042,48,FLEXIBLE,PRIVATE_LINK,5,1,0.500000,0.968498,76,61,0.012743,0.033178,0.040354,0.001313,1.936995,0.173913,0,1,1.649570
cmp-00368,0.150000,20163000.000000,16.819360,22,FLEXIBLE,PUBLIC,2,2,0.150000,0.172886,60,59,0.002881,0.045917,0.052390,0.044231,1.152573,0.130435,0,0,0.565283
cmp-00368,0.250000,20163000.000000,16.819360,22,FLEXIBLE,PUBLIC,2,2,0.250000,0.254580,85,81,0.002995,0.037134,0.046287,0.045177,1.018321,0.123711,0,0,0.565283
cmp-00368,0.500000,20163000.000000,16.819360,22,FLEXIBLE,PUBLIC,2,2,0.500000,0.347845,110,105,0.003162,0.026144,0.031622,0.059287,0.695690,0.126984,0,0,0.565283
cmp-00369,0.150000,5449000.000000,15.510943,18,CLOSE_ON_TARGET,PUBLIC,2,3,0.150000,0.284805,23,21,0.012383,0.069411,0.105483,0.046745,1.898697,0.041667,0,0,0.687337
cmp-00369,0.250000,5449000.000000,15.510943,18,CLOSE_ON_TARGET,PUBLIC,2,3,0.250000,0.417012,29,26,0.014380,0.073449,0.092669,0.043184,1.668049,0.033333,0,0,0.687337
cmp-00369,0.500000,5449000.000000,15.510943,18,CLOSE_ON_TARGET,PUBLIC,2,3,0.500000,0.476436,36,32,0.013234,0.011123,0.052937,0.058174,0.952872,0.027027,0,0,0.687337
cmp-00370,0.150000,3043000.000000,14.928354,84,FLEXIBLE,PUBLIC,2,2,0.150000,0.108281,7,7,0.015469,0.006960,0.008594,0.012489,0.721875,0.000000,0,0,0.538153
cmp-00370,0.250000,3043000.000000,14.928354,84,FLEXIBLE,PUBLIC,2,2,0.250000,0.160598,10,10,0.016060,0.006228,0.007648,0.013324,0.642392,0.090909,0,0,0.538153
cmp-00370,0.500000,3043000.000000,14.928354,84,FLEXIBLE,PUBLIC,2,2,0.500000,0.191916,12,11,0.015993,0.000000,0.004569,0.019240,0.383832,0.200000,0,0,0.538153
cmp-00371,0.150000,27213000.000000,17.119205,36,CLOSE_ON_TARGET,PUBLIC,4,2,0.150000,0.190949,49,48,0.003897,0.029612,0.035361,0.026440,1.272995,0.155172,0,0,0.648102
cmp-00371,0.250000,27213000.000000,17.119205,36,CLOSE_ON_TARGET,PUBLIC,4,2,0.250000,0.295149,63,59,0.004685,0.028944,0.032794,0.026106,1.180598,0.160000,0,0,0.648102
cmp-00371,0.500000,27213000.000000,17.119205,36,CLOSE_ON_TARGET,PUBLIC,4,2,0.500000,0.434561,94,84,0.004623,0.020140,0.024142,0.031413,0.869121,0.168142,0,0,0.648102
cmp-00372,0.150000,2181000.000000,14.595294,63,FLEXIBLE,PUBLIC,0,1,0.150000,0.693352,24,22,0.028890,0.067175,0.073371,0.005726,4.622344,0.111111,0,1,2.069418
cmp-00372,0.250000,2181000.000000,14.595294,63,FLEXIBLE,PUBLIC,0,1,0.250000,0.870885,30,24,0.029029,0.028180,0.055294,0.002733,3.483540,0.117647,0,1,2.069418
cmp-00372,0.500000,2181000.000000,14.595294,63,FLEXIBLE,PUBLIC,0,1,0.500000,1.205961,42,30,0.028713,0.006914,0.038284,0.000000,2.411921,0.106383,1,1,2.069418
cmp-00373,0.150000,6093000.000000,15.622651,15,STRICT,PUBLIC,3,2,0.150000,0.125899,9,9,0.013989,0.021434,0.055955,0.068557,0.839324,0.181818,0,0,0.985130
cmp-00373,0.250000,6093000.000000,15.622651,15,STRICT,PUBLIC,3,2,0.250000,0.425669,11,11,0.038697,0.199847,0.113512,0.051052,1.702675,0.266667,0,0,0.985130
cmp-00373,0.500000,6093000.000000,15.622651,15,STRICT,PUBLIC,3,2,0.500000,0.666617,19,15,0.035085,0.050637,0.088882,0.044451,1.333235,0.208333,0,0,0.985130
cmp-00374,0.150000,7407000.000000,15.817936,45,FLEXIBLE,PUBLIC,5,2,0.150000,0.675604,35,31,0.019303,0.082583,0.100090,0.008481,4.504028,0.027778,0,1,1.911435
cmp-00374,0.250000,7407000.000000,15.817936,45,FLEXIBLE,PUBLIC,5,2,0.250000,0.927515,50,43,0.018550,0.055980,0.082446,0.002148,3.710058,0.019608,0,1,1.911435
cmp-00374,0.500000,7407000.000000,15.817936,45,FLEXIBLE,PUBLIC,5,2,0.500000,1.151667,66,55,0.017450,0.018208,0.051185,0.000000,2.303335,0.043478,1,1,1.911435
cmp-00375,0.150000,24281000.000000,17.005205,20,FLEXIBLE,PUBLIC,1,2,0.150000,0.266385,57,55,0.004673,0.073473,0.088795,0.043154,1.775902,0.109375,0,0,0.828800
cmp-00375,0.250000,24281000.000000,17.005205,20,FLEXIBLE,PUBLIC,1,2,0.250000,0.329290,72,68,0.004573,0.031453,0.065858,0.044714,1.317162,0.100000,0,0,0.828800
cmp-00375,0.500000,24281000.000000,17.005205,20,FLEXIBLE,PUBLIC,1,2,0.500000,0.526519,95,84,0.005542,0.063875,0.052652,0.047348,1.053037,0.103774,0,0,0.828800
cmp-00376,0.150000,11863000.000000,16.288935,88,FLEXIBLE,PUBLIC,5,3,0.150000,0.520619,60,48,0.008677,0.034197,0.039441,0.006409,3.470792,0.154930,0,1,2.363862
cmp-00376,0.250000,11863000.000000,16.288935,88,FLEXIBLE,PUBLIC,5,3,0.250000,0.739417,85,64,0.008699,0.024863,0.033610,0.003948,2.957667,0.132653,0,1,2.363862
cmp-00376,0.500000,11863000.000000,16.288935,88,FLEXIBLE,PUBLIC,5,3,0.500000,1.313352,131,91,0.010026,0.018896,0.029849,0.000000,2.626705,0.149351,1,1,2.363862
cmp-00377,0.150000,42950000.000000,17.575547,44,FLEXIBLE,PUBLIC,2,3,0.150000,0.213614,163,158,0.001311,0.028604,0.032366,0.021026,1.424090,0.123656,0,0,0.724941
cmp-00377,0.250000,42950000.000000,17.575547,44,FLEXIBLE,PUBLIC,2,3,0.250000,0.298629,234,220,0.001276,0.019322,0.027148,0.021254,1.194515,0.113636,0,0,0.724941
cmp-00377,0.500000,42950000.000000,17.575547,44,FLEXIBLE,PUBLIC,2,3,0.500000,0.401129,312,284,0.001286,0.004376,0.018233,0.027221,0.802258,0.123596,0,0,0.724941
cmp-00378,0.150000,1150000.000000,13.955273,34,CLOSE_ON_TARGET,PRIVATE_LINK,2,3,0.150000,0.154435,2,2,0.077217,0.042455,0.030281,0.029258,1.029565,0.333333,0,0,0.693826
cmp-00378,0.250000,1150000.000000,13.955273,34,CLOSE_ON_TARGET,PRIVATE_LINK,2,3,0.250000,0.160261,3,3,0.053420,0.001714,0.018854,0.032931,0.641043,0.250000,0,0,0.693826
cmp-00378,0.500000,1150000.000000,13.955273,34,CLOSE_ON_TARGET,PRIVATE_LINK,2,3,0.500000,0.193652,5,4,0.038730,0.000000,0.011391,0.047432,0.387304,0.166667,0,0,0.693826
cmp-00379,0.150000,37539000.000000,17.440891,48,FLEXIBLE,PRIVATE_LINK,3,2,0.150000,0.234567,146,140,0.001607,0.022666,0.032579,0.018761,1.563778,0.156069,0,0,0.795248
cmp-00379,0.250000,37539000.000000,17.440891,48,FLEXIBLE,PRIVATE_LINK,3,2,0.250000,0.323916,204,191,0.001588,0.018615,0.026993,0.018780,1.295666,0.139241,0,0,0.795248
cmp-00379,0.500000,37539000.000000,17.440891,48,FLEXIBLE,PRIVATE_LINK,3,2,0.500000,0.444759,281,253,0.001583,0.011043,0.018532,0.023135,0.889518,0.140673,0,0,0.795248
cmp-00380,0.150000,3623000.000000,15.102813,15,STRICT,PUBLIC,3,1,0.150000,0.308087,16,15,0.019255,0.155138,0.136928,0.054268,2.053915,0.111111,0,0,0.937317
cmp-00380,0.250000,3623000.000000,15.102813,15,STRICT,PUBLIC,3,1,0.250000,0.385012,21,20,0.018334,0.051283,0.102670,0.054666,1.540050,0.125000,0,0,0.937317
cmp-00380,0.500000,3623000.000000,15.102813,15,STRICT,PUBLIC,3,1,0.500000,0.631990,31,29,0.020387,0.003128,0.084265,0.049068,1.263980,0.138889,0,0,0.937317
cmp-00381,0.150000,4473000.000000,15.313570,56,CLOSE_ON_TARGET,PUBLIC,3,3,0.150000,0.337112,16,16,0.021069,0.017055,0.040132,0.013926,2.247410,0.238095,0,1,1.007087
cmp-00381,0.250000,4473000.000000,15.313570,56,CLOSE_ON_TARGET,PUBLIC,3,3,0.250000,0.416253,23,21,0.018098,0.014132,0.029732,0.013899,1.665012,0.323529,0,1,1.007087
cmp-00381,0.500000,4473000.000000,15.313570,56,CLOSE_ON_TARGET,PUBLIC,3,3,0.500000,0.679812,34,31,0.019994,0.014392,0.024279,0.011435,1.359624,0.260870,0,1,1.007087
cmp-00382,0.150000,7682000.000000,15.854390,19,CLOSE_ON_TARGET,PUBLIC,1,1,0.150000,0.297175,30,29,0.009906,0.077605,0.104272,0.043519,1.981168,0.166667,0,0,0.743075
cmp-00382,0.250000,7682000.000000,15.854390,19,CLOSE_ON_TARGET,PUBLIC,1,1,0.250000,0.346498,38,36,0.009118,0.025960,0.072947,0.045860,1.385993,0.155556,0,0,0.743075
cmp-00382,0.500000,7682000.000000,15.854390,19,CLOSE_ON_TARGET,PUBLIC,1,1,0.500000,0.487412,50,44,0.009748,0.024548,0.051307,0.053957,0.974824,0.122807,0,0,0.743075
cmp-00383,0.150000,19507000.000000,16.786284,52,FLEXIBLE,PUBLIC,4,1,0.150000,0.324873,96,87,0.003384,0.037906,0.041650,0.015274,2.165821,0.142857,0,1,1.312513
cmp-00383,0.250000,19507000.000000,16.786284,52,FLEXIBLE,PUBLIC,4,1,0.250000,0.467899,133,120,0.003518,0.027505,0.035992,0.013644,1.871595,0.158228,0,1,1.312513
cmp-00383,0.500000,19507000.000000,16.786284,52,FLEXIBLE,PUBLIC,4,1,0.500000,0.711596,197,171,0.003612,0.019635,0.027369,0.011092,1.423192,0.154506,0,1,1.312513
cmp-00384,0.150000,19333000.000000,16.777324,36,STRICT,PUBLIC,5,3,0.150000,0.478482,87,80,0.005500,0.088491,0.088608,0.017043,3.189883,0.147059,0,0,0.999928
cmp-00384,0.250000,19333000.000000,16.777324,36,STRICT,PUBLIC,5,3,0.250000,0.624062,123,110,0.005074,0.040439,0.069340,0.013924,2.496250,0.121429,0,0,0.999928
cmp-00384,0.500000,19333000.000000,16.777324,36,STRICT,PUBLIC,5,3,0.500000,0.887141,170,150,0.005218,0.027956,0.049286,0.006270,1.774282,0.137056,0,0,0.999928
cmp-00385,0.150000,4490000.000000,15.317363,54,CLOSE_ON_TARGET,PUBLIC,4,2,0.150000,0.831314,48,42,0.017319,0.076705,0.102631,0.003675,5.542094,0.111111,0,1,1.000134
cmp-00385,0.250000,4490000.000000,15.317363,54,CLOSE_ON_TARGET,PUBLIC,4,2,0.250000,0.985947,59,49,0.016711,0.028636,0.073033,0.000347,3.943786,0.119403,0,1,1.000134
cmp-00386,0.150000,6216000.000000,15.642637,80,STRICT,PUBLIC,2,2,0.150000,0.318227,39,33,0.008160,0.029307,0.026519,0.010026,2.121514,0.048780,0,0,0.999308
cmp-00386,0.250000,6216000.000000,15.642637,80,STRICT,PUBLIC,2,2,0.250000,0.520705,55,45,0.009467,0.025310,0.026035,0.007988,2.082819,0.083333,0,0,0.999308
cmp-00386,0.500000,6216000.000000,15.642637,80,STRICT,PUBLIC,2,2,0.500000,0.832995,77,61,0.010818,0.016492,0.020825,0.004175,1.665991,0.083333,0,0,0.999308
cmp-00387,0.150000,7364000.000000,15.812114,36,FLEXIBLE,PUBLIC,2,3,0.150000,0.422433,29,24,0.014567,0.064220,0.078228,0.018875,2.816223,0.093750,0,1,1.450177
cmp-00387,0.250000,7364000.000000,15.812114,36,FLEXIBLE,PUBLIC,2,3,0.250000,0.579685,40,34,0.014492,0.043681,0.064409,0.015567,2.318740,0.069767,0,1,1.450177
cmp-00387,0.500000,7364000.000000,15.812114,36,FLEXIBLE,PUBLIC,2,3,0.500000,0.808501,56,45,0.014438,0.033221,0.044917,0.010639,1.617002,0.081967,0,1,1.450177
cmp-00388,0.150000,3606000.000000,15.098110,48,CLOSE_ON_TARGET,PUBLIC,2,3,0.150000,0.176206,10,10,0.017621,0.007776,0.024473,0.020191,1.174709,0.285714,0,1,1.001803
cmp-00388,0.250000,3606000.000000,15.098110,48,CLOSE_ON_TARGET,PUBLIC,2,3,0.250000,0.356184,16,14,0.022262,0.037495,0.029682,0.017884,1.424737,0.238095,0,1,1.001803
cmp-00388,0.500000,3606000.000000,15.098110,48,CLOSE_ON_TARGET,PUBLIC,2,3,0.500000,0.568802,24,21,0.023700,0.002028,0.023700,0.017967,1.137604,0.225806,0,1,1.001803
cmp-00389,0.150000,15744000.000000,16.571970,55,FLEXIBLE,PRIVATE_LINK,4,1,0.150000,0.511719,200,183,0.002559,0.050449,0.062027,0.010445,3.411458,0.134199,0,1,1.694195
cmp-00389,0.250000,15744000.000000,16.571970,55,FLEXIBLE,PRIVATE_LINK,4,1,0.250000,0.715765,274,241,0.002612,0.037099,0.052056,0.006891,2.863059,0.121795,0,1,1.694195
cmp-00389,0.500000,15744000.000000,16.571970,55,FLEXIBLE,PRIVATE_LINK,4,1,0.500000,0.984534,379,315,0.002598,0.017184,0.035801,0.000562,1.969068,0.126728,0,1,1.694195
cmp-00390,0.150000,64795000.000000,17.986739,22,STRICT,PUBLIC,4,2,0.150000,0.347911,191,173,0.001822,0.084427,0.105428,0.034871,2.319407,0.123853,0,0,0.999997
cmp-00390,0.250000,64795000.000000,17.986739,22,STRICT,PUBLIC,4,2,0.250000,0.510425,259,226,0.001971,0.073870,0.092805,0.029671,2.041701,0.125000,0,0,0.999997
cmp-00390,0.500000,64795000.000000,17.986739,22,STRICT,PUBLIC,4,2,0.500000,0.646294,336,285,0.001923,0.024464,0.058754,0.032155,1.292587,0.138462,0,0,0.999997
cmp-00391,0.150000,15717000.000000,16.570253,47,FLEXIBLE,PUBLIC,1,1,0.150000,0.508163,41,35,0.012394,0.063329,0.072080,0.012311,3.387754,0.046512,0,1,1.383903
cmp-00391,0.250000,15717000.000000,16.570253,47,FLEXIBLE,PUBLIC,1,1,0.250000,0.616714,50,42,0.012334,0.023096,0.052486,0.010873,2.466858,0.074074,0,1,1.383903
cmp-00391,0.500000,15717000.000000,16.570253,47,FLEXIBLE,PUBLIC,1,1,0.500000,0.778965,68,56,0.011455,0.000674,0.033147,0.009406,1.557931,0.128205,0,1,1.383903
cmp-00392,0.150000,5364000.000000,15.495221,24,FLEXIBLE,PUBLIC,0,3,0.150000,0.313572,34,31,0.009223,0.055214,0.087103,0.033648,2.090480,0.170732,0,1,1.275503
cmp-00392,0.250000,5364000.000000,15.495221,24,FLEXIBLE,PUBLIC,0,3,0.250000,0.398583,45,38,0.008857,0.035421,0.066431,0.033412,1.594333,0.150943,0,1,1.275503
cmp-00392,0.500000,5364000.000000,15.495221,24,FLEXIBLE,PUBLIC,0,3,0.500000,0.550168,66,53,0.008336,0.024733,0.045847,0.037486,1.100336,0.131579,0,1,1.275503
cmp-00393,0.150000,2694000.000000,14.806538,60,CLOSE_ON_TARGET,PRIVATE_LINK,3,2,0.150000,0.097513,3,3,0.032504,0.016252,0.010835,0.017696,0.650087,0.400000,0,1,1.003972
cmp-00393,0.250000,2694000.000000,14.806538,60,CLOSE_ON_TARGET,PRIVATE_LINK,3,2,0.250000,0.508352,8,8,0.063544,0.068473,0.033890,0.010926,2.033408,0.272727,0,1,1.003972
cmp-00393,0.500000,2694000.000000,14.806538,60,CLOSE_ON_TARGET,PRIVATE_LINK,3,2,0.500000,0.734818,14,14,0.052487,0.020923,0.024494,0.008839,1.469636,0.176471,0,1,1.003972
cmp-00394,0.150000,5585000.000000,15.535595,55,FLEXIBLE,PUBLIC,3,3,0.150000,0.398496,28,25,0.014232,0.021193,0.048303,0.012866,2.656640,0.096774,0,1,1.164458
cmp-00394,0.250000,5585000.000000,15.535595,55,FLEXIBLE,PUBLIC,3,3,0.250000,0.553930,35,31,0.015827,0.028261,0.040286,0.010814,2.215721,0.078947,0,1,1.164458
cmp-00394,0.500000,5585000.000000,15.535595,55,FLEXIBLE,PUBLIC,3,3,0.500000,0.759642,49,44,0.015503,0.016648,0.027623,0.008740,1.519284,0.092593,0,1,1.164458
cmp-00395,0.150000,5498000.000000,15.519895,53,FLEXIBLE,PUBLIC,1,2,0.150000,0.364460,33,29,0.011044,0.053076,0.045844,0.014107,2.429732,0.131579,0,1,1.315296
cmp-00395,0.250000,5498000.000000,15.519895,53,FLEXIBLE,PUBLIC,1,2,0.250000,0.523190,49,40,0.010677,0.029949,0.039486,0.011995,2.092761,0.125000,0,1,1.315296
cmp-00395,0.500000,5498000.000000,15.519895,53,FLEXIBLE,PUBLIC,1,2,0.500000,0.761350,70,58,0.010876,0.022128,0.028730,0.009006,1.522699,0.113924,0,1,1.315296
cmp-00396,0.150000,6561000.000000,15.696654,68,STRICT,PUBLIC,3,2,0.150000,0.999284,51,39,0.019594,0.008416,0.097969,0.000012,6.661891,0.137097,0,0,0.999284
cmp-00396,0.250000,6561000.000000,15.696654,68,STRICT,PUBLIC,3,2,0.250000,0.999284,51,39,0.019594,0.000000,0.058781,0.000014,3.997135,0.158228,0,0,0.999284
cmp-00396,0.500000,6561000.000000,15.696654,68,STRICT,PUBLIC,3,2,0.500000,0.999284,51,39,0.019594,0.000000,0.029391,0.000021,1.998567,0.151659,0,0,0.999284
cmp-00397,0.150000,16190000.000000,16.599904,17,STRICT,PUBLIC,0,1,0.150000,0.345775,43,39,0.008041,0.085634,0.135598,0.045275,2.305168,0.104167,0,0,0.850445
cmp-00397,0.250000,16190000.000000,16.599904,17,STRICT,PUBLIC,0,1,0.250000,0.489141,58,53,0.008433,0.084333,0.115092,0.040067,1.956566,0.093750,0,0,0.850445
cmp-00397,0.500000,16190000.000000,16.599904,17,STRICT,PUBLIC,0,1,0.500000,0.641816,78,73,0.008228,0.033299,0.075508,0.042139,1.283632,0.142857,0,0,0.850445
cmp-00398,0.150000,10616000.000000,16.177873,20,FLEXIBLE,PUBLIC,1,1,0.150000,0.212340,35,33,0.006067,0.052708,0.070780,0.046333,1.415599,0.166667,0,0,0.878919
cmp-00398,0.250000,10616000.000000,16.177873,20,FLEXIBLE,PUBLIC,1,1,0.250000,0.303014,53,49,0.005717,0.045337,0.060603,0.046466,1.212057,0.116667,0,0,0.878919
cmp-00398,0.500000,10616000.000000,16.177873,20,FLEXIBLE,PUBLIC,1,1,0.500000,0.361445,68,64,0.005315,0.008643,0.036144,0.063856,0.722890,0.128205,0,0,0.878919
cmp-00399,0.150000,11985000.000000,16.299166,37,FLEXIBLE,PRIVATE_LINK,3,2,0.150000,0.051097,4,4,0.012774,0.005694,0.009207,0.030172,0.340648,0.200000,0,0,0.256562
cmp-00399,0.250000,11985000.000000,16.299166,37,FLEXIBLE,PRIVATE_LINK,3,2,0.250000,0.094134,7,7,0.013448,0.011632,0.010177,0.032644,0.376537,0.125000,0,0,0.256562
cmp-00399,0.500000,11985000.000000,16.299166,37,FLEXIBLE,PRIVATE_LINK,3,2,0.500000,0.149228,12,12,0.012436,0.003062,0.008066,0.045988,0.298456,0.142857,0,0,0.256562
cmp-00400,0.150000,2504000.000000,14.733400,90,STRICT,PUBLIC,3,1,0.150000,0.989736,64,47,0.015465,0.059230,0.073314,0.000134,6.598243,0.148148,0,0,0.999880
cmp-00400,0.250000,2504000.000000,14.733400,90,STRICT,PUBLIC,3,1,0.250000,0.999880,66,47,0.015150,0.001127,0.044439,0.000002,3.999521,0.151515,0,0,0.999880
cmp-00400,0.500000,2504000.000000,14.733400,90,STRICT,PUBLIC,3,1,0.500000,0.999880,66,47,0.015150,0.000000,0.022220,0.000003,1.999760,0.134328,0,0,0.999880
cmp-00401,0.150000,7429000.000000,15.820902,41,FLEXIBLE,PUBLIC,5,2,0.150000,0.467411,19,16,0.024601,0.036925,0.076002,0.015282,3.116077,0.000000,0,1,1.301265
cmp-00401,0.250000,7429000.000000,15.820902,41,FLEXIBLE,PUBLIC,5,2,0.250000,0.637959,26,23,0.024537,0.041597,0.062240,0.011774,2.551837,0.071429,0,1,1.301265
cmp-00401,0.500000,7429000.000000,15.820902,41,FLEXIBLE,PUBLIC,5,2,0.500000,0.692341,31,27,0.022334,0.003661,0.033773,0.015008,1.384682,0.060606,0,1,1.301265
cmp-00402,0.150000,15037000.000000,16.526024,71,FLEXIBLE,PUBLIC,5,3,0.150000,0.733451,127,108,0.005775,0.060980,0.068869,0.004417,4.889672,0.111888,0,1,2.394507
cmp-00402,0.250000,15037000.000000,16.526024,71,FLEXIBLE,PUBLIC,5,3,0.250000,1.060930,172,139,0.006168,0.046124,0.059771,0.000000,4.243719,0.099476,1,1,2.394507
cmp-00402,0.500000,15037000.000000,16.526024,71,FLEXIBLE,PUBLIC,5,3,0.500000,1.479737,232,171,0.006378,0.022779,0.041683,0.000000,2.959473,0.107692,1,1,2.394507
cmp-00403,0.150000,28879000.000000,17.178625,24,STRICT,PUBLIC,2,3,0.150000,0.454652,155,140,0.002933,0.127639,0.126292,0.026733,3.031014,0.134078,0,0,0.999910
cmp-00403,0.250000,28879000.000000,17.178625,24,STRICT,PUBLIC,2,3,0.250000,0.619997,227,202,0.002731,0.068894,0.103333,0.021111,2.479989,0.116732,0,0,0.999910
cmp-00403,0.500000,28879000.000000,17.178625,24,STRICT,PUBLIC,2,3,0.500000,0.877842,319,268,0.002752,0.044844,0.073154,0.010180,1.755684,0.101408,0,0,0.999910
cmp-00404,0.150000,16723000.000000,16.632296,18,CLOSE_ON_TARGET,PUBLIC,1,3,0.150000,0.556946,78,73,0.007140,0.160800,0.206276,0.028958,3.712970,0.093023,0,1,1.002081
cmp-00404,0.250000,16723000.000000,16.632296,18,CLOSE_ON_TARGET,PUBLIC,1,3,0.250000,0.767554,102,90,0.007525,0.117005,0.170567,0.017218,3.070215,0.089286,0,1,1.002081
cmp-00405,0.150000,1964000.000000,14.490494,82,FLEXIBLE,PRIVATE_LINK,2,2,0.150000,0.345061,10,9,0.034506,0.022683,0.028054,0.009397,2.300407,0.333333,0,1,1.499695
cmp-00405,0.250000,1964000.000000,14.490494,82,FLEXIBLE,PRIVATE_LINK,2,2,0.250000,0.503717,16,13,0.031482,0.019348,0.024572,0.008070,2.014868,0.238095,0,1,1.499695
cmp-00405,0.500000,1964000.000000,14.490494,82,FLEXIBLE,PRIVATE_LINK,2,2,0.500000,0.568788,22,18,0.025854,0.003036,0.013873,0.010517,1.137576,0.185185,0,1,1.499695
cmp-00406,0.150000,27231000.000000,17.119867,73,STRICT,PUBLIC,5,1,0.150000,0.641310,409,360,0.001568,0.047374,0.058567,0.005781,4.275397,0.110870,0,0,0.999945
cmp-00406,0.250000,27231000.000000,17.119867,73,STRICT,PUBLIC,5,1,0.250000,0.908365,565,475,0.001608,0.036583,0.049773,0.001674,3.633462,0.097444,0,0,0.999945
cmp-00406,0.500000,27231000.000000,17.119867,73,STRICT,PUBLIC,5,1,0.500000,0.999945,619,511,0.001615,0.000000,0.027396,0.000002,1.999890,0.100446,0,0,0.999945
cmp-00407,0.150000,12491000.000000,16.340519,69,STRICT,PUBLIC,5,1,0.150000,0.560716,150,130,0.003738,0.041965,0.054175,0.007490,3.738105,0.137931,0,0,0.999848
cmp-00407,0.250000,12491000.000000,16.340519,69,STRICT,PUBLIC,5,1,0.250000,0.803298,203,167,0.003957,0.035157,0.046568,0.003801,3.213193,0.125000,0,0,0.999848
cmp-00407,0.500000,12491000.000000,16.340519,69,STRICT,PUBLIC,5,1,0.500000,0.999696,248,192,0.004031,0.000000,0.028977,0.000009,1.999392,0.116564,0,0,0.999848
cmp-00408,0.150000,19504000.000000,16.786130,75,FLEXIBLE,PUBLIC,3,3,0.150000,0.370411,61,59,0.006072,0.020021,0.032925,0.009876,2.469408,0.075758,0,1,1.027415
cmp-00408,0.250000,19504000.000000,16.786130,75,FLEXIBLE,PUBLIC,3,3,0.250000,0.491376,81,78,0.006066,0.016129,0.026207,0.009042,1.965505,0.058140,0,1,1.027415
cmp-00408,0.500000,19504000.000000,16.786130,75,FLEXIBLE,PUBLIC,3,3,0.500000,0.677389,108,99,0.006272,0.013312,0.018064,0.008603,1.354779,0.084746,0,1,1.027415
cmp-00409,0.150000,6451000.000000,15.679746,77,FLEXIBLE,PUBLIC,0,2,0.150000,0.271198,27,27,0.010044,0.021360,0.023480,0.011135,1.807988,0.068966,0,1,1.314091
cmp-00409,0.250000,6451000.000000,15.679746,77,FLEXIBLE,PUBLIC,0,2,0.250000,0.441234,33,33,0.013371,0.022083,0.022921,0.009676,1.764936,0.057143,0,1,1.314091
cmp-00409,0.500000,6451000.000000,15.679746,77,FLEXIBLE,PUBLIC,0,2,0.500000,0.707332,49,44,0.014435,0.009007,0.018372,0.007602,1.414664,0.057692,0,1,1.314091
cmp-00410,0.150000,10091000.000000,16.127154,52,STRICT,PRIVATE_LINK,4,2,0.150000,0.397017,52,51,0.007635,0.045974,0.050900,0.013642,2.646781,0.071429,0,0,0.999633
cmp-00410,0.250000,10091000.000000,16.127154,52,STRICT,PRIVATE_LINK,4,2,0.250000,0.592617,74,66,0.008008,0.037615,0.045586,0.010446,2.370469,0.086420,0,0,0.999633
cmp-00410,0.500000,10091000.000000,16.127154,52,STRICT,PRIVATE_LINK,4,2,0.500000,0.794094,98,79,0.008103,0.002268,0.030542,0.007919,1.588187,0.117117,0,0,0.999633
cmp-00411,0.150000,4077000.000000,15.220872,73,FLEXIBLE,PUBLIC,5,2,0.150000,0.357935,52,49,0.006883,0.023516,0.032688,0.010348,2.386232,0.037037,0,0,0.831420
cmp-00411,0.250000,4077000.000000,15.220872,73,FLEXIBLE,PUBLIC,5,2,0.250000,0.417022,62,58,0.006726,0.008094,0.022851,0.010648,1.668089,0.088235,0,0,0.831420
cmp-00411,0.500000,4077000.000000,15.220872,73,FLEXIBLE,PUBLIC,5,2,0.500000,0.534830,79,72,0.006770,0.005090,0.014653,0.012744,1.069659,0.081395,0,0,0.831420
cmp-00412,0.150000,16898000.000000,16.642706,64,FLEXIBLE,PUBLIC,2,3,0.150000,0.486738,102,93,0.004772,0.048235,0.050702,0.009435,3.244921,0.113043,0,1,1.352823
cmp-00412,0.250000,16898000.000000,16.642706,64,FLEXIBLE,PUBLIC,2,3,0.250000,0.596461,134,116,0.004451,0.017144,0.037279,0.008407,2.385844,0.106667,0,1,1.352823
cmp-00412,0.500000,16898000.000000,16.642706,64,FLEXIBLE,PUBLIC,2,3,0.500000,0.823393,173,148,0.004759,0.018111,0.025731,0.005519,1.646787,0.139303,0,1,1.352823
cmp-00413,0.150000,10240000.000000,16.141812,30,CLOSE_ON_TARGET,PUBLIC,3,3,0.150000,0.511514,53,49,0.009651,0.085202,0.113670,0.019156,3.410091,0.101695,0,1,1.004141
cmp-00413,0.250000,10240000.000000,16.141812,30,CLOSE_ON_TARGET,PUBLIC,3,3,0.250000,0.697617,74,65,0.009427,0.062035,0.093016,0.013439,2.790469,0.097561,0,1,1.004141
cmp-00413,0.500000,10240000.000000,16.141812,30,CLOSE_ON_TARGET,PUBLIC,3,3,0.500000,0.960859,98,80,0.009805,0.042679,0.064057,0.002609,1.921719,0.100917,0,1,1.004141
cmp-00414,0.150000,3546000.000000,15.081331,65,FLEXIBLE,PUBLIC,5,2,0.150000,0.373604,16,14,0.023350,0.026717,0.038318,0.011337,2.490694,0.238095,0,1,1.573858
cmp-00414,0.250000,3546000.000000,15.081331,65,FLEXIBLE,PUBLIC,5,2,0.250000,0.584772,24,20,0.024365,0.032487,0.035986,0.008518,2.339086,0.200000,0,1,1.573858
cmp-00414,0.500000,3546000.000000,15.081331,65,FLEXIBLE,PUBLIC,5,2,0.500000,0.814636,31,26,0.026279,0.010734,0.025066,0.005704,1.629272,0.162162,0,1,1.573858
cmp-00415,0.150000,2497000.000000,14.730601,83,STRICT,PUBLIC,2,1,0.150000,0.149980,4,4,0.037495,0.013515,0.012047,0.012048,0.999867,0.000000,0,0,0.573688
cmp-00415,0.250000,2497000.000000,14.730601,83,STRICT,PUBLIC,2,1,0.250000,0.199079,6,5,0.033180,0.005916,0.009594,0.012866,0.796316,0.142857,0,0,0.573688
cmp-00415,0.500000,2497000.000000,14.730601,83,STRICT,PUBLIC,2,1,0.500000,0.231398,7,6,0.033057,0.003894,0.005576,0.018521,0.462795,0.125000,0,0,0.573688
cmp-00416,0.150000,15385000.000000,16.548904,74,FLEXIBLE,PUBLIC,1,1,0.150000,0.219890,16,16,0.013743,0.009121,0.019810,0.012402,1.465930,0.157895,0,0,0.632519
cmp-00416,0.250000,15385000.000000,16.548904,74,FLEXIBLE,PUBLIC,1,1,0.250000,0.320754,25,23,0.012830,0.013630,0.017338,0.012239,1.283016,0.166667,0,0,0.632519
cmp-00416,0.500000,15385000.000000,16.548904,74,FLEXIBLE,PUBLIC,1,1,0.500000,0.410439,34,30,0.012072,0.001022,0.011093,0.015934,0.820877,0.170732,0,0,0.632519
cmp-00417,0.150000,15459000.000000,16.553702,58,FLEXIBLE,PUBLIC,0,2,0.150000,0.064137,13,13,0.004934,0.007371,0.007372,0.018983,0.427583,0.315789,0,0,0.231522
cmp-00417,0.250000,15459000.000000,16.553702,58,FLEXIBLE,PUBLIC,0,2,0.250000,0.084786,19,19,0.004462,0.003560,0.005847,0.021039,0.339142,0.240000,0,0,0.231522
cmp-00417,0.500000,15459000.000000,16.553702,58,FLEXIBLE,PUBLIC,0,2,0.500000,0.138631,27,26,0.005134,0.000000,0.004780,0.029702,0.277262,0.250000,0,0,0.231522
cmp-00418,0.150000,9745000.000000,16.092265,19,FLEXIBLE,PUBLIC,1,2,0.150000,0.343376,49,45,0.007008,0.096433,0.120483,0.040658,2.289174,0.109091,0,1,1.217958
cmp-00418,0.250000,9745000.000000,16.092265,19,FLEXIBLE,PUBLIC,1,2,0.250000,0.466814,64,59,0.007294,0.064967,0.098277,0.037417,1.867255,0.135135,0,1,1.217958
cmp-00418,0.500000,9745000.000000,16.092265,19,FLEXIBLE,PUBLIC,1,2,0.500000,0.692991,94,84,0.007372,0.034269,0.072946,0.032317,1.385983,0.160714,0,1,1.217958
cmp-00419,0.150000,20432000.000000,16.832613,54,STRICT,PUBLIC,3,2,0.150000,0.660953,151,132,0.004377,0.066299,0.081599,0.007387,4.406356,0.084848,0,0,0.999961
cmp-00419,0.250000,20432000.000000,16.832613,54,STRICT,PUBLIC,3,2,0.250000,0.845355,198,168,0.004269,0.034149,0.062619,0.003818,3.381421,0.070423,0,0,0.999961
cmp-00419,0.500000,20432000.000000,16.832613,54,STRICT,PUBLIC,3,2,0.500000,0.999682,227,188,0.004404,0.000000,0.037025,0.000012,1.999364,0.073826,0,0,0.999961
cmp-00420,0.150000,8282000.000000,15.929595,34,FLEXIBLE,PUBLIC,2,1,0.150000,0.220563,20,19,0.011028,0.040272,0.043248,0.026970,1.470418,0.166667,0,0,0.505989
cmp-00420,0.250000,8282000.000000,15.929595,34,FLEXIBLE,PUBLIC,2,1,0.250000,0.315854,28,26,0.011280,0.028027,0.037159,0.026829,1.263415,0.125000,0,0,0.505989
cmp-00420,0.500000,8282000.000000,15.929595,34,FLEXIBLE,PUBLIC,2,1,0.500000,0.397368,36,33,0.011038,0.014642,0.023375,0.035449,0.794736,0.162791,0,0,0.505989
cmp-00421,0.150000,10092000.000000,16.127254,53,FLEXIBLE,PUBLIC,0,2,0.150000,0.226130,8,8,0.028266,0.029055,0.028444,0.017178,1.507531,0.111111,0,0,0.743866
cmp-00421,0.250000,10092000.000000,16.127254,53,FLEXIBLE,PUBLIC,0,2,0.250000,0.300198,13,12,0.023092,0.013975,0.022656,0.017605,1.200793,0.133333,0,0,0.743866
cmp-00421,0.500000,10092000.000000,16.127254,53,FLEXIBLE,PUBLIC,0,2,0.500000,0.417430,20,19,0.020871,0.003003,0.015752,0.021984,0.834859,0.130435,0,0,0.743866
cmp-00422,0.150000,28148000.000000,17.152987,18,FLEXIBLE,PUBLIC,4,1,0.150000,0.310789,82,75,0.003790,0.103339,0.115107,0.045046,2.071929,0.145833,0,0,0.997851
cmp-00422,0.250000,28148000.000000,17.152987,18,FLEXIBLE,PUBLIC,4,1,0.250000,0.455215,112,99,0.004064,0.080237,0.101159,0.040354,1.820861,0.145038,0,0,0.997851
cmp-00422,0.500000,28148000.000000,17.152987,18,FLEXIBLE,PUBLIC,4,1,0.500000,0.654611,160,136,0.004091,0.034313,0.072735,0.038377,1.309223,0.135135,0,0,0.997851
cmp-00423,0.150000,2023000.000000,14.520092,60,FLEXIBLE,PUBLIC,2,2,0.150000,0.139001,7,7,0.019857,0.023167,0.015445,0.016882,0.926677,0.416667,0,1,1.016856
cmp-00423,0.250000,2023000.000000,14.520092,60,FLEXIBLE,PUBLIC,2,2,0.250000,0.613940,10,10,0.061394,0.079156,0.040929,0.008579,2.455759,0.333333,0,1,1.016856
cmp-00423,0.500000,2023000.000000,14.520092,60,FLEXIBLE,PUBLIC,2,2,0.500000,0.820959,15,13,0.054731,0.000923,0.027365,0.005968,1.641918,0.318182,0,1,1.016856
cmp-00424,0.150000,6015000.000000,15.609767,72,FLEXIBLE,PUBLIC,4,2,0.150000,0.601945,33,25,0.018241,0.040762,0.055736,0.006504,4.012968,0.131579,0,1,1.148396
cmp-00424,0.250000,6015000.000000,15.609767,72,FLEXIBLE,PUBLIC,4,2,0.250000,0.636559,37,29,0.017204,0.004807,0.035364,0.006730,2.546234,0.119048,0,1,1.148396
cmp-00424,0.500000,6015000.000000,15.609767,72,FLEXIBLE,PUBLIC,4,2,0.500000,0.780382,47,37,0.016604,0.007350,0.021677,0.006100,1.560765,0.129630,0,1,1.148396
cmp-00425,0.150000,9510000.000000,16.067854,61,FLEXIBLE,PUBLIC,1,2,0.150000,0.435489,65,55,0.006700,0.038112,0.047594,0.010887,2.903260,0.109589,0,1,1.870862
cmp-00425,0.250000,9510000.000000,16.067854,61,FLEXIBLE,PUBLIC,1,2,0.250000,0.744332,94,74,0.007918,0.050630,0.048809,0.005588,2.977329,0.096154,0,1,1.870862
cmp-00425,0.500000,9510000.000000,16.067854,61,FLEXIBLE,PUBLIC,1,2,0.500000,1.082008,123,95,0.008797,0.017764,0.035476,0.000000,2.164017,0.115108,1,1,1.870862
cmp-00426,0.150000,65735000.000000,18.001142,60,STRICT,PUBLIC,3,2,0.150000,0.562586,349,307,0.001612,0.051414,0.062510,0.008577,3.750574,0.133995,0,1,1.000000
cmp-00426,0.250000,65735000.000000,18.001142,60,STRICT,PUBLIC,3,2,0.250000,0.752963,476,403,0.001582,0.031729,0.050198,0.005490,3.011851,0.134545,0,1,1.000000
cmp-00426,0.500000,65735000.000000,18.001142,60,STRICT,PUBLIC,3,2,0.500000,1.000000,657,529,0.001522,0.008970,0.033333,0.000000,2.000000,0.129887,1,1,1.000000
cmp-00427,0.150000,19816000.000000,16.802000,40,FLEXIBLE,PUBLIC,3,1,0.150000,0.676252,156,137,0.004335,0.106867,0.112709,0.009522,4.508343,0.113636,0,1,2.083493
cmp-00427,0.250000,19816000.000000,16.802000,40,FLEXIBLE,PUBLIC,3,1,0.250000,0.862303,206,175,0.004186,0.046513,0.086230,0.004590,3.449213,0.108225,0,1,2.083493
cmp-00427,0.500000,19816000.000000,16.802000,40,FLEXIBLE,PUBLIC,3,1,0.500000,1.172643,294,231,0.003989,0.026576,0.058632,0.000000,2.345287,0.109091,1,1,2.083493
cmp-00428,0.150000,4150000.000000,15.238619,73,FLEXIBLE,PUBLIC,3,1,0.150000,1.262916,45,39,0.028065,0.108308,0.115335,0.000000,8.419438,0.166667,1,1,3.955759
cmp-00428,0.250000,4150000.000000,15.238619,73,FLEXIBLE,PUBLIC,3,1,0.250000,1.521928,61,45,0.024950,0.035481,0.083393,0.000000,6.087711,0.152778,1,1,3.955759
cmp-00428,0.500000,4150000.000000,15.238619,73,FLEXIBLE,PUBLIC,3,1,0.500000,1.820410,80,53,0.022755,0.024106,0.049874,0.000000,3.640819,0.148936,1,1,3.955759
cmp-00429,0.150000,4033000.000000,15.210021,33,FLEXIBLE,PUBLIC,3,2,0.150000,0.467468,19,18,0.024604,0.079766,0.094438,0.018985,3.116456,0.136364,0,1,1.339995
cmp-00429,0.250000,4033000.000000,15.210021,33,FLEXIBLE,PUBLIC,3,2,0.250000,0.491669,21,18,0.023413,0.007333,0.059596,0.020539,1.966675,0.192308,0,1,1.339995
cmp-00429,0.500000,4033000.000000,15.210021,33,FLEXIBLE,PUBLIC,3,2,0.500000,0.822539,40,33,0.020563,0.023774,0.049851,0.010755,1.645078,0.148936,0,1,1.339995
cmp-00430,0.150000,1043000.000000,13.857612,77,STRICT,PUBLIC,3,3,0.150000,0.439118,7,7,0.062731,0.034603,0.038019,0.008570,2.927453,0.125000,0,0,0.994056
cmp-00430,0.250000,1043000.000000,13.857612,77,STRICT,PUBLIC,3,3,0.250000,0.450048,8,8,0.056256,0.001419,0.023379,0.009523,1.800192,0.111111,0,0,0.994056
cmp-00430,0.500000,1043000.000000,13.857612,77,STRICT,PUBLIC,3,3,0.500000,0.542570,10,10,0.054257,0.005143,0.014093,0.011881,1.085139,0.090909,0,0,0.994056
cmp-00431,0.150000,5123000.000000,15.449251,22,FLEXIBLE,PUBLIC,2,3,0.150000,1.237966,121,95,0.010231,0.374479,0.375141,0.000000,8.253107,0.083333,1,1,4.094339
cmp-00431,0.250000,5123000.000000,15.449251,22,FLEXIBLE,PUBLIC,2,3,0.250000,1.621940,172,121,0.009430,0.174534,0.294898,0.000000,6.487761,0.089947,1,1,4.094339
cmp-00431,0.500000,5123000.000000,15.449251,22,FLEXIBLE,PUBLIC,2,3,0.500000,2.265704,242,148,0.009362,0.120189,0.205973,0.000000,4.531407,0.090226,1,1,4.094339
cmp-00432,0.150000,4497000.000000,15.318921,68,FLEXIBLE,PUBLIC,1,3,0.150000,0.380987,17,17,0.022411,0.031465,0.037352,0.010710,2.539915,0.055556,0,1,1.514387
cmp-00432,0.250000,4497000.000000,15.318921,68,FLEXIBLE,PUBLIC,1,3,0.250000,0.768312,22,22,0.034923,0.056960,0.045195,0.004543,3.073249,0.083333,0,1,1.514387
cmp-00432,0.500000,4497000.000000,15.318921,68,FLEXIBLE,PUBLIC,1,3,0.500000,1.066644,36,32,0.029629,0.021985,0.031372,0.000000,2.133289,0.100000,1,1,1.514387
cmp-00433,0.150000,10903000.000000,16.204549,85,FLEXIBLE,PUBLIC,5,3,0.150000,0.441557,21,18,0.021027,0.037683,0.034632,0.007729,2.943716,0.160000,0,0,0.886490
cmp-00433,0.250000,10903000.000000,16.204549,85,FLEXIBLE,PUBLIC,5,3,0.250000,0.481812,26,23,0.018531,0.004736,0.022674,0.008128,1.927249,0.161290,0,0,0.886490
cmp-00433,0.500000,10903000.000000,16.204549,85,FLEXIBLE,PUBLIC,5,3,0.500000,0.551894,38,32,0.014524,0.001039,0.012986,0.010544,1.103788,0.155556,0,0,0.886490
cmp-00434,0.150000,3370000.000000,15.030423,87,FLEXIBLE,PUBLIC,5,2,0.150000,0.719080,41,38,0.017539,0.043371,0.055102,0.003799,4.793867,0.088889,0,1,2.366439
cmp-00434,0.250000,3370000.000000,15.030423,87,FLEXIBLE,PUBLIC,5,2,0.250000,0.902047,51,46,0.017687,0.021031,0.041473,0.001501,3.608190,0.120690,0,1,2.366439
cmp-00434,0.500000,3370000.000000,15.030423,87,FLEXIBLE,PUBLIC,5,2,0.500000,1.166825,72,58,0.016206,0.014987,0.026824,0.000000,2.333650,0.132530,1,1,2.366439
cmp-00435,0.150000,2145000.000000,14.578650,21,STRICT,PRIVATE_LINK,4,2,0.150000,0.233054,8,8,0.029132,0.054323,0.073985,0.042966,1.553691,0.200000,0,0,0.704755
cmp-00435,0.250000,2145000.000000,14.578650,21,STRICT,PRIVATE_LINK,4,2,0.250000,0.263077,10,9,0.026308,0.014297,0.050110,0.046789,1.052308,0.166667,0,0,0.704755
cmp-00435,0.500000,2145000.000000,14.578650,21,STRICT,PRIVATE_LINK,4,2,0.500000,0.379534,14,11,0.027110,0.042913,0.036146,0.059092,0.759068,0.125000,0,0,0.704755
cmp-00436,0.150000,22053000.000000,16.908959,23,CLOSE_ON_TARGET,PUBLIC,2,3,0.150000,0.077867,22,21,0.003539,0.025113,0.022570,0.047168,0.519113,0.083333,0,0,0.262019
cmp-00436,0.250000,22053000.000000,16.908959,23,CLOSE_ON_TARGET,PUBLIC,2,3,0.250000,0.109600,32,31,0.003425,0.013797,0.019061,0.051617,0.438398,0.085714,0,0,0.262019
cmp-00436,0.500000,22053000.000000,16.908959,23,CLOSE_ON_TARGET,PUBLIC,2,3,0.500000,0.154813,49,46,0.003159,0.000881,0.013462,0.073494,0.309627,0.155172,0,0,0.262019
cmp-00437,0.150000,8484000.000000,15.953693,66,FLEXIBLE,PUBLIC,3,2,0.150000,0.583993,147,133,0.003973,0.047941,0.058989,0.007415,3.893289,0.140351,0,1,1.719448
cmp-00437,0.250000,8484000.000000,15.953693,66,FLEXIBLE,PUBLIC,3,2,0.250000,0.700365,191,167,0.003667,0.017632,0.042446,0.006053,2.801462,0.147321,0,1,1.719448
cmp-00437,0.500000,8484000.000000,15.953693,66,FLEXIBLE,PUBLIC,3,2,0.500000,1.037329,284,230,0.003653,0.013189,0.031434,0.000000,2.074658,0.131498,1,1,1.719448
cmp-00438,0.150000,1938000.000000,14.477167,40,STRICT,PUBLIC,3,2,0.150000,0.027348,2,2,0.013674,0.002180,0.004558,0.028607,0.182319,0.600000,0,0,0.352941
cmp-00438,0.250000,1938000.000000,14.477167,40,STRICT,PUBLIC,3,2,0.250000,0.155366,5,5,0.031073,0.032005,0.015537,0.028154,0.621465,0.375000,0,0,0.352941
cmp-00438,0.500000,1938000.000000,14.477167,40,STRICT,PUBLIC,3,2,0.500000,0.220485,7,6,0.031498,0.016280,0.011024,0.038976,0.440970,0.363636,0,0,0.352941
cmp-00439,0.150000,25236000.000000,17.043782,39,STRICT,PRIVATE_LINK,5,2,0.150000,0.280128,79,71,0.003546,0.037518,0.047885,0.021716,1.867517,0.141304,0,0,0.999945
cmp-00439,0.250000,25236000.000000,17.043782,39,STRICT,PRIVATE_LINK,5,2,0.250000,0.453832,114,103,0.003981,0.044540,0.046547,0.018672,1.815327,0.129771,0,0,0.999945
cmp-00439,0.500000,25236000.000000,17.043782,39,STRICT,PRIVATE_LINK,5,2,0.500000,0.746826,163,141,0.004582,0.022062,0.038299,0.012983,1.493652,0.128342,0,0,0.999945
cmp-00440,0.150000,5942000.000000,15.597556,79,FLEXIBLE,PUBLIC,3,2,0.150000,1.085241,62,51,0.017504,0.081669,0.091581,0.000000,7.234938,0.101449,1,1,3.496483
cmp-00440,0.250000,5942000.000000,15.597556,79,FLEXIBLE,PUBLIC,3,2,0.250000,1.499630,81,62,0.018514,0.052454,0.075931,0.000000,5.998519,0.109890,1,1,3.496483
cmp-00440,0.500000,5942000.000000,15.597556,79,FLEXIBLE,PUBLIC,3,2,0.500000,1.994968,111,78,0.017973,0.019260,0.050506,0.000000,3.989936,0.104839,1,1,3.496483
cmp-00441,0.150000,24554000.000000,17.016385,62,STRICT,PUBLIC,2,1,0.150000,0.247426,75,72,0.003299,0.015919,0.026605,0.014280,1.649507,0.107143,0,0,0.731245
cmp-00441,0.250000,24554000.000000,17.016385,62,STRICT,PUBLIC,2,1,0.250000,0.328187,101,95,0.003249,0.013026,0.021173,0.014448,1.312747,0.098214,0,0,0.731245
cmp-00441,0.500000,24554000.000000,17.016385,62,STRICT,PUBLIC,2,1,0.500000,0.435872,140,128,0.003113,0.002578,0.014060,0.018198,0.871744,0.102564,0,0,0.731245
cmp-00442,0.150000,3248000.000000,14.993550,16,FLEXIBLE,PUBLIC,3,1,0.150000,0.382235,17,16,0.022484,0.141395,0.159265,0.045424,2.548235,0.105263,0,0,0.821090
cmp-00442,0.250000,3248000.000000,14.993550,16,FLEXIBLE,PUBLIC,3,1,0.250000,0.488916,26,25,0.018804,0.066676,0.122229,0.042590,1.955665,0.071429,0,0,0.821090
cmp-00442,0.500000,3248000.000000,14.993550,16,FLEXIBLE,PUBLIC,3,1,0.500000,0.573091,33,31,0.017366,0.020840,0.071636,0.053364,1.146182,0.083333,0,0,0.821090
cmp-00443,0.150000,10193000.000000,16.137212,81,STRICT,PUBLIC,1,3,0.150000,0.531453,90,81,0.005905,0.029316,0.043741,0.006805,3.543020,0.134615,0,0,0.999882
cmp-00443,0.250000,10193000.000000,16.137212,81,STRICT,PUBLIC,1,3,0.250000,0.893339,114,100,0.007836,0.044677,0.044115,0.001756,3.573354,0.136364,0,0,0.999882
cmp-00443,0.500000,10193000.000000,16.137212,81,STRICT,PUBLIC,1,3,0.500000,0.999608,129,109,0.007749,0.000000,0.024682,0.000010,1.999215,0.114754,0,0,0.999882
cmp-00444,0.150000,4367000.000000,15.289587,67,FLEXIBLE,PUBLIC,2,2,0.150000,0.727273,31,25,0.023460,0.060474,0.072365,0.004789,4.848485,0.088235,0,1,2.603481
cmp-00444,0.250000,4367000.000000,15.289587,67,FLEXIBLE,PUBLIC,2,2,0.250000,0.961415,40,31,0.024035,0.034947,0.057398,0.000768,3.845661,0.090909,0,1,2.603481
cmp-00444,0.500000,4367000.000000,15.289587,67,FLEXIBLE,PUBLIC,2,2,0.500000,1.530158,60,43,0.025503,0.024160,0.045676,0.000000,3.060316,0.104478,1,1,2.603481
cmp-00445,0.150000,4749000.000000,15.373445,19,CLOSE_ON_TARGET,PUBLIC,7,3,0.150000,0.678732,31,30,0.021895,0.200995,0.238152,0.019893,4.524882,0.138889,0,1,1.042493
cmp-00445,0.250000,4749000.000000,15.373445,19,CLOSE_ON_TARGET,PUBLIC,7,3,0.250000,0.961992,44,39,0.021863,0.149084,0.202525,0.002667,3.847968,0.137255,0,1,1.042493
cmp-00446,0.150000,16034000.000000,16.590222,84,STRICT,PUBLIC,3,2,0.150000,0.999894,73,55,0.013697,0.011028,0.079357,0.000001,6.665960,0.110526,0,0,0.999894
cmp-00446,0.250000,16034000.000000,16.590222,84,STRICT,PUBLIC,3,2,0.250000,0.999894,73,55,0.013697,0.000000,0.047614,0.000002,3.999576,0.102362,0,0,0.999894
cmp-00446,0.500000,16034000.000000,16.590222,84,STRICT,PUBLIC,3,2,0.500000,0.999894,73,55,0.013697,0.000000,0.023807,0.000003,1.999788,0.097297,0,0,0.999894
cmp-00447,0.150000,14220000.000000,16.470160,53,FLEXIBLE,PUBLIC,3,2,0.150000,0.556097,83,69,0.006700,0.052425,0.069949,0.009854,3.707314,0.144330,0,1,2.752567
cmp-00447,0.250000,14220000.000000,16.470160,53,FLEXIBLE,PUBLIC,3,2,0.250000,0.904451,115,95,0.007865,0.065727,0.068260,0.002404,3.617806,0.108527,0,1,2.752567
cmp-00447,0.500000,14220000.000000,16.470160,53,FLEXIBLE,PUBLIC,3,2,0.500000,1.417954,181,128,0.007834,0.019503,0.053508,0.000000,2.835907,0.103960,1,1,2.752567
cmp-00448,0.150000,26531000.000000,17.093824,78,FLEXIBLE,PRIVATE_LINK,0,2,0.150000,0.505054,267,249,0.001892,0.033475,0.043167,0.007465,3.367030,0.112957,0,1,1.776352
cmp-00448,0.250000,26531000.000000,17.093824,78,FLEXIBLE,PRIVATE_LINK,0,2,0.250000,0.638804,344,311,0.001857,0.017147,0.032759,0.006174,2.555215,0.113402,0,1,1.776352
cmp-00448,0.500000,26531000.000000,17.093824,78,FLEXIBLE,PRIVATE_LINK,0,2,0.500000,1.009261,520,437,0.001941,0.015791,0.025878,0.000000,2.018522,0.103448,1,1,1.776352
cmp-00449,0.150000,26900000.000000,17.107637,73,CLOSE_ON_TARGET,PUBLIC,2,3,0.150000,0.861409,193,157,0.004463,0.067212,0.078667,0.002234,5.742726,0.118721,0,1,1.000941
cmp-00450,0.150000,2060000.000000,14.538217,65,CLOSE_ON_TARGET,PUBLIC,2,1,0.150000,0.186117,4,4,0.046529,0.008671,0.019089,0.014731,1.240777,0.000000,0,0,0.439029
cmp-00450,0.250000,2060000.000000,14.538217,65,CLOSE_ON_TARGET,PUBLIC,2,1,0.250000,0.201408,5,5,0.040282,0.002353,0.012394,0.016381,0.805631,0.000000,0,0,0.439029
cmp-00450,0.500000,2060000.000000,14.538217,65,CLOSE_ON_TARGET,PUBLIC,2,1,0.500000,0.376893,7,7,0.053842,0.018783,0.011597,0.019173,0.753786,0.000000,0,0,0.439029
cmp-00451,0.150000,52273000.000000,17.771991,56,CLOSE_ON_TARGET,PUBLIC,3,3,0.150000,0.397226,362,327,0.001097,0.041510,0.047289,0.012663,2.648174,0.114914,0,1,1.000111
cmp-00451,0.250000,52273000.000000,17.771991,56,CLOSE_ON_TARGET,PUBLIC,3,3,0.250000,0.539716,485,427,0.001113,0.025445,0.038551,0.010959,2.158866,0.129264,0,1,1.000111
cmp-00451,0.500000,52273000.000000,17.771991,56,CLOSE_ON_TARGET,PUBLIC,3,3,0.500000,0.754659,711,595,0.001061,0.012274,0.026952,0.008762,1.509318,0.132927,0,1,1.000111
cmp-00452,0.150000,13484000.000000,16.417014,71,FLEXIBLE,PUBLIC,3,1,0.150000,0.433432,45,41,0.009632,0.024760,0.040698,0.009388,2.889548,0.117647,0,1,1.224666
cmp-00452,0.250000,13484000.000000,16.417014,71,FLEXIBLE,PUBLIC,3,1,0.250000,0.536495,58,53,0.009250,0.014516,0.030225,0.008704,2.145980,0.107692,0,1,1.224666
cmp-00452,0.500000,13484000.000000,16.417014,71,FLEXIBLE,PUBLIC,3,1,0.500000,0.730896,86,73,0.008499,0.009867,0.020589,0.007580,1.461792,0.148515,0,1,1.224666
cmp-00453,0.150000,3652000.000000,15.110786,76,FLEXIBLE,PUBLIC,1,1,0.150000,0.304080,9,8,0.033787,0.015125,0.026674,0.010773,2.027200,0.100000,0,0,0.683406
cmp-00453,0.250000,3652000.000000,15.110786,76,FLEXIBLE,PUBLIC,1,1,0.250000,0.341621,11,10,0.031056,0.004940,0.017980,0.011551,1.366484,0.083333,0,0,0.683406
cmp-00453,0.500000,3652000.000000,15.110786,76,FLEXIBLE,PUBLIC,1,1,0.500000,0.478970,19,18,0.025209,0.006907,0.012604,0.013711,0.957941,0.095238,0,0,0.683406
cmp-00454,0.150000,15677000.000000,16.567705,75,FLEXIBLE,PUBLIC,5,1,0.150000,0.536378,138,121,0.003887,0.041088,0.047678,0.007272,3.575854,0.092105,0,1,1.663603
cmp-00454,0.250000,15677000.000000,16.567705,75,FLEXIBLE,PUBLIC,5,1,0.250000,0.721171,172,149,0.004193,0.024639,0.038462,0.004957,2.884685,0.108808,0,1,1.663603
cmp-00454,0.500000,15677000.000000,16.567705,75,FLEXIBLE,PUBLIC,5,1,0.500000,0.993896,237,195,0.004194,0.015062,0.026504,0.000163,1.987791,0.088462,0,1,1.663603
cmp-00455,0.150000,12387000.000000,16.332158,90,FLEXIBLE,PUBLIC,3,3,0.150000,0.885566,71,60,0.012473,0.051330,0.065597,0.001496,5.903770,0.193182,0,1,3.002196
cmp-00455,0.250000,12387000.000000,16.332158,90,FLEXIBLE,PUBLIC,3,3,0.250000,1.392411,104,84,0.013389,0.056316,0.061885,0.000000,5.569646,0.168000,1,1,3.002196
cmp-00455,0.500000,12387000.000000,16.332158,90,FLEXIBLE,PUBLIC,3,3,0.500000,1.777307,144,99,0.012342,0.015924,0.039496,0.000000,3.554614,0.152941,1,1,3.002196
cmp-00456,0.150000,3898000.000000,15.175974,23,FLEXIBLE,PUBLIC,1,2,0.150000,0.325372,15,13,0.021691,0.111306,0.094311,0.034508,2.169147,0.117647,0,1,1.192612
cmp-00456,0.250000,3898000.000000,15.175974,23,FLEXIBLE,PUBLIC,1,2,0.250000,0.413238,19,16,0.021749,0.038202,0.071867,0.034015,1.652950,0.136364,0,1,1.192612
cmp-00456,0.500000,3898000.000000,15.175974,23,FLEXIBLE,PUBLIC,1,2,0.500000,0.541021,27,22,0.020038,0.023479,0.047045,0.039911,1.082042,0.100000,0,1,1.192612
cmp-00457,0.150000,12185000.000000,16.315716,57,FLEXIBLE,PUBLIC,4,3,0.150000,0.232671,38,34,0.006123,0.025444,0.027213,0.015838,1.551142,0.136364,0,0,0.980476
cmp-00457,0.250000,12185000.000000,16.315716,57,FLEXIBLE,PUBLIC,4,3,0.250000,0.300607,51,46,0.005894,0.011919,0.021095,0.016360,1.202429,0.105263,0,0,0.980476
cmp-00457,0.500000,12185000.000000,16.315716,57,FLEXIBLE,PUBLIC,4,3,0.500000,0.567977,74,65,0.007675,0.013289,0.019929,0.015159,1.135954,0.108434,0,0,0.980476
cmp-00458,0.150000,28524000.000000,17.166256,70,FLEXIBLE,PUBLIC,4,1,0.150000,0.391923,180,167,0.002177,0.028830,0.037326,0.010220,2.612817,0.113300,0,1,1.234157
cmp-00458,0.250000,28524000.000000,17.166256,70,FLEXIBLE,PUBLIC,4,1,0.250000,0.524961,242,219,0.002169,0.019006,0.029998,0.009048,2.099846,0.123188,0,1,1.234157
cmp-00458,0.500000,28524000.000000,17.166256,70,FLEXIBLE,PUBLIC,4,1,0.500000,0.752247,347,298,0.002168,0.007618,0.021493,0.007079,1.504494,0.107969,0,1,1.234157
cmp-00459,0.150000,15776000.000000,16.574000,19,STRICT,PRIVATE_LINK,3,3,0.150000,0.160389,17,16,0.009435,0.024774,0.056277,0.051988,1.069261,0.000000,0,0,0.395005
cmp-00459,0.250000,15776000.000000,16.574000,19,STRICT,PRIVATE_LINK,3,3,0.250000,0.205496,24,23,0.008562,0.023740,0.043262,0.055755,0.821983,0.000000,0,0,0.395005
cmp-00459,0.500000,15776000.000000,16.574000,19,STRICT,PRIVATE_LINK,3,3,0.500000,0.253734,31,30,0.008185,0.021889,0.026709,0.078554,0.507467,0.031250,0,0,0.395005
cmp-00460,0.150000,21496000.000000,16.883377,65,STRICT,PUBLIC,1,2,0.150000,0.460207,115,108,0.004002,0.038968,0.047201,0.009770,3.068044,0.148148,0,0,0.999837
cmp-00460,0.250000,21496000.000000,16.883377,65,STRICT,PUBLIC,1,2,0.250000,0.545074,138,129,0.003950,0.013056,0.033543,0.009332,2.180294,0.142857,0,0,0.999837
cmp-00460,0.500000,21496000.000000,16.883377,65,STRICT,PUBLIC,1,2,0.500000,0.846395,202,179,0.004190,0.011326,0.026043,0.004726,1.692789,0.147679,0,0,0.999837
cmp-00461,0.150000,19110000.000000,16.765722,87,STRICT,PUBLIC,1,3,0.150000,0.252805,60,56,0.004213,0.017600,0.019372,0.010104,1.685365,0.062500,0,0,0.998346
cmp-00461,0.250000,19110000.000000,16.765722,87,STRICT,PUBLIC,1,3,0.250000,0.366876,80,73,0.004586,0.013112,0.016868,0.009703,1.467504,0.080460,0,0,0.998346
cmp-00461,0.500000,19110000.000000,16.765722,87,STRICT,PUBLIC,1,3,0.500000,0.554092,106,95,0.005227,0.003841,0.012738,0.010251,1.108184,0.101695,0,0,0.998346
cmp-00462,0.150000,7336000.000000,15.808304,64,STRICT,PRIVATE_LINK,3,1,0.150000,0.712077,56,45,0.012716,0.058958,0.074175,0.005293,4.747183,0.188406,0,0,0.999537
cmp-00462,0.250000,7336000.000000,15.808304,64,STRICT,PRIVATE_LINK,3,1,0.250000,0.998732,76,58,0.013141,0.044790,0.062421,0.000026,3.994929,0.170213,0,0,0.999537
cmp-00462,0.500000,7336000.000000,15.808304,64,STRICT,PRIVATE_LINK,3,1,0.500000,0.999537,77,58,0.012981,0.000000,0.031236,0.000014,1.999073,0.131944,0,0,0.999537
cmp-00463,0.150000,8346000.000000,15.937293,74,FLEXIBLE,PUBLIC,4,1,0.150000,0.099988,13,13,0.007691,0.010591,0.009008,0.014309,0.666587,0.071429,0,0,0.356830
cmp-00463,0.250000,8346000.000000,15.937293,74,FLEXIBLE,PUBLIC,4,1,0.250000,0.138977,18,17,0.007721,0.005269,0.007512,0.015514,0.555907,0.100000,0,0,0.356830
cmp-00463,0.500000,8346000.000000,15.937293,74,FLEXIBLE,PUBLIC,4,1,0.500000,0.218092,25,22,0.008724,0.005066,0.005894,0.021133,0.436185,0.107143,0,0,0.356830
cmp-00464,0.150000,18397000.000000,16.727698,58,STRICT,PUBLIC,2,3,0.150000,0.469180,55,45,0.008531,0.040737,0.053929,0.010767,3.127865,0.083333,0,0,0.999831
cmp-00464,0.250000,18397000.000000,16.727698,58,STRICT,PUBLIC,2,3,0.250000,0.647078,73,59,0.008864,0.030672,0.044626,0.008113,2.588313,0.109756,0,0,0.999831
cmp-00464,0.500000,18397000.000000,16.727698,58,STRICT,PUBLIC,2,3,0.500000,0.904305,101,80,0.008954,0.006583,0.031183,0.003300,1.808610,0.098214,0,0,0.999831
cmp-00465,0.150000,10958000.000000,16.209580,84,FLEXIBLE,PUBLIC,7,2,0.150000,0.254335,30,27,0.008478,0.013402,0.020185,0.010443,1.695565,0.189189,0,0,0.875917
cmp-00465,0.250000,10958000.000000,16.209580,84,FLEXIBLE,PUBLIC,7,2,0.250000,0.350867,44,38,0.007974,0.011492,0.016708,0.010304,1.403468,0.137255,0,0,0.875917
cmp-00465,0.500000,10958000.000000,16.209580,84,FLEXIBLE,PUBLIC,7,2,0.500000,0.508250,56,47,0.009076,0.010973,0.012101,0.011708,1.016499,0.138462,0,0,0.875917
cmp-00466,0.150000,3758000.000000,15.139397,45,STRICT,PUBLIC,4,3,0.150000,0.337360,23,21,0.014668,0.044504,0.049979,0.017324,2.249069,0.148148,0,0,0.998989
cmp-00466,0.250000,3758000.000000,15.139397,45,STRICT,PUBLIC,4,3,0.250000,0.469053,34,29,0.013796,0.029265,0.041694,0.015732,1.876211,0.105263,0,0,0.998989
cmp-00466,0.500000,3758000.000000,15.139397,45,STRICT,PUBLIC,4,3,0.500000,0.707211,52,44,0.013600,0.024836,0.031432,0.013013,1.414423,0.118644,0,0,0.998989
cmp-00467,0.150000,5370000.000000,15.496338,34,FLEXIBLE,PUBLIC,4,1,0.150000,0.722700,34,27,0.021256,0.155570,0.141706,0.009595,4.818001,0.190476,0,1,2.981937
cmp-00467,0.250000,5370000.000000,15.496338,34,FLEXIBLE,PUBLIC,4,1,0.250000,1.145065,50,37,0.022901,0.124225,0.134714,0.000000,4.580261,0.137931,1,1,2.981937
cmp-00467,0.500000,5370000.000000,15.496338,34,FLEXIBLE,PUBLIC,4,1,0.500000,1.772235,70,51,0.025318,0.051523,0.104249,0.000000,3.544469,0.146341,1,1,2.981937
cmp-00468,0.150000,10533000.000000,16.170024,58,STRICT,PRIVATE_LINK,0,1,0.150000,0.371803,46,42,0.008083,0.040698,0.042736,0.012742,2.478686,0.115385,0,0,0.999858
cmp-00468,0.250000,10533000.000000,16.170024,58,STRICT,PRIVATE_LINK,0,1,0.250000,0.512665,63,57,0.008138,0.024287,0.035356,0.011203,2.050660,0.100000,0,0,0.999858
cmp-00468,0.500000,10533000.000000,16.170024,58,STRICT,PRIVATE_LINK,0,1,0.500000,0.782768,94,77,0.008327,0.025493,0.026992,0.007491,1.565537,0.087379,0,0,0.999858
cmp-00469,0.150000,11576000.000000,16.264445,83,FLEXIBLE,PRIVATE_LINK,3,2,0.150000,0.244316,29,27,0.008425,0.016664,0.019624,0.010711,1.628772,0.121212,0,0,0.906384
cmp-00469,0.250000,11576000.000000,16.264445,83,FLEXIBLE,PRIVATE_LINK,3,2,0.250000,0.369670,46,41,0.008036,0.015103,0.017815,0.010126,1.478680,0.132075,0,0,0.906384
cmp-00469,0.500000,11576000.000000,16.264445,83,FLEXIBLE,PRIVATE_LINK,3,2,0.500000,0.465843,61,52,0.007637,0.005547,0.011225,0.012871,0.931686,0.102941,0,0,0.906384
cmp-00470,0.150000,7325000.000000,15.806804,83,FLEXIBLE,PUBLIC,2,1,0.150000,0.486061,39,37,0.012463,0.027654,0.039041,0.007285,3.240410,0.133333,0,1,1.854061
cmp-00470,0.250000,7325000.000000,15.806804,83,FLEXIBLE,PUBLIC,2,1,0.250000,0.627973,52,48,0.012076,0.017098,0.030264,0.005976,2.511891,0.133333,0,1,1.854061
cmp-00470,0.500000,7325000.000000,15.806804,83,FLEXIBLE,PUBLIC,2,1,0.500000,0.990075,80,65,0.012376,0.019580,0.023857,0.000239,1.980150,0.139785,0,1,1.854061
cmp-00471,0.150000,3520000.000000,15.073972,28,FLEXIBLE,PUBLIC,1,3,0.150000,0.667273,20,18,0.033364,0.174523,0.158874,0.013980,4.448485,0.090909,0,1,2.181506
cmp-00471,0.250000,3520000.000000,15.073972,28,FLEXIBLE,PUBLIC,1,3,0.250000,0.855284,29,26,0.029493,0.067147,0.122183,0.006891,3.421136,0.093750,0,1,2.181506
cmp-00471,0.500000,3520000.000000,15.073972,28,FLEXIBLE,PUBLIC,1,3,0.500000,1.400682,53,42,0.026428,0.074533,0.100049,0.000000,2.801364,0.086207,1,1,2.181506
cmp-00472,0.150000,6526000.000000,15.691305,90,CLOSE_ON_TARGET,PRIVATE_LINK,6,3,0.150000,0.278455,24,22,0.011602,0.015730,0.020626,0.009432,1.856369,0.111111,0,0,0.766411
cmp-00472,0.250000,6526000.000000,15.691305,90,CLOSE_ON_TARGET,PRIVATE_LINK,6,3,0.250000,0.381352,34,31,0.011216,0.011433,0.016949,0.009165,1.525406,0.081081,0,0,0.766411
cmp-00472,0.500000,6526000.000000,15.691305,90,CLOSE_ON_TARGET,PRIVATE_LINK,6,3,0.500000,0.487297,47,43,0.010368,0.006633,0.010829,0.011393,0.974594,0.078431,0,0,0.766411
cmp-00473,0.150000,17515000.000000,16.678568,61,FLEXIBLE,PUBLIC,4,2,0.150000,0.284813,58,52,0.004911,0.026066,0.031127,0.013793,1.898753,0.107692,0,1,1.186406
cmp-00473,0.250000,17515000.000000,16.678568,61,FLEXIBLE,PUBLIC,4,2,0.250000,0.446138,79,70,0.005647,0.026447,0.029255,0.012106,1.784550,0.112360,0,1,1.186406
cmp-00473,0.500000,17515000.000000,16.678568,61,FLEXIBLE,PUBLIC,4,2,0.500000,0.596968,110,91,0.005427,0.006375,0.019573,0.013214,1.193937,0.126984,0,1,1.186406
cmp-00474,0.150000,16551000.000000,16.621957,67,FLEXIBLE,PUBLIC,1,1,0.150000,0.386665,42,42,0.009206,0.041198,0.038474,0.010770,2.577770,0.192308,0,1,1.342028
cmp-00474,0.250000,16551000.000000,16.621957,67,FLEXIBLE,PUBLIC,1,1,0.250000,0.530040,61,56,0.008689,0.021399,0.031644,0.009352,2.120162,0.175676,0,1,1.342028
cmp-00474,0.500000,16551000.000000,16.621957,67,FLEXIBLE,PUBLIC,1,1,0.500000,0.688399,81,72,0.008499,0.005485,0.020549,0.009302,1.376799,0.173469,0,1,1.342028
cmp-00475,0.150000,32860000.000000,17.307767,71,STRICT,PRIVATE_LINK,5,1,0.150000,0.329674,152,139,0.002169,0.025327,0.030955,0.011107,2.197829,0.111111,0,0,0.999918
cmp-00475,0.250000,32860000.000000,17.307767,71,STRICT,PRIVATE_LINK,5,1,0.250000,0.474860,209,187,0.002272,0.020449,0.026753,0.009862,1.899440,0.118143,0,0,0.999918
cmp-00475,0.500000,32860000.000000,17.307767,71,STRICT,PRIVATE_LINK,5,1,0.500000,0.710989,296,251,0.002402,0.008871,0.020028,0.008141,1.421978,0.105740,0,0,0.999918
cmp-00476,0.150000,5990000.000000,15.605602,55,FLEXIBLE,PUBLIC,3,2,0.150000,0.223706,14,13,0.015979,0.032099,0.027116,0.016605,1.491375,0.333333,0,0,0.923122
cmp-00476,0.250000,5990000.000000,15.605602,55,FLEXIBLE,PUBLIC,3,2,0.250000,0.304357,23,21,0.013233,0.014664,0.022135,0.016864,1.217429,0.281250,0,0,0.923122
cmp-00476,0.500000,5990000.000000,15.605602,55,FLEXIBLE,PUBLIC,3,2,0.500000,0.541252,35,30,0.015464,0.011698,0.019682,0.016682,1.082504,0.222222,0,0,0.923122
cmp-00477,0.150000,4450000.000000,15.308415,50,FLEXIBLE,PUBLIC,7,3,0.150000,0.168382,12,12,0.014032,0.014108,0.022451,0.019567,1.122547,0.076923,0,0,0.949865
cmp-00477,0.250000,4450000.000000,15.308415,50,FLEXIBLE,PUBLIC,7,3,0.250000,0.245034,14,14,0.017502,0.015330,0.019603,0.020132,0.980135,0.125000,0,0,0.949865
cmp-00477,0.500000,4450000.000000,15.308415,50,FLEXIBLE,PUBLIC,7,3,0.500000,0.591281,26,21,0.022742,0.038207,0.023651,0.016349,1.182562,0.071429,0,0,0.949865
cmp-00478,0.150000,24980000.000000,17.033586,37,FLEXIBLE,PUBLIC,8,3,0.150000,0.578631,263,233,0.002200,0.095363,0.104258,0.013398,3.857539,0.137705,0,1,1.808615
cmp-00478,0.250000,24980000.000000,17.033586,37,FLEXIBLE,PUBLIC,8,3,0.250000,0.759592,355,297,0.002140,0.048908,0.082118,0.008663,3.038367,0.142512,0,1,1.808615
cmp-00478,0.500000,24980000.000000,17.033586,37,FLEXIBLE,PUBLIC,8,3,0.500000,1.038627,511,405,0.002033,0.026640,0.056142,0.000000,2.077254,0.149750,1,1,1.808615
cmp-00479,0.150000,4112000.000000,15.229420,57,STRICT,PRIVATE_LINK,6,1,0.150000,0.449489,16,14,0.028093,0.030045,0.052572,0.011362,2.996595,0.058824,0,0,0.995233
cmp-00479,0.250000,4112000.000000,15.229420,57,STRICT,PRIVATE_LINK,6,1,0.250000,0.641221,23,21,0.027879,0.033637,0.044998,0.008392,2.564883,0.080000,0,0,0.995233
cmp-00479,0.500000,4112000.000000,15.229420,57,STRICT,PRIVATE_LINK,6,1,0.500000,0.737232,29,26,0.025422,0.003904,0.025868,0.009220,1.474465,0.147059,0,0,0.995233
cmp-00480,0.150000,7167000.000000,15.784998,71,STRICT,PRIVATE_LINK,5,3,0.150000,0.998856,57,45,0.017524,0.008427,0.093789,0.000019,6.659039,0.089109,0,0,0.999972
cmp-00480,0.250000,7167000.000000,15.784998,71,STRICT,PRIVATE_LINK,5,3,0.250000,0.999972,58,45,0.017241,0.000157,0.056336,0.000001,3.999888,0.111111,0,0,0.999972
cmp-00480,0.500000,7167000.000000,15.784998,71,STRICT,PRIVATE_LINK,5,3,0.500000,0.999972,58,45,0.017241,0.000000,0.028168,0.000001,1.999944,0.124324,0,0,0.999972
cmp-00481,0.150000,13341000.000000,16.406353,15,CLOSE_ON_TARGET,PUBLIC,1,2,0.150000,0.501087,61,56,0.008215,0.190910,0.222705,0.039130,3.340579,0.186667,0,1,1.002316
cmp-00481,0.250000,13341000.000000,16.406353,15,CLOSE_ON_TARGET,PUBLIC,1,2,0.250000,0.691522,90,79,0.007684,0.126957,0.184406,0.027420,2.766089,0.166667,0,1,1.002316
cmp-00481,0.500000,13341000.000000,16.406353,15,CLOSE_ON_TARGET,PUBLIC,1,2,0.500000,0.948400,133,110,0.007131,0.065168,0.126453,0.006880,1.896799,0.130719,0,1,1.002316
cmp-00482,0.150000,6890000.000000,15.745582,49,FLEXIBLE,PUBLIC,4,3,0.150000,0.657475,50,38,0.013149,0.079891,0.089452,0.008224,4.383164,0.152542,0,1,2.140769
cmp-00482,0.250000,6890000.000000,15.745582,49,FLEXIBLE,PUBLIC,4,3,0.250000,0.819216,63,45,0.013003,0.033009,0.066875,0.004919,3.276865,0.125000,0,1,2.140769
cmp-00482,0.500000,6890000.000000,15.745582,49,FLEXIBLE,PUBLIC,4,3,0.500000,1.070058,87,64,0.012300,0.016940,0.043676,0.000000,2.140116,0.130000,1,1,2.140769
cmp-00483,0.150000,3459000.000000,15.056490,58,CLOSE_ON_TARGET,PUBLIC,2,3,0.150000,0.552992,27,22,0.020481,0.039906,0.063562,0.009067,3.686615,0.156250,0,1,1.077537
cmp-00483,0.250000,3459000.000000,15.056490,58,CLOSE_ON_TARGET,PUBLIC,2,3,0.250000,0.911159,39,30,0.023363,0.061753,0.062839,0.002042,3.644637,0.152174,0,1,1.077537
cmp-00484,0.150000,5320000.000000,15.486984,83,STRICT,PUBLIC,7,2,0.150000,0.446109,51,45,0.008747,0.036031,0.035832,0.007851,2.974060,0.260870,0,0,0.999511
cmp-00484,0.250000,5320000.000000,15.486984,83,STRICT,PUBLIC,7,2,0.250000,0.694605,71,61,0.009783,0.029939,0.033475,0.004906,2.778421,0.211111,0,0,0.999511
cmp-00484,0.500000,5320000.000000,15.486984,83,STRICT,PUBLIC,7,2,0.500000,0.996673,103,87,0.009676,0.007686,0.024016,0.000080,1.993346,0.171875,0,0,0.999511
cmp-00485,0.150000,12765000.000000,16.362218,63,CLOSE_ON_TARGET,PUBLIC,1,2,0.150000,0.419083,113,109,0.003709,0.036348,0.044347,0.010848,2.793890,0.130769,0,1,1.003243
cmp-00485,0.250000,12765000.000000,16.362218,63,CLOSE_ON_TARGET,PUBLIC,1,2,0.250000,0.571774,153,141,0.003737,0.024237,0.036303,0.009063,2.287098,0.110465,0,1,1.003243
cmp-00485,0.500000,12765000.000000,16.362218,63,CLOSE_ON_TARGET,PUBLIC,1,2,0.500000,0.870466,209,185,0.004165,0.018926,0.027634,0.004112,1.740932,0.110638,0,1,1.003243
cmp-00486,0.150000,8999000.000000,16.012624,33,FLEXIBLE,PUBLIC,4,2,0.150000,0.673308,50,42,0.013466,0.143844,0.136022,0.011647,4.488721,0.090909,0,1,1.766407
cmp-00486,0.250000,8999000.000000,16.012624,33,FLEXIBLE,PUBLIC,4,2,0.250000,0.898344,68,51,0.013211,0.068193,0.108890,0.004107,3.593377,0.093333,0,1,1.766407
cmp-00486,0.500000,8999000.000000,16.012624,33,FLEXIBLE,PUBLIC,4,2,0.500000,1.241227,90,65,0.013791,0.026670,0.075226,0.000000,2.482454,0.090909,1,1,1.766407
cmp-00487,0.150000,1625000.000000,14.301018,42,STRICT,PUBLIC,3,1,0.150000,0.762831,10,10,0.076283,0.136410,0.121084,0.006643,5.085538,0.090909,0,0,0.996800
cmp-00487,0.250000,1625000.000000,14.301018,42,STRICT,PUBLIC,3,1,0.250000,0.846708,12,11,0.070559,0.019971,0.080639,0.004866,3.386831,0.076923,0,0,0.996800
cmp-00487,0.500000,1625000.000000,14.301018,42,STRICT,PUBLIC,3,1,0.500000,0.986585,15,14,0.065772,0.033304,0.046980,0.000639,1.973169,0.062500,0,0,0.996800
cmp-00488,0.150000,4219000.000000,15.255109,49,CLOSE_ON_TARGET,PUBLIC,7,2,0.150000,0.686110,30,26,0.022870,0.074686,0.093348,0.007536,4.574070,0.117647,0,1,1.031287
cmp-00488,0.250000,4219000.000000,15.255109,49,CLOSE_ON_TARGET,PUBLIC,7,2,0.250000,0.808201,36,32,0.022450,0.024916,0.065976,0.005219,3.232804,0.121951,0,1,1.031287
cmp-00489,0.150000,17468000.000000,16.675881,38,FLEXIBLE,PUBLIC,2,3,0.150000,0.610499,81,70,0.007537,0.084663,0.107105,0.012059,4.069995,0.129032,0,1,1.711129
cmp-00489,0.250000,17468000.000000,16.675881,38,FLEXIBLE,PUBLIC,2,3,0.250000,0.786512,102,84,0.007711,0.046319,0.082791,0.007491,3.146050,0.170732,0,1,1.711129
cmp-00489,0.500000,17468000.000000,16.675881,38,FLEXIBLE,PUBLIC,2,3,0.500000,1.049645,147,120,0.007140,0.026060,0.055244,0.000000,2.099290,0.145349,1,1,1.711129
cmp-00490,0.150000,3584000.000000,15.091990,56,CLOSE_ON_TARGET,PUBLIC,3,3,0.150000,0.264844,12,11,0.022070,0.036028,0.031529,0.015444,1.765625,0.200000,0,1,1.015848
cmp-00490,0.250000,3584000.000000,15.091990,56,CLOSE_ON_TARGET,PUBLIC,3,3,0.250000,0.314397,16,15,0.019650,0.008849,0.022457,0.016324,1.257589,0.157895,0,1,1.015848
cmp-00490,0.500000,3584000.000000,15.091990,56,CLOSE_ON_TARGET,PUBLIC,3,3,0.500000,0.522321,27,23,0.019345,0.015241,0.018654,0.017060,1.044643,0.156250,0,1,1.015848
cmp-00491,0.150000,9507000.000000,16.067539,46,CLOSE_ON_TARGET,PUBLIC,4,1,0.150000,0.527390,47,43,0.011221,0.058815,0.076433,0.012087,3.515936,0.145455,0,1,1.009709
cmp-00491,0.250000,9507000.000000,16.067539,46,CLOSE_ON_TARGET,PUBLIC,4,1,0.250000,0.644683,59,52,0.010927,0.025498,0.056059,0.010299,2.578731,0.157143,0,1,1.009709
cmp-00491,0.500000,9507000.000000,16.067539,46,CLOSE_ON_TARGET,PUBLIC,4,1,0.500000,0.859556,83,69,0.010356,0.015506,0.037372,0.006106,1.719112,0.135417,0,1,1.009709
cmp-00492,0.150000,4097000.000000,15.225766,65,FLEXIBLE,PUBLIC,3,3,0.150000,0.391091,27,25,0.014485,0.041175,0.040112,0.011021,2.607274,0.156250,0,1,1.159556
cmp-00492,0.250000,4097000.000000,15.225766,65,FLEXIBLE,PUBLIC,3,3,0.250000,0.533415,36,32,0.014817,0.021896,0.032826,0.009571,2.133659,0.121951,0,1,1.159556
cmp-00492,0.500000,4097000.000000,15.225766,65,FLEXIBLE,PUBLIC,3,3,0.500000,0.637442,48,43,0.013280,0.002306,0.019614,0.011156,1.274884,0.142857,0,1,1.159556
cmp-00493,0.150000,2217000.000000,14.611665,34,STRICT,PUBLIC,2,2,0.150000,0.651421,15,14,0.043428,0.076455,0.127730,0.012062,4.342806,0.062500,0,0,0.991836
cmp-00493,0.250000,2217000.000000,14.611665,34,STRICT,PUBLIC,2,2,0.250000,0.704014,19,17,0.037053,0.015469,0.082825,0.011607,2.816058,0.050000,0,0,0.991836
cmp-00493,0.500000,2217000.000000,14.611665,34,STRICT,PUBLIC,2,2,0.500000,0.909066,24,21,0.037878,0.003648,0.053474,0.005349,1.818133,0.074074,0,0,0.991836
cmp-00494,0.150000,2954000.000000,14.898671,49,STRICT,PUBLIC,6,3,0.150000,0.093094,5,5,0.018619,0.008601,0.012666,0.021774,0.620627,0.166667,0,0,0.447393
cmp-00494,0.250000,2954000.000000,14.898671,49,STRICT,PUBLIC,6,3,0.250000,0.124475,7,7,0.017782,0.006404,0.010161,0.023824,0.497901,0.125000,0,0,0.447393
cmp-00494,0.500000,2954000.000000,14.898671,49,STRICT,PUBLIC,6,3,0.500000,0.184563,9,8,0.020507,0.011468,0.007533,0.033283,0.369127,0.100000,0,0,0.447393
cmp-00495,0.150000,3001000.000000,14.914456,51,FLEXIBLE,PUBLIC,0,1,0.150000,0.108497,4,4,0.027124,0.021274,0.014183,0.020565,0.723314,0.000000,0,0,0.716794
cmp-00495,0.250000,3001000.000000,14.914456,51,FLEXIBLE,PUBLIC,0,1,0.250000,0.141420,5,4,0.028284,0.006455,0.011092,0.022447,0.565678,0.000000,0,0,0.716794
cmp-00495,0.500000,3001000.000000,14.914456,51,FLEXIBLE,PUBLIC,0,1,0.500000,0.306864,8,7,0.038358,0.029787,0.012034,0.027182,0.613729,0.000000,0,0,0.716794
cmp-00496,0.150000,29586000.000000,17.202812,57,FLEXIBLE,PUBLIC,3,2,0.150000,0.406260,220,200,0.001847,0.041044,0.047516,0.012255,2.708398,0.102041,0,1,1.350899
cmp-00496,0.250000,29586000.000000,17.202812,57,FLEXIBLE,PUBLIC,3,2,0.250000,0.533455,290,255,0.001840,0.022315,0.037435,0.010913,2.133820,0.110429,0,1,1.350899
cmp-00496,0.500000,29586000.000000,17.202812,57,FLEXIBLE,PUBLIC,3,2,0.500000,0.762097,401,338,0.001900,0.011166,0.026740,0.008347,1.524194,0.128261,0,1,1.350899
cmp-00497,0.150000,3838000.000000,15.160462,30,STRICT,PUBLIC,3,3,0.150000,0.997785,39,31,0.025584,0.125013,0.221730,0.000087,6.651902,0.106061,0,0,0.999166
cmp-00497,0.250000,3838000.000000,15.160462,30,STRICT,PUBLIC,3,3,0.250000,0.997785,39,31,0.025584,0.000000,0.133038,0.000098,3.991141,0.141176,0,0,0.999166
cmp-00497,0.500000,3838000.000000,15.160462,30,STRICT,PUBLIC,3,3,0.500000,0.999166,40,32,0.024979,0.000000,0.066611,0.000056,1.998332,0.132075,0,0,0.999166
cmp-00498,0.150000,9177000.000000,16.032211,59,STRICT,PUBLIC,3,1,0.150000,0.349134,43,38,0.008119,0.035018,0.039450,0.012978,2.327558,0.156863,0,0,0.988210
cmp-00498,0.250000,9177000.000000,16.032211,59,STRICT,PUBLIC,3,1,0.250000,0.428136,53,43,0.008078,0.013390,0.029026,0.012923,1.712542,0.145161,0,0,0.988210
cmp-00498,0.500000,9177000.000000,16.032211,59,STRICT,PUBLIC,3,1,0.500000,0.558145,70,58,0.007974,0.003110,0.018920,0.014978,1.116291,0.135802,0,0,0.988210
cmp-00499,0.150000,4202000.000000,15.251071,72,FLEXIBLE,PUBLIC,5,2,0.150000,0.296597,18,16,0.016478,0.017171,0.027463,0.011494,1.977312,0.181818,0,0,0.807496
cmp-00499,0.250000,4202000.000000,15.251071,72,FLEXIBLE,PUBLIC,5,2,0.250000,0.419039,26,23,0.016117,0.017006,0.023280,0.010759,1.676154,0.133333,0,0,0.807496
cmp-00499,0.500000,4202000.000000,15.251071,72,FLEXIBLE,PUBLIC,5,2,0.500000,0.564541,37,32,0.015258,0.011578,0.015682,0.012096,1.129081,0.177778,0,0,0.807496
cmp-00500,0.150000,6933000.000000,15.751803,71,STRICT,PUBLIC,1,2,0.150000,0.102365,10,10,0.010237,0.011984,0.009612,0.014874,0.682437,0.285714,0,0,0.592312
cmp-00500,0.250000,6933000.000000,15.751803,71,STRICT,PUBLIC,1,2,0.250000,0.157176,15,15,0.010478,0.007720,0.008855,0.015828,0.628703,0.210526,0,0,0.592312
cmp-00500,0.500000,6933000.000000,15.751803,71,STRICT,PUBLIC,1,2,0.500000,0.263378,22,22,0.011972,0.004482,0.007419,0.020750,0.526756,0.185185,0,0,0.592312
cmp-00501,0.150000,3304000.000000,15.010644,20,FLEXIBLE,PRIVATE_LINK,4,2,0.150000,0.501755,36,33,0.013938,0.120369,0.167252,0.029309,3.345036,0.142857,0,1,1.210896
cmp-00501,0.250000,3304000.000000,15.010644,20,FLEXIBLE,PRIVATE_LINK,4,2,0.250000,0.572730,43,37,0.013319,0.035487,0.114546,0.028485,2.290920,0.122449,0,1,1.210896
cmp-00501,0.500000,3304000.000000,15.010644,20,FLEXIBLE,PRIVATE_LINK,4,2,0.500000,0.819098,57,43,0.014370,0.029419,0.081910,0.018090,1.638196,0.109375,0,1,1.210896
cmp-00502,0.150000,3252000.000000,14.994781,67,STRICT,PUBLIC,7,1,0.150000,0.406150,15,12,0.027077,0.046438,0.040413,0.010428,2.707667,0.000000,0,0,0.999908
cmp-00502,0.250000,3252000.000000,14.994781,67,STRICT,PUBLIC,7,1,0.250000,0.682995,23,19,0.029695,0.041320,0.040776,0.006309,2.731980,0.000000,0,0,0.999908
cmp-00502,0.500000,3252000.000000,14.994781,67,STRICT,PUBLIC,7,1,0.500000,0.826722,36,30,0.022965,0.006182,0.024678,0.005172,1.653444,0.076923,0,0,0.999908
cmp-00503,0.150000,4033000.000000,15.210021,56,STRICT,PUBLIC,0,3,0.150000,0.678527,45,41,0.015078,0.042086,0.080777,0.006754,4.523514,0.166667,0,0,0.999182
cmp-00503,0.250000,4033000.000000,15.210021,56,STRICT,PUBLIC,0,3,0.250000,0.981751,60,49,0.016363,0.054147,0.070125,0.000435,3.927002,0.152778,0,0,0.999182
cmp-00503,0.500000,4033000.000000,15.210021,56,STRICT,PUBLIC,0,3,0.500000,0.999182,62,51,0.016116,0.000000,0.035685,0.000029,1.998364,0.175258,0,0,0.999182
cmp-00504,0.150000,15017000.000000,16.524693,65,FLEXIBLE,PUBLIC,6,3,0.150000,0.403776,131,120,0.003082,0.034770,0.041413,0.010791,2.691838,0.132450,0,1,1.467570
cmp-00504,0.250000,15017000.000000,16.524693,65,FLEXIBLE,PUBLIC,6,3,0.250000,0.568875,189,168,0.003010,0.025400,0.035008,0.008844,2.275501,0.108491,0,1,1.467570
cmp-00504,0.500000,15017000.000000,16.524693,65,FLEXIBLE,PUBLIC,6,3,0.500000,0.848312,268,232,0.003165,0.014059,0.026102,0.004667,1.696624,0.115512,0,1,1.467570
cmp-00505,0.150000,17456000.000000,16.675194,58,FLEXIBLE,PRIVATE_LINK,3,3,0.150000,0.261217,57,53,0.004583,0.024957,0.030025,0.014985,1.741445,0.080645,0,0,0.868355
cmp-00505,0.250000,17456000.000000,16.675194,58,FLEXIBLE,PRIVATE_LINK,3,3,0.250000,0.358954,76,72,0.004723,0.016851,0.024755,0.014737,1.435816,0.105882,0,0,0.868355
cmp-00505,0.500000,17456000.000000,16.675194,58,FLEXIBLE,PRIVATE_LINK,3,3,0.500000,0.556359,113,103,0.004924,0.010685,0.019185,0.015298,1.112718,0.088710,0,0,0.868355
cmp-00506,0.150000,2169000.000000,14.589777,71,FLEXIBLE,PRIVATE_LINK,3,3,0.150000,0.108621,3,3,0.036207,0.012344,0.010199,0.014770,0.724143,0.000000,0,0,0.899493
cmp-00506,0.250000,2169000.000000,14.589777,71,FLEXIBLE,PRIVATE_LINK,3,3,0.250000,0.230060,6,5,0.038343,0.017104,0.012961,0.014459,0.920240,0.000000,0,0,0.899493
cmp-00506,0.500000,2169000.000000,14.589777,71,FLEXIBLE,PRIVATE_LINK,3,3,0.500000,0.230060,6,5,0.038343,0.000000,0.006481,0.021688,0.460120,0.000000,0,0,0.899493
cmp-00507,0.150000,3821000.000000,15.156023,90,FLEXIBLE,PUBLIC,3,3,0.150000,0.401675,10,9,0.040167,0.042319,0.029754,0.007821,2.677833,0.166667,0,1,1.017011
cmp-00507,0.250000,3821000.000000,15.156023,90,FLEXIBLE,PUBLIC,3,3,0.250000,0.448835,12,11,0.037403,0.005240,0.019948,0.008165,1.795342,0.142857,0,1,1.017011
cmp-00507,0.500000,3821000.000000,15.156023,90,FLEXIBLE,PUBLIC,3,3,0.500000,0.731589,18,15,0.040644,0.006214,0.016258,0.005965,1.463177,0.100000,0,1,1.017011
cmp-00508,0.150000,1571000.000000,14.267223,58,CLOSE_ON_TARGET,PRIVATE_LINK,4,3,0.150000,0.103756,2,2,0.051878,0.000000,0.011926,0.018179,0.691704,0.000000,0,0,0.296626
cmp-00508,0.250000,1571000.000000,14.267223,58,CLOSE_ON_TARGET,PRIVATE_LINK,4,3,0.250000,0.103756,2,2,0.051878,0.000000,0.007156,0.020603,0.415022,0.000000,0,0,0.296626
cmp-00508,0.500000,1571000.000000,14.267223,58,CLOSE_ON_TARGET,PRIVATE_LINK,4,3,0.500000,0.103756,2,2,0.051878,0.000000,0.003578,0.030905,0.207511,0.333333,0,0,0.296626
cmp-00509,0.150000,11483000.000000,16.256378,48,CLOSE_ON_TARGET,PRIVATE_LINK,3,3,0.150000,0.212549,24,22,0.008856,0.019904,0.029521,0.019300,1.416993,0.172414,0,1,1.006105
cmp-00509,0.250000,11483000.000000,16.256378,48,CLOSE_ON_TARGET,PRIVATE_LINK,3,3,0.250000,0.442576,44,41,0.010059,0.047922,0.036881,0.015484,1.770304,0.120000,0,1,1.006105
cmp-00509,0.500000,11483000.000000,16.256378,48,CLOSE_ON_TARGET,PRIVATE_LINK,3,3,0.500000,0.678159,64,55,0.010596,0.005864,0.028257,0.013410,1.356318,0.157895,0,1,1.006105
cmp-00510,0.150000,16641000.000000,16.627380,21,FLEXIBLE,PRIVATE_LINK,2,3,0.150000,0.469377,80,73,0.005867,0.139555,0.149009,0.029727,3.129179,0.047619,0,1,1.099838
cmp-00510,0.250000,16641000.000000,16.627380,21,FLEXIBLE,PRIVATE_LINK,2,3,0.250000,0.571961,103,94,0.005553,0.048850,0.108945,0.027177,2.287843,0.072072,0,1,1.099838
cmp-00510,0.500000,16641000.000000,16.627380,21,FLEXIBLE,PRIVATE_LINK,2,3,0.500000,0.742600,139,123,0.005342,0.037383,0.070724,0.024514,1.485199,0.073333,0,1,1.099838
cmp-00511,0.150000,9122000.000000,16.026200,51,FLEXIBLE,PUBLIC,4,3,0.150000,0.282646,64,63,0.004416,0.023488,0.036947,0.016548,1.884309,0.157895,0,0,0.877242
cmp-00511,0.250000,9122000.000000,16.026200,51,FLEXIBLE,PUBLIC,4,3,0.250000,0.387919,91,88,0.004263,0.020642,0.030425,0.016002,1.551677,0.133333,0,0,0.877242
cmp-00511,0.500000,9122000.000000,16.026200,51,FLEXIBLE,PUBLIC,4,3,0.500000,0.523789,127,115,0.004124,0.018221,0.020541,0.018675,1.047577,0.136054,0,0,0.877242
cmp-00512,0.150000,22897000.000000,16.946516,42,FLEXIBLE,PUBLIC,7,2,0.150000,0.890095,329,263,0.002705,0.125217,0.141285,0.003079,5.933965,0.103542,0,1,3.079639
cmp-00512,0.250000,22897000.000000,16.946516,42,FLEXIBLE,PUBLIC,7,2,0.250000,1.209071,443,333,0.002729,0.075947,0.115150,0.000000,4.836284,0.103239,1,1,3.079639
cmp-00512,0.500000,22897000.000000,16.946516,42,FLEXIBLE,PUBLIC,7,2,0.500000,1.762205,614,423,0.002870,0.038724,0.083915,0.000000,3.524409,0.117816,1,1,3.079639
cmp-00513,0.150000,25487000.000000,17.053679,76,FLEXIBLE,PUBLIC,1,2,0.150000,0.538843,153,138,0.003522,0.043211,0.047267,0.007139,3.592289,0.089286,0,1,1.454918
cmp-00513,0.250000,25487000.000000,17.053679,76,FLEXIBLE,PUBLIC,1,2,0.250000,0.702621,211,190,0.003330,0.021550,0.036980,0.005217,2.810484,0.086580,0,1,1.454918
cmp-00513,0.500000,25487000.000000,17.053679,76,FLEXIBLE,PUBLIC,1,2,0.500000,0.976176,295,260,0.003309,0.014557,0.025689,0.000627,1.952352,0.089506,0,1,1.454918
cmp-00514,0.150000,3663000.000000,15.113793,65,FLEXIBLE,PUBLIC,1,1,0.150000,0.274747,15,13,0.018316,0.023764,0.028179,0.013127,1.831650,0.166667,0,0,0.836309
cmp-00514,0.250000,3663000.000000,15.113793,65,FLEXIBLE,PUBLIC,1,1,0.250000,0.322714,18,15,0.017929,0.007379,0.019859,0.013893,1.290854,0.181818,0,0,0.836309
cmp-00514,0.500000,3663000.000000,15.113793,65,FLEXIBLE,PUBLIC,1,1,0.500000,0.414524,23,20,0.018023,0.006678,0.012755,0.018015,0.829047,0.148148,0,0,0.836309
cmp-00515,0.150000,3865000.000000,15.167472,47,STRICT,PUBLIC,1,3,0.150000,0.997982,23,21,0.043391,0.012105,0.141558,0.000051,6.653213,0.131579,0,0,0.997982
cmp-00515,0.250000,3865000.000000,15.167472,47,STRICT,PUBLIC,1,3,0.250000,0.997982,23,21,0.043391,0.000000,0.084935,0.000057,3.991928,0.104167,0,0,0.997982
cmp-00515,0.500000,3865000.000000,15.167472,47,STRICT,PUBLIC,1,3,0.500000,0.997982,23,21,0.043391,0.000000,0.042467,0.000086,1.995964,0.096774,0,0,0.997982
cmp-00516,0.150000,13916000.000000,16.448550,57,FLEXIBLE,PUBLIC,5,3,0.150000,1.162798,99,73,0.011745,0.127226,0.136000,0.000000,7.751988,0.139130,1,1,3.594402
cmp-00516,0.250000,13916000.000000,16.448550,57,FLEXIBLE,PUBLIC,5,3,0.250000,1.640083,143,100,0.011469,0.083734,0.115094,0.000000,6.560333,0.117284,1,1,3.594402
cmp-00516,0.500000,13916000.000000,16.448550,57,FLEXIBLE,PUBLIC,5,3,0.500000,2.112777,180,119,0.011738,0.025310,0.074133,0.000000,4.225553,0.117647,1,1,3.594402
cmp-00517,0.150000,11886000.000000,16.290872,28,FLEXIBLE,PRIVATE_LINK,6,3,0.150000,0.299857,28,26,0.010709,0.081530,0.071395,0.029418,1.999046,0.176471,0,1,1.002810
cmp-00517,0.250000,11886000.000000,16.290872,28,FLEXIBLE,PRIVATE_LINK,6,3,0.250000,0.399806,33,30,0.012115,0.035696,0.057115,0.028581,1.599226,0.153846,0,1,1.002810
cmp-00517,0.500000,11886000.000000,16.290872,28,FLEXIBLE,PRIVATE_LINK,6,3,0.500000,0.525366,41,37,0.012814,0.006538,0.037526,0.033902,1.050732,0.127660,0,1,1.002810
cmp-00518,0.150000,14643000.000000,16.499473,41,FLEXIBLE,PUBLIC,6,2,0.150000,0.721164,165,151,0.004371,0.090185,0.117262,0.008001,4.807758,0.145078,0,1,2.553596
cmp-00518,0.250000,14643000.000000,16.499473,41,FLEXIBLE,PUBLIC,6,2,0.250000,0.987414,221,188,0.004468,0.064939,0.096333,0.000409,3.949655,0.136719,0,1,2.553596
cmp-00518,0.500000,14643000.000000,16.499473,41,FLEXIBLE,PUBLIC,6,2,0.500000,1.430533,304,237,0.004706,0.028278,0.069782,0.000000,2.861067,0.131429,1,1,2.553596
cmp-00519,0.150000,45428000.000000,17.631639,72,FLEXIBLE,PUBLIC,1,1,0.150000,0.486378,351,304,0.001386,0.036691,0.045035,0.008393,3.242523,0.109137,0,1,1.794495
cmp-00519,0.250000,45428000.000000,17.631639,72,FLEXIBLE,PUBLIC,1,1,0.250000,0.711141,466,391,0.001526,0.031217,0.039508,0.005349,2.844563,0.098646,0,1,1.794495
cmp-00519,0.500000,45428000.000000,17.631639,72,FLEXIBLE,PUBLIC,1,1,0.500000,0.997262,665,532,0.001500,0.012579,0.027702,0.000076,1.994523,0.104980,0,1,1.794495
cmp-00520,0.150000,12444000.000000,16.336749,24,FLEXIBLE,PUBLIC,5,1,0.150000,0.719053,77,64,0.009338,0.167370,0.199737,0.013772,4.793689,0.180851,0,1,2.275145
cmp-00520,0.250000,12444000.000000,16.336749,24,FLEXIBLE,PUBLIC,5,1,0.250000,0.978431,102,82,0.009592,0.108074,0.163072,0.001198,3.913725,0.177419,0,1,2.275145
cmp-00520,0.500000,12444000.000000,16.336749,24,FLEXIBLE,PUBLIC,5,1,0.500000,1.258687,139,102,0.009055,0.058161,0.104891,0.000000,2.517374,0.167665,1,1,2.275145
cmp-00521,0.150000,17130000.000000,16.656342,82,FLEXIBLE,PUBLIC,3,3,0.150000,1.134910,200,161,0.005675,0.074886,0.092269,0.000000,7.566063,0.126638,1,1,3.535744
cmp-00521,0.250000,17130000.000000,16.656342,82,FLEXIBLE,PUBLIC,3,3,0.250000,1.488827,255,191,0.005839,0.043161,0.072626,0.000000,5.955306,0.123711,1,1,3.535744
cmp-00521,0.500000,17130000.000000,16.656342,82,FLEXIBLE,PUBLIC,3,3,0.500000,2.002370,354,234,0.005656,0.014870,0.048838,0.000000,4.004740,0.121588,1,1,3.535744
cmp-00522,0.150000,29830000.000000,17.211025,73,STRICT,PUBLIC,4,1,0.150000,0.886209,246,203,0.003602,0.073664,0.080932,0.001834,5.908057,0.115108,0,0,0.999923
cmp-00522,0.250000,29830000.000000,17.211025,73,STRICT,PUBLIC,4,1,0.250000,0.999775,281,227,0.003558,0.015557,0.054782,0.000004,3.999102,0.117801,0,0,0.999923
cmp-00522,0.500000,29830000.000000,17.211025,73,STRICT,PUBLIC,4,1,0.500000,0.999923,282,227,0.003546,0.000000,0.027395,0.000002,1.999846,0.114625,0,0,0.999923
cmp-00523,0.150000,5780000.000000,15.569914,53,STRICT,PRIVATE_LINK,3,1,0.150000,0.266592,8,8,0.033324,0.007972,0.033534,0.016280,1.777278,0.200000,0,0,0.994550
cmp-00523,0.250000,5780000.000000,15.569914,53,STRICT,PRIVATE_LINK,3,1,0.250000,0.266592,8,8,0.033324,0.000000,0.020120,0.018451,1.066367,0.200000,0,0,0.994550
cmp-00523,0.500000,5780000.000000,15.569914,53,STRICT,PRIVATE_LINK,3,1,0.500000,0.473979,15,15,0.031599,0.023291,0.017886,0.019850,0.947958,0.210526,0,0,0.994550
cmp-00524,0.150000,18477000.000000,16.732037,19,FLEXIBLE,PUBLIC,3,3,0.150000,0.568777,77,67,0.007387,0.188752,0.199571,0.026701,3.791849,0.104651,0,1,1.656108
cmp-00524,0.250000,18477000.000000,16.732037,19,FLEXIBLE,PUBLIC,3,3,0.250000,0.737928,102,77,0.007235,0.089027,0.155353,0.018391,2.951713,0.128205,0,1,1.656108
cmp-00524,0.500000,18477000.000000,16.732037,19,FLEXIBLE,PUBLIC,3,3,0.500000,1.076084,137,98,0.007855,0.027947,0.113272,0.000000,2.152168,0.121795,1,1,1.656108
cmp-00525,0.150000,1908000.000000,14.461566,19,FLEXIBLE,PUBLIC,4,2,0.150000,0.825891,23,19,0.035908,0.315183,0.289786,0.010781,5.505940,0.115385,0,1,2.477725
cmp-00525,0.250000,1908000.000000,14.461566,19,FLEXIBLE,PUBLIC,4,2,0.250000,1.085377,29,23,0.037427,0.136572,0.228500,0.000000,4.341509,0.121212,1,1,2.477725
cmp-00525,0.500000,1908000.000000,14.461566,19,FLEXIBLE,PUBLIC,4,2,0.500000,1.188470,33,26,0.036014,0.010399,0.125102,0.000000,2.376939,0.108108,1,1,2.477725
cmp-00526,0.150000,6343000.000000,15.662862,72,CLOSE_ON_TARGET,PUBLIC,0,2,0.150000,0.447564,50,48,0.008951,0.027900,0.041441,0.009027,2.983762,0.056604,0,1,1.007362
cmp-00526,0.250000,6343000.000000,15.662862,72,CLOSE_ON_TARGET,PUBLIC,0,2,0.250000,0.594230,70,63,0.008489,0.020370,0.033013,0.007514,2.376919,0.102564,0,1,1.007362
cmp-00526,0.500000,6343000.000000,15.662862,72,CLOSE_ON_TARGET,PUBLIC,0,2,0.500000,0.966987,104,91,0.009298,0.011064,0.026861,0.000917,1.933974,0.103448,0,1,1.007362
cmp-00527,0.150000,1944000.000000,14.480258,77,CLOSE_ON_TARGET,PUBLIC,6,3,0.150000,0.770679,10,9,0.077068,0.060138,0.066725,0.003504,5.137860,0.000000,0,1,1.107870
cmp-00528,0.150000,3227000.000000,14.987063,77,FLEXIBLE,PUBLIC,2,1,0.150000,0.802696,41,37,0.019578,0.068549,0.069497,0.003015,5.351307,0.088889,0,1,2.139572
cmp-00528,0.250000,3227000.000000,14.987063,77,FLEXIBLE,PUBLIC,2,1,0.250000,0.942299,56,49,0.016827,0.018130,0.048951,0.000999,3.769197,0.111111,0,1,2.139572
cmp-00528,0.500000,3227000.000000,14.987063,77,FLEXIBLE,PUBLIC,2,1,0.500000,1.342609,74,62,0.018143,0.007429,0.034873,0.000000,2.685218,0.139535,1,1,2.139572
cmp-00529,0.150000,1925000.000000,14.470437,56,FLEXIBLE,PUBLIC,1,1,0.150000,0.484104,13,11,0.037239,0.048386,0.057631,0.010838,3.227359,0.187500,0,1,1.368519
cmp-00529,0.250000,1925000.000000,14.470437,56,FLEXIBLE,PUBLIC,1,1,0.250000,0.828104,17,13,0.048712,0.061429,0.059150,0.004093,3.312416,0.150000,0,1,1.368519
cmp-00529,0.500000,1925000.000000,14.470437,56,FLEXIBLE,PUBLIC,1,1,0.500000,1.027429,24,19,0.042810,0.006985,0.036694,0.000000,2.054857,0.111111,1,1,1.368519
cmp-00530,0.150000,6550000.000000,15.694976,42,FLEXIBLE,PUBLIC,1,3,0.150000,0.518687,63,58,0.008233,0.055736,0.082331,0.013482,3.457913,0.112676,0,1,2.268901
cmp-00530,0.250000,6550000.000000,15.694976,42,FLEXIBLE,PUBLIC,1,3,0.250000,0.870153,98,86,0.008879,0.083682,0.082872,0.004122,3.480611,0.084112,0,1,2.268901
cmp-00530,0.500000,6550000.000000,15.694976,42,FLEXIBLE,PUBLIC,1,3,0.500000,1.279359,144,116,0.008884,0.026187,0.060922,0.000000,2.558718,0.088608,1,1,2.268901
cmp-00531,0.150000,21711000.000000,16.893330,44,FLEXIBLE,PUBLIC,3,1,0.150000,0.244038,66,65,0.003698,0.039201,0.036975,0.020213,1.626917,0.070423,0,0,0.808632
cmp-00531,0.250000,21711000.000000,16.893330,44,FLEXIBLE,PUBLIC,3,1,0.250000,0.365557,87,84,0.004202,0.027618,0.033232,0.019226,1.462227,0.064516,0,0,0.808632
cmp-00531,0.500000,21711000.000000,16.893330,44,FLEXIBLE,PUBLIC,3,1,0.500000,0.544120,123,118,0.004424,0.017400,0.024733,0.020722,1.088241,0.061069,0,0,0.808632
cmp-00532,0.150000,20956000.000000,16.857936,82,FLEXIBLE,PRIVATE_LINK,0,3,0.150000,0.401618,140,126,0.002869,0.023912,0.032652,0.008585,2.677451,0.096774,0,1,1.199714
cmp-00532,0.250000,20956000.000000,16.857936,82,FLEXIBLE,PRIVATE_LINK,0,3,0.250000,0.506485,176,157,0.002878,0.012789,0.024707,0.008025,2.025940,0.115578,0,1,1.199714
cmp-00532,0.500000,20956000.000000,16.857936,82,FLEXIBLE,PRIVATE_LINK,0,3,0.500000,0.772342,252,213,0.003065,0.013445,0.018838,0.005553,1.544684,0.106383,0,1,1.199714
cmp-00533,0.150000,11875000.000000,16.289946,33,STRICT,PUBLIC,1,3,0.150000,0.119015,15,15,0.007934,0.019098,0.024043,0.031408,0.793432,0.117647,0,0,0.399267
cmp-00533,0.250000,11875000.000000,16.289946,33,STRICT,PUBLIC,1,3,0.250000,0.232269,21,21,0.011060,0.034320,0.028154,0.031019,0.929078,0.086957,0,0,0.399267
cmp-00533,0.500000,11875000.000000,16.289946,33,STRICT,PUBLIC,1,3,0.500000,0.257297,27,27,0.009530,0.003269,0.015594,0.045012,0.514594,0.100000,0,0,0.399267
cmp-00534,0.150000,18711000.000000,16.744622,70,STRICT,PUBLIC,5,2,0.150000,0.366143,72,71,0.005085,0.035318,0.034871,0.010653,2.440953,0.152941,0,0,0.999738
cmp-00534,0.250000,18711000.000000,16.744622,70,STRICT,PUBLIC,5,2,0.250000,0.492235,97,95,0.005075,0.018013,0.028128,0.009672,1.968938,0.149123,0,0,0.999738
cmp-00534,0.500000,18711000.000000,16.744622,70,STRICT,PUBLIC,5,2,0.500000,0.710486,135,120,0.005263,0.011686,0.020300,0.008272,1.420972,0.134615,0,0,0.999738
cmp-00535,0.150000,11016000.000000,16.214859,50,FLEXIBLE,PUBLIC,6,3,0.150000,0.164570,14,14,0.011755,0.023361,0.021943,0.019657,1.097131,0.066667,0,0,0.604984
cmp-00535,0.250000,11016000.000000,16.214859,50,FLEXIBLE,PUBLIC,6,3,0.250000,0.202061,20,19,0.010103,0.007498,0.016165,0.021278,0.808243,0.090909,0,0,0.604984
cmp-00535,0.500000,11016000.000000,16.214859,50,FLEXIBLE,PUBLIC,6,3,0.500000,0.309822,27,26,0.011475,0.001449,0.012393,0.027607,0.619644,0.068966,0,0,0.604984
cmp-00536,0.150000,5219000.000000,15.467816,65,FLEXIBLE,PUBLIC,2,2,0.150000,0.438187,25,22,0.017527,0.042731,0.044942,0.010169,2.921249,0.166667,0,1,1.166085
cmp-00536,0.250000,5219000.000000,15.467816,65,FLEXIBLE,PUBLIC,2,2,0.250000,0.590515,34,29,0.017368,0.023435,0.036339,0.008400,2.362062,0.128205,0,1,1.166085
cmp-00536,0.500000,5219000.000000,15.467816,65,FLEXIBLE,PUBLIC,2,2,0.500000,0.860893,46,39,0.018715,0.030601,0.026489,0.004280,1.721786,0.115385,0,1,1.166085
cmp-00537,0.150000,6858000.000000,15.740926,56,FLEXIBLE,PUBLIC,1,1,0.150000,0.384544,19,17,0.020239,0.036032,0.045779,0.012930,2.563624,0.208333,0,1,1.290274
cmp-00537,0.250000,6858000.000000,15.740926,56,FLEXIBLE,PUBLIC,1,1,0.250000,0.505206,24,21,0.021050,0.021547,0.036086,0.011781,2.020822,0.172414,0,1,1.290274
cmp-00537,0.500000,6858000.000000,15.740926,56,FLEXIBLE,PUBLIC,1,1,0.500000,0.621522,29,25,0.021432,0.016560,0.022197,0.013517,1.243045,0.194444,0,1,1.290274
cmp-00538,0.150000,4756000.000000,15.374918,33,FLEXIBLE,PUBLIC,2,1,0.150000,0.305950,13,13,0.023535,0.023677,0.061808,0.024743,2.039669,0.133333,0,0,0.840896
cmp-00538,0.250000,4756000.000000,15.374918,33,FLEXIBLE,PUBLIC,2,1,0.250000,0.305950,13,13,0.023535,0.000000,0.037085,0.028042,1.223802,0.133333,0,0,0.840896
cmp-00538,0.500000,4756000.000000,15.374918,33,FLEXIBLE,PUBLIC,2,1,0.500000,0.352839,15,15,0.023523,0.014209,0.021384,0.039222,0.705677,0.166667,0,0,0.840896
cmp-00539,0.150000,3718000.000000,15.128696,35,FLEXIBLE,PUBLIC,3,2,0.150000,0.224933,9,9,0.024993,0.010912,0.042844,0.026053,1.499552,0.307692,0,0,0.628940
cmp-00539,0.250000,3718000.000000,15.128696,35,FLEXIBLE,PUBLIC,3,2,0.250000,0.274126,12,12,0.022844,0.014055,0.031329,0.027652,1.096503,0.294118,0,0,0.628940
cmp-00539,0.500000,3718000.000000,15.128696,35,FLEXIBLE,PUBLIC,3,2,0.500000,0.367751,19,17,0.019355,0.013341,0.021014,0.036128,0.735503,0.240000,0,0,0.628940
cmp-00540,0.150000,2162000.000000,14.586544,56,FLEXIBLE,PUBLIC,1,2,0.150000,0.508233,9,9,0.056470,0.019071,0.060504,0.010331,3.388221,0.100000,0,1,1.793432
cmp-00540,0.250000,2162000.000000,14.586544,56,FLEXIBLE,PUBLIC,1,2,0.250000,0.681406,13,12,0.052416,0.030924,0.048672,0.007586,2.725624,0.133333,0,1,1.793432
cmp-00540,0.500000,2162000.000000,14.586544,56,FLEXIBLE,PUBLIC,1,2,0.500000,0.872294,18,16,0.048461,0.025819,0.031153,0.004561,1.744588,0.142857,0,1,1.793432
cmp-00541,0.150000,16598000.000000,16.624793,20,CLOSE_ON_TARGET,PUBLIC,7,1,0.150000,0.701000,64,55,0.010953,0.231468,0.233667,0.017588,4.673334,0.111111,0,1,1.007139
cmp-00541,0.250000,16598000.000000,16.624793,20,CLOSE_ON_TARGET,PUBLIC,7,1,0.250000,0.928353,81,67,0.011461,0.113676,0.185671,0.004776,3.713411,0.129032,0,1,1.007139
cmp-00542,0.150000,7394000.000000,15.816179,35,STRICT,PRIVATE_LINK,1,1,0.150000,0.539992,31,28,0.017419,0.079369,0.102856,0.015462,3.599946,0.138889,0,0,0.997539
cmp-00542,0.250000,7394000.000000,15.816179,35,STRICT,PRIVATE_LINK,1,1,0.250000,0.597633,38,33,0.015727,0.016469,0.068301,0.015328,2.390533,0.116279,0,0,0.997539
cmp-00542,0.500000,7394000.000000,15.816179,35,STRICT,PRIVATE_LINK,1,1,0.500000,0.755775,50,41,0.015115,0.004660,0.043187,0.013956,1.511550,0.166667,0,0,0.997539
cmp-00543,0.150000,9543000.000000,16.071318,52,FLEXIBLE,PUBLIC,1,2,0.150000,0.180509,32,30,0.005641,0.014374,0.023142,0.018541,1.203395,0.135135,0,0,0.647197
cmp-00543,0.250000,9543000.000000,16.071318,52,FLEXIBLE,PUBLIC,1,2,0.250000,0.272220,46,42,0.005918,0.017637,0.020940,0.018661,1.088882,0.132075,0,0,0.647197
cmp-00543,0.500000,9543000.000000,16.071318,52,FLEXIBLE,PUBLIC,1,2,0.500000,0.361197,66,61,0.005473,0.003428,0.013892,0.024569,0.722393,0.120000,0,0,0.647197
cmp-00544,0.150000,3268000.000000,14.999689,74,CLOSE_ON_TARGET,PRIVATE_LINK,3,2,0.150000,0.202723,6,6,0.033787,0.002593,0.018263,0.012675,1.351489,0.000000,0,0,0.907436
cmp-00544,0.250000,3268000.000000,14.999689,74,CLOSE_ON_TARGET,PRIVATE_LINK,3,2,0.250000,0.405447,9,7,0.045050,0.027395,0.021916,0.010713,1.621787,0.100000,0,0,0.907436
cmp-00544,0.500000,3268000.000000,14.999689,74,CLOSE_ON_TARGET,PRIVATE_LINK,3,2,0.500000,0.595410,13,10,0.045801,0.006980,0.016092,0.010935,1.190820,0.071429,0,0,0.907436
cmp-00545,0.150000,19584000.000000,16.790223,32,FLEXIBLE,PRIVATE_LINK,6,3,0.150000,0.688557,71,67,0.009698,0.138252,0.143449,0.011450,4.590380,0.144578,0,1,1.993382
cmp-00545,0.250000,19584000.000000,16.790223,32,FLEXIBLE,PRIVATE_LINK,6,3,0.250000,0.889691,99,89,0.008987,0.062854,0.111211,0.004596,3.558762,0.116071,0,1,1.993382
cmp-00545,0.500000,19584000.000000,16.790223,32,FLEXIBLE,PRIVATE_LINK,6,3,0.500000,1.239236,156,129,0.007944,0.051279,0.077452,0.000000,2.478472,0.118644,1,1,1.993382
cmp-00546,0.150000,5586000.000000,15.535774,53,FLEXIBLE,PUBLIC,4,2,0.150000,0.326387,12,11,0.027199,0.043633,0.041055,0.014953,2.175916,0.250000,0,1,1.173827
cmp-00546,0.250000,5586000.000000,15.535774,53,FLEXIBLE,PUBLIC,4,2,0.250000,0.442965,18,17,0.024609,0.021996,0.033431,0.014013,1.771858,0.250000,0,1,1.173827
cmp-00546,0.500000,5586000.000000,15.535774,53,FLEXIBLE,PUBLIC,4,2,0.500000,0.776924,29,24,0.026790,0.011839,0.029318,0.008418,1.553849,0.194444,0,1,1.173827
cmp-00547,0.150000,9244000.000000,16.039485,40,FLEXIBLE,PUBLIC,4,2,0.150000,0.241032,36,33,0.006695,0.018601,0.040172,0.022323,1.606880,0.052632,0,0,0.669981
cmp-00547,0.250000,9244000.000000,16.039485,40,FLEXIBLE,PUBLIC,4,2,0.250000,0.282562,42,38,0.006728,0.010382,0.028256,0.023915,1.130247,0.066667,0,0,0.669981
cmp-00547,0.500000,9244000.000000,16.039485,40,FLEXIBLE,PUBLIC,4,2,0.500000,0.379717,50,44,0.007594,0.003134,0.018986,0.031014,0.759433,0.074074,0,0,0.669981
cmp-00548,0.150000,1836000.000000,14.423100,83,FLEXIBLE,PRIVATE_LINK,1,3,0.150000,0.663998,14,11,0.047428,0.035862,0.053333,0.004763,4.426652,0.066667,0,1,1.991993
cmp-00548,0.250000,1836000.000000,14.423100,83,FLEXIBLE,PRIVATE_LINK,1,3,0.250000,0.869444,20,15,0.043472,0.024753,0.041901,0.002097,3.477778,0.090909,0,1,1.991993
cmp-00548,0.500000,1836000.000000,14.423100,83,FLEXIBLE,PRIVATE_LINK,1,3,0.500000,1.103105,25,17,0.044124,0.008774,0.026581,0.000000,2.206209,0.107143,1,1,1.991993
cmp-00549,0.150000,5107000.000000,15.446123,19,FLEXIBLE,PUBLIC,3,3,0.150000,0.796945,71,56,0.011225,0.263364,0.279630,0.012573,5.312969,0.123457,0,1,2.826806
cmp-00549,0.250000,5107000.000000,15.446123,19,FLEXIBLE,PUBLIC,3,3,0.250000,1.048522,99,73,0.010591,0.132409,0.220741,0.000000,4.194087,0.091743,1,1,2.826806
cmp-00549,0.500000,5107000.000000,15.446123,19,FLEXIBLE,PUBLIC,3,3,0.500000,1.442177,124,88,0.011630,0.068843,0.151808,0.000000,2.884355,0.101449,1,1,2.826806
cmp-00550,0.150000,5294000.000000,15.482085,72,CLOSE_ON_TARGET,PUBLIC,5,1,0.150000,0.679430,46,40,0.014770,0.062956,0.062910,0.005238,4.529530,0.061224,0,1,1.028353
cmp-00550,0.250000,5294000.000000,15.482085,72,CLOSE_ON_TARGET,PUBLIC,5,1,0.250000,0.953495,61,51,0.015631,0.038065,0.052972,0.000861,3.813978,0.075758,0,1,1.028353
cmp-00551,0.150000,20572000.000000,16.839441,62,STRICT,PUBLIC,4,1,0.150000,0.605221,128,116,0.004728,0.054165,0.065077,0.007491,4.034805,0.104895,0,0,0.999854
cmp-00551,0.250000,20572000.000000,16.839441,62,STRICT,PUBLIC,4,1,0.250000,0.782194,168,144,0.004656,0.028544,0.050464,0.004684,3.128777,0.115789,0,0,0.999854
cmp-00551,0.500000,20572000.000000,16.839441,62,STRICT,PUBLIC,4,1,0.500000,0.999660,217,183,0.004607,0.000478,0.032247,0.000011,1.999319,0.126354,0,0,0.999854
cmp-00552,0.150000,17680000.000000,16.687945,52,FLEXIBLE,PUBLIC,5,3,0.150000,0.353671,75,70,0.004716,0.028941,0.045342,0.014623,2.357805,0.157303,0,1,1.299118
cmp-00552,0.250000,17680000.000000,16.687945,52,FLEXIBLE,PUBLIC,5,3,0.250000,0.540848,109,97,0.004962,0.035996,0.041604,0.011773,2.163394,0.148438,0,1,1.299118
cmp-00552,0.500000,17680000.000000,16.687945,52,FLEXIBLE,PUBLIC,5,3,0.500000,0.740419,157,134,0.004716,0.011300,0.028478,0.009984,1.480837,0.142077,0,1,1.299118
cmp-00553,0.150000,15407000.000000,16.550333,67,STRICT,PUBLIC,4,2,0.150000,0.623048,144,122,0.004327,0.048962,0.061995,0.006619,4.153653,0.121951,0,0,0.999987
cmp-00553,0.250000,15407000.000000,16.550333,67,STRICT,PUBLIC,4,2,0.250000,0.816278,188,153,0.004342,0.028840,0.048733,0.003656,3.265113,0.109005,0,0,0.999987
cmp-00553,0.500000,15407000.000000,16.550333,67,STRICT,PUBLIC,4,2,0.500000,0.999630,233,186,0.004290,0.000000,0.029840,0.000011,1.999260,0.120253,0,0,0.999987
cmp-00554,0.150000,24974000.000000,17.033346,53,FLEXIBLE,PUBLIC,3,2,0.150000,0.318663,114,105,0.002795,0.034305,0.040083,0.015124,2.124423,0.102362,0,0,0.920842
cmp-00554,0.250000,24974000.000000,17.033346,53,FLEXIBLE,PUBLIC,3,2,0.250000,0.378574,138,127,0.002743,0.011304,0.028572,0.015633,1.514295,0.103896,0,0,0.920842
cmp-00554,0.500000,24974000.000000,17.033346,53,FLEXIBLE,PUBLIC,3,2,0.500000,0.546020,201,182,0.002717,0.011572,0.020605,0.017131,1.092040,0.090498,0,0,0.920842
cmp-00555,0.150000,1917000.000000,14.466272,21,FLEXIBLE,PUBLIC,1,2,0.150000,0.467188,3,3,0.155729,0.095313,0.148314,0.029849,3.114589,0.000000,0,0,0.932968
cmp-00555,0.250000,1917000.000000,14.466272,21,FLEXIBLE,PUBLIC,1,2,0.250000,0.467188,3,3,0.155729,0.000000,0.088988,0.033829,1.868753,0.000000,0,0,0.932968
cmp-00555,0.500000,1917000.000000,14.466272,21,FLEXIBLE,PUBLIC,1,2,0.500000,0.801461,7,7,0.114494,0.068261,0.076330,0.018909,1.602921,0.000000,0,0,0.932968
cmp-00556,0.150000,18910000.000000,16.755201,83,STRICT,PRIVATE_LINK,3,3,0.150000,0.677969,107,96,0.006336,0.039639,0.054455,0.004565,4.519796,0.100840,0,0,0.999921
cmp-00556,0.250000,18910000.000000,16.755201,83,STRICT,PRIVATE_LINK,3,3,0.250000,0.851867,135,117,0.006310,0.020951,0.041054,0.002380,3.407467,0.123377,0,0,0.999921
cmp-00556,0.500000,18910000.000000,16.755201,83,STRICT,PRIVATE_LINK,3,3,0.500000,0.998895,168,140,0.005946,0.000740,0.024070,0.000027,1.997790,0.111111,0,0,0.999921
cmp-00557,0.150000,4168000.000000,15.242947,31,STRICT,PUBLIC,2,3,0.150000,0.216243,8,6,0.027030,0.053905,0.046504,0.029744,1.441619,0.000000,0,0,0.770465
cmp-00557,0.250000,4168000.000000,15.242947,31,STRICT,PUBLIC,2,3,0.250000,0.256718,9,7,0.028524,0.013056,0.033125,0.031969,1.026871,0.000000,0,0,0.770465
cmp-00557,0.500000,4168000.000000,15.242947,31,STRICT,PUBLIC,2,3,0.500000,0.256718,9,7,0.028524,0.000000,0.016562,0.047954,0.513436,0.100000,0,0,0.770465
cmp-00558,0.150000,16680000.000000,16.629721,17,FLEXIBLE,PUBLIC,2,2,0.150000,0.303303,62,59,0.004892,0.087230,0.118942,0.048214,2.022022,0.074627,0,1,1.167950
cmp-00558,0.250000,16680000.000000,16.629721,17,FLEXIBLE,PUBLIC,2,2,0.250000,0.494832,87,81,0.005688,0.112664,0.116431,0.039621,1.979329,0.084211,0,1,1.167950
cmp-00558,0.500000,16680000.000000,16.629721,17,FLEXIBLE,PUBLIC,2,2,0.500000,0.691547,118,104,0.005861,0.014177,0.081358,0.036289,1.383094,0.092308,0,1,1.167950
cmp-00559,0.150000,14857000.000000,16.513982,89,FLEXIBLE,PUBLIC,0,2,0.150000,0.324682,50,46,0.006494,0.014578,0.024321,0.008927,2.164546,0.074074,0,1,1.176839
cmp-00559,0.250000,14857000.000000,16.513982,89,FLEXIBLE,PUBLIC,0,2,0.250000,0.503588,62,58,0.008122,0.020102,0.022633,0.007437,2.014350,0.074627,0,1,1.176839
cmp-00559,0.500000,14857000.000000,16.513982,89,FLEXIBLE,PUBLIC,0,2,0.500000,0.712055,81,75,0.008791,0.003750,0.016001,0.006471,1.424110,0.079545,0,1,1.176839
cmp-00560,0.150000,8500000.000000,15.955577,86,STRICT,PUBLIC,3,1,0.150000,0.868282,65,54,0.013358,0.054483,0.067309,0.001802,5.788549,0.133333,0,0,0.999776
cmp-00560,0.250000,8500000.000000,15.955577,86,STRICT,PUBLIC,3,1,0.250000,0.997812,75,62,0.013304,0.015062,0.046410,0.000034,3.991247,0.135417,0,0,0.999776
cmp-00560,0.500000,8500000.000000,15.955577,86,STRICT,PUBLIC,3,1,0.500000,0.999318,77,64,0.012978,0.000000,0.023240,0.000016,1.998635,0.125000,0,0,0.999776
cmp-00561,0.150000,11738000.000000,16.278342,21,FLEXIBLE,PUBLIC,2,1,0.150000,0.247930,25,20,0.009917,0.070171,0.078708,0.042133,1.652865,0.107143,0,0,0.861075
cmp-00561,0.250000,11738000.000000,16.278342,21,FLEXIBLE,PUBLIC,2,1,0.250000,0.422866,36,31,0.011746,0.083303,0.080546,0.036643,1.691464,0.181818,0,0,0.861075
cmp-00561,0.500000,11738000.000000,16.278342,21,FLEXIBLE,PUBLIC,2,1,0.500000,0.486463,42,36,0.011582,0.004779,0.046330,0.048908,0.972926,0.192308,0,0,0.861075
cmp-00562,0.150000,16342000.000000,16.609249,35,CLOSE_ON_TARGET,PUBLIC,3,2,0.150000,0.507998,99,91,0.005131,0.072313,0.096761,0.016538,3.386652,0.100000,0,1,1.002821
cmp-00562,0.250000,16342000.000000,16.609249,35,CLOSE_ON_TARGET,PUBLIC,3,2,0.250000,0.693563,135,117,0.005138,0.053019,0.079264,0.011674,2.774250,0.087838,0,1,1.002821
cmp-00562,0.500000,16342000.000000,16.609249,35,CLOSE_ON_TARGET,PUBLIC,3,2,0.500000,0.920799,184,149,0.005004,0.021291,0.052617,0.004526,1.841598,0.084577,0,1,1.002821
cmp-00563,0.150000,15212000.000000,16.537595,60,FLEXIBLE,PUBLIC,4,1,0.150000,0.656317,100,86,0.006563,0.049296,0.072924,0.006739,4.375449,0.130435,0,1,1.733388
cmp-00563,0.250000,15212000.000000,16.537595,60,FLEXIBLE,PUBLIC,4,1,0.250000,0.879615,131,108,0.006715,0.037216,0.058641,0.002675,3.518459,0.120805,0,1,1.733388
cmp-00563,0.500000,15212000.000000,16.537595,60,FLEXIBLE,PUBLIC,4,1,0.500000,1.131561,176,129,0.006429,0.017105,0.037719,0.000000,2.263121,0.128713,1,1,1.733388
cmp-00564,0.150000,6833000.000000,15.737274,88,FLEXIBLE,PUBLIC,4,3,0.150000,0.087063,9,9,0.009674,0.008264,0.006596,0.012205,0.580419,0.100000,0,0,0.324616
cmp-00564,0.250000,6833000.000000,15.737274,88,FLEXIBLE,PUBLIC,4,3,0.250000,0.126489,14,14,0.009035,0.004480,0.005750,0.013235,0.505956,0.066667,0,0,0.324616
cmp-00564,0.500000,6833000.000000,15.737274,88,FLEXIBLE,PUBLIC,4,3,0.500000,0.201785,21,21,0.009609,0.003371,0.004586,0.018141,0.403571,0.045455,0,0,0.324616
cmp-00565,0.150000,24072000.000000,16.996560,67,CLOSE_ON_TARGET,PUBLIC,2,1,0.150000,0.304748,136,126,0.002241,0.021157,0.030323,0.012208,2.031655,0.165644,0,1,1.000482
cmp-00565,0.250000,24072000.000000,16.996560,67,CLOSE_ON_TARGET,PUBLIC,2,1,0.250000,0.452355,190,172,0.002381,0.022031,0.027006,0.010898,1.809422,0.147982,0,1,1.000482
cmp-00565,0.500000,24072000.000000,16.996560,67,CLOSE_ON_TARGET,PUBLIC,2,1,0.500000,0.648953,278,242,0.002334,0.012633,0.019372,0.010479,1.297906,0.131250,0,1,1.000482
cmp-00566,0.150000,5886000.000000,15.588087,81,STRICT,PUBLIC,3,3,0.150000,0.599575,27,26,0.022206,0.023771,0.049348,0.005816,3.997168,0.100000,0,0,0.998998
cmp-00566,0.250000,5886000.000000,15.588087,81,STRICT,PUBLIC,3,3,0.250000,0.839993,40,32,0.021000,0.029681,0.041481,0.002634,3.359973,0.090909,0,0,0.998998
cmp-00566,0.500000,5886000.000000,15.588087,81,STRICT,PUBLIC,3,3,0.500000,0.998998,52,40,0.019211,0.000808,0.024667,0.000025,1.997995,0.086957,0,0,0.998998
cmp-00567,0.150000,6568000.000000,15.697720,86,FLEXIBLE,PUBLIC,4,3,0.150000,1.742707,79,59,0.022060,0.120468,0.135094,0.000000,11.618047,0.070588,1,1,4.756258
cmp-00567,0.250000,6568000.000000,15.697720,86,FLEXIBLE,PUBLIC,4,3,0.250000,2.311617,107,74,0.021604,0.066152,0.107517,0.000000,9.246468,0.077586,1,1,4.756258
cmp-00567,0.500000,6568000.000000,15.697720,86,FLEXIBLE,PUBLIC,4,3,0.500000,3.023660,148,88,0.020430,0.044058,0.070318,0.000000,6.047320,0.069182,1,1,4.756258
cmp-00568,0.150000,9769000.000000,16.094725,18,STRICT,PUBLIC,4,2,0.150000,0.905722,128,106,0.007076,0.263663,0.335453,0.006162,6.038148,0.152318,0,0,0.999990
cmp-00568,0.250000,9769000.000000,16.094725,18,STRICT,PUBLIC,4,2,0.250000,0.999990,140,113,0.007143,0.052371,0.222220,0.000001,3.999959,0.131980,0,0,0.999990
cmp-00568,0.500000,9769000.000000,16.094725,18,STRICT,PUBLIC,4,2,0.500000,0.999990,140,113,0.007143,0.000000,0.111110,0.000001,1.999980,0.140684,0,0,0.999990
cmp-00569,0.150000,6025000.000000,15.611428,18,FLEXIBLE,PUBLIC,4,2,0.150000,0.153278,15,13,0.010219,0.043163,0.056770,0.055341,1.021853,0.285714,0,0,0.633975
cmp-00569,0.250000,6025000.000000,15.611428,18,FLEXIBLE,PUBLIC,4,2,0.250000,0.189278,22,18,0.008604,0.020000,0.042062,0.060053,0.757112,0.241379,0,0,0.633975
cmp-00569,0.500000,6025000.000000,15.611428,18,FLEXIBLE,PUBLIC,4,2,0.500000,0.307071,37,32,0.008299,0.025228,0.034119,0.076992,0.614141,0.229167,0,0,0.633975
cmp-00570,0.150000,5627000.000000,15.543087,66,STRICT,PUBLIC,3,3,0.150000,0.624844,24,22,0.026035,0.051322,0.063116,0.006687,4.165630,0.076923,0,0,0.997939
cmp-00570,0.250000,5627000.000000,15.543087,66,STRICT,PUBLIC,3,3,0.250000,0.801848,37,33,0.021672,0.026819,0.048597,0.004003,3.207393,0.075000,0,0,0.997939
cmp-00570,0.500000,5627000.000000,15.543087,66,STRICT,PUBLIC,3,3,0.500000,0.964031,48,40,0.020084,0.005628,0.029213,0.001090,1.928061,0.076923,0,0,0.997939
cmp-00571,0.150000,1704000.000000,14.348489,50,FLEXIBLE,PUBLIC,2,2,0.150000,0.852582,13,11,0.065583,0.067042,0.113678,0.003469,5.683881,0.071429,0,1,2.801174
cmp-00571,0.250000,1704000.000000,14.348489,50,FLEXIBLE,PUBLIC,2,2,0.250000,1.174178,17,13,0.069069,0.064319,0.093934,0.000000,4.696714,0.055556,1,1,2.801174
cmp-00571,0.500000,1704000.000000,14.348489,50,FLEXIBLE,PUBLIC,2,2,0.500000,1.598709,20,16,0.079935,0.010094,0.063948,0.000000,3.197418,0.130435,1,1,2.801174
cmp-00572,0.150000,15255000.000000,16.540418,22,FLEXIBLE,PRIVATE_LINK,2,2,0.150000,0.462098,94,79,0.004916,0.119713,0.140030,0.028765,3.080651,0.160714,0,1,1.675195
cmp-00572,0.250000,15255000.000000,16.540418,22,FLEXIBLE,PRIVATE_LINK,2,2,0.250000,0.600675,121,103,0.004964,0.062990,0.109214,0.024202,2.402701,0.153846,0,1,1.675195
cmp-00572,0.500000,15255000.000000,16.540418,22,FLEXIBLE,PRIVATE_LINK,2,2,0.500000,0.884608,182,142,0.004860,0.039972,0.080419,0.010490,1.769217,0.165138,0,1,1.675195
cmp-00573,0.150000,843000.000000,13.644722,82,FLEXIBLE,PUBLIC,3,1,0.150000,0.374614,8,7,0.046827,0.018502,0.030456,0.008973,2.497430,0.384615,0,0,0.868446
cmp-00573,0.250000,843000.000000,13.644722,82,FLEXIBLE,PUBLIC,3,1,0.250000,0.433926,9,7,0.048214,0.007233,0.021167,0.009204,1.735706,0.357143,0,0,0.868446
cmp-00573,0.500000,843000.000000,13.644722,82,FLEXIBLE,PUBLIC,3,1,0.500000,0.455516,11,9,0.041411,0.000000,0.011110,0.013280,0.911032,0.421053,0,0,0.868446
cmp-00574,0.150000,12624000.000000,16.351110,19,FLEXIBLE,PUBLIC,2,1,0.150000,1.365146,288,228,0.004740,0.436145,0.478999,0.000000,9.100972,0.129909,1,1,4.219598
cmp-00574,0.250000,12624000.000000,16.351110,19,FLEXIBLE,PUBLIC,2,1,0.250000,1.870152,380,269,0.004921,0.265793,0.393716,0.000000,7.480608,0.146067,1,1,4.219598
cmp-00574,0.500000,12624000.000000,16.351110,19,FLEXIBLE,PUBLIC,2,1,0.500000,2.561153,550,343,0.004657,0.145779,0.269595,0.000000,5.122307,0.136578,1,1,4.219598
cmp-00575,0.150000,30485000.000000,17.232745,52,FLEXIBLE,PUBLIC,0,2,0.150000,0.323431,124,111,0.002608,0.031568,0.041466,0.015307,2.156208,0.114286,0,1,1.249811
cmp-00575,0.250000,30485000.000000,17.232745,52,FLEXIBLE,PUBLIC,0,2,0.250000,0.443815,167,143,0.002658,0.023151,0.034140,0.014261,1.775260,0.111702,0,1,1.249811
cmp-00575,0.500000,30485000.000000,17.232745,52,FLEXIBLE,PUBLIC,0,2,0.500000,0.681102,234,190,0.002911,0.023302,0.026196,0.012265,1.362204,0.126866,0,1,1.249811
cmp-00576,0.150000,5965000.000000,15.601420,33,CLOSE_ON_TARGET,PUBLIC,5,2,0.150000,0.550780,35,31,0.015737,0.096904,0.111269,0.016015,3.671864,0.125000,0,1,1.011970
cmp-00576,0.250000,5965000.000000,15.601420,33,CLOSE_ON_TARGET,PUBLIC,5,2,0.250000,0.673479,45,38,0.014966,0.037182,0.081634,0.013193,2.693915,0.117647,0,1,1.011970
cmp-00576,0.500000,5965000.000000,15.601420,33,CLOSE_ON_TARGET,PUBLIC,5,2,0.500000,0.938793,63,48,0.014901,0.026823,0.056897,0.003710,1.877586,0.125000,0,1,1.011970
cmp-00577,0.150000,1893000.000000,14.453673,45,FLEXIBLE,PUBLIC,2,3,0.150000,1.124089,31,23,0.036261,0.139590,0.166532,0.000000,7.493925,0.114286,1,1,4.192393
cmp-00577,0.250000,1893000.000000,14.453673,45,FLEXIBLE,PUBLIC,2,3,0.250000,1.486318,40,30,0.037158,0.080495,0.132117,0.000000,5.945272,0.111111,1,1,4.192393
cmp-00577,0.500000,1893000.000000,14.453673,45,FLEXIBLE,PUBLIC,2,3,0.500000,2.484363,58,34,0.042834,0.049492,0.110416,0.000000,4.968727,0.134328,1,1,4.192393
cmp-00578,0.150000,12721000.000000,16.358765,26,FLEXIBLE,PUBLIC,2,2,0.150000,1.502020,251,178,0.005984,0.315357,0.385133,0.000000,10.013469,0.125436,1,1,5.328559
cmp-00578,0.250000,12721000.000000,16.358765,26,FLEXIBLE,PUBLIC,2,2,0.250000,1.957283,332,213,0.005895,0.175101,0.301120,0.000000,7.829133,0.119363,1,1,5.328559
cmp-00578,0.500000,12721000.000000,16.358765,26,FLEXIBLE,PUBLIC,2,2,0.500000,2.845877,485,268,0.005868,0.104292,0.218914,0.000000,5.691754,0.113346,1,1,5.328559
cmp-00579,0.150000,8001000.000000,15.895077,88,FLEXIBLE,PUBLIC,3,1,0.150000,0.188151,20,18,0.009408,0.008684,0.014254,0.010854,1.254343,0.090909,0,0,0.846782
cmp-00579,0.250000,8001000.000000,15.895077,88,FLEXIBLE,PUBLIC,3,1,0.250000,0.248319,26,24,0.009551,0.006837,0.011287,0.011389,0.993276,0.071429,0,0,0.846782
cmp-00579,0.500000,8001000.000000,15.895077,88,FLEXIBLE,PUBLIC,3,1,0.500000,0.352931,38,35,0.009288,0.006610,0.008021,0.014706,0.705862,0.073171,0,0,0.846782
cmp-00580,0.150000,10699000.000000,16.185661,36,FLEXIBLE,PUBLIC,3,1,0.150000,1.442191,128,88,0.011267,0.245194,0.267072,0.000000,9.614606,0.140940,1,1,5.107861
cmp-00580,0.250000,10699000.000000,16.185661,36,FLEXIBLE,PUBLIC,3,1,0.250000,2.046154,179,111,0.011431,0.167767,0.227350,0.000000,8.184615,0.113861,1,1,5.107861
cmp-00580,0.500000,10699000.000000,16.185661,36,FLEXIBLE,PUBLIC,3,1,0.500000,2.650435,242,126,0.010952,0.069189,0.147246,0.000000,5.300869,0.107011,1,1,5.107861
cmp-00581,0.150000,10588000.000000,16.175232,75,STRICT,PUBLIC,5,1,0.150000,0.215291,23,22,0.009360,0.015875,0.019137,0.012309,1.435273,0.080000,0,0,0.570060
cmp-00581,0.250000,10588000.000000,16.175232,75,STRICT,PUBLIC,5,1,0.250000,0.252881,31,28,0.008157,0.005012,0.013487,0.013282,1.011522,0.162162,0,0,0.570060
cmp-00581,0.500000,10588000.000000,16.175232,75,STRICT,PUBLIC,5,1,0.500000,0.357594,47,43,0.007608,0.006443,0.009536,0.017131,0.715187,0.145455,0,0,0.570060
cmp-00582,0.150000,9152000.000000,16.029483,62,FLEXIBLE,PUBLIC,4,1,0.150000,0.627196,32,28,0.019600,0.060916,0.067440,0.007074,4.181308,0.255814,0,1,2.610992
cmp-00582,0.250000,9152000.000000,16.029483,62,FLEXIBLE,PUBLIC,4,1,0.250000,0.800579,44,38,0.018195,0.027965,0.051650,0.004289,3.202316,0.228070,0,1,2.610992
cmp-00582,0.500000,9152000.000000,16.029483,62,FLEXIBLE,PUBLIC,4,1,0.500000,1.086571,62,50,0.017525,0.025071,0.035051,0.000000,2.173142,0.173333,1,1,2.610992
cmp-00583,0.150000,3259000.000000,14.996931,88,FLEXIBLE,PUBLIC,6,2,0.150000,0.153974,6,6,0.025662,0.016936,0.011665,0.011311,1.026491,0.250000,0,0,0.501135
cmp-00583,0.250000,3259000.000000,14.996931,88,FLEXIBLE,PUBLIC,6,2,0.250000,0.153974,6,6,0.025662,0.000000,0.006999,0.012819,0.615894,0.250000,0,0,0.501135
cmp-00583,0.500000,3259000.000000,14.996931,88,FLEXIBLE,PUBLIC,6,2,0.500000,0.264007,13,13,0.020308,0.001241,0.006000,0.016727,0.528015,0.187500,0,0,0.501135
cmp-00584,0.150000,11644000.000000,16.270302,69,FLEXIBLE,PUBLIC,2,1,0.150000,1.102551,83,61,0.013284,0.075796,0.106527,0.000000,7.350338,0.144330,1,1,3.774734
cmp-00584,0.250000,11644000.000000,16.270302,69,FLEXIBLE,PUBLIC,2,1,0.250000,1.480041,113,80,0.013098,0.054709,0.085799,0.000000,5.920165,0.130769,1,1,3.774734
cmp-00584,0.500000,11644000.000000,16.270302,69,FLEXIBLE,PUBLIC,2,1,0.500000,1.975103,149,100,0.013256,0.022878,0.057249,0.000000,3.950206,0.138728,1,1,3.774734
cmp-00585,0.150000,1377000.000000,14.135418,43,STRICT,PUBLIC,1,1,0.150000,0.963326,22,21,0.043788,0.116904,0.149353,0.001003,6.422174,0.041667,0,0,0.997821
cmp-00585,0.250000,1377000.000000,14.135418,43,STRICT,PUBLIC,1,1,0.250000,0.997821,24,23,0.041576,0.008022,0.092821,0.000068,3.991285,0.052632,0,0,0.997821
cmp-00585,0.500000,1377000.000000,14.135418,43,STRICT,PUBLIC,1,1,0.500000,0.997821,24,23,0.041576,0.000000,0.046410,0.000101,1.995643,0.040000,0,0,0.997821
cmp-00586,0.150000,9179000.000000,16.032429,82,FLEXIBLE,PUBLIC,2,2,0.150000,0.465693,58,55,0.008029,0.040978,0.037861,0.007666,3.104623,0.093750,0,1,1.683974
cmp-00586,0.250000,9179000.000000,16.032429,82,FLEXIBLE,PUBLIC,2,2,0.250000,0.617311,79,73,0.007814,0.018490,0.030113,0.006223,2.469245,0.091954,0,1,1.683974
cmp-00586,0.500000,9179000.000000,16.032429,82,FLEXIBLE,PUBLIC,2,2,0.500000,1.043251,118,95,0.008841,0.020780,0.025445,0.000000,2.086502,0.092308,1,1,1.683974
cmp-00587,0.150000,8778000.000000,15.987759,88,CLOSE_ON_TARGET,PUBLIC,1,1,0.150000,0.425211,39,35,0.010903,0.032253,0.032213,0.007684,2.834738,0.133333,0,1,1.012645
cmp-00587,0.250000,8778000.000000,15.987759,88,CLOSE_ON_TARGET,PUBLIC,1,1,0.250000,0.821588,69,59,0.011907,0.045043,0.037345,0.002703,3.286352,0.126582,0,1,1.012645
cmp-00588,0.150000,2260000.000000,14.630875,24,CLOSE_ON_TARGET,PUBLIC,5,3,0.150000,1.027168,26,21,0.039506,0.344451,0.285324,0.000000,6.847788,0.133333,1,1,1.043230
cmp-00589,0.150000,10278000.000000,16.145516,47,FLEXIBLE,PUBLIC,3,2,0.150000,0.748171,47,42,0.015919,0.124648,0.106124,0.006304,4.987806,0.129630,0,1,2.654913
cmp-00589,0.250000,10278000.000000,16.145516,47,FLEXIBLE,PUBLIC,3,2,0.250000,1.048054,65,55,0.016124,0.063805,0.089196,0.000000,4.192216,0.109589,1,1,2.654913
cmp-00589,0.500000,10278000.000000,16.145516,47,FLEXIBLE,PUBLIC,3,2,0.500000,1.516706,96,78,0.015799,0.046580,0.064541,0.000000,3.033411,0.102804,1,1,2.654913
cmp-00590,0.150000,4584000.000000,15.338083,80,FLEXIBLE,PUBLIC,4,2,0.150000,0.294023,17,14,0.017295,0.025693,0.024502,0.010382,1.960151,0.105263,0,0,0.750807
cmp-00590,0.250000,4584000.000000,15.338083,80,FLEXIBLE,PUBLIC,4,2,0.250000,0.307112,18,15,0.017062,0.001636,0.015356,0.011548,1.228447,0.100000,0,0,0.750807
cmp-00590,0.500000,4584000.000000,15.338083,80,FLEXIBLE,PUBLIC,4,2,0.500000,0.435297,26,21,0.016742,0.001091,0.010882,0.014118,0.870593,0.133333,0,0,0.750807
cmp-00591,0.150000,3871000.000000,15.169023,38,STRICT,PUBLIC,3,1,0.150000,0.688840,16,16,0.043053,0.116759,0.120849,0.009633,4.592267,0.157895,0,0,0.999613
cmp-00591,0.250000,3871000.000000,15.169023,38,STRICT,PUBLIC,3,1,0.250000,0.794368,22,20,0.036108,0.027771,0.083618,0.007215,3.177474,0.153846,0,0,0.999613
cmp-00591,0.500000,3871000.000000,15.169023,38,STRICT,PUBLIC,3,1,0.500000,0.997598,30,26,0.033253,0.006737,0.052505,0.000126,1.995195,0.108108,0,0,0.999613
cmp-00592,0.150000,6239000.000000,15.646330,53,FLEXIBLE,PUBLIC,0,2,0.150000,0.306219,35,35,0.008749,0.024103,0.038518,0.015400,2.041460,0.125000,0,0,0.916894
cmp-00592,0.250000,6239000.000000,15.646330,53,FLEXIBLE,PUBLIC,0,2,0.250000,0.372127,43,43,0.008654,0.012435,0.028085,0.015796,1.488508,0.122449,0,0,0.916894
cmp-00592,0.500000,6239000.000000,15.646330,53,FLEXIBLE,PUBLIC,0,2,0.500000,0.468537,57,53,0.008220,0.012907,0.017681,0.020055,0.937073,0.109375,0,0,0.916894
cmp-00593,0.150000,27525000.000000,17.130605,68,FLEXIBLE,PUBLIC,4,3,0.150000,1.142859,436,342,0.002621,0.096724,0.112045,0.000000,7.619061,0.126253,1,1,3.622808
cmp-00593,0.250000,27525000.000000,17.130605,68,FLEXIBLE,PUBLIC,4,3,0.250000,1.590863,595,420,0.002674,0.065883,0.093580,0.000000,6.363451,0.121123,1,1,3.622808
cmp-00593,0.500000,27525000.000000,17.130605,68,FLEXIBLE,PUBLIC,4,3,0.500000,2.150743,828,517,0.002598,0.034022,0.063257,0.000000,4.301486,0.118211,1,1,3.622808
cmp-00594,0.150000,6573000.000000,15.698481,76,STRICT,PUBLIC,3,2,0.150000,0.653492,40,32,0.016337,0.050710,0.057324,0.005364,4.356610,0.024390,0,0,0.998737
cmp-00594,0.250000,6573000.000000,15.698481,76,STRICT,PUBLIC,3,2,0.250000,0.789868,50,41,0.015797,0.017944,0.041572,0.003687,3.159471,0.056604,0,0,0.998737
cmp-00594,0.500000,6573000.000000,15.698481,76,STRICT,PUBLIC,3,2,0.500000,0.977697,68,57,0.014378,0.018076,0.025729,0.000587,1.955393,0.093333,0,0,0.998737
cmp-00595,0.150000,30468000.000000,17.232188,65,STRICT,PUBLIC,2,1,0.150000,0.999527,135,111,0.007404,0.100610,0.102516,0.000009,6.663516,0.135593,0,0,0.999879
cmp-00595,0.250000,30468000.000000,17.232188,65,STRICT,PUBLIC,2,1,0.250000,0.999879,136,111,0.007352,0.000054,0.061531,0.000002,3.999514,0.136929,0,0,0.999879
cmp-00595,0.500000,30468000.000000,17.232188,65,STRICT,PUBLIC,2,1,0.500000,0.999879,136,111,0.007352,0.000000,0.030765,0.000004,1.999757,0.125767,0,0,0.999879
cmp-00596,0.150000,11531000.000000,16.260550,52,FLEXIBLE,PUBLIC,3,1,0.150000,0.390651,54,47,0.007234,0.042306,0.050083,0.013786,2.604342,0.129032,0,1,1.314873
cmp-00596,0.250000,11531000.000000,16.260550,52,FLEXIBLE,PUBLIC,3,1,0.250000,0.509522,68,55,0.007493,0.022860,0.039194,0.012576,2.038089,0.116883,0,1,1.314873
cmp-00596,0.500000,11531000.000000,16.260550,52,FLEXIBLE,PUBLIC,3,1,0.500000,0.809167,95,77,0.008518,0.036430,0.031122,0.007340,1.618333,0.103774,0,1,1.314873
cmp-00597,0.150000,1267000.000000,14.052162,25,STRICT,PUBLIC,4,2,0.150000,0.362352,5,5,0.072470,0.057648,0.096627,0.030007,2.415680,0.000000,0,0,0.987372
cmp-00597,0.250000,1267000.000000,14.052162,25,STRICT,PUBLIC,4,2,0.250000,0.731492,9,8,0.081277,0.147656,0.117039,0.014320,2.925967,0.000000,0,0,0.987372
cmp-00597,0.500000,1267000.000000,14.052162,25,STRICT,PUBLIC,4,2,0.500000,0.782084,11,10,0.071099,0.012976,0.062567,0.017433,1.564167,0.000000,0,0,0.987372
cmp-00598,0.150000,1762000.000000,14.381960,90,STRICT,PUBLIC,2,2,0.150000,0.155278,3,3,0.051759,0.000990,0.011502,0.011042,1.035187,0.000000,0,0,0.635244
cmp-00598,0.250000,1762000.000000,14.381960,90,STRICT,PUBLIC,2,2,0.250000,0.159364,4,3,0.039841,0.000454,0.007083,0.012454,0.637457,0.000000,0,0,0.635244
cmp-00598,0.500000,1762000.000000,14.381960,90,STRICT,PUBLIC,2,2,0.500000,0.205846,6,5,0.034308,0.003796,0.004574,0.017648,0.411691,0.142857,0,0,0.635244
cmp-00599,0.150000,7378000.000000,15.814013,88,FLEXIBLE,PUBLIC,5,3,0.150000,0.499024,18,16,0.027724,0.043446,0.037805,0.006698,3.326828,0.100000,0,1,1.560504
cmp-00599,0.250000,7378000.000000,15.814013,88,FLEXIBLE,PUBLIC,5,3,0.250000,0.617755,25,22,0.024710,0.013492,0.028080,0.005792,2.471022,0.137931,0,1,1.560504
cmp-00599,0.500000,7378000.000000,15.814013,88,FLEXIBLE,PUBLIC,5,3,0.500000,0.819368,35,26,0.023411,0.006969,0.018622,0.004105,1.638737,0.166667,0,1,1.560504
cmp-00600,0.150000,6359000.000000,15.665382,73,CLOSE_ON_TARGET,PUBLIC,5,1,0.150000,0.226073,17,17,0.013298,0.018481,0.020646,0.012473,1.507155,0.150000,0,0,0.751470
cmp-00600,0.250000,6359000.000000,15.665382,73,CLOSE_ON_TARGET,PUBLIC,5,1,0.250000,0.329580,22,22,0.014981,0.014179,0.018059,0.012245,1.318320,0.120000,0,0,0.751470
cmp-00600,0.500000,6359000.000000,15.665382,73,CLOSE_ON_TARGET,PUBLIC,5,1,0.500000,0.452068,29,27,0.015589,0.009130,0.012385,0.015012,0.904136,0.147059,0,0,0.751470
cmp-00601,0.150000,3809000.000000,15.152877,80,FLEXIBLE,PUBLIC,4,1,0.150000,0.126962,3,3,0.042321,0.000256,0.010580,0.012839,0.846416,0.250000,0,0,0.341769
cmp-00601,0.250000,3809000.000000,15.152877,80,FLEXIBLE,PUBLIC,4,1,0.250000,0.130533,4,4,0.032633,0.000446,0.006527,0.014491,0.522132,0.428571,0,0,0.341769
cmp-00601,0.500000,3809000.000000,15.152877,80,FLEXIBLE,PUBLIC,4,1,0.500000,0.190943,11,11,0.017358,0.002222,0.004774,0.020226,0.381885,0.214286,0,0,0.341769
cmp-00602,0.150000,3046000.000000,14.929340,63,STRICT,PUBLIC,4,2,0.150000,0.978792,43,31,0.022763,0.078396,0.103576,0.000396,6.525279,0.134615,0,0,0.999409
cmp-00602,0.250000,3046000.000000,14.929340,63,STRICT,PUBLIC,4,2,0.250000,0.997209,46,33,0.021678,0.002923,0.063315,0.000059,3.988838,0.126761,0,0,0.999409
cmp-00602,0.500000,3046000.000000,14.929340,63,STRICT,PUBLIC,4,2,0.500000,0.997209,46,33,0.021678,0.000000,0.031657,0.000089,1.994419,0.108696,0,0,0.999409
cmp-00603,0.150000,32996000.000000,17.311897,21,FLEXIBLE,PUBLIC,1,3,0.150000,0.709398,389,347,0.001824,0.190885,0.225206,0.016280,4.729321,0.150655,0,1,2.203555
cmp-00603,0.250000,32996000.000000,17.311897,21,FLEXIBLE,PUBLIC,1,3,0.250000,0.964256,529,448,0.001823,0.121361,0.183668,0.002269,3.857025,0.150883,0,1,2.203555
cmp-00603,0.500000,32996000.000000,17.311897,21,FLEXIBLE,PUBLIC,1,3,0.500000,1.303137,735,566,0.001773,0.053158,0.124108,0.000000,2.606273,0.133255,1,1,2.203555
cmp-00604,0.150000,2305000.000000,14.650591,47,FLEXIBLE,PUBLIC,4,3,0.150000,0.453406,7,6,0.064772,0.063193,0.064313,0.013682,3.022704,0.125000,0,1,1.579046
cmp-00604,0.250000,2305000.000000,14.650591,47,FLEXIBLE,PUBLIC,4,3,0.250000,0.453406,7,6,0.064772,0.000000,0.038588,0.015506,1.813623,0.125000,0,1,1.579046
cmp-00604,0.500000,2305000.000000,14.650591,47,FLEXIBLE,PUBLIC,4,3,0.500000,0.453406,7,6,0.064772,0.000000,0.019294,0.023259,0.906811,0.125000,0,1,1.579046
cmp-00605,0.150000,2335000.000000,14.663522,64,STRICT,PUBLIC,1,3,0.150000,0.020171,1,1,0.020171,0.003152,0.002101,0.018012,0.134475,0.500000,0,0,0.194347
cmp-00605,0.250000,2335000.000000,14.663522,64,STRICT,PUBLIC,1,3,0.250000,0.020171,1,1,0.020171,0.000000,0.001261,0.020413,0.080685,0.500000,0,0,0.194347
cmp-00605,0.500000,2335000.000000,14.663522,64,STRICT,PUBLIC,1,3,0.500000,0.026338,2,2,0.013169,0.000964,0.000823,0.030427,0.052677,0.333333,0,0,0.194347
cmp-00606,0.150000,18322000.000000,16.723613,45,FLEXIBLE,PUBLIC,6,1,0.150000,0.290705,67,60,0.004339,0.033547,0.043067,0.018544,1.938034,0.192771,0,1,1.057685
cmp-00606,0.250000,18322000.000000,16.723613,45,FLEXIBLE,PUBLIC,6,1,0.250000,0.424566,94,83,0.004517,0.029747,0.037739,0.017050,1.698264,0.145455,0,1,1.057685
cmp-00606,0.500000,18322000.000000,16.723613,45,FLEXIBLE,PUBLIC,6,1,0.500000,0.620887,141,116,0.004403,0.011394,0.027595,0.016849,1.241775,0.129630,0,1,1.057685
cmp-00607,0.150000,12322000.000000,16.326897,31,STRICT,PUBLIC,4,2,0.150000,0.407393,64,58,0.006366,0.067768,0.087611,0.022490,2.715955,0.111111,0,0,0.999911
cmp-00607,0.250000,12322000.000000,16.326897,31,STRICT,PUBLIC,4,2,0.250000,0.654739,94,80,0.006965,0.079789,0.084483,0.014850,2.618958,0.129630,0,0,0.999911
cmp-00607,0.500000,12322000.000000,16.326897,31,STRICT,PUBLIC,4,2,0.500000,0.902857,132,103,0.006840,0.037939,0.058249,0.006267,1.805713,0.148387,0,0,0.999911
cmp-00608,0.150000,7423000.000000,15.820094,71,FLEXIBLE,PUBLIC,3,3,0.150000,0.433073,38,32,0.011397,0.030990,0.040664,0.009394,2.887153,0.155556,0,1,1.748457
cmp-00608,0.250000,7423000.000000,15.820094,71,FLEXIBLE,PUBLIC,3,3,0.250000,0.745911,55,46,0.013562,0.044062,0.042023,0.004772,2.983645,0.140625,0,1,1.748457
cmp-00608,0.500000,7423000.000000,15.820094,71,FLEXIBLE,PUBLIC,3,3,0.500000,1.317783,75,57,0.017570,0.026275,0.037121,0.000000,2.635565,0.127907,1,1,1.748457
cmp-00609,0.150000,2337000.000000,14.664379,21,FLEXIBLE,PUBLIC,2,3,0.150000,0.416132,15,13,0.027742,0.130000,0.132105,0.032710,2.774212,0.000000,0,1,1.555499
cmp-00609,0.250000,2337000.000000,14.664379,21,FLEXIBLE,PUBLIC,2,3,0.250000,0.528669,21,19,0.025175,0.053589,0.100699,0.029926,2.114677,0.045455,0,1,1.555499
cmp-00609,0.500000,2337000.000000,14.664379,21,FLEXIBLE,PUBLIC,2,3,0.500000,1.234104,27,25,0.045708,0.311633,0.117534,0.000000,2.468207,0.100000,1,1,1.555499
cmp-00610,0.150000,1686000.000000,14.337869,16,FLEXIBLE,PUBLIC,4,3,0.150000,1.639858,18,11,0.091103,0.389309,0.683274,0.000000,10.932384,0.100000,1,1,3.086002
cmp-00610,0.250000,1686000.000000,14.337869,16,FLEXIBLE,PUBLIC,4,3,0.250000,1.998932,23,15,0.086910,0.224422,0.499733,0.000000,7.995730,0.115385,1,1,3.086002
cmp-00610,0.500000,1686000.000000,14.337869,16,FLEXIBLE,PUBLIC,4,3,0.500000,2.271056,29,19,0.078312,0.076253,0.283882,0.000000,4.542112,0.121212,1,1,3.086002
cmp-00611,0.150000,8244000.000000,15.924996,80,STRICT,PUBLIC,7,1,0.150000,0.424212,22,18,0.019282,0.030780,0.035351,0.008467,2.828077,0.043478,0,0,0.999745
cmp-00611,0.250000,8244000.000000,15.924996,80,STRICT,PUBLIC,7,1,0.250000,0.498229,26,22,0.019163,0.009252,0.024911,0.008363,1.992916,0.037037,0,0,0.999745
cmp-00611,0.500000,8244000.000000,15.924996,80,STRICT,PUBLIC,7,1,0.500000,0.768413,38,32,0.020221,0.008511,0.019210,0.005790,1.536827,0.050000,0,0,0.999745
cmp-00612,0.150000,3739000.000000,15.134329,27,FLEXIBLE,PUBLIC,4,1,0.150000,0.546296,26,22,0.021011,0.105643,0.134888,0.019769,3.641972,0.103448,0,1,1.909628
cmp-00612,0.250000,3739000.000000,15.134329,27,FLEXIBLE,PUBLIC,4,1,0.250000,0.645039,34,30,0.018972,0.036571,0.095561,0.017529,2.580155,0.150000,0,1,1.909628
cmp-00612,0.500000,3739000.000000,15.134329,27,FLEXIBLE,PUBLIC,4,1,0.500000,0.973790,53,41,0.018373,0.033402,0.072133,0.001941,1.947580,0.116667,0,1,1.909628
cmp-00613,0.150000,15867000.000000,16.579752,21,FLEXIBLE,PUBLIC,4,3,0.150000,0.583734,87,75,0.006710,0.178790,0.185312,0.023320,3.891557,0.121212,0,1,1.857566
cmp-00613,0.250000,15867000.000000,16.579752,21,FLEXIBLE,PUBLIC,4,3,0.250000,0.852240,123,98,0.006929,0.127860,0.162332,0.009382,3.408962,0.133803,0,1,1.857566
cmp-00613,0.500000,15867000.000000,16.579752,21,FLEXIBLE,PUBLIC,4,3,0.500000,1.198475,178,135,0.006733,0.048279,0.114140,0.000000,2.396950,0.114428,1,1,1.857566
cmp-00614,0.150000,10076000.000000,16.125667,46,FLEXIBLE,PRIVATE_LINK,1,1,0.150000,0.185262,13,13,0.014251,0.018617,0.026850,0.020837,1.235080,0.000000,0,0,0.710510
cmp-00614,0.250000,10076000.000000,16.125667,46,FLEXIBLE,PRIVATE_LINK,1,1,0.250000,0.234279,18,18,0.013016,0.010656,0.020372,0.022195,0.937118,0.000000,0,0,0.710510
cmp-00614,0.500000,10076000.000000,16.125667,46,FLEXIBLE,PRIVATE_LINK,1,1,0.500000,0.381461,30,29,0.012715,0.014555,0.016585,0.026893,0.762922,0.062500,0,0,0.710510
cmp-00615,0.150000,15550000.000000,16.559571,72,STRICT,PUBLIC,2,3,0.150000,0.966534,195,154,0.004957,0.066097,0.089494,0.000547,6.443558,0.121622,0,0,0.999897
cmp-00615,0.250000,15550000.000000,16.559571,72,STRICT,PUBLIC,2,3,0.250000,0.999897,203,158,0.004926,0.004634,0.055550,0.000002,3.999588,0.120521,0,0,0.999897
cmp-00615,0.500000,15550000.000000,16.559571,72,STRICT,PUBLIC,2,3,0.500000,0.999897,203,158,0.004926,0.000000,0.027775,0.000003,1.999794,0.114790,0,0,0.999897
cmp-00616,0.150000,5246000.000000,15.472976,84,STRICT,PUBLIC,3,3,0.150000,0.398589,31,29,0.012858,0.019834,0.031634,0.008423,2.657263,0.184211,0,0,0.999790
cmp-00616,0.250000,5246000.000000,15.472976,84,STRICT,PUBLIC,3,3,0.250000,0.524152,41,37,0.012784,0.014948,0.024960,0.007553,2.096607,0.196078,0,0,0.999790
cmp-00616,0.500000,5246000.000000,15.472976,84,STRICT,PUBLIC,3,3,0.500000,0.836352,57,48,0.014673,0.031959,0.019913,0.003896,1.672703,0.185714,0,0,0.999790
cmp-00617,0.150000,1463000.000000,14.196000,24,CLOSE_ON_TARGET,PUBLIC,2,3,0.150000,0.497813,10,10,0.049781,0.097431,0.138281,0.024617,3.318751,0.090909,0,0,0.763910
cmp-00617,0.250000,1463000.000000,14.196000,24,CLOSE_ON_TARGET,PUBLIC,2,3,0.250000,0.583254,16,16,0.036453,0.035600,0.097209,0.023153,2.333014,0.111111,0,0,0.763910
cmp-00617,0.500000,1463000.000000,14.196000,24,CLOSE_ON_TARGET,PUBLIC,2,3,0.500000,0.616678,18,17,0.034260,0.006636,0.051390,0.031943,1.233356,0.100000,0,0,0.763910
cmp-00618,0.150000,11987000.000000,16.299333,46,FLEXIBLE,PUBLIC,3,1,0.150000,0.918912,180,145,0.005105,0.115769,0.133176,0.002074,6.126081,0.081633,0,1,2.623108
cmp-00618,0.250000,11987000.000000,16.299333,46,FLEXIBLE,PUBLIC,3,1,0.250000,1.166639,239,179,0.004881,0.053854,0.101447,0.000000,4.666555,0.087786,1,1,2.623108
cmp-00618,0.500000,11987000.000000,16.299333,46,FLEXIBLE,PUBLIC,3,1,0.500000,1.617577,334,229,0.004843,0.040767,0.070329,0.000000,3.235155,0.084932,1,1,2.623108
cmp-00619,0.150000,5117000.000000,15.448079,63,FLEXIBLE,PRIVATE_LINK,2,3,0.150000,0.214481,13,12,0.016499,0.030031,0.022696,0.014669,1.429874,0.071429,0,0,0.658394
cmp-00619,0.250000,5117000.000000,15.448079,63,FLEXIBLE,PRIVATE_LINK,2,3,0.250000,0.324018,21,19,0.015429,0.017387,0.020573,0.014306,1.296072,0.086957,0,0,0.658394
cmp-00619,0.500000,5117000.000000,15.448079,63,FLEXIBLE,PRIVATE_LINK,2,3,0.500000,0.464256,32,28,0.014508,0.003530,0.014738,0.017008,0.928513,0.111111,0,0,0.658394
cmp-00620,0.150000,6021000.000000,15.610764,85,FLEXIBLE,PRIVATE_LINK,1,3,0.150000,0.316559,42,41,0.007537,0.022590,0.024828,0.009459,2.110391,0.000000,0,0,0.940043
cmp-00620,0.250000,6021000.000000,15.610764,85,FLEXIBLE,PRIVATE_LINK,1,3,0.250000,0.389304,51,49,0.007633,0.008558,0.018320,0.009580,1.557216,0.000000,0,0,0.940043
cmp-00620,0.500000,6021000.000000,15.610764,85,FLEXIBLE,PRIVATE_LINK,1,3,0.500000,0.566418,68,63,0.008330,0.006987,0.013327,0.010202,1.132835,0.014493,0,0,0.940043
cmp-00621,0.150000,47707000.000000,17.680589,86,FLEXIBLE,PUBLIC,2,1,0.150000,0.466196,137,125,0.003403,0.023445,0.036139,0.007302,3.107972,0.098684,0,1,1.633435
cmp-00621,0.250000,47707000.000000,17.680589,86,FLEXIBLE,PUBLIC,2,1,0.250000,0.617861,194,173,0.003185,0.017636,0.028738,0.005925,2.471444,0.093458,0,1,1.633435
cmp-00621,0.500000,47707000.000000,17.680589,86,FLEXIBLE,PUBLIC,2,1,0.500000,0.954654,303,247,0.003151,0.011559,0.022201,0.001055,1.909309,0.098214,0,1,1.633435
cmp-00622,0.150000,7399000.000000,15.816855,55,FLEXIBLE,PUBLIC,4,1,0.150000,0.177402,11,11,0.016127,0.018452,0.021503,0.017596,1.182682,0.000000,0,0,0.503798
cmp-00622,0.250000,7399000.000000,15.816855,55,FLEXIBLE,PUBLIC,4,1,0.250000,0.177402,11,11,0.016127,0.000000,0.012902,0.019942,0.709609,0.153846,0,0,0.503798
cmp-00622,0.500000,7399000.000000,15.816855,55,FLEXIBLE,PUBLIC,4,1,0.500000,0.250372,18,17,0.013910,0.006490,0.009104,0.027259,0.500743,0.100000,0,0,0.503798
cmp-00623,0.150000,3719000.000000,15.128965,62,FLEXIBLE,PUBLIC,4,3,0.150000,0.505270,34,31,0.014861,0.046769,0.054330,0.009388,3.368468,0.081081,0,1,1.962113
cmp-00623,0.250000,3719000.000000,15.128965,62,FLEXIBLE,PUBLIC,4,3,0.250000,0.652138,45,37,0.014492,0.023688,0.042073,0.007481,2.608551,0.081633,0,1,1.962113
cmp-00623,0.500000,3719000.000000,15.128965,62,FLEXIBLE,PUBLIC,4,3,0.500000,1.043157,69,54,0.015118,0.029070,0.033650,0.000000,2.086314,0.067568,1,1,1.962113
cmp-00624,0.150000,16602000.000000,16.625034,55,CLOSE_ON_TARGET,PUBLIC,3,3,0.150000,0.331093,56,50,0.005912,0.031165,0.040132,0.014308,2.207284,0.066667,0,1,1.001542
cmp-00624,0.250000,16602000.000000,16.625034,55,CLOSE_ON_TARGET,PUBLIC,3,3,0.250000,0.640604,78,64,0.008213,0.056275,0.046589,0.008713,2.562414,0.060241,0,1,1.001542
cmp-00624,0.500000,16602000.000000,16.625034,55,CLOSE_ON_TARGET,PUBLIC,3,3,0.500000,0.835713,106,85,0.007884,0.018424,0.030390,0.005974,1.671425,0.061947,0,1,1.001542
cmp-00625,0.150000,6618000.000000,15.705304,20,FLEXIBLE,PUBLIC,5,1,0.150000,0.864415,71,57,0.012175,0.244779,0.288138,0.007976,5.762768,0.053333,0,1,2.694349
cmp-00625,0.250000,6618000.000000,15.705304,20,FLEXIBLE,PUBLIC,5,1,0.250000,1.229163,93,70,0.013217,0.182374,0.245833,0.000000,4.916652,0.041237,1,1,2.694349
cmp-00625,0.500000,6618000.000000,15.705304,20,FLEXIBLE,PUBLIC,5,1,0.500000,1.741674,118,85,0.014760,0.069968,0.174167,0.000000,3.483348,0.048387,1,1,2.694349
cmp-00626,0.150000,11713000.000000,16.276210,48,STRICT,PRIVATE_LINK,4,2,0.150000,0.672962,146,128,0.004609,0.074575,0.093467,0.008016,4.486411,0.115152,0,0,0.999932
cmp-00626,0.250000,11713000.000000,16.276210,48,STRICT,PRIVATE_LINK,4,2,0.250000,0.849492,191,159,0.004448,0.036777,0.070791,0.004181,3.397968,0.123853,0,0,0.999932
cmp-00626,0.500000,11713000.000000,16.276210,48,STRICT,PRIVATE_LINK,4,2,0.500000,0.999676,227,182,0.004404,0.000000,0.041653,0.000014,1.999351,0.115987,0,0,0.999932
cmp-00627,0.150000,14878000.000000,16.515394,53,STRICT,PUBLIC,2,1,0.150000,0.378956,69,66,0.005492,0.030257,0.047667,0.013786,2.526370,0.137500,0,0,0.973162
cmp-00627,0.250000,14878000.000000,16.515394,53,STRICT,PUBLIC,2,1,0.250000,0.518853,99,91,0.005241,0.026396,0.039159,0.012104,2.075413,0.131579,0,0,0.973162
cmp-00627,0.500000,14878000.000000,16.515394,53,STRICT,PUBLIC,2,1,0.500000,0.654221,138,122,0.004741,0.008163,0.024688,0.013048,1.308442,0.115385,0,0,0.973162
cmp-00628,0.150000,15304000.000000,16.543625,15,STRICT,PUBLIC,0,3,0.150000,0.456384,57,53,0.008007,0.214541,0.202837,0.042637,3.042560,0.123077,0,0,0.999876
cmp-00628,0.250000,15304000.000000,16.543625,15,STRICT,PUBLIC,0,3,0.250000,0.600059,75,66,0.008001,0.095783,0.160016,0.035550,2.400235,0.157303,0,0,0.999876
cmp-00628,0.500000,15304000.000000,16.543625,15,STRICT,PUBLIC,0,3,0.500000,0.874667,103,83,0.008492,0.051246,0.116622,0.016711,1.749334,0.162602,0,0,0.999876
cmp-00629,0.150000,8599000.000000,15.967156,67,STRICT,PUBLIC,1,2,0.150000,0.191348,36,35,0.005315,0.010951,0.019040,0.014199,1.275652,0.142857,0,0,0.859577
cmp-00629,0.250000,8599000.000000,15.967156,67,STRICT,PUBLIC,1,2,0.250000,0.252239,47,44,0.005367,0.009088,0.015059,0.014881,1.008955,0.145455,0,0,0.859577
cmp-00629,0.500000,8599000.000000,15.967156,67,STRICT,PUBLIC,1,2,0.500000,0.415711,69,61,0.006025,0.005327,0.012409,0.017441,0.831422,0.126582,0,0,0.859577
cmp-00630,0.150000,8026000.000000,15.898197,72,CLOSE_ON_TARGET,PUBLIC,5,3,0.150000,0.201632,21,21,0.009602,0.017111,0.018670,0.013045,1.344215,0.086957,0,0,0.528570
cmp-00630,0.250000,8026000.000000,15.898197,72,CLOSE_ON_TARGET,PUBLIC,5,3,0.250000,0.264827,27,26,0.009808,0.008777,0.014713,0.013614,1.059307,0.068966,0,0,0.528570
cmp-00630,0.500000,8026000.000000,15.898197,72,CLOSE_ON_TARGET,PUBLIC,5,3,0.500000,0.357314,35,34,0.010209,0.003631,0.009925,0.017852,0.714627,0.166667,0,0,0.528570
cmp-00631,0.150000,4248000.000000,15.261959,29,FLEXIBLE,PRIVATE_LINK,4,3,0.150000,0.585122,21,17,0.027863,0.102466,0.134511,0.016831,3.900816,0.222222,0,1,1.526201
cmp-00631,0.250000,4248000.000000,15.261959,29,FLEXIBLE,PRIVATE_LINK,4,3,0.250000,0.702519,26,21,0.027020,0.040482,0.096899,0.013677,2.810075,0.212121,0,1,1.526201
cmp-00631,0.500000,4248000.000000,15.261959,29,FLEXIBLE,PRIVATE_LINK,4,3,0.500000,0.877472,41,28,0.021402,0.018621,0.060515,0.008450,1.754944,0.163265,0,1,1.526201
cmp-00632,0.150000,8086000.000000,15.905645,19,FLEXIBLE,PRIVATE_LINK,3,2,0.150000,1.700767,159,114,0.010697,0.570264,0.596760,0.000000,11.338445,0.091429,1,1,4.875563
cmp-00632,0.250000,8086000.000000,15.905645,19,FLEXIBLE,PRIVATE_LINK,3,2,0.250000,2.055380,200,130,0.010277,0.186638,0.432712,0.000000,8.221519,0.099099,1,1,4.875563
cmp-00632,0.500000,8086000.000000,15.905645,19,FLEXIBLE,PRIVATE_LINK,3,2,0.500000,2.780559,277,162,0.010038,0.173816,0.292690,0.000000,5.561118,0.088816,1,1,4.875563
cmp-00633,0.150000,19955000.000000,16.808990,35,FLEXIBLE,PUBLIC,4,2,0.150000,0.401062,121,109,0.003315,0.060367,0.076393,0.020132,2.673749,0.129496,0,1,1.352994
cmp-00633,0.250000,19955000.000000,16.808990,35,FLEXIBLE,PUBLIC,4,2,0.250000,0.553465,165,148,0.003354,0.043544,0.063253,0.017011,2.213861,0.131579,0,1,1.352994
cmp-00633,0.500000,19955000.000000,16.808990,35,FLEXIBLE,PUBLIC,4,2,0.500000,0.805593,241,208,0.003343,0.029128,0.046034,0.011109,1.611185,0.113971,0,1,1.352994
cmp-00634,0.150000,12093000.000000,16.308137,55,FLEXIBLE,PUBLIC,2,2,0.150000,0.639353,49,42,0.013048,0.069344,0.077497,0.007714,4.262356,0.155172,0,1,2.181055
cmp-00634,0.250000,12093000.000000,16.308137,55,FLEXIBLE,PUBLIC,2,2,0.250000,0.721401,62,49,0.011635,0.014918,0.052466,0.006754,2.885603,0.150685,0,1,2.181055
cmp-00634,0.500000,12093000.000000,16.308137,55,FLEXIBLE,PUBLIC,2,2,0.500000,1.402886,101,78,0.013890,0.019831,0.051014,0.000000,2.805772,0.165289,1,1,2.181055
cmp-00635,0.150000,934000.000000,13.747232,79,FLEXIBLE,PRIVATE_LINK,1,1,0.150000,0.188330,2,2,0.094165,0.000000,0.015893,0.012087,1.255532,0.000000,0,1,1.980193
cmp-00635,0.250000,934000.000000,13.747232,79,FLEXIBLE,PRIVATE_LINK,1,1,0.250000,0.511456,4,4,0.127864,0.040902,0.025897,0.008245,2.045824,0.000000,0,1,1.980193
cmp-00635,0.500000,934000.000000,13.747232,79,FLEXIBLE,PRIVATE_LINK,1,1,0.500000,0.643897,5,4,0.128779,0.000000,0.016301,0.009015,1.287794,0.000000,0,1,1.980193
cmp-00636,0.150000,3179000.000000,14.972077,25,FLEXIBLE,PUBLIC,5,2,0.150000,0.432369,30,26,0.014412,0.115332,0.115298,0.026712,2.882458,0.062500,0,1,1.171249
cmp-00636,0.250000,3179000.000000,14.972077,25,FLEXIBLE,PUBLIC,5,2,0.250000,0.527241,37,31,0.014250,0.037949,0.084359,0.025214,2.108965,0.051282,0,1,1.171249
cmp-00636,0.500000,3179000.000000,14.972077,25,FLEXIBLE,PUBLIC,5,2,0.500000,0.651368,50,44,0.013027,0.009764,0.052109,0.027891,1.302737,0.122807,0,1,1.171249
cmp-00637,0.150000,15617000.000000,16.563871,44,FLEXIBLE,PUBLIC,3,3,0.150000,0.391170,69,67,0.005669,0.057002,0.059268,0.016279,2.607799,0.080000,0,0,0.904271
cmp-00637,0.250000,15617000.000000,16.563871,44,FLEXIBLE,PUBLIC,3,3,0.250000,0.487091,90,84,0.005412,0.021800,0.044281,0.015543,1.948364,0.090909,0,0,0.904271
cmp-00637,0.500000,15617000.000000,16.563871,44,FLEXIBLE,PUBLIC,3,3,0.500000,0.588845,121,106,0.004866,0.012475,0.026766,0.018689,1.177691,0.103704,0,0,0.904271
cmp-00638,0.150000,3668000.000000,15.115157,58,CLOSE_ON_TARGET,PUBLIC,3,3,0.150000,0.254226,18,16,0.014124,0.017260,0.029221,0.015127,1.694838,0.142857,0,0,0.815431
cmp-00638,0.250000,3668000.000000,15.115157,58,CLOSE_ON_TARGET,PUBLIC,3,3,0.250000,0.432879,26,23,0.016649,0.030802,0.029854,0.013037,1.731516,0.161290,0,0,0.815431
cmp-00638,0.500000,3668000.000000,15.115157,58,CLOSE_ON_TARGET,PUBLIC,3,3,0.500000,0.542503,32,29,0.016953,0.003774,0.018707,0.015776,1.085005,0.179487,0,0,0.815431
cmp-00639,0.150000,9020000.000000,16.014955,89,FLEXIBLE,PUBLIC,3,1,0.150000,0.200111,16,16,0.012507,0.017162,0.014990,0.010574,1.334072,0.058824,0,0,0.682173
cmp-00639,0.250000,9020000.000000,16.014955,89,FLEXIBLE,PUBLIC,3,1,0.250000,0.265576,20,20,0.013279,0.007356,0.011936,0.011003,1.062306,0.047619,0,0,0.682173
cmp-00639,0.500000,9020000.000000,16.014955,89,FLEXIBLE,PUBLIC,3,1,0.500000,0.299002,25,25,0.011960,0.001109,0.006719,0.015753,0.598004,0.074074,0,0,0.682173
cmp-00640,0.150000,7086000.000000,15.773632,78,FLEXIBLE,PUBLIC,2,3,0.150000,0.741293,48,45,0.015444,0.038405,0.063358,0.003902,4.941951,0.127273,0,1,2.597065
cmp-00640,0.250000,7086000.000000,15.773632,78,FLEXIBLE,PUBLIC,2,3,0.250000,1.180130,67,58,0.017614,0.056261,0.060519,0.000000,4.720519,0.129870,1,1,2.597065
cmp-00640,0.500000,7086000.000000,15.773632,78,FLEXIBLE,PUBLIC,2,3,0.500000,1.602046,95,75,0.016864,0.023915,0.041078,0.000000,3.204093,0.103774,1,1,2.597065
cmp-00641,0.150000,12602000.000000,16.349366,88,STRICT,PUBLIC,2,3,0.150000,0.575083,68,59,0.008457,0.038683,0.043567,0.005681,3.833889,0.180723,0,0,0.999786
cmp-00641,0.250000,12602000.000000,16.349366,88,STRICT,PUBLIC,2,3,0.250000,0.822179,98,79,0.008390,0.028079,0.037372,0.002694,3.288716,0.147826,0,0,0.999786
cmp-00641,0.500000,12602000.000000,16.349366,88,STRICT,PUBLIC,2,3,0.500000,0.998937,120,97,0.008324,0.000000,0.022703,0.000024,1.997873,0.129870,0,0,0.999786
cmp-00642,0.150000,10221000.000000,16.139955,73,FLEXIBLE,PUBLIC,2,2,0.150000,0.359789,24,22,0.014991,0.029818,0.032857,0.010318,2.398591,0.225806,0,1,1.173594
cmp-00642,0.250000,10221000.000000,16.139955,73,FLEXIBLE,PUBLIC,2,2,0.250000,0.447539,31,29,0.014437,0.012021,0.024523,0.010091,1.790158,0.184211,0,1,1.173594
cmp-00642,0.500000,10221000.000000,16.139955,73,FLEXIBLE,PUBLIC,2,2,0.500000,0.716642,46,35,0.015579,0.011601,0.019634,0.007763,1.433284,0.148148,0,1,1.173594
cmp-00643,0.150000,2849000.000000,14.862479,76,STRICT,PUBLIC,4,2,0.150000,0.987013,23,18,0.042914,0.086254,0.086580,0.000201,6.580087,0.156250,0,0,0.999824
cmp-00643,0.250000,2849000.000000,14.862479,76,STRICT,PUBLIC,4,2,0.250000,0.996174,24,19,0.041507,0.001205,0.052430,0.000067,3.984696,0.186047,0,0,0.999824
cmp-00643,0.500000,2849000.000000,14.862479,76,STRICT,PUBLIC,4,2,0.500000,0.996174,24,19,0.041507,0.000000,0.026215,0.000101,1.992348,0.187500,0,0,0.999824
cmp-00644,0.150000,6267000.000000,15.650808,35,CLOSE_ON_TARGET,PUBLIC,2,1,0.150000,0.272794,30,29,0.009093,0.041843,0.051961,0.024444,1.818627,0.062500,0,0,0.821892
cmp-00644,0.250000,6267000.000000,15.650808,35,CLOSE_ON_TARGET,PUBLIC,2,1,0.250000,0.349864,37,35,0.009456,0.022020,0.039984,0.024767,1.399457,0.097561,0,0,0.821892
cmp-00644,0.500000,6267000.000000,15.650808,35,CLOSE_ON_TARGET,PUBLIC,2,1,0.500000,0.510276,54,49,0.009450,0.011694,0.029159,0.027984,1.020552,0.100000,0,0,0.821892
cmp-00645,0.150000,18804000.000000,16.749580,44,FLEXIBLE,PUBLIC,6,3,0.150000,0.243225,34,33,0.007154,0.034891,0.036852,0.020235,1.621499,0.055556,0,0,0.907871
cmp-00645,0.250000,18804000.000000,16.749580,44,FLEXIBLE,PUBLIC,6,3,0.250000,0.314816,41,38,0.007678,0.016271,0.028620,0.020763,1.259264,0.068182,0,0,0.907871
cmp-00645,0.500000,18804000.000000,16.749580,44,FLEXIBLE,PUBLIC,6,3,0.500000,0.541672,70,60,0.007738,0.020529,0.024621,0.020833,1.083344,0.090909,0,0,0.907871
cmp-00646,0.150000,42366000.000000,17.561857,18,STRICT,PUBLIC,1,3,0.150000,0.241359,93,89,0.002595,0.078714,0.089392,0.049584,1.609058,0.114286,0,0,0.754263
cmp-00646,0.250000,42366000.000000,17.561857,18,STRICT,PUBLIC,1,3,0.250000,0.291522,123,115,0.002370,0.027868,0.064783,0.052480,1.166086,0.102190,0,0,0.754263
cmp-00646,0.500000,42366000.000000,17.561857,18,STRICT,PUBLIC,1,3,0.500000,0.408332,178,162,0.002294,0.024189,0.045370,0.065741,0.816664,0.118812,0,0,0.754263
cmp-00647,0.150000,3006000.000000,14.916121,25,CLOSE_ON_TARGET,PUBLIC,3,2,0.150000,0.242914,15,13,0.016194,0.042861,0.064777,0.035628,1.619428,0.210526,0,0,0.990086
cmp-00647,0.250000,3006000.000000,14.916121,25,CLOSE_ON_TARGET,PUBLIC,3,2,0.250000,0.372754,21,18,0.017750,0.051936,0.059641,0.033453,1.491018,0.222222,0,0,0.990086
cmp-00647,0.500000,3006000.000000,14.916121,25,CLOSE_ON_TARGET,PUBLIC,3,2,0.500000,0.579009,29,26,0.019966,0.031430,0.046321,0.033679,1.158017,0.171429,0,0,0.990086
cmp-00648,0.150000,3006000.000000,14.916121,63,STRICT,PUBLIC,1,1,0.150000,0.287059,11,11,0.026096,0.029724,0.030377,0.013314,1.913728,0.000000,0,0,0.985562
cmp-00648,0.250000,3006000.000000,14.916121,63,STRICT,PUBLIC,1,1,0.250000,0.552728,16,14,0.034545,0.042170,0.035094,0.009466,2.210912,0.000000,0,0,0.985562
cmp-00648,0.500000,3006000.000000,14.916121,63,STRICT,PUBLIC,1,1,0.500000,0.816667,23,19,0.035507,0.003918,0.025926,0.005820,1.633333,0.041667,0,0,0.985562
cmp-00649,0.150000,9412000.000000,16.057496,54,STRICT,PUBLIC,3,3,0.150000,0.117382,10,10,0.011738,0.013002,0.014492,0.019229,0.782547,0.166667,0,0,0.858914
cmp-00649,0.250000,9412000.000000,16.057496,54,STRICT,PUBLIC,3,3,0.250000,0.240289,13,13,0.018484,0.022761,0.017799,0.018758,0.961156,0.187500,0,0,0.858914
cmp-00649,0.500000,9412000.000000,16.057496,54,STRICT,PUBLIC,3,3,0.500000,0.504505,24,21,0.021021,0.016822,0.018685,0.018352,1.009010,0.111111,0,0,0.858914
cmp-00650,0.150000,6516000.000000,15.689771,53,FLEXIBLE,PUBLIC,2,2,0.150000,0.222698,9,8,0.024744,0.020278,0.028012,0.017254,1.484653,0.181818,0,1,1.011495
cmp-00650,0.250000,6516000.000000,15.689771,53,FLEXIBLE,PUBLIC,2,2,0.250000,0.403837,14,12,0.028845,0.034177,0.030478,0.014998,1.615347,0.125000,0,1,1.011495
cmp-00650,0.500000,6516000.000000,15.689771,53,FLEXIBLE,PUBLIC,2,2,0.500000,0.682520,22,19,0.031024,0.023156,0.025755,0.011980,1.365040,0.083333,0,1,1.011495
cmp-00651,0.150000,5206000.000000,15.465322,62,FLEXIBLE,PUBLIC,4,2,0.150000,0.580273,35,31,0.016579,0.034216,0.062395,0.007964,3.868485,0.102564,0,1,2.571840
cmp-00651,0.250000,5206000.000000,15.465322,62,FLEXIBLE,PUBLIC,4,2,0.250000,0.788897,49,41,0.016100,0.033649,0.050897,0.004540,3.155590,0.109091,0,1,2.571840
cmp-00651,0.500000,5206000.000000,15.465322,62,FLEXIBLE,PUBLIC,4,2,0.500000,1.298790,76,59,0.017089,0.028612,0.041896,0.000000,2.597580,0.116279,1,1,2.571840
cmp-00652,0.150000,9565000.000000,16.073621,53,FLEXIBLE,PUBLIC,2,2,0.150000,0.337648,22,21,0.015348,0.061127,0.042471,0.014703,2.250984,0.043478,0,1,1.720073
cmp-00652,0.250000,9565000.000000,16.073621,53,FLEXIBLE,PUBLIC,2,2,0.250000,0.467486,30,29,0.015583,0.024498,0.035282,0.013397,1.869942,0.032258,0,1,1.720073
cmp-00652,0.500000,9565000.000000,16.073621,53,FLEXIBLE,PUBLIC,2,2,0.500000,0.788123,50,42,0.015762,0.020268,0.029741,0.007995,1.576247,0.056604,0,1,1.720073
cmp-00653,0.150000,1130000.000000,13.937728,31,FLEXIBLE,PUBLIC,2,3,0.150000,0.236726,7,7,0.033818,0.064345,0.050909,0.028967,1.578171,0.125000,0,1,1.023186
cmp-00653,0.250000,1130000.000000,13.937728,31,FLEXIBLE,PUBLIC,2,3,0.250000,0.355841,11,9,0.032349,0.038424,0.045915,0.027706,1.423363,0.083333,0,1,1.023186
cmp-00653,0.500000,1130000.000000,13.937728,31,FLEXIBLE,PUBLIC,2,3,0.500000,0.470885,14,11,0.033635,0.008336,0.030380,0.034136,0.941770,0.125000,0,1,1.023186
cmp-00654,0.150000,28244000.000000,17.156392,35,FLEXIBLE,PUBLIC,4,1,0.150000,0.587817,191,173,0.003078,0.091416,0.111965,0.013855,3.918779,0.081731,0,1,1.710749
cmp-00654,0.250000,28244000.000000,17.156392,35,FLEXIBLE,PUBLIC,4,1,0.250000,0.746792,246,212,0.003036,0.045422,0.085348,0.009646,2.987169,0.088889,0,1,1.710749
cmp-00654,0.500000,28244000.000000,17.156392,35,FLEXIBLE,PUBLIC,4,1,0.500000,0.982818,312,256,0.003150,0.023016,0.056161,0.000982,1.965635,0.087719,0,1,1.710749
cmp-00655,0.150000,17200000.000000,16.660420,84,CLOSE_ON_TARGET,PUBLIC,0,2,0.150000,0.650977,172,149,0.003785,0.046325,0.051665,0.004888,4.339845,0.085106,0,1,1.005331
cmp-00655,0.250000,17200000.000000,16.660420,84,CLOSE_ON_TARGET,PUBLIC,0,2,0.250000,0.839890,226,189,0.003716,0.022490,0.039995,0.002541,3.359558,0.088710,0,1,1.005331
cmp-00656,0.150000,4403000.000000,15.297797,86,CLOSE_ON_TARGET,PUBLIC,4,3,0.150000,0.496366,26,23,0.019091,0.050742,0.038478,0.006890,3.309107,0.133333,0,1,1.009085
cmp-00656,0.250000,4403000.000000,15.297797,86,CLOSE_ON_TARGET,PUBLIC,4,3,0.250000,0.667954,35,30,0.019084,0.019952,0.031068,0.005148,2.671815,0.102564,0,1,1.009085
cmp-00657,0.150000,2919000.000000,14.886752,18,STRICT,PUBLIC,1,3,0.150000,0.217506,10,9,0.021751,0.048913,0.080558,0.051143,1.450040,0.090909,0,0,0.803323
cmp-00657,0.250000,2919000.000000,14.886752,18,STRICT,PUBLIC,1,3,0.250000,0.273450,12,11,0.022787,0.031080,0.060767,0.053819,1.093799,0.076923,0,0,0.803323
cmp-00657,0.500000,2919000.000000,14.886752,18,STRICT,PUBLIC,1,3,0.500000,0.426002,18,16,0.023667,0.043679,0.047334,0.063778,0.852004,0.100000,0,0,0.803323
cmp-00658,0.150000,27996000.000000,17.147572,31,STRICT,PRIVATE_LINK,2,1,0.150000,0.144428,35,35,0.004127,0.028557,0.031060,0.032470,0.962852,0.146341,0,0,0.590077
cmp-00658,0.250000,27996000.000000,17.147572,31,STRICT,PRIVATE_LINK,2,1,0.250000,0.187273,45,43,0.004162,0.013821,0.024164,0.034956,0.749093,0.196429,0,0,0.590077
cmp-00658,0.500000,27996000.000000,17.147572,31,STRICT,PRIVATE_LINK,2,1,0.500000,0.306537,72,68,0.004257,0.012306,0.019777,0.044740,0.613073,0.142857,0,0,0.590077
cmp-00659,0.150000,17653000.000000,16.686416,77,FLEXIBLE,PRIVATE_LINK,4,1,0.150000,0.557650,116,103,0.004807,0.036445,0.048281,0.006759,3.717668,0.100775,0,1,1.431173
cmp-00659,0.250000,17653000.000000,16.686416,77,FLEXIBLE,PRIVATE_LINK,4,1,0.250000,0.663808,152,133,0.004367,0.013787,0.034484,0.005822,2.655231,0.089820,0,1,1.431173
cmp-00659,0.500000,17653000.000000,16.686416,77,FLEXIBLE,PRIVATE_LINK,4,1,0.500000,0.916292,222,186,0.004127,0.009172,0.023800,0.002174,1.832584,0.119048,0,1,1.431173
cmp-00660,0.150000,9361000.000000,16.052063,46,FLEXIBLE,PUBLIC,4,1,0.150000,0.493110,36,33,0.013697,0.068701,0.071465,0.012964,3.287398,0.217391,0,1,1.937069
cmp-00660,0.250000,9361000.000000,16.052063,46,FLEXIBLE,PUBLIC,4,1,0.250000,0.713749,49,43,0.014566,0.047965,0.062065,0.008297,2.854994,0.183333,0,1,1.937069
cmp-00660,0.500000,9361000.000000,16.052063,46,FLEXIBLE,PUBLIC,4,1,0.500000,0.964299,63,52,0.015306,0.023474,0.041926,0.001552,1.928597,0.148649,0,1,1.937069
cmp-00661,0.150000,3128000.000000,14.955904,81,FLEXIBLE,PUBLIC,8,2,0.150000,0.404412,17,15,0.023789,0.026637,0.033285,0.008651,2.696078,0.000000,0,0,0.973913
cmp-00661,0.250000,3128000.000000,14.955904,81,FLEXIBLE,PUBLIC,8,2,0.250000,0.464898,23,21,0.020213,0.007467,0.022958,0.008808,1.859591,0.041667,0,0,0.973913
cmp-00661,0.500000,3128000.000000,14.955904,81,FLEXIBLE,PUBLIC,8,2,0.500000,0.535038,29,27,0.018450,0.002131,0.013211,0.011481,1.070077,0.033333,0,0,0.973913
cmp-00662,0.150000,6986000.000000,15.759419,43,FLEXIBLE,PUBLIC,3,3,0.150000,1.056628,91,75,0.011611,0.134988,0.163818,0.000000,7.044184,0.116505,1,1,3.521887
cmp-00662,0.250000,6986000.000000,15.759419,43,FLEXIBLE,PUBLIC,3,3,0.250000,1.492485,121,93,0.012335,0.101362,0.138836,0.000000,5.969940,0.110294,1,1,3.521887
cmp-00662,0.500000,6986000.000000,15.759419,43,FLEXIBLE,PUBLIC,3,3,0.500000,2.099599,169,115,0.012424,0.057650,0.097656,0.000000,4.199198,0.096257,1,1,3.521887
cmp-00663,0.150000,7445000.000000,15.823053,28,FLEXIBLE,PUBLIC,2,3,0.150000,0.657179,80,73,0.008215,0.131814,0.156471,0.014404,4.381195,0.157895,0,1,1.957690
cmp-00663,0.250000,7445000.000000,15.823053,28,FLEXIBLE,PUBLIC,2,3,0.250000,0.839866,103,89,0.008154,0.065245,0.119981,0.007625,3.359463,0.141667,0,1,1.957690
cmp-00663,0.500000,7445000.000000,15.823053,28,FLEXIBLE,PUBLIC,2,3,0.500000,1.149550,141,113,0.008153,0.033709,0.082111,0.000000,2.299100,0.145455,1,1,1.957690
cmp-00664,0.150000,5717000.000000,15.558955,38,STRICT,PUBLIC,2,3,0.150000,0.261623,22,20,0.011892,0.027563,0.045899,0.022860,1.744155,0.153846,0,0,0.785359
cmp-00664,0.250000,5717000.000000,15.558955,38,STRICT,PUBLIC,2,3,0.250000,0.459454,37,30,0.012418,0.052061,0.048364,0.018967,1.837817,0.159091,0,0,0.785359
cmp-00664,0.500000,5717000.000000,15.558955,38,STRICT,PUBLIC,2,3,0.500000,0.592286,44,37,0.013461,0.033368,0.031173,0.021459,1.184572,0.185185,0,0,0.785359
cmp-00665,0.150000,5464000.000000,15.513692,89,FLEXIBLE,PUBLIC,3,2,0.150000,0.521431,36,30,0.014484,0.040305,0.039059,0.006326,3.476208,0.100000,0,1,1.753953
cmp-00665,0.250000,5464000.000000,15.513692,89,FLEXIBLE,PUBLIC,3,2,0.250000,0.862939,47,38,0.018360,0.038372,0.038784,0.002053,3.451757,0.145455,0,1,1.753953
cmp-00665,0.500000,5464000.000000,15.513692,89,FLEXIBLE,PUBLIC,3,2,0.500000,1.006827,56,46,0.017979,0.006391,0.022625,0.000000,2.013653,0.151515,1,1,1.753953
cmp-00666,0.150000,2385000.000000,14.684710,75,FLEXIBLE,PUBLIC,3,2,0.150000,0.328344,6,6,0.054724,0.018588,0.029186,0.010536,2.188959,0.333333,0,1,1.990021
cmp-00666,0.250000,2385000.000000,14.684710,75,FLEXIBLE,PUBLIC,3,2,0.250000,0.748847,11,9,0.068077,0.056067,0.039939,0.004465,2.995388,0.214286,0,1,1.990021
cmp-00666,0.500000,2385000.000000,14.684710,75,FLEXIBLE,PUBLIC,3,2,0.500000,0.897987,15,12,0.059866,0.000000,0.023946,0.002720,1.795975,0.210526,0,1,1.990021
cmp-00667,0.150000,7831000.000000,15.873601,18,FLEXIBLE,PUBLIC,2,3,0.150000,0.651973,52,47,0.012538,0.210751,0.241471,0.022747,4.346486,0.071429,0,1,1.734951
cmp-00667,0.250000,7831000.000000,15.873601,18,FLEXIBLE,PUBLIC,2,3,0.250000,0.934734,73,63,0.012805,0.157089,0.207719,0.004835,3.738935,0.064103,0,1,1.734951
cmp-00667,0.500000,7831000.000000,15.873601,18,FLEXIBLE,PUBLIC,2,3,0.500000,1.170234,95,79,0.012318,0.012727,0.130026,0.000000,2.340467,0.112150,1,1,1.734951
cmp-00668,0.150000,4273000.000000,15.267827,68,CLOSE_ON_TARGET,PRIVATE_LINK,3,2,0.150000,0.236462,12,11,0.019705,0.010428,0.023183,0.013210,1.576410,0.200000,0,0,0.580154
cmp-00668,0.250000,4273000.000000,15.267827,68,CLOSE_ON_TARGET,PRIVATE_LINK,3,2,0.250000,0.297145,19,17,0.015639,0.008924,0.017479,0.013781,1.188579,0.173913,0,0,0.580154
cmp-00668,0.500000,4273000.000000,15.267827,68,CLOSE_ON_TARGET,PRIVATE_LINK,3,2,0.500000,0.399649,29,25,0.013781,0.004006,0.011754,0.017657,0.799298,0.121212,0,0,0.580154
cmp-00669,0.150000,6264000.000000,15.650330,46,FLEXIBLE,PUBLIC,2,3,0.150000,1.211814,44,40,0.027541,0.199282,0.175625,0.000000,8.078757,0.137255,1,1,2.733685
cmp-00669,0.250000,6264000.000000,15.650330,46,FLEXIBLE,PUBLIC,2,3,0.250000,1.401405,58,51,0.024162,0.041216,0.121861,0.000000,5.605619,0.134328,1,1,2.733685
cmp-00669,0.500000,6264000.000000,15.650330,46,FLEXIBLE,PUBLIC,2,3,0.500000,1.918135,84,64,0.022835,0.023558,0.083397,0.000000,3.836271,0.134021,1,1,2.733685
cmp-00670,0.150000,49283000.000000,17.713090,65,FLEXIBLE,PUBLIC,4,2,0.150000,0.269198,91,88,0.002958,0.028194,0.027610,0.013227,1.794655,0.099010,0,0,0.905953
cmp-00670,0.250000,49283000.000000,17.713090,65,FLEXIBLE,PUBLIC,4,2,0.250000,0.353079,124,116,0.002847,0.012905,0.021728,0.013270,1.412317,0.081481,0,0,0.905953
cmp-00670,0.500000,49283000.000000,17.713090,65,FLEXIBLE,PUBLIC,4,2,0.500000,0.555149,184,169,0.003017,0.010781,0.017082,0.013688,1.110298,0.106796,0,0,0.905953
cmp-00671,0.150000,12667000.000000,16.354511,17,CLOSE_ON_TARGET,PUBLIC,4,1,0.150000,0.295871,61,57,0.004850,0.096875,0.116028,0.048729,1.972474,0.089552,0,1,1.021939
cmp-00671,0.250000,12667000.000000,16.354511,17,CLOSE_ON_TARGET,PUBLIC,4,1,0.250000,0.425657,90,82,0.004730,0.076345,0.100155,0.045046,1.702629,0.072165,0,1,1.021939
cmp-00671,0.500000,12667000.000000,16.354511,17,CLOSE_ON_TARGET,PUBLIC,4,1,0.500000,0.727994,136,118,0.005353,0.027292,0.085646,0.032001,1.455988,0.111111,0,1,1.021939
cmp-00672,0.150000,7214000.000000,15.791534,45,CLOSE_ON_TARGET,PUBLIC,3,1,0.150000,0.627641,85,73,0.007384,0.076512,0.092984,0.009735,4.184271,0.174757,0,1,1.047824
cmp-00672,0.250000,7214000.000000,15.791534,45,CLOSE_ON_TARGET,PUBLIC,3,1,0.250000,0.883033,119,93,0.007420,0.056754,0.078492,0.003466,3.532132,0.179310,0,1,1.047824
cmp-00673,0.150000,27418000.000000,17.126710,68,FLEXIBLE,PUBLIC,4,3,0.150000,1.282898,1104,830,0.001162,0.103864,0.125774,0.000000,8.552654,0.124504,1,1,4.262441
cmp-00673,0.250000,27418000.000000,17.126710,68,FLEXIBLE,PUBLIC,4,3,0.250000,1.772835,1495,1012,0.001186,0.072050,0.104284,0.000000,7.091341,0.124707,1,1,4.262441
cmp-00673,0.500000,27418000.000000,17.126710,68,FLEXIBLE,PUBLIC,4,3,0.500000,2.472369,2114,1252,0.001170,0.038225,0.072717,0.000000,4.944737,0.122822,1,1,4.262441
cmp-00674,0.150000,10307000.000000,16.148334,80,FLEXIBLE,PUBLIC,4,2,0.150000,0.489075,38,31,0.012870,0.041486,0.040756,0.007514,3.260503,0.116279,0,1,1.247434
cmp-00674,0.250000,10307000.000000,16.148334,80,FLEXIBLE,PUBLIC,4,2,0.250000,0.597070,50,39,0.011941,0.013499,0.029853,0.006716,2.388280,0.090909,0,1,1.247434
cmp-00674,0.500000,10307000.000000,16.148334,80,FLEXIBLE,PUBLIC,4,2,0.500000,0.766392,73,56,0.010499,0.003551,0.019160,0.005840,1.532784,0.109756,0,1,1.247434
cmp-00675,0.150000,3896000.000000,15.175461,18,FLEXIBLE,PUBLIC,2,2,0.150000,0.171971,12,12,0.014331,0.060347,0.063693,0.054120,1.146475,0.200000,0,0,0.661371
cmp-00675,0.250000,3896000.000000,15.175461,18,FLEXIBLE,PUBLIC,2,2,0.250000,0.289733,19,19,0.015249,0.065423,0.064385,0.052612,1.158932,0.136364,0,0,0.661371
cmp-00675,0.500000,3896000.000000,15.175461,18,FLEXIBLE,PUBLIC,2,2,0.500000,0.385447,22,21,0.017520,0.048925,0.042827,0.068284,0.770893,0.120000,0,0,0.661371
cmp-00676,0.150000,1522000.000000,14.235536,63,FLEXIBLE,PUBLIC,1,3,0.150000,0.707424,12,10,0.058952,0.061323,0.074860,0.005464,4.716163,0.142857,0,1,1.575427
cmp-00676,0.250000,1522000.000000,14.235536,63,FLEXIBLE,PUBLIC,1,3,0.250000,0.754534,14,12,0.053895,0.007478,0.047907,0.005195,3.018134,0.125000,0,1,1.575427
cmp-00676,0.500000,1522000.000000,14.235536,63,FLEXIBLE,PUBLIC,1,3,0.500000,0.961761,20,17,0.048088,0.010711,0.030532,0.001214,1.923522,0.090909,0,1,1.575427
cmp-00677,0.150000,3483000.000000,15.063405,51,FLEXIBLE,PUBLIC,3,3,0.150000,0.195550,8,8,0.024444,0.031261,0.025562,0.018557,1.303665,0.272727,0,1,1.135716
cmp-00677,0.250000,3483000.000000,15.063405,51,FLEXIBLE,PUBLIC,3,3,0.250000,0.530175,15,14,0.035345,0.065613,0.041582,0.012283,2.120701,0.166667,0,1,1.135716
cmp-00677,0.500000,3483000.000000,15.063405,51,FLEXIBLE,PUBLIC,3,3,0.500000,0.702900,23,21,0.030561,0.015059,0.027565,0.011651,1.405800,0.178571,0,1,1.135716
cmp-00678,0.150000,1431000.000000,14.173884,67,STRICT,PUBLIC,4,1,0.150000,0.151223,4,4,0.037806,0.013330,0.015047,0.014904,1.008153,0.200000,0,0,0.363522
cmp-00678,0.250000,1431000.000000,14.173884,67,STRICT,PUBLIC,4,1,0.250000,0.151223,4,4,0.037806,0.000000,0.009028,0.016891,0.604892,0.200000,0,0,0.363522
cmp-00678,0.500000,1431000.000000,14.173884,67,STRICT,PUBLIC,4,1,0.500000,0.151223,4,4,0.037806,0.000000,0.004514,0.025337,0.302446,0.200000,0,0,0.363522
cmp-00679,0.150000,5046000.000000,15.434106,19,STRICT,PRIVATE_LINK,4,3,0.150000,0.496036,22,20,0.022547,0.195486,0.174048,0.031205,3.306910,0.185185,0,0,0.996928
cmp-00679,0.250000,5046000.000000,15.434106,19,STRICT,PRIVATE_LINK,4,3,0.250000,0.587872,26,24,0.022610,0.048334,0.123762,0.028921,2.351486,0.187500,0,0,0.996928
cmp-00679,0.500000,5046000.000000,15.434106,19,STRICT,PRIVATE_LINK,4,3,0.500000,0.672632,34,30,0.019783,0.019630,0.070803,0.034460,1.345264,0.190476,0,0,0.996928
cmp-00680,0.150000,8939000.000000,16.005934,70,STRICT,PUBLIC,8,1,0.150000,0.728090,44,40,0.016548,0.054591,0.069342,0.004570,4.853936,0.137255,0,0,0.998982
cmp-00680,0.250000,8939000.000000,16.005934,70,STRICT,PUBLIC,8,1,0.250000,0.964437,59,50,0.016346,0.033764,0.055111,0.000677,3.857747,0.157143,0,0,0.998982
cmp-00680,0.500000,8939000.000000,16.005934,70,STRICT,PUBLIC,8,1,0.500000,0.997841,64,51,0.015591,0.000000,0.028510,0.000062,1.995682,0.171717,0,0,0.998982
cmp-00681,0.150000,20494000.000000,16.835643,45,STRICT,PRIVATE_LINK,1,1,0.150000,0.244906,99,92,0.002474,0.028330,0.036282,0.019741,1.632706,0.116071,0,0,0.790890
cmp-00681,0.250000,20494000.000000,16.835643,45,STRICT,PRIVATE_LINK,1,1,0.250000,0.326891,131,121,0.002495,0.018219,0.029057,0.019944,1.307563,0.114865,0,0,0.790890
cmp-00681,0.500000,20494000.000000,16.835643,45,STRICT,PRIVATE_LINK,1,1,0.500000,0.463682,189,168,0.002453,0.007781,0.020608,0.023836,0.927364,0.112676,0,0,0.790890
cmp-00682,0.150000,7621000.000000,15.846418,87,FLEXIBLE,PUBLIC,4,3,0.150000,0.996746,72,59,0.013844,0.048351,0.076379,0.000044,6.644972,0.162791,0,1,2.849705
cmp-00682,0.250000,7621000.000000,15.846418,87,FLEXIBLE,PUBLIC,4,3,0.250000,1.383440,99,76,0.013974,0.044448,0.063606,0.000000,5.533762,0.131579,1,1,2.849705
cmp-00682,0.500000,7621000.000000,15.846418,87,FLEXIBLE,PUBLIC,4,3,0.500000,1.771788,136,100,0.013028,0.013108,0.040731,0.000000,3.543577,0.122581,1,1,2.849705
cmp-00683,0.150000,6463000.000000,15.681604,44,FLEXIBLE,PRIVATE_LINK,1,3,0.150000,0.034334,2,2,0.017167,0.007803,0.005202,0.025820,0.228893,0.000000,0,0,0.430528
cmp-00683,0.250000,6463000.000000,15.681604,44,FLEXIBLE,PRIVATE_LINK,1,3,0.250000,0.039889,3,3,0.013296,0.001262,0.003626,0.029094,0.159554,0.000000,0,0,0.430528
cmp-00683,0.500000,6463000.000000,15.681604,44,FLEXIBLE,PRIVATE_LINK,1,3,0.500000,0.282160,13,12,0.021705,0.013669,0.012825,0.032629,0.564320,0.000000,0,0,0.430528
cmp-00684,0.150000,10290000.000000,16.146683,79,FLEXIBLE,PUBLIC,5,2,0.150000,0.492760,65,57,0.007581,0.033011,0.041583,0.007554,3.285066,0.071429,0,1,2.127337
cmp-00684,0.250000,10290000.000000,16.146683,79,FLEXIBLE,PUBLIC,5,2,0.250000,0.610593,84,71,0.007269,0.014916,0.030916,0.006572,2.442371,0.115789,0,1,2.127337
cmp-00684,0.500000,10290000.000000,16.146683,79,FLEXIBLE,PUBLIC,5,2,0.500000,1.025860,123,102,0.008340,0.029298,0.025971,0.000000,2.051720,0.127660,1,1,2.127337
cmp-00685,0.150000,13439000.000000,16.413671,87,CLOSE_ON_TARGET,PUBLIC,3,2,0.150000,0.333641,30,26,0.011121,0.020950,0.025566,0.009011,2.224273,0.090909,0,1,1.021266
cmp-00685,0.250000,13439000.000000,16.413671,87,CLOSE_ON_TARGET,PUBLIC,3,2,0.250000,0.537570,46,39,0.011686,0.023440,0.024716,0.007087,2.150279,0.061224,0,1,1.021266
cmp-00685,0.500000,13439000.000000,16.413671,87,CLOSE_ON_TARGET,PUBLIC,3,2,0.500000,0.660116,60,51,0.011002,0.003922,0.015175,0.007813,1.320232,0.062500,0,1,1.021266
cmp-00686,0.150000,8161000.000000,15.914877,31,STRICT,PUBLIC,4,3,0.150000,0.965666,118,99,0.008184,0.177627,0.207670,0.001303,6.437773,0.112782,0,0,0.999743
cmp-00686,0.250000,8161000.000000,15.914877,31,STRICT,PUBLIC,4,3,0.250000,0.999743,122,102,0.008195,0.010992,0.128999,0.000011,3.998971,0.116279,0,0,0.999743
cmp-00686,0.500000,8161000.000000,15.914877,31,STRICT,PUBLIC,4,3,0.500000,0.999743,122,102,0.008195,0.000000,0.064500,0.000017,1.999485,0.113924,0,0,0.999743
cmp-00687,0.150000,9550000.000000,16.072052,79,FLEXIBLE,PUBLIC,3,3,0.150000,0.648911,38,34,0.017077,0.041751,0.054760,0.005228,4.326073,0.155556,0,1,2.348450
cmp-00687,0.250000,9550000.000000,16.072052,79,FLEXIBLE,PUBLIC,3,3,0.250000,0.927843,56,48,0.016569,0.035308,0.046979,0.001218,3.711372,0.151515,0,1,2.348450
cmp-00687,0.500000,9550000.000000,16.072052,79,FLEXIBLE,PUBLIC,3,3,0.500000,1.547518,86,70,0.017994,0.010465,0.039178,0.000000,3.095037,0.131313,1,1,2.348450
cmp-00688,0.150000,3757000.000000,15.139131,43,STRICT,PRIVATE_LINK,2,2,0.150000,0.229678,14,14,0.016406,0.021894,0.035609,0.021076,1.531186,0.000000,0,0,0.974421
cmp-00688,0.250000,3757000.000000,15.139131,43,STRICT,PRIVATE_LINK,2,2,0.250000,0.278893,17,17,0.016405,0.011445,0.025944,0.022360,1.115571,0.105263,0,0,0.974421
cmp-00688,0.500000,3757000.000000,15.139131,43,STRICT,PRIVATE_LINK,2,2,0.500000,0.283364,18,18,0.015742,0.000000,0.013180,0.033332,0.566729,0.142857,0,0,0.974421
cmp-00689,0.150000,7505000.000000,15.831080,55,FLEXIBLE,PUBLIC,2,3,0.150000,0.257748,44,40,0.005858,0.027286,0.031242,0.015877,1.718321,0.063830,0,0,0.539121
cmp-00689,0.250000,7505000.000000,15.831080,55,FLEXIBLE,PUBLIC,2,3,0.250000,0.298894,56,50,0.005337,0.007481,0.021738,0.016997,1.195576,0.066667,0,0,0.539121
cmp-00689,0.500000,7505000.000000,15.831080,55,FLEXIBLE,PUBLIC,2,3,0.500000,0.367702,74,67,0.004969,0.005209,0.013371,0.022993,0.735403,0.075000,0,0,0.539121
cmp-00690,0.150000,7858000.000000,15.877043,43,FLEXIBLE,PRIVATE_LINK,1,3,0.150000,0.168554,22,20,0.007662,0.030939,0.026132,0.022748,1.123696,0.043478,0,0,0.665004
cmp-00690,0.250000,7858000.000000,15.877043,43,FLEXIBLE,PRIVATE_LINK,1,3,0.250000,0.314940,29,27,0.010860,0.034043,0.029297,0.021242,1.259761,0.033333,0,0,0.665004
cmp-00690,0.500000,7858000.000000,15.877043,43,FLEXIBLE,PRIVATE_LINK,1,3,0.500000,0.407699,36,32,0.011325,0.000772,0.018963,0.027549,0.815398,0.052632,0,0,0.665004
cmp-00691,0.150000,4412000.000000,15.299839,67,FLEXIBLE,PUBLIC,1,1,0.150000,0.569152,15,13,0.037943,0.037834,0.056632,0.007565,3.794349,0.117647,0,1,1.512829
cmp-00691,0.250000,4412000.000000,15.299839,67,FLEXIBLE,PUBLIC,1,1,0.250000,0.710653,22,19,0.032302,0.021119,0.042427,0.005758,2.842611,0.083333,0,1,1.512829
cmp-00691,0.500000,4412000.000000,15.299839,67,FLEXIBLE,PUBLIC,1,1,0.500000,0.868223,26,23,0.033393,0.000000,0.025917,0.003934,1.736446,0.071429,0,1,1.512829
cmp-00692,0.150000,12019000.000000,16.301999,90,FLEXIBLE,PUBLIC,6,1,0.150000,0.532515,59,45,0.009026,0.035492,0.039446,0.006111,3.550101,0.169014,0,1,2.254023
cmp-00692,0.250000,12019000.000000,16.301999,90,FLEXIBLE,PUBLIC,6,1,0.250000,0.861977,84,63,0.010262,0.036607,0.038310,0.002045,3.447907,0.142857,0,1,2.254023
cmp-00692,0.500000,12019000.000000,16.301999,90,FLEXIBLE,PUBLIC,6,1,0.500000,1.249330,119,83,0.010499,0.012892,0.027763,0.000000,2.498660,0.137681,1,1,2.254023
cmp-00693,0.150000,4801000.000000,15.384335,36,FLEXIBLE,PUBLIC,2,3,0.150000,0.528994,19,17,0.027842,0.039309,0.097962,0.015392,3.526626,0.095238,0,1,1.278317
cmp-00693,0.250000,4801000.000000,15.384335,36,FLEXIBLE,PUBLIC,2,3,0.250000,0.617351,26,23,0.023744,0.024543,0.068595,0.014172,2.469402,0.103448,0,1,1.278317
cmp-00693,0.500000,4801000.000000,15.384335,36,FLEXIBLE,PUBLIC,2,3,0.500000,0.830390,40,31,0.020760,0.023855,0.046133,0.009423,1.660779,0.069767,0,1,1.278317
cmp-00694,0.150000,16589000.000000,16.624250,85,FLEXIBLE,PUBLIC,4,1,0.150000,1.404407,226,162,0.006214,0.087395,0.110150,0.000000,9.362710,0.153558,1,1,4.437278
cmp-00694,0.250000,16589000.000000,16.624250,85,FLEXIBLE,PUBLIC,4,1,0.250000,1.782470,294,185,0.006063,0.044478,0.083881,0.000000,7.129881,0.147826,1,1,4.437278
cmp-00694,0.500000,16589000.000000,16.624250,85,FLEXIBLE,PUBLIC,4,1,0.500000,2.572114,434,243,0.005927,0.031113,0.060520,0.000000,5.144228,0.133733,1,1,4.437278
cmp-00695,0.150000,13472000.000000,16.416124,83,STRICT,PUBLIC,2,1,0.150000,0.111409,17,17,0.006553,0.005427,0.008949,0.012595,0.742726,0.190476,0,0,0.486305
cmp-00695,0.250000,13472000.000000,16.416124,83,STRICT,PUBLIC,2,1,0.250000,0.164371,25,25,0.006575,0.006381,0.007921,0.013424,0.657482,0.166667,0,0,0.486305
cmp-00695,0.500000,13472000.000000,16.416124,83,STRICT,PUBLIC,2,1,0.500000,0.209405,36,36,0.005817,0.003425,0.005046,0.019050,0.418809,0.162791,0,0,0.486305
cmp-00696,0.150000,23798000.000000,16.985112,23,FLEXIBLE,PUBLIC,3,1,0.150000,0.126078,26,26,0.004849,0.040751,0.036544,0.044702,0.840519,0.071429,0,0,0.562694
cmp-00696,0.250000,23798000.000000,16.985112,23,FLEXIBLE,PUBLIC,3,1,0.250000,0.214808,48,45,0.004475,0.038578,0.037358,0.045518,0.859232,0.076923,0,0,0.562694
cmp-00696,0.500000,23798000.000000,16.985112,23,FLEXIBLE,PUBLIC,3,1,0.500000,0.322859,66,59,0.004892,0.015438,0.028075,0.058882,0.645718,0.095890,0,0,0.562694
cmp-00697,0.150000,3809000.000000,15.152877,58,FLEXIBLE,PUBLIC,5,2,0.150000,0.535180,32,29,0.016724,0.047786,0.061515,0.009428,3.567866,0.179487,0,1,2.950249
cmp-00697,0.250000,3809000.000000,15.152877,58,FLEXIBLE,PUBLIC,5,2,0.250000,0.841533,49,42,0.017174,0.052820,0.058037,0.003643,3.366133,0.169492,0,1,2.950249
cmp-00697,0.500000,3809000.000000,15.152877,58,FLEXIBLE,PUBLIC,5,2,0.500000,1.696745,75,61,0.022623,0.070677,0.058508,0.000000,3.393489,0.147727,1,1,2.950249
cmp-00698,0.150000,13799000.000000,16.440107,53,CLOSE_ON_TARGET,PUBLIC,8,1,0.150000,0.433365,107,97,0.004050,0.048917,0.054511,0.012578,2.889098,0.130081,0,1,1.000841
cmp-00698,0.250000,13799000.000000,16.440107,53,CLOSE_ON_TARGET,PUBLIC,8,1,0.250000,0.626111,148,128,0.004230,0.036367,0.047254,0.009406,2.504442,0.159091,0,1,1.000841
cmp-00698,0.500000,13799000.000000,16.440107,53,CLOSE_ON_TARGET,PUBLIC,8,1,0.500000,0.944525,224,180,0.004217,0.032622,0.035642,0.002093,1.889050,0.138462,0,1,1.000841
cmp-00699,0.150000,8813000.000000,15.991738,32,STRICT,PUBLIC,3,1,0.150000,0.963316,74,61,0.013018,0.163154,0.200691,0.001349,6.422104,0.186813,0,0,0.999750
cmp-00699,0.250000,8813000.000000,15.991738,32,STRICT,PUBLIC,3,1,0.250000,0.999750,78,64,0.012817,0.011386,0.124969,0.000010,3.999001,0.214286,0,0,0.999750
cmp-00699,0.500000,8813000.000000,15.991738,32,STRICT,PUBLIC,3,1,0.500000,0.999750,78,64,0.012817,0.000000,0.062484,0.000016,1.999501,0.194737,0,0,0.999750
cmp-00700,0.150000,6939000.000000,15.752668,67,FLEXIBLE,PUBLIC,5,3,0.150000,0.235120,23,20,0.010223,0.016954,0.023395,0.013431,1.567469,0.233333,0,1,1.301484
cmp-00700,0.250000,6939000.000000,15.752668,67,FLEXIBLE,PUBLIC,5,3,0.250000,0.515492,39,35,0.013218,0.041847,0.030776,0.009642,2.061969,0.204082,0,1,1.301484
cmp-00700,0.500000,6939000.000000,15.752668,67,FLEXIBLE,PUBLIC,5,3,0.500000,0.708128,57,50,0.012423,0.009643,0.021138,0.008713,1.416256,0.149254,0,1,1.301484
cmp-00701,0.150000,2766000.000000,14.832913,76,STRICT,PUBLIC,3,1,0.150000,0.520535,11,11,0.047321,0.044759,0.045661,0.007422,3.470234,0.083333,0,0,0.998337
cmp-00701,0.250000,2766000.000000,14.832913,76,STRICT,PUBLIC,3,1,0.250000,0.719667,17,15,0.042333,0.026202,0.037877,0.004918,2.878670,0.105263,0,0,0.998337
cmp-00701,0.500000,2766000.000000,14.832913,76,STRICT,PUBLIC,3,1,0.500000,0.927368,19,15,0.048809,0.000000,0.024404,0.001911,1.854736,0.095238,0,0,0.998337
cmp-00702,0.150000,6632000.000000,15.707417,33,FLEXIBLE,PUBLIC,3,2,0.150000,0.409349,31,28,0.013205,0.051353,0.082697,0.021057,2.728991,0.138889,0,1,1.004252
cmp-00702,0.250000,6632000.000000,15.707417,33,FLEXIBLE,PUBLIC,3,2,0.250000,0.519919,44,40,0.011816,0.033506,0.063020,0.019397,2.079674,0.137255,0,1,1.004252
cmp-00702,0.500000,6632000.000000,15.707417,33,FLEXIBLE,PUBLIC,3,2,0.500000,0.608730,56,51,0.010870,0.012561,0.036893,0.023713,1.217461,0.138462,0,1,1.004252
cmp-00703,0.150000,3012000.000000,14.918115,16,FLEXIBLE,PUBLIC,1,3,0.150000,0.256939,15,13,0.017129,0.019298,0.107058,0.054637,1.712926,0.210526,0,1,1.613413
cmp-00703,0.250000,3012000.000000,14.918115,16,FLEXIBLE,PUBLIC,1,3,0.250000,0.347012,20,17,0.017351,0.056296,0.086753,0.054416,1.388048,0.230769,0,1,1.613413
cmp-00703,0.500000,3012000.000000,14.918115,16,FLEXIBLE,PUBLIC,1,3,0.500000,0.763147,29,23,0.026315,0.180590,0.095393,0.029607,1.526295,0.171429,0,1,1.613413
cmp-00704,0.150000,6917000.000000,15.749493,47,CLOSE_ON_TARGET,PRIVATE_LINK,3,3,0.150000,0.418404,27,26,0.015496,0.055042,0.059348,0.014558,2.789360,0.129032,0,1,1.004366
cmp-00704,0.250000,6917000.000000,15.749493,47,CLOSE_ON_TARGET,PRIVATE_LINK,3,3,0.250000,0.678806,38,37,0.017863,0.055405,0.057771,0.009112,2.715223,0.116279,0,1,1.004366
cmp-00704,0.500000,6917000.000000,15.749493,47,CLOSE_ON_TARGET,PRIVATE_LINK,3,3,0.500000,0.884921,54,51,0.016387,0.019065,0.037656,0.004897,1.769842,0.114754,0,1,1.004366
cmp-00705,0.150000,3430000.000000,15.048071,30,CLOSE_ON_TARGET,PUBLIC,3,1,0.150000,0.197668,7,7,0.028238,0.056589,0.043926,0.031464,1.317784,0.300000,0,0,0.736793
cmp-00705,0.250000,3430000.000000,15.048071,30,CLOSE_ON_TARGET,PUBLIC,3,1,0.250000,0.201662,8,8,0.025208,0.001331,0.026888,0.035482,0.806647,0.272727,0,0,0.736793
cmp-00705,0.500000,3430000.000000,15.048071,30,CLOSE_ON_TARGET,PUBLIC,3,1,0.500000,0.289621,13,12,0.022279,0.014781,0.019308,0.047359,0.579242,0.235294,0,0,0.736793
cmp-00706,0.150000,14519000.000000,16.490969,55,FLEXIBLE,PUBLIC,1,2,0.150000,0.527860,120,104,0.004399,0.049549,0.063983,0.010099,3.519067,0.090909,0,1,1.659005
cmp-00706,0.250000,14519000.000000,16.490969,55,FLEXIBLE,PUBLIC,1,2,0.250000,0.704394,153,128,0.004604,0.032097,0.051229,0.007166,2.817577,0.078313,0,1,1.659005
cmp-00706,0.500000,14519000.000000,16.490969,55,FLEXIBLE,PUBLIC,1,2,0.500000,1.077478,222,185,0.004854,0.031614,0.039181,0.000000,2.154956,0.093878,1,1,1.659005
cmp-00707,0.150000,12784000.000000,16.363705,20,FLEXIBLE,PUBLIC,5,1,0.150000,0.699140,80,76,0.008739,0.222348,0.233047,0.017698,4.660930,0.101124,0,1,1.926056
cmp-00707,0.250000,12784000.000000,16.363705,20,FLEXIBLE,PUBLIC,5,1,0.250000,0.891849,101,91,0.008830,0.096355,0.178370,0.007210,3.567397,0.106195,0,1,1.926056
cmp-00707,0.500000,12784000.000000,16.363705,20,FLEXIBLE,PUBLIC,5,1,0.500000,1.126783,137,118,0.008225,0.025117,0.112678,0.000000,2.253567,0.116129,1,1,1.926056
cmp-00708,0.150000,14889000.000000,16.516133,28,CLOSE_ON_TARGET,PUBLIC,1,3,0.150000,0.956485,104,87,0.009197,0.174757,0.227734,0.001828,6.376564,0.095652,0,1,1.002035
cmp-00709,0.150000,8096000.000000,15.906881,38,FLEXIBLE,PRIVATE_LINK,1,2,0.150000,0.528014,57,53,0.009263,0.088036,0.092634,0.014613,3.520092,0.095238,0,1,1.905188
cmp-00709,0.250000,8096000.000000,15.906881,38,FLEXIBLE,PRIVATE_LINK,1,2,0.250000,0.658992,78,69,0.008449,0.034468,0.069368,0.011965,2.635968,0.103448,0,1,1.905188
cmp-00709,0.500000,8096000.000000,15.906881,38,FLEXIBLE,PRIVATE_LINK,1,2,0.500000,1.060030,114,92,0.009299,0.037419,0.055791,0.000000,2.120059,0.129771,1,1,1.905188
cmp-00710,0.150000,3283000.000000,15.004268,34,FLEXIBLE,PUBLIC,4,2,0.150000,0.298903,12,11,0.024909,0.069189,0.058609,0.024259,1.992690,0.142857,0,0,0.695005
cmp-00710,0.250000,3283000.000000,15.004268,34,FLEXIBLE,PUBLIC,4,2,0.250000,0.298903,12,11,0.024909,0.000000,0.035165,0.027494,1.195614,0.142857,0,0,0.695005
cmp-00710,0.500000,3283000.000000,15.004268,34,FLEXIBLE,PUBLIC,4,2,0.500000,0.417301,17,15,0.024547,0.000000,0.024547,0.034276,0.834602,0.150000,0,0,0.695005
cmp-00711,0.150000,13271000.000000,16.401092,69,FLEXIBLE,PUBLIC,3,3,0.150000,0.380212,52,48,0.007312,0.023913,0.036736,0.010568,2.534750,0.054545,0,0,0.869437
cmp-00711,0.250000,13271000.000000,16.401092,69,FLEXIBLE,PUBLIC,3,3,0.250000,0.438091,61,55,0.007182,0.008388,0.025397,0.010858,1.752362,0.075758,0,0,0.869437
cmp-00711,0.500000,13271000.000000,16.401092,69,FLEXIBLE,PUBLIC,3,3,0.500000,0.562452,83,69,0.006777,0.003190,0.016303,0.012683,1.124904,0.077778,0,0,0.869437
cmp-00712,0.150000,4889000.000000,15.402498,61,STRICT,PUBLIC,3,2,0.150000,0.348169,23,23,0.015138,0.040238,0.038051,0.012571,2.321129,0.041667,0,0,0.996093
cmp-00712,0.250000,4889000.000000,15.402498,61,STRICT,PUBLIC,3,2,0.250000,0.480916,33,31,0.014573,0.021762,0.031535,0.011346,1.923665,0.083333,0,0,0.996093
cmp-00712,0.500000,4889000.000000,15.402498,61,STRICT,PUBLIC,3,2,0.500000,0.603968,45,43,0.013422,0.008413,0.019802,0.012985,1.207936,0.081633,0,0,0.996093
cmp-00713,0.150000,37595000.000000,17.442382,61,STRICT,PRIVATE_LINK,2,1,0.150000,0.124865,47,47,0.002657,0.007027,0.013646,0.016878,0.832433,0.129630,0,0,0.519558
cmp-00713,0.250000,37595000.000000,17.442382,61,STRICT,PRIVATE_LINK,2,1,0.250000,0.152935,61,60,0.002507,0.004602,0.010029,0.018515,0.611741,0.102941,0,0,0.519558
cmp-00713,0.500000,37595000.000000,17.442382,61,STRICT,PRIVATE_LINK,2,1,0.500000,0.236914,90,87,0.002632,0.003515,0.007768,0.025019,0.473829,0.108911,0,0,0.519558
cmp-00714,0.150000,3593000.000000,15.094498,29,FLEXIBLE,PUBLIC,1,3,0.150000,0.470220,21,20,0.022391,0.076499,0.108097,0.021492,3.134799,0.192308,0,1,1.398525
cmp-00714,0.250000,3593000.000000,15.094498,29,FLEXIBLE,PUBLIC,1,3,0.250000,0.642638,33,30,0.019474,0.059455,0.088640,0.016430,2.570554,0.195122,0,1,1.398525
cmp-00714,0.500000,3593000.000000,15.094498,29,FLEXIBLE,PUBLIC,1,3,0.500000,0.876092,41,37,0.021368,0.032909,0.060420,0.008545,1.752185,0.180000,0,1,1.398525
cmp-00715,0.150000,14259000.000000,16.472899,23,FLEXIBLE,PUBLIC,7,2,0.150000,0.803626,232,192,0.003464,0.175307,0.232935,0.010045,5.357505,0.153285,0,1,2.795715
cmp-00715,0.250000,14259000.000000,16.472899,23,FLEXIBLE,PUBLIC,7,2,0.250000,1.043895,300,234,0.003480,0.104465,0.181547,0.000000,4.175580,0.152542,1,1,2.795715
cmp-00715,0.500000,14259000.000000,16.472899,23,FLEXIBLE,PUBLIC,7,2,0.500000,1.462767,430,301,0.003402,0.059075,0.127197,0.000000,2.925535,0.136546,1,1,2.795715
cmp-00716,0.150000,9211000.000000,16.035909,70,FLEXIBLE,PUBLIC,2,2,0.150000,0.216741,21,21,0.010321,0.016299,0.020642,0.013164,1.444939,0.222222,0,0,0.567930
cmp-00716,0.250000,9211000.000000,16.035909,70,FLEXIBLE,PUBLIC,2,2,0.250000,0.260916,29,29,0.008997,0.006311,0.014910,0.014078,1.043665,0.194444,0,0,0.567930
cmp-00716,0.500000,9211000.000000,16.035909,70,FLEXIBLE,PUBLIC,2,2,0.500000,0.356747,46,44,0.007755,0.003190,0.010193,0.018379,0.713495,0.192982,0,0,0.567930
cmp-00717,0.150000,7601000.000000,15.843790,73,STRICT,PUBLIC,4,2,0.150000,0.209525,16,16,0.013095,0.015169,0.019135,0.012739,1.396834,0.058824,0,0,0.830917
cmp-00717,0.250000,7601000.000000,15.843790,73,STRICT,PUBLIC,4,2,0.250000,0.241547,19,19,0.012713,0.004387,0.013235,0.013853,0.966189,0.050000,0,0,0.830917
cmp-00717,0.500000,7601000.000000,15.843790,73,STRICT,PUBLIC,4,2,0.500000,0.532746,32,32,0.016648,0.008146,0.014596,0.012801,1.065491,0.058824,0,0,0.830917
cmp-00718,0.150000,14339000.000000,16.478494,15,FLEXIBLE,PUBLIC,3,3,0.150000,0.529298,75,68,0.007057,0.198331,0.235243,0.036918,3.528651,0.127907,0,1,1.757835
cmp-00718,0.250000,14339000.000000,16.478494,15,FLEXIBLE,PUBLIC,3,3,0.250000,0.803076,94,79,0.008543,0.182519,0.214153,0.017504,3.212302,0.145455,0,1,1.757835
cmp-00718,0.500000,14339000.000000,16.478494,15,FLEXIBLE,PUBLIC,3,3,0.500000,1.127784,137,103,0.008232,0.078174,0.150371,0.000000,2.255569,0.143750,1,1,1.757835
cmp-00719,0.150000,4987000.000000,15.422345,22,STRICT,PUBLIC,1,3,0.150000,0.257891,18,18,0.014327,0.086981,0.078149,0.039685,1.719270,0.142857,0,0,0.683898
cmp-00719,0.250000,4987000.000000,15.422345,22,STRICT,PUBLIC,1,3,0.250000,0.390616,27,27,0.014467,0.060330,0.071021,0.036932,1.562462,0.181818,0,0,0.683898
cmp-00719,0.500000,4987000.000000,15.422345,22,STRICT,PUBLIC,1,3,0.500000,0.499639,42,41,0.011896,0.029759,0.045422,0.045487,0.999278,0.125000,0,0,0.683898
cmp-00720,0.150000,4239000.000000,15.259838,42,STRICT,PUBLIC,5,1,0.150000,0.336754,14,12,0.024054,0.035998,0.053453,0.018578,2.245026,0.125000,0,0,0.992498
cmp-00720,0.250000,4239000.000000,15.259838,42,STRICT,PUBLIC,5,1,0.250000,0.549941,23,19,0.023910,0.050759,0.052375,0.014288,2.199764,0.148148,0,0,0.992498
cmp-00720,0.500000,4239000.000000,15.259838,42,STRICT,PUBLIC,5,1,0.500000,0.774499,32,24,0.024203,0.020597,0.036881,0.010738,1.548997,0.157895,0,0,0.992498
cmp-00721,0.150000,7981000.000000,15.892574,40,FLEXIBLE,PUBLIC,5,1,0.150000,1.425486,169,123,0.008435,0.220301,0.237581,0.000000,9.503237,0.110526,1,1,4.675955
cmp-00721,0.250000,7981000.000000,15.892574,40,FLEXIBLE,PUBLIC,5,1,0.250000,1.815675,218,147,0.008329,0.097547,0.181567,0.000000,7.262699,0.117409,1,1,4.675955
cmp-00721,0.500000,7981000.000000,15.892574,40,FLEXIBLE,PUBLIC,5,1,0.500000,2.542175,307,173,0.008281,0.076679,0.127109,0.000000,5.084350,0.120344,1,1,4.675955
cmp-00722,0.150000,5444000.000000,15.510025,29,STRICT,PUBLIC,3,1,0.150000,0.472337,37,31,0.012766,0.062935,0.108583,0.021406,3.148910,0.139535,0,0,0.998439
cmp-00722,0.250000,5444000.000000,15.510025,29,STRICT,PUBLIC,3,1,0.250000,0.827351,54,45,0.015321,0.122419,0.114117,0.007938,3.309405,0.142857,0,0,0.998439
cmp-00722,0.500000,5444000.000000,15.510025,29,STRICT,PUBLIC,3,1,0.500000,0.992469,70,56,0.014178,0.006828,0.068446,0.000519,1.984938,0.134146,0,0,0.998439
cmp-00723,0.150000,8454000.000000,15.950150,90,STRICT,PUBLIC,1,1,0.150000,0.659558,48,45,0.013741,0.044071,0.048856,0.004450,4.397051,0.142857,0,0,0.999692
cmp-00723,0.250000,8454000.000000,15.950150,90,STRICT,PUBLIC,1,1,0.250000,0.801916,58,54,0.013826,0.015818,0.035641,0.002935,3.207665,0.147059,0,0,0.999692
cmp-00723,0.500000,8454000.000000,15.950150,90,STRICT,PUBLIC,1,1,0.500000,0.999692,78,64,0.012817,0.000311,0.022215,0.000007,1.999385,0.132075,0,0,0.999692
cmp-00724,0.150000,4990000.000000,15.422946,34,FLEXIBLE,PRIVATE_LINK,1,1,0.150000,0.344890,11,11,0.031354,0.057079,0.067625,0.022668,2.299265,0.153846,0,0,0.866152
cmp-00724,0.250000,4990000.000000,15.422946,34,FLEXIBLE,PRIVATE_LINK,1,1,0.250000,0.354128,12,12,0.029511,0.002717,0.041662,0.025328,1.416513,0.200000,0,0,0.866152
cmp-00724,0.500000,4990000.000000,15.422946,34,FLEXIBLE,PRIVATE_LINK,1,1,0.500000,0.427635,18,15,0.023758,0.011305,0.025155,0.033669,0.855271,0.181818,0,0,0.866152
cmp-00725,0.150000,22746000.000000,16.939900,23,FLEXIBLE,PUBLIC,4,3,0.150000,0.177741,34,31,0.005228,0.041060,0.051519,0.042059,1.184941,0.227273,0,0,0.521670
cmp-00725,0.250000,22746000.000000,16.939900,23,FLEXIBLE,PUBLIC,4,3,0.250000,0.242179,46,43,0.005265,0.028016,0.042118,0.043932,0.968715,0.192982,0,0,0.521670
cmp-00725,0.500000,22746000.000000,16.939900,23,FLEXIBLE,PUBLIC,4,3,0.500000,0.297318,62,59,0.004795,0.009838,0.025854,0.061103,0.594636,0.184211,0,0,0.521670
cmp-00726,0.150000,30747000.000000,17.241303,82,STRICT,PRIVATE_LINK,4,3,0.150000,0.666078,265,232,0.002514,0.047951,0.054153,0.004791,4.440520,0.110738,0,0,0.999922
cmp-00726,0.250000,30747000.000000,17.241303,82,STRICT,PRIVATE_LINK,4,3,0.250000,0.927333,356,294,0.002605,0.031860,0.045236,0.001182,3.709331,0.110000,0,0,0.999922
cmp-00726,0.500000,30747000.000000,17.241303,82,STRICT,PRIVATE_LINK,4,3,0.500000,0.999922,391,319,0.002557,0.000000,0.024388,0.000002,1.999844,0.116041,0,0,0.999922
cmp-00727,0.150000,6924000.000000,15.750504,34,FLEXIBLE,PUBLIC,1,1,0.150000,1.298122,143,109,0.009078,0.172320,0.254534,0.000000,8.654150,0.071429,1,1,3.181990
cmp-00727,0.250000,6924000.000000,15.750504,34,FLEXIBLE,PUBLIC,1,1,0.250000,1.591277,177,131,0.008990,0.086222,0.187209,0.000000,6.365107,0.082902,1,1,3.181990
cmp-00727,0.500000,6924000.000000,15.750504,34,FLEXIBLE,PUBLIC,1,1,0.500000,1.988128,224,153,0.008876,0.063182,0.116949,0.000000,3.976256,0.089431,1,1,3.181990
cmp-00728,0.150000,13042000.000000,16.383685,76,STRICT,PUBLIC,5,2,0.150000,0.486283,49,46,0.009924,0.039437,0.042656,0.007952,3.241885,0.125000,0,0,0.999578
cmp-00728,0.250000,13042000.000000,16.383685,76,STRICT,PUBLIC,5,2,0.250000,0.647922,67,61,0.009670,0.021268,0.034101,0.006177,2.591688,0.118421,0,0,0.999578
cmp-00728,0.500000,13042000.000000,16.383685,76,STRICT,PUBLIC,5,2,0.500000,0.903573,101,82,0.008946,0.008734,0.023778,0.002538,1.807146,0.098214,0,0,0.999578
cmp-00729,0.150000,18879000.000000,16.753561,86,STRICT,PUBLIC,4,2,0.150000,0.402251,57,52,0.007057,0.025455,0.031182,0.008177,2.681675,0.161765,0,0,0.999582
cmp-00729,0.250000,18879000.000000,16.753561,86,STRICT,PUBLIC,4,2,0.250000,0.554362,85,73,0.006522,0.017687,0.025784,0.006909,2.217448,0.150000,0,0,0.999582
cmp-00729,0.500000,18879000.000000,16.753561,86,STRICT,PUBLIC,4,2,0.500000,0.784618,119,94,0.006593,0.005083,0.018247,0.005009,1.569236,0.143885,0,0,0.999582
cmp-00730,0.150000,3941000.000000,15.186945,38,FLEXIBLE,PUBLIC,3,2,0.150000,0.306344,23,19,0.013319,0.053874,0.053744,0.021475,2.042290,0.148148,0,0,0.964121
cmp-00730,0.250000,3941000.000000,15.186945,38,FLEXIBLE,PUBLIC,3,2,0.250000,0.448845,29,24,0.015477,0.037501,0.047247,0.019339,1.795382,0.121212,0,0,0.964121
cmp-00730,0.500000,3941000.000000,15.186945,38,FLEXIBLE,PUBLIC,3,2,0.500000,0.581654,41,34,0.014187,0.007719,0.030613,0.022018,1.163309,0.108696,0,0,0.964121
cmp-00731,0.150000,8987000.000000,16.011290,37,FLEXIBLE,PRIVATE_LINK,0,3,0.150000,0.625492,42,36,0.014893,0.080949,0.112701,0.011908,4.169949,0.125000,0,1,1.876065
cmp-00731,0.250000,8987000.000000,16.011290,37,FLEXIBLE,PRIVATE_LINK,0,3,0.250000,0.764682,56,49,0.013655,0.037619,0.082668,0.008480,3.058729,0.125000,0,1,1.876065
cmp-00731,0.500000,8987000.000000,16.011290,37,FLEXIBLE,PRIVATE_LINK,0,3,0.500000,1.064104,82,67,0.012977,0.046788,0.057519,0.000000,2.128207,0.118280,1,1,1.876065
cmp-00732,0.150000,15351000.000000,16.546691,82,CLOSE_ON_TARGET,PUBLIC,1,1,0.150000,0.255397,39,36,0.006549,0.020927,0.020764,0.010683,1.702647,0.152174,0,1,1.000684
cmp-00732,0.250000,15351000.000000,16.546691,82,CLOSE_ON_TARGET,PUBLIC,1,1,0.250000,0.560165,56,51,0.010003,0.037167,0.027325,0.007152,2.240662,0.138462,0,1,1.000684
cmp-00732,0.500000,15351000.000000,16.546691,82,CLOSE_ON_TARGET,PUBLIC,1,1,0.500000,0.731399,93,80,0.007865,0.005508,0.017839,0.006551,1.462797,0.097087,0,1,1.000684
cmp-00733,0.150000,7737000.000000,15.861525,39,FLEXIBLE,PRIVATE_LINK,3,3,0.150000,0.516415,36,31,0.014345,0.090517,0.088276,0.014588,3.442764,0.100000,0,1,1.673956
cmp-00733,0.250000,7737000.000000,15.861525,39,FLEXIBLE,PRIVATE_LINK,3,3,0.250000,0.771410,52,46,0.014835,0.065383,0.079119,0.007815,3.085640,0.103448,0,1,1.673956
cmp-00733,0.500000,7737000.000000,15.861525,39,FLEXIBLE,PRIVATE_LINK,3,3,0.500000,1.261096,79,62,0.015963,0.054868,0.064672,0.000000,2.522192,0.122222,1,1,1.673956
cmp-00734,0.150000,2414000.000000,14.696796,27,FLEXIBLE,PUBLIC,6,3,0.150000,1.557622,40,30,0.038941,0.303538,0.384598,0.000000,10.384148,0.111111,1,1,4.538277
cmp-00734,0.250000,2414000.000000,14.696796,27,FLEXIBLE,PUBLIC,6,3,0.250000,1.665576,45,34,0.037013,0.039983,0.246752,0.000000,6.662303,0.100000,1,1,4.538277
cmp-00734,0.500000,2414000.000000,14.696796,27,FLEXIBLE,PUBLIC,6,3,0.500000,2.086910,55,39,0.037944,0.008162,0.154586,0.000000,4.173819,0.126984,1,1,4.538277
cmp-00735,0.150000,5329000.000000,15.488674,79,STRICT,PUBLIC,5,3,0.150000,0.578551,52,45,0.011126,0.038906,0.048823,0.006276,3.857009,0.071429,0,0,0.999418
cmp-00735,0.250000,5329000.000000,15.488674,79,STRICT,PUBLIC,5,3,0.250000,0.747570,64,55,0.011681,0.021395,0.037852,0.004260,2.990280,0.085714,0,0,0.999418
cmp-00735,0.500000,5329000.000000,15.488674,79,STRICT,PUBLIC,5,3,0.500000,0.996735,88,76,0.011327,0.003867,0.025234,0.000083,1.993470,0.091837,0,0,0.999418
cmp-00736,0.150000,6017000.000000,15.610099,60,FLEXIBLE,PUBLIC,3,3,0.150000,0.696826,36,31,0.019356,0.078924,0.077425,0.005945,4.645504,0.142857,0,1,1.603224
cmp-00736,0.250000,6017000.000000,15.610099,60,FLEXIBLE,PUBLIC,3,3,0.250000,0.871963,44,34,0.019817,0.029190,0.058131,0.002845,3.487851,0.169811,0,1,1.603224
cmp-00736,0.500000,6017000.000000,15.610099,60,FLEXIBLE,PUBLIC,3,3,0.500000,0.964783,54,40,0.017866,0.003518,0.032159,0.001174,1.929566,0.169231,0,1,1.603224
cmp-00737,0.150000,2723000.000000,14.817245,45,CLOSE_ON_TARGET,PUBLIC,5,1,0.150000,0.458502,15,13,0.030567,0.050149,0.067926,0.014157,3.056678,0.210526,0,1,1.061513
cmp-00737,0.250000,2723000.000000,14.817245,45,CLOSE_ON_TARGET,PUBLIC,5,1,0.250000,0.593757,21,19,0.028274,0.030057,0.052778,0.012037,2.375028,0.222222,0,1,1.061513
cmp-00737,0.500000,2723000.000000,14.817245,45,CLOSE_ON_TARGET,PUBLIC,5,1,0.500000,0.767132,31,27,0.024746,0.013890,0.034095,0.010350,1.534264,0.184211,0,1,1.061513
cmp-00738,0.150000,16192000.000000,16.600028,38,STRICT,PUBLIC,6,1,0.150000,0.322344,110,96,0.002930,0.046131,0.056552,0.020980,2.148962,0.090909,0,0,0.999994
cmp-00738,0.250000,16192000.000000,16.600028,38,STRICT,PUBLIC,6,1,0.250000,0.481670,159,133,0.003029,0.041928,0.050702,0.018187,1.926680,0.096591,0,0,0.999994
cmp-00738,0.500000,16192000.000000,16.600028,38,STRICT,PUBLIC,6,1,0.500000,0.681769,216,182,0.003156,0.019699,0.035883,0.016749,1.363538,0.100000,0,0,0.999994
cmp-00739,0.150000,3955000.000000,15.190491,32,FLEXIBLE,PUBLIC,3,1,0.150000,0.736460,30,25,0.024549,0.066553,0.153429,0.009689,4.909735,0.142857,0,1,2.361087
cmp-00739,0.250000,3955000.000000,15.190491,32,FLEXIBLE,PUBLIC,3,1,0.250000,0.891783,35,29,0.025480,0.048538,0.111473,0.004509,3.567130,0.166667,0,1,2.361087
cmp-00739,0.500000,3955000.000000,15.190491,32,FLEXIBLE,PUBLIC,3,1,0.500000,1.247155,48,39,0.025982,0.049573,0.077947,0.000000,2.494311,0.127273,1,1,2.361087
cmp-00740,0.150000,7380000.000000,15.814284,52,FLEXIBLE,PUBLIC,3,2,0.150000,1.605772,115,86,0.013963,0.164897,0.205868,0.000000,10.705149,0.115385,1,1,4.796572
cmp-00740,0.250000,7380000.000000,15.814284,52,FLEXIBLE,PUBLIC,3,2,0.250000,2.110379,159,106,0.013273,0.097040,0.162337,0.000000,8.441518,0.116667,1,1,4.796572
cmp-00740,0.500000,7380000.000000,15.814284,52,FLEXIBLE,PUBLIC,3,2,0.500000,2.865881,221,129,0.012968,0.055905,0.110226,0.000000,5.731762,0.126482,1,1,4.796572
cmp-00741,0.150000,12429000.000000,16.335543,60,FLEXIBLE,PUBLIC,2,3,0.150000,0.611779,51,42,0.011996,0.047475,0.067975,0.007612,4.078526,0.120690,0,1,2.546850
cmp-00741,0.250000,12429000.000000,16.335543,60,FLEXIBLE,PUBLIC,2,3,0.250000,1.056231,74,58,0.014273,0.074075,0.070415,0.000000,4.224926,0.086420,1,1,2.546850
cmp-00741,0.500000,12429000.000000,16.335543,60,FLEXIBLE,PUBLIC,2,3,0.500000,1.637791,108,80,0.015165,0.022384,0.054593,0.000000,3.275581,0.129032,1,1,2.546850
cmp-00742,0.150000,71139000.000000,18.080146,81,FLEXIBLE,PRIVATE_LINK,3,2,0.150000,0.178468,215,210,0.000830,0.012747,0.014689,0.011932,1.189783,0.096639,0,0,0.573871
cmp-00742,0.250000,71139000.000000,18.080146,81,FLEXIBLE,PRIVATE_LINK,3,2,0.250000,0.247901,288,275,0.000861,0.008572,0.012242,0.012380,0.991602,0.108359,0,0,0.573871
cmp-00742,0.500000,71139000.000000,18.080146,81,FLEXIBLE,PRIVATE_LINK,3,2,0.500000,0.340553,388,360,0.000878,0.004069,0.008409,0.016283,0.681106,0.122172,0,0,0.573871
cmp-00743,0.150000,5944000.000000,15.597893,60,STRICT,PUBLIC,5,2,0.150000,0.681729,32,31,0.021304,0.067222,0.075748,0.006241,4.544863,0.085714,0,0,0.999041
cmp-00743,0.250000,5944000.000000,15.597893,60,STRICT,PUBLIC,5,2,0.250000,0.937584,43,36,0.021804,0.042642,0.062506,0.001387,3.750336,0.065217,0,0,0.999041
cmp-00743,0.500000,5944000.000000,15.597893,60,STRICT,PUBLIC,5,2,0.500000,0.997376,49,40,0.020355,0.000000,0.033246,0.000087,1.994751,0.059701,0,0,0.999041
cmp-00744,0.150000,23170000.000000,16.958369,66,STRICT,PUBLIC,1,2,0.150000,0.579555,102,95,0.005682,0.052850,0.058541,0.007495,3.863703,0.128205,0,1,1.000000
cmp-00744,0.250000,23170000.000000,16.958369,66,STRICT,PUBLIC,1,2,0.250000,0.717505,136,123,0.005276,0.020902,0.043485,0.005707,2.870022,0.116883,0,1,1.000000
cmp-00744,0.500000,23170000.000000,16.958369,66,STRICT,PUBLIC,1,2,0.500000,0.996651,197,165,0.005059,0.017528,0.030202,0.000101,1.993302,0.115556,0,1,1.000000
cmp-00745,0.150000,10143000.000000,16.132294,70,STRICT,PUBLIC,3,2,0.150000,0.208765,34,33,0.006140,0.018686,0.019882,0.013298,1.391764,0.105263,0,0,0.546318
cmp-00745,0.250000,10143000.000000,16.132294,70,STRICT,PUBLIC,3,2,0.250000,0.239584,42,40,0.005704,0.004403,0.013691,0.014484,0.958336,0.125000,0,0,0.546318
cmp-00745,0.500000,10143000.000000,16.132294,70,STRICT,PUBLIC,3,2,0.500000,0.347146,59,56,0.005884,0.001841,0.009918,0.018653,0.694292,0.119403,0,0,0.546318
cmp-00746,0.150000,8300000.000000,15.931766,70,FLEXIBLE,PUBLIC,1,3,0.150000,0.230048,22,19,0.010457,0.008398,0.021909,0.012940,1.533655,0.083333,0,0,0.947855
cmp-00746,0.250000,8300000.000000,15.931766,70,FLEXIBLE,PUBLIC,1,3,0.250000,0.337096,32,28,0.010534,0.015293,0.019263,0.012627,1.348386,0.135135,0,0,0.947855
cmp-00746,0.500000,8300000.000000,15.931766,70,FLEXIBLE,PUBLIC,1,3,0.500000,0.540602,54,45,0.010011,0.008892,0.015446,0.013126,1.081205,0.156250,0,0,0.947855
cmp-00747,0.150000,10481000.000000,16.165075,18,STRICT,PRIVATE_LINK,2,3,0.150000,0.909035,137,113,0.006635,0.324958,0.336680,0.005945,6.060236,0.080537,0,0,0.999857
cmp-00747,0.250000,10481000.000000,16.165075,18,STRICT,PRIVATE_LINK,2,3,0.250000,0.995974,159,127,0.006264,0.048299,0.221327,0.000298,3.983895,0.081522,0,0,0.999857
cmp-00747,0.500000,10481000.000000,16.165075,18,STRICT,PRIVATE_LINK,2,3,0.500000,0.999857,161,129,0.006210,0.000000,0.111095,0.000016,1.999714,0.107143,0,0,0.999857
cmp-00748,0.150000,13837000.000000,16.442857,53,FLEXIBLE,PUBLIC,1,2,0.150000,0.143369,12,12,0.011947,0.009654,0.018034,0.019015,0.955795,0.076923,0,0,0.582858
cmp-00748,0.250000,13837000.000000,16.442857,53,FLEXIBLE,PUBLIC,1,2,0.250000,0.172039,15,14,0.011469,0.005409,0.012984,0.020829,0.688155,0.166667,0,0,0.582858
cmp-00748,0.500000,13837000.000000,16.442857,53,FLEXIBLE,PUBLIC,1,2,0.500000,0.287772,23,22,0.012512,0.000000,0.010859,0.026877,0.575544,0.148148,0,0,0.582858
cmp-00749,0.150000,16618000.000000,16.625997,30,FLEXIBLE,PUBLIC,8,2,0.150000,0.916813,178,138,0.005151,0.184208,0.203736,0.003262,6.112087,0.110000,0,1,2.797352
cmp-00749,0.250000,16618000.000000,16.625997,30,FLEXIBLE,PUBLIC,8,2,0.250000,1.282994,236,176,0.005436,0.122060,0.171066,0.000000,5.131977,0.116105,1,1,2.797352
cmp-00749,0.500000,16618000.000000,16.625997,30,FLEXIBLE,PUBLIC,8,2,0.500000,1.685612,317,219,0.005317,0.057767,0.112374,0.000000,3.371224,0.124309,1,1,2.797352
cmp-00750,0.150000,9069000.000000,16.020373,31,STRICT,PUBLIC,1,3,0.150000,0.324777,17,16,0.019105,0.043875,0.069844,0.025625,2.165178,0.000000,0,0,0.738990
cmp-00750,0.250000,9069000.000000,16.020373,31,STRICT,PUBLIC,1,3,0.250000,0.345518,20,18,0.017276,0.006691,0.044583,0.028150,1.382071,0.000000,0,0,0.738990
cmp-00750,0.500000,9069000.000000,16.020373,31,STRICT,PUBLIC,1,3,0.500000,0.441460,29,25,0.015223,0.005417,0.028481,0.036035,0.882920,0.033333,0,0,0.738990
cmp-00751,0.150000,4700000.000000,15.363073,39,FLEXIBLE,PUBLIC,0,1,0.150000,0.280660,20,19,0.014033,0.037698,0.047976,0.021700,1.871064,0.166667,0,0,0.805234
cmp-00751,0.250000,4700000.000000,15.363073,39,FLEXIBLE,PUBLIC,0,1,0.250000,0.361489,26,25,0.013903,0.020726,0.037076,0.021829,1.445957,0.161290,0,0,0.805234
cmp-00751,0.500000,4700000.000000,15.363073,39,FLEXIBLE,PUBLIC,0,1,0.500000,0.623830,43,39,0.014508,0.038041,0.031991,0.019291,1.247660,0.122449,0,0,0.805234
cmp-00752,0.150000,8004000.000000,15.895452,87,STRICT,PUBLIC,6,3,0.150000,0.620340,54,47,0.011488,0.050950,0.047536,0.005134,4.135599,0.129032,0,0,0.999713
cmp-00752,0.250000,8004000.000000,15.895452,87,STRICT,PUBLIC,6,3,0.250000,0.730947,68,55,0.010749,0.012713,0.033607,0.004123,2.923788,0.116883,0,0,0.999713
cmp-00752,0.500000,8004000.000000,15.895452,87,STRICT,PUBLIC,6,3,0.500000,0.999713,83,67,0.012045,0.001232,0.022982,0.000007,1.999425,0.115385,0,0,0.999713
cmp-00753,0.150000,2822000.000000,14.852956,42,STRICT,PRIVATE_LINK,1,2,0.150000,0.554111,17,15,0.032595,0.079140,0.087954,0.012490,3.694070,0.150000,0,0,0.997980
cmp-00753,0.250000,2822000.000000,14.852956,42,STRICT,PRIVATE_LINK,1,2,0.250000,0.886180,26,21,0.034084,0.079064,0.084398,0.003613,3.544720,0.133333,0,0,0.997980
cmp-00753,0.500000,2822000.000000,14.852956,42,STRICT,PRIVATE_LINK,1,2,0.500000,0.974274,30,23,0.032476,0.004894,0.046394,0.001225,1.948547,0.166667,0,0,0.997980
cmp-00754,0.150000,2122000.000000,14.567870,89,STRICT,PUBLIC,3,1,0.150000,0.998916,21,19,0.047567,0.035413,0.074825,0.000014,6.659441,0.075000,0,0,0.998916
cmp-00754,0.250000,2122000.000000,14.567870,89,STRICT,PUBLIC,3,1,0.250000,0.998916,21,19,0.047567,0.000000,0.044895,0.000016,3.995664,0.087719,0,0,0.998916
cmp-00754,0.500000,2122000.000000,14.567870,89,STRICT,PUBLIC,3,1,0.500000,0.998916,21,19,0.047567,0.000000,0.022448,0.000024,1.997832,0.096386,0,0,0.998916
cmp-00755,0.150000,13313000.000000,16.404252,86,STRICT,PUBLIC,3,3,0.150000,0.803508,78,63,0.010301,0.048920,0.062287,0.002688,5.356719,0.103448,0,0,0.999497
cmp-00755,0.250000,13313000.000000,16.404252,86,STRICT,PUBLIC,3,3,0.250000,0.999497,96,75,0.010411,0.022789,0.046488,0.000008,3.997987,0.107143,0,0,0.999497
cmp-00755,0.500000,13313000.000000,16.404252,86,STRICT,PUBLIC,3,3,0.500000,0.999497,96,75,0.010411,0.000000,0.023244,0.000012,1.998993,0.126667,0,0,0.999497
cmp-00756,0.150000,12619000.000000,16.350714,76,STRICT,PUBLIC,2,3,0.150000,0.989888,158,132,0.006265,0.079006,0.086832,0.000157,6.599255,0.154255,0,0,0.999881
cmp-00756,0.250000,12619000.000000,16.350714,76,STRICT,PUBLIC,2,3,0.250000,0.999334,162,136,0.006169,0.001243,0.052597,0.000012,3.997337,0.161826,0,0,0.999881
cmp-00756,0.500000,12619000.000000,16.350714,76,STRICT,PUBLIC,2,3,0.500000,0.999334,162,136,0.006169,0.000000,0.026298,0.000018,1.998669,0.157100,0,0,0.999881
cmp-00757,0.150000,5985000.000000,15.604767,40,FLEXIBLE,PRIVATE_LINK,3,3,0.150000,0.385631,23,22,0.016767,0.051500,0.064272,0.018070,2.570872,0.233333,0,1,1.707920
cmp-00757,0.250000,5985000.000000,15.604767,40,FLEXIBLE,PRIVATE_LINK,3,3,0.250000,0.546299,36,33,0.015175,0.040167,0.054630,0.015123,2.185196,0.181818,0,1,1.707920
cmp-00757,0.500000,5985000.000000,15.604767,40,FLEXIBLE,PRIVATE_LINK,3,3,0.500000,0.731846,50,43,0.014637,0.002928,0.036592,0.013408,1.463693,0.166667,0,1,1.707920
cmp-00758,0.150000,16767000.000000,16.634923,81,CLOSE_ON_TARGET,PRIVATE_LINK,3,1,0.150000,0.081231,15,15,0.005415,0.008448,0.006686,0.013345,0.541540,0.117647,0,0,0.478649
cmp-00758,0.250000,16767000.000000,16.634923,81,CLOSE_ON_TARGET,PRIVATE_LINK,3,1,0.250000,0.150200,27,24,0.005563,0.008515,0.007417,0.013988,0.600799,0.068966,0,0,0.478649
cmp-00758,0.500000,16767000.000000,16.634923,81,CLOSE_ON_TARGET,PRIVATE_LINK,3,1,0.500000,0.165486,31,28,0.005338,0.000382,0.004086,0.020605,0.330972,0.114286,0,0,0.478649
cmp-00759,0.150000,9462000.000000,16.062794,81,FLEXIBLE,PUBLIC,4,1,0.150000,1.054735,87,70,0.012123,0.051448,0.086809,0.000000,7.031565,0.121212,1,1,3.626073
cmp-00759,0.250000,9462000.000000,16.062794,81,FLEXIBLE,PUBLIC,4,1,0.250000,1.458360,114,82,0.012793,0.049830,0.072018,0.000000,5.833439,0.109375,1,1,3.626073
cmp-00759,0.500000,9462000.000000,16.062794,81,FLEXIBLE,PUBLIC,4,1,0.500000,2.102811,162,98,0.012980,0.013546,0.051921,0.000000,4.205622,0.104972,1,1,3.626073
cmp-00760,0.150000,12560000.000000,16.346028,74,CLOSE_ON_TARGET,PUBLIC,4,3,0.150000,0.904068,308,251,0.002935,0.079403,0.081448,0.001525,6.027123,0.144444,0,1,1.001728
cmp-00761,0.150000,4750000.000000,15.373655,87,FLEXIBLE,PUBLIC,5,3,0.150000,1.344274,182,126,0.007386,0.084854,0.103009,0.000000,8.961825,0.116505,1,1,4.452947
cmp-00761,0.250000,4750000.000000,15.373655,87,FLEXIBLE,PUBLIC,5,3,0.250000,1.854147,242,157,0.007662,0.058606,0.085248,0.000000,7.416589,0.110294,1,1,4.452947
cmp-00761,0.500000,4750000.000000,15.373655,87,FLEXIBLE,PUBLIC,5,3,0.500000,2.370884,310,181,0.007648,0.024169,0.054503,0.000000,4.741768,0.114286,1,1,4.452947
cmp-00762,0.150000,10735000.000000,16.189020,59,FLEXIBLE,PUBLIC,3,1,0.150000,1.131616,115,96,0.009840,0.099461,0.127866,0.000000,7.544108,0.049587,1,1,2.935016
cmp-00762,0.250000,10735000.000000,16.189020,59,FLEXIBLE,PUBLIC,3,1,0.250000,1.341351,141,113,0.009513,0.035548,0.090939,0.000000,5.365403,0.066225,1,1,2.935016
cmp-00762,0.500000,10735000.000000,16.189020,59,FLEXIBLE,PUBLIC,3,1,0.500000,1.880894,199,138,0.009452,0.057097,0.063759,0.000000,3.761789,0.103604,1,1,2.935016
cmp-00763,0.150000,4929000.000000,15.410647,75,FLEXIBLE,PRIVATE_LINK,7,3,0.150000,1.128119,36,28,0.031337,0.078496,0.100277,0.000000,7.520795,0.162791,1,1,4.086914
cmp-00763,0.250000,4929000.000000,15.410647,75,FLEXIBLE,PRIVATE_LINK,7,3,0.250000,1.239968,45,36,0.027555,0.014913,0.066132,0.000000,4.959870,0.150943,1,1,4.086914
cmp-00763,0.500000,4929000.000000,15.410647,75,FLEXIBLE,PRIVATE_LINK,7,3,0.500000,1.978332,66,48,0.029975,0.020164,0.052756,0.000000,3.956665,0.120000,1,1,4.086914
cmp-00764,0.150000,11035000.000000,16.216583,50,STRICT,PUBLIC,3,3,0.150000,0.253303,53,52,0.004779,0.020645,0.033774,0.017569,1.688688,0.145161,0,0,0.926144
cmp-00764,0.250000,11035000.000000,16.216583,50,STRICT,PUBLIC,3,3,0.250000,0.359783,71,69,0.005067,0.021296,0.028783,0.017072,1.439130,0.154762,0,0,0.926144
cmp-00764,0.500000,11035000.000000,16.216583,50,STRICT,PUBLIC,3,3,0.500000,0.540580,107,102,0.005052,0.017905,0.021623,0.018377,1.081160,0.137097,0,0,0.926144
cmp-00765,0.150000,18864000.000000,16.752766,54,STRICT,PUBLIC,1,3,0.150000,0.126421,10,10,0.012642,0.014633,0.015607,0.019032,0.842805,0.090909,0,0,0.512330
cmp-00765,0.250000,18864000.000000,16.752766,54,STRICT,PUBLIC,1,3,0.250000,0.205640,13,13,0.015818,0.014670,0.015233,0.019614,0.822561,0.071429,0,0,0.512330
cmp-00765,0.500000,18864000.000000,16.752766,54,STRICT,PUBLIC,1,3,0.500000,0.341868,19,19,0.017993,0.003211,0.012662,0.024375,0.683736,0.050000,0,0,0.512330
cmp-00766,0.150000,8411000.000000,15.945051,22,FLEXIBLE,PUBLIC,5,2,0.150000,0.863619,57,45,0.015151,0.212784,0.261703,0.007293,5.757460,0.123077,0,1,2.744561
cmp-00766,0.250000,8411000.000000,15.945051,22,FLEXIBLE,PUBLIC,5,2,0.250000,1.133849,70,51,0.016198,0.122832,0.206154,0.000000,4.535394,0.125000,1,1,2.744561
cmp-00766,0.500000,8411000.000000,15.945051,22,FLEXIBLE,PUBLIC,5,2,0.500000,1.538640,88,59,0.017485,0.067412,0.139876,0.000000,3.077280,0.145631,1,1,2.744561
cmp-00767,0.150000,20152000.000000,16.818814,20,FLEXIBLE,PUBLIC,0,2,0.150000,0.430468,85,78,0.005064,0.085599,0.143489,0.033502,2.869790,0.076087,0,0,0.980667
cmp-00767,0.250000,20152000.000000,16.818814,20,FLEXIBLE,PUBLIC,0,2,0.250000,0.498839,106,92,0.004706,0.034185,0.099768,0.033411,1.995355,0.078261,0,0,0.980667
cmp-00767,0.500000,20152000.000000,16.818814,20,FLEXIBLE,PUBLIC,0,2,0.500000,0.650814,146,123,0.004458,0.026377,0.065081,0.034919,1.301628,0.098765,0,0,0.980667
cmp-00768,0.150000,9409000.000000,16.057177,18,CLOSE_ON_TARGET,PRIVATE_LINK,4,2,0.150000,0.148932,22,20,0.006770,0.053129,0.055160,0.055625,0.992879,0.185185,0,0,0.997237
cmp-00768,0.250000,9409000.000000,16.057177,18,CLOSE_ON_TARGET,PRIVATE_LINK,4,2,0.250000,0.352195,38,31,0.009268,0.112924,0.078265,0.047986,1.408779,0.173913,0,0,0.997237
cmp-00768,0.500000,9409000.000000,16.057177,18,CLOSE_ON_TARGET,PRIVATE_LINK,4,2,0.500000,0.669774,60,49,0.011163,0.002267,0.074419,0.036692,1.339547,0.130435,0,0,0.997237
cmp-00769,0.150000,15734000.000000,16.571335,66,CLOSE_ON_TARGET,PUBLIC,3,1,0.150000,0.280132,33,30,0.008489,0.030740,0.028296,0.012832,1.867548,0.232558,0,0,0.972315
cmp-00769,0.250000,15734000.000000,16.571335,66,CLOSE_ON_TARGET,PUBLIC,3,1,0.250000,0.380132,46,40,0.008264,0.015152,0.023038,0.012523,1.520529,0.192982,0,0,0.972315
cmp-00769,0.500000,15734000.000000,16.571335,66,CLOSE_ON_TARGET,PUBLIC,3,1,0.500000,0.537060,60,53,0.008951,0.007480,0.016275,0.014028,1.074120,0.166667,0,0,0.972315
cmp-00770,0.150000,9531000.000000,16.070060,59,FLEXIBLE,PUBLIC,4,3,0.150000,0.246637,41,40,0.006016,0.024825,0.027869,0.015022,1.644249,0.127660,0,1,1.194649
cmp-00770,0.250000,9531000.000000,16.070060,59,FLEXIBLE,PUBLIC,4,3,0.250000,0.457560,65,58,0.007039,0.035750,0.031021,0.012259,1.830238,0.121622,0,1,1.194649
cmp-00770,0.500000,9531000.000000,16.070060,59,FLEXIBLE,PUBLIC,4,3,0.500000,0.745368,107,90,0.006966,0.014186,0.025267,0.008632,1.490735,0.085470,0,1,1.194649
cmp-00771,0.150000,6254000.000000,15.648732,25,STRICT,PUBLIC,2,3,0.150000,0.511800,29,27,0.017648,0.110828,0.136480,0.022974,3.412003,0.064516,0,0,0.969140
cmp-00771,0.250000,6254000.000000,15.648732,25,STRICT,PUBLIC,2,3,0.250000,0.550432,34,31,0.016189,0.015453,0.088069,0.023977,2.201727,0.128205,0,0,0.969140
cmp-00771,0.500000,6254000.000000,15.648732,25,STRICT,PUBLIC,2,3,0.500000,0.655724,44,37,0.014903,0.014743,0.052458,0.027542,1.311449,0.137255,0,0,0.969140
cmp-00772,0.150000,2529000.000000,14.743335,47,FLEXIBLE,PUBLIC,2,3,0.150000,0.418268,10,9,0.041827,0.034031,0.059329,0.014561,2.788454,0.090909,0,1,2.493080
cmp-00772,0.250000,2529000.000000,14.743335,47,FLEXIBLE,PUBLIC,2,3,0.250000,0.450573,12,11,0.037548,0.006873,0.038347,0.015587,1.802293,0.294118,0,1,2.493080
cmp-00772,0.500000,2529000.000000,14.743335,47,FLEXIBLE,PUBLIC,2,3,0.500000,0.923369,19,18,0.048598,0.010323,0.039292,0.003261,1.846738,0.240000,0,1,2.493080
cmp-00773,0.150000,29790000.000000,17.209683,42,FLEXIBLE,PUBLIC,2,2,0.150000,0.402420,193,174,0.002085,0.055624,0.063876,0.016739,2.682802,0.122727,0,1,1.230426
cmp-00773,0.250000,29790000.000000,17.209683,42,FLEXIBLE,PUBLIC,2,2,0.250000,0.539355,266,235,0.002028,0.032604,0.051367,0.014624,2.157422,0.125000,0,1,1.230426
cmp-00773,0.500000,29790000.000000,17.209683,42,FLEXIBLE,PUBLIC,2,2,0.500000,0.723552,359,304,0.002015,0.014800,0.034455,0.013164,1.447103,0.134940,0,1,1.230426
cmp-00774,0.150000,38101000.000000,17.455751,59,FLEXIBLE,PUBLIC,6,3,0.150000,0.896357,413,352,0.002170,0.091195,0.101283,0.002067,5.975714,0.094298,0,1,2.993617
cmp-00774,0.250000,38101000.000000,17.455751,59,FLEXIBLE,PUBLIC,6,3,0.250000,1.168749,554,442,0.002110,0.046168,0.079237,0.000000,4.674995,0.091803,1,1,2.993617
cmp-00774,0.500000,38101000.000000,17.455751,59,FLEXIBLE,PUBLIC,6,3,0.500000,1.664639,811,583,0.002053,0.029317,0.056428,0.000000,3.329277,0.097887,1,1,2.993617
cmp-00775,0.150000,6370000.000000,15.667110,20,FLEXIBLE,PUBLIC,4,3,0.150000,0.772308,21,20,0.036777,0.261460,0.257436,0.013394,5.148718,0.086957,0,1,1.680345
cmp-00775,0.250000,6370000.000000,15.667110,20,FLEXIBLE,PUBLIC,4,3,0.250000,0.918163,25,24,0.036727,0.072928,0.183633,0.005456,3.672653,0.074074,0,1,1.680345
cmp-00775,0.500000,6370000.000000,15.667110,20,FLEXIBLE,PUBLIC,4,3,0.500000,1.147630,36,29,0.031879,0.028736,0.114763,0.000000,2.295259,0.076923,1,1,1.680345
cmp-00776,0.150000,3675000.000000,15.117064,26,STRICT,PUBLIC,4,3,0.150000,0.622966,38,33,0.016394,0.129346,0.159735,0.017060,4.153107,0.136364,0,0,0.998912
cmp-00776,0.250000,3675000.000000,15.117064,26,STRICT,PUBLIC,4,3,0.250000,0.998912,52,41,0.019210,0.144594,0.153679,0.000056,3.995646,0.136364,0,0,0.998912
cmp-00776,0.500000,3675000.000000,15.117064,26,STRICT,PUBLIC,4,3,0.500000,0.998912,52,41,0.019210,0.000000,0.076839,0.000084,1.997823,0.122222,0,0,0.998912
cmp-00777,0.150000,3981000.000000,15.197044,83,STRICT,PUBLIC,1,3,0.150000,0.551369,53,42,0.010403,0.037434,0.044287,0.006359,3.675793,0.101695,0,0,0.999523
cmp-00777,0.250000,3981000.000000,15.197044,83,STRICT,PUBLIC,1,3,0.250000,0.848757,79,61,0.010744,0.035830,0.040904,0.002430,3.395026,0.081395,0,0,0.999523
cmp-00777,0.500000,3981000.000000,15.197044,83,STRICT,PUBLIC,1,3,0.500000,0.998292,91,64,0.010970,0.000000,0.024055,0.000041,1.996584,0.099237,0,0,0.999523
cmp-00778,0.150000,9155000.000000,16.029811,66,FLEXIBLE,PUBLIC,5,1,0.150000,0.534134,29,28,0.018418,0.028113,0.053953,0.008304,3.560896,0.194444,0,1,1.453752
cmp-00778,0.250000,9155000.000000,16.029811,66,FLEXIBLE,PUBLIC,5,1,0.250000,0.703910,42,40,0.016760,0.025724,0.042661,0.005982,2.815642,0.176471,0,1,1.453752
cmp-00778,0.500000,9155000.000000,16.029811,66,FLEXIBLE,PUBLIC,5,1,0.500000,0.827406,52,48,0.015912,0.011070,0.025073,0.005230,1.654812,0.147541,0,1,1.453752
cmp-00779,0.150000,4563000.000000,15.333491,24,FLEXIBLE,PUBLIC,3,3,0.150000,1.040719,98,81,0.010620,0.205694,0.289089,0.000000,6.938126,0.075472,1,1,2.925685
cmp-00779,0.250000,4563000.000000,15.333491,24,FLEXIBLE,PUBLIC,3,3,0.250000,1.355534,127,100,0.010673,0.131173,0.225922,0.000000,5.422135,0.086331,1,1,2.925685
cmp-00779,0.500000,4563000.000000,15.333491,24,FLEXIBLE,PUBLIC,3,3,0.500000,1.777427,168,120,0.010580,0.031987,0.148119,0.000000,3.554854,0.081967,1,1,2.925685
cmp-00780,0.150000,19823000.000000,16.802353,70,CLOSE_ON_TARGET,PUBLIC,6,2,0.150000,0.266549,96,89,0.002777,0.025643,0.025386,0.012327,1.776993,0.119266,0,0,0.824673
cmp-00780,0.250000,19823000.000000,16.802353,70,CLOSE_ON_TARGET,PUBLIC,6,2,0.250000,0.335580,122,112,0.002751,0.009862,0.019176,0.012656,1.342320,0.140845,0,0,0.824673
cmp-00780,0.500000,19823000.000000,16.802353,70,CLOSE_ON_TARGET,PUBLIC,6,2,0.500000,0.484937,189,171,0.002566,0.007643,0.013855,0.014716,0.969873,0.133028,0,0,0.824673
cmp-00781,0.150000,7395000.000000,15.816315,64,STRICT,PUBLIC,3,2,0.150000,0.350385,31,30,0.011303,0.033033,0.036498,0.011941,2.335903,0.138889,0,0,0.999527
cmp-00781,0.250000,7395000.000000,15.816315,64,STRICT,PUBLIC,3,2,0.250000,0.444030,40,37,0.011101,0.014632,0.027752,0.011583,1.776119,0.111111,0,0,0.999527
cmp-00781,0.500000,7395000.000000,15.816315,64,STRICT,PUBLIC,3,2,0.500000,0.654943,56,50,0.011695,0.010710,0.020467,0.010783,1.309885,0.164179,0,0,0.999527
cmp-00782,0.150000,4080000.000000,15.221608,73,FLEXIBLE,PUBLIC,9,1,0.150000,1.258775,46,33,0.027365,0.134770,0.114957,0.000000,8.391830,0.163636,1,1,4.238431
cmp-00782,0.250000,4080000.000000,15.221608,73,FLEXIBLE,PUBLIC,9,1,0.250000,1.537426,57,39,0.026972,0.038172,0.084243,0.000000,6.149706,0.136364,1,1,4.238431
cmp-00782,0.500000,4080000.000000,15.221608,73,FLEXIBLE,PUBLIC,9,1,0.500000,2.444338,87,50,0.028096,0.034529,0.066968,0.000000,4.888676,0.121212,1,1,4.238431
cmp-00783,0.150000,7769000.000000,15.865652,48,STRICT,PRIVATE_LINK,6,1,0.150000,0.369996,41,38,0.009024,0.057300,0.051388,0.015441,2.466641,0.088889,0,0,0.997812
cmp-00783,0.250000,7769000.000000,15.865652,48,STRICT,PRIVATE_LINK,6,1,0.250000,0.441936,55,49,0.008035,0.014987,0.036828,0.015502,1.767744,0.098361,0,0,0.997812
cmp-00783,0.500000,7769000.000000,15.865652,48,STRICT,PRIVATE_LINK,6,1,0.500000,0.637727,75,64,0.008503,0.009461,0.026572,0.015095,1.275454,0.117647,0,0,0.997812
cmp-00784,0.150000,9780000.000000,16.095850,38,FLEXIBLE,PUBLIC,4,3,0.150000,0.103374,16,15,0.006461,0.012117,0.018136,0.027759,0.689162,0.111111,0,0,0.517761
cmp-00784,0.250000,9780000.000000,16.095850,38,FLEXIBLE,PUBLIC,4,3,0.250000,0.167914,24,21,0.006996,0.016984,0.017675,0.029196,0.671656,0.111111,0,0,0.517761
cmp-00784,0.500000,9780000.000000,16.095850,38,FLEXIBLE,PUBLIC,4,3,0.500000,0.179581,25,22,0.007183,0.000000,0.009452,0.043180,0.359162,0.107143,0,0,0.517761
cmp-00785,0.150000,4301000.000000,15.274358,18,FLEXIBLE,PRIVATE_LINK,4,2,0.150000,0.271821,16,15,0.016989,0.074220,0.100674,0.047593,1.812137,0.058824,0,0,0.884097
cmp-00785,0.250000,4301000.000000,15.274358,18,FLEXIBLE,PRIVATE_LINK,4,2,0.250000,0.377308,23,21,0.016405,0.058604,0.083846,0.046125,1.509230,0.041667,0,0,0.884097
cmp-00785,0.500000,4301000.000000,15.274358,18,FLEXIBLE,PRIVATE_LINK,4,2,0.500000,0.442083,28,24,0.015789,0.012000,0.049120,0.061991,0.884166,0.200000,0,0,0.884097
cmp-00786,0.150000,11579000.000000,16.264704,47,FLEXIBLE,PUBLIC,2,1,0.150000,0.382330,68,63,0.005623,0.050500,0.054231,0.015461,2.548867,0.139241,0,1,1.582166
cmp-00786,0.250000,11579000.000000,16.264704,47,FLEXIBLE,PUBLIC,2,1,0.250000,0.564496,95,84,0.005942,0.038759,0.048042,0.012355,2.257984,0.159292,0,1,1.582166
cmp-00786,0.500000,11579000.000000,16.264704,47,FLEXIBLE,PUBLIC,2,1,0.500000,0.843985,140,118,0.006028,0.011690,0.035914,0.006639,1.687970,0.146341,0,1,1.582166
cmp-00787,0.150000,2111000.000000,14.562672,64,FLEXIBLE,PUBLIC,2,3,0.150000,1.457224,22,14,0.066237,0.154118,0.151794,0.000000,9.714827,0.153846,1,1,3.874278
cmp-00787,0.250000,2111000.000000,14.562672,64,FLEXIBLE,PUBLIC,2,3,0.250000,1.604927,26,17,0.061728,0.023079,0.100308,0.000000,6.419706,0.133333,1,1,3.874278
cmp-00787,0.500000,2111000.000000,14.562672,64,FLEXIBLE,PUBLIC,2,3,0.500000,2.384273,43,25,0.055448,0.067578,0.074509,0.000000,4.768546,0.173077,1,1,3.874278
cmp-00788,0.150000,8770000.000000,15.986847,31,CLOSE_ON_TARGET,PUBLIC,4,3,0.150000,0.224766,32,29,0.007024,0.038724,0.048337,0.029421,1.498442,0.157895,0,0,0.931106
cmp-00788,0.250000,8770000.000000,15.986847,31,CLOSE_ON_TARGET,PUBLIC,4,3,0.250000,0.259715,40,37,0.006493,0.011274,0.033512,0.031840,1.038860,0.200000,0,0,0.931106
cmp-00788,0.500000,8770000.000000,15.986847,31,CLOSE_ON_TARGET,PUBLIC,4,3,0.500000,0.408837,57,51,0.007173,0.014728,0.026377,0.038140,0.817674,0.173913,0,0,0.931106
cmp-00789,0.150000,14553000.000000,16.493308,64,STRICT,PUBLIC,1,2,0.150000,0.205504,44,44,0.004671,0.020553,0.021407,0.014605,1.370027,0.120000,0,0,0.822806
cmp-00789,0.250000,14553000.000000,16.493308,64,STRICT,PUBLIC,1,2,0.250000,0.273174,66,64,0.004139,0.010573,0.017073,0.015142,1.092696,0.108108,0,0,0.822806
cmp-00789,0.500000,14553000.000000,16.493308,64,STRICT,PUBLIC,1,2,0.500000,0.442410,97,92,0.004561,0.005514,0.013825,0.017425,0.884821,0.110092,0,0,0.822806
cmp-00790,0.150000,6132000.000000,15.629032,16,FLEXIBLE,PUBLIC,7,1,0.150000,1.284556,150,113,0.008564,0.403641,0.535232,0.000000,8.563710,0.101796,1,1,4.012394
cmp-00790,0.250000,6132000.000000,15.629032,16,FLEXIBLE,PUBLIC,7,1,0.250000,1.733904,205,146,0.008458,0.280842,0.433476,0.000000,6.935616,0.120172,1,1,4.012394
cmp-00790,0.500000,6132000.000000,15.629032,16,FLEXIBLE,PUBLIC,7,1,0.500000,2.401076,279,175,0.008606,0.094219,0.300135,0.000000,4.802153,0.111465,1,1,4.012394
cmp-00791,0.150000,3480000.000000,15.062543,64,FLEXIBLE,PRIVATE_LINK,4,2,0.150000,0.067615,3,3,0.022538,0.005033,0.007043,0.017139,0.450766,0.000000,0,0,0.155374
cmp-00791,0.250000,3480000.000000,15.062543,64,FLEXIBLE,PRIVATE_LINK,4,2,0.250000,0.104167,4,4,0.026042,0.005711,0.006510,0.018663,0.416667,0.200000,0,0,0.155374
cmp-00791,0.500000,3480000.000000,15.062543,64,FLEXIBLE,PRIVATE_LINK,4,2,0.500000,0.108966,5,5,0.021793,0.000000,0.003405,0.027845,0.217931,0.166667,0,0,0.155374
cmp-00792,0.150000,21916000.000000,16.902728,68,STRICT,PUBLIC,2,3,0.150000,0.903039,154,128,0.005864,0.069477,0.088533,0.001678,6.020259,0.083333,0,0,0.999576
cmp-00792,0.250000,21916000.000000,16.902728,68,STRICT,PUBLIC,2,3,0.250000,0.999576,169,139,0.005915,0.014197,0.058799,0.000008,3.998303,0.089744,0,0,0.999576
cmp-00792,0.500000,21916000.000000,16.902728,68,STRICT,PUBLIC,2,3,0.500000,0.999576,169,139,0.005915,0.000000,0.029399,0.000012,1.999151,0.091463,0,0,0.999576
cmp-00793,0.150000,4725000.000000,15.368378,30,STRICT,PUBLIC,1,3,0.150000,0.263450,6,6,0.043908,0.015330,0.058544,0.028884,1.756332,0.142857,0,0,0.988000
cmp-00793,0.250000,4725000.000000,15.368378,30,STRICT,PUBLIC,1,3,0.250000,0.368444,9,9,0.040938,0.034998,0.049126,0.028069,1.473778,0.100000,0,0,0.988000
cmp-00793,0.500000,4725000.000000,15.368378,30,STRICT,PUBLIC,1,3,0.500000,0.560804,15,14,0.037387,0.025820,0.037387,0.029280,1.121608,0.062500,0,0,0.988000
cmp-00794,0.150000,5972000.000000,15.602592,60,FLEXIBLE,PUBLIC,1,1,0.150000,0.151122,28,28,0.005397,0.017096,0.016791,0.016645,1.007479,0.066667,0,0,0.427127
cmp-00794,0.250000,5972000.000000,15.602592,60,FLEXIBLE,PUBLIC,1,1,0.250000,0.194089,33,33,0.005881,0.007161,0.012939,0.017909,0.776356,0.083333,0,0,0.427127
cmp-00794,0.500000,5972000.000000,15.602592,60,FLEXIBLE,PUBLIC,1,1,0.500000,0.258875,42,41,0.006164,0.004228,0.008629,0.024704,0.517749,0.066667,0,0,0.427127
cmp-00795,0.150000,25243000.000000,17.044059,17,STRICT,PRIVATE_LINK,5,1,0.150000,0.416464,114,103,0.003653,0.112462,0.163319,0.040383,2.776426,0.123077,0,0,0.999224
cmp-00795,0.250000,25243000.000000,17.044059,17,STRICT,PRIVATE_LINK,5,1,0.250000,0.566050,143,124,0.003958,0.087992,0.133188,0.034035,2.264200,0.122699,0,0,0.999224
cmp-00795,0.500000,25243000.000000,17.044059,17,STRICT,PRIVATE_LINK,5,1,0.500000,0.742748,189,158,0.003930,0.057148,0.087382,0.030265,1.485497,0.125000,0,0,0.999224
cmp-00796,0.150000,2821000.000000,14.852602,75,STRICT,PRIVATE_LINK,3,3,0.150000,0.231939,12,11,0.019328,0.017861,0.020617,0.012048,1.546260,0.076923,0,0,0.625594
cmp-00796,0.250000,2821000.000000,14.852602,75,STRICT,PRIVATE_LINK,3,3,0.250000,0.243141,13,12,0.018703,0.001494,0.012968,0.013455,0.972563,0.071429,0,0,0.625594
cmp-00796,0.500000,2821000.000000,14.852602,75,STRICT,PRIVATE_LINK,3,3,0.500000,0.344346,18,17,0.019130,0.003814,0.009183,0.017484,0.688692,0.100000,0,0,0.625594
cmp-00797,0.150000,49339000.000000,17.714225,51,CLOSE_ON_TARGET,PRIVATE_LINK,4,3,0.150000,0.405776,383,355,0.001059,0.043072,0.053043,0.013708,2.705176,0.133484,0,1,1.005063
cmp-00797,0.250000,49339000.000000,17.714225,51,CLOSE_ON_TARGET,PRIVATE_LINK,4,3,0.250000,0.507596,480,437,0.001057,0.019965,0.039811,0.012873,2.030386,0.125683,0,1,1.005063
cmp-00797,0.500000,49339000.000000,17.714225,51,CLOSE_ON_TARGET,PRIVATE_LINK,4,3,0.500000,0.740866,693,594,0.001069,0.014181,0.029054,0.010162,1.481733,0.122785,0,1,1.005063
cmp-00798,0.150000,17080000.000000,16.653419,35,FLEXIBLE,PUBLIC,3,2,0.150000,0.384567,64,56,0.006009,0.053024,0.073251,0.020687,2.563778,0.072464,0,1,1.255076
cmp-00798,0.250000,17080000.000000,16.653419,35,FLEXIBLE,PUBLIC,3,2,0.250000,0.534104,87,78,0.006139,0.042725,0.061040,0.017748,2.136417,0.054348,0,1,1.255076
cmp-00798,0.500000,17080000.000000,16.653419,35,FLEXIBLE,PUBLIC,3,2,0.500000,0.759871,122,101,0.006228,0.027046,0.043421,0.013722,1.519742,0.075758,0,1,1.255076
cmp-00799,0.150000,8883000.000000,15.999650,89,FLEXIBLE,PUBLIC,3,1,0.150000,0.863391,57,50,0.015147,0.046785,0.064673,0.001806,5.755938,0.080645,0,1,2.395238
cmp-00799,0.250000,8883000.000000,15.999650,89,FLEXIBLE,PUBLIC,3,1,0.250000,1.148835,82,69,0.014010,0.032072,0.051633,0.000000,4.595339,0.098901,1,1,2.395238
cmp-00799,0.500000,8883000.000000,15.999650,89,FLEXIBLE,PUBLIC,3,1,0.500000,1.648362,118,88,0.013969,0.013919,0.037042,0.000000,3.296724,0.106061,1,1,2.395238
cmp-00800,0.150000,10677000.000000,16.183602,28,CLOSE_ON_TARGET,PUBLIC,1,1,0.150000,0.615885,170,145,0.003623,0.134247,0.146639,0.016139,4.105897,0.137056,0,1,1.007727
cmp-00800,0.250000,10677000.000000,16.183602,28,CLOSE_ON_TARGET,PUBLIC,1,1,0.250000,0.887731,238,196,0.003730,0.097088,0.126819,0.005346,3.550923,0.125000,0,1,1.007727
cmp-00801,0.150000,7052000.000000,15.768822,82,FLEXIBLE,PUBLIC,7,2,0.150000,0.208437,20,20,0.010422,0.012856,0.016946,0.011357,1.389582,0.130435,0,1,1.016081
cmp-00801,0.250000,7052000.000000,15.768822,82,FLEXIBLE,PUBLIC,7,2,0.250000,0.391946,30,28,0.013065,0.022379,0.019119,0.009887,1.567782,0.117647,0,1,1.016081
cmp-00801,0.500000,7052000.000000,15.768822,82,FLEXIBLE,PUBLIC,7,2,0.500000,0.589748,48,46,0.012286,0.003749,0.014384,0.010006,1.179495,0.094340,0,1,1.016081
cmp-00802,0.150000,5512000.000000,15.522438,82,STRICT,PUBLIC,3,2,0.150000,0.516001,23,20,0.022435,0.040791,0.041951,0.006944,3.440010,0.115385,0,0,0.998585
cmp-00802,0.250000,5512000.000000,15.522438,82,STRICT,PUBLIC,3,2,0.250000,0.822333,29,23,0.028356,0.037358,0.040114,0.002889,3.289332,0.121212,0,0,0.998585
cmp-00802,0.500000,5512000.000000,15.522438,82,STRICT,PUBLIC,3,2,0.500000,0.976016,38,30,0.025685,0.004805,0.023805,0.000585,1.952032,0.116279,0,0,0.998585
cmp-00803,0.150000,10632000.000000,16.179379,62,CLOSE_ON_TARGET,PRIVATE_LINK,5,2,0.150000,0.565472,35,32,0.016156,0.038719,0.060803,0.008245,3.769814,0.102564,0,1,1.014550
cmp-00803,0.250000,10632000.000000,16.179379,62,CLOSE_ON_TARGET,PRIVATE_LINK,5,2,0.250000,0.656687,42,36,0.015635,0.014712,0.042367,0.007383,2.626749,0.106383,0,1,1.014550
cmp-00803,0.500000,10632000.000000,16.179379,62,CLOSE_ON_TARGET,PRIVATE_LINK,5,2,0.500000,0.843708,58,47,0.014547,0.012643,0.027216,0.005042,1.687415,0.134328,0,1,1.014550
cmp-00804,0.150000,11934000.000000,16.294902,82,FLEXIBLE,PUBLIC,4,3,0.150000,0.667102,104,86,0.006414,0.047898,0.054236,0.004776,4.447349,0.118644,0,1,2.157877
cmp-00804,0.250000,11934000.000000,16.294902,82,FLEXIBLE,PUBLIC,4,3,0.250000,0.786568,129,102,0.006097,0.014569,0.038369,0.003470,3.146271,0.134228,0,1,2.157877
cmp-00804,0.500000,11934000.000000,16.294902,82,FLEXIBLE,PUBLIC,4,3,0.500000,1.163038,185,139,0.006287,0.021941,0.028367,0.000000,2.326077,0.139535,1,1,2.157877
cmp-00805,0.150000,4714000.000000,15.366047,58,FLEXIBLE,PUBLIC,4,2,0.150000,0.362155,75,66,0.004829,0.033411,0.041627,0.012938,2.414369,0.157303,0,1,1.091493
cmp-00805,0.250000,4714000.000000,15.366047,58,FLEXIBLE,PUBLIC,4,2,0.250000,0.435405,90,79,0.004838,0.012629,0.030028,0.012979,1.741621,0.166667,0,1,1.091493
cmp-00805,0.500000,4714000.000000,15.366047,58,FLEXIBLE,PUBLIC,4,2,0.500000,0.561540,120,103,0.004680,0.004305,0.019363,0.015119,1.123080,0.154930,0,1,1.091493
cmp-00806,0.150000,25083000.000000,17.037701,40,FLEXIBLE,PUBLIC,2,2,0.150000,0.274138,67,66,0.004092,0.030932,0.045690,0.021349,1.827586,0.129870,0,0,0.921867
cmp-00806,0.250000,25083000.000000,17.037701,40,FLEXIBLE,PUBLIC,2,2,0.250000,0.380210,88,80,0.004321,0.026518,0.038021,0.020660,1.520839,0.120000,0,0,0.921867
cmp-00806,0.500000,25083000.000000,17.037701,40,FLEXIBLE,PUBLIC,2,2,0.500000,0.530379,126,110,0.004209,0.018032,0.026519,0.023481,1.060758,0.093525,0,0,0.921867
cmp-00807,0.150000,12228000.000000,16.319239,64,STRICT,PUBLIC,3,1,0.150000,0.314360,25,21,0.012574,0.020286,0.032746,0.012604,2.095737,0.264706,0,0,0.994153
cmp-00807,0.250000,12228000.000000,16.319239,64,STRICT,PUBLIC,3,1,0.250000,0.383840,31,26,0.012382,0.010856,0.023990,0.012837,1.535361,0.243902,0,0,0.994153
cmp-00807,0.500000,12228000.000000,16.319239,64,STRICT,PUBLIC,3,1,0.500000,0.547130,44,37,0.012435,0.003727,0.017098,0.014152,1.094259,0.214286,0,0,0.994153
cmp-00808,0.150000,19255000.000000,16.773281,80,FLEXIBLE,PUBLIC,5,2,0.150000,0.575440,138,123,0.004170,0.038492,0.047953,0.006244,3.836268,0.148148,0,1,1.926211
cmp-00808,0.250000,19255000.000000,16.773281,80,FLEXIBLE,PUBLIC,5,2,0.250000,0.764363,180,150,0.004246,0.023615,0.038218,0.003927,3.057450,0.126214,0,1,1.926211
cmp-00808,0.500000,19255000.000000,16.773281,80,FLEXIBLE,PUBLIC,5,2,0.500000,1.025682,255,202,0.004022,0.012784,0.025642,0.000000,2.051363,0.114583,1,1,1.926211
cmp-00809,0.150000,16587000.000000,16.624130,44,STRICT,PUBLIC,2,1,0.150000,0.172316,37,37,0.004657,0.013463,0.026108,0.022131,1.148771,0.119048,0,0,0.576186
cmp-00809,0.250000,16587000.000000,16.624130,44,STRICT,PUBLIC,2,1,0.250000,0.217176,50,49,0.004344,0.010196,0.019743,0.023722,0.868704,0.122807,0,0,0.576186
cmp-00809,0.500000,16587000.000000,16.624130,44,STRICT,PUBLIC,2,1,0.500000,0.288618,69,67,0.004183,0.005505,0.013119,0.032336,0.577235,0.103896,0,0,0.576186
cmp-00810,0.150000,2317000.000000,14.655784,61,STRICT,PUBLIC,3,1,0.150000,0.230125,11,10,0.020920,0.008830,0.025150,0.014848,1.534168,0.153846,0,0,0.915624
cmp-00810,0.250000,2317000.000000,14.655784,61,STRICT,PUBLIC,3,1,0.250000,0.377600,17,15,0.022212,0.024176,0.024761,0.013604,1.510401,0.190476,0,0,0.915624
cmp-00810,0.500000,2317000.000000,14.655784,61,STRICT,PUBLIC,3,1,0.500000,0.494476,25,22,0.019779,0.003318,0.016212,0.016575,0.988951,0.166667,0,0,0.915624
cmp-00811,0.150000,10698000.000000,16.185567,41,STRICT,PUBLIC,5,3,0.150000,0.274939,22,20,0.012497,0.048917,0.044706,0.020805,1.832928,0.185185,0,0,0.999514
cmp-00811,0.250000,10698000.000000,16.185567,41,STRICT,PUBLIC,5,3,0.250000,0.440681,36,34,0.012241,0.040425,0.042993,0.018189,1.762722,0.181818,0,0,0.999514
cmp-00811,0.500000,10698000.000000,16.185567,41,STRICT,PUBLIC,5,3,0.500000,0.633875,50,43,0.012678,0.025295,0.030921,0.017860,1.267751,0.206349,0,0,0.999514
cmp-00812,0.150000,4572000.000000,15.335461,65,FLEXIBLE,PUBLIC,2,1,0.150000,0.610871,37,32,0.016510,0.047116,0.062653,0.007043,4.072470,0.195652,0,1,3.189961
cmp-00812,0.250000,4572000.000000,15.335461,65,FLEXIBLE,PUBLIC,2,1,0.250000,0.975044,58,42,0.016811,0.056027,0.060003,0.000512,3.900175,0.171429,0,1,3.189961
cmp-00812,0.500000,4572000.000000,15.335461,65,FLEXIBLE,PUBLIC,2,1,0.500000,1.623578,83,58,0.019561,0.035147,0.049956,0.000000,3.247157,0.135417,1,1,3.189961
cmp-00813,0.150000,4446000.000000,15.307515,83,CLOSE_ON_TARGET,PUBLIC,2,2,0.150000,0.620625,57,51,0.010888,0.042637,0.049849,0.005377,4.137502,0.136364,0,1,1.000990
cmp-00813,0.250000,4446000.000000,15.307515,83,CLOSE_ON_TARGET,PUBLIC,2,2,0.250000,0.873009,76,65,0.011487,0.030408,0.042073,0.002040,3.492038,0.164835,0,1,1.000990
cmp-00814,0.150000,3884000.000000,15.172376,34,FLEXIBLE,PRIVATE_LINK,5,3,0.150000,0.276030,12,12,0.023002,0.048177,0.054124,0.025051,1.840199,0.142857,0,0,0.789238
cmp-00814,0.250000,3884000.000000,15.172376,34,FLEXIBLE,PRIVATE_LINK,5,3,0.250000,0.276030,12,12,0.023002,0.000000,0.032474,0.028391,1.104119,0.200000,0,0,0.789238
cmp-00814,0.500000,3884000.000000,15.172376,34,FLEXIBLE,PRIVATE_LINK,5,3,0.500000,0.375592,18,17,0.020866,0.016993,0.022094,0.036730,0.751184,0.142857,0,0,0.789238
cmp-00815,0.150000,11289000.000000,16.239339,22,CLOSE_ON_TARGET,PRIVATE_LINK,2,1,0.150000,0.172035,18,18,0.009557,0.038634,0.052132,0.044276,1.146898,0.142857,0,0,0.533874
cmp-00815,0.250000,11289000.000000,16.239339,22,CLOSE_ON_TARGET,PRIVATE_LINK,2,1,0.250000,0.227097,25,25,0.009084,0.025028,0.041290,0.046843,0.908389,0.137931,0,0,0.533874
cmp-00815,0.500000,11289000.000000,16.239339,22,CLOSE_ON_TARGET,PRIVATE_LINK,2,1,0.500000,0.335769,36,33,0.009327,0.015449,0.030524,0.060385,0.671539,0.162791,0,0,0.533874
cmp-00816,0.150000,1678000.000000,14.333113,46,STRICT,PUBLIC,3,2,0.150000,0.360667,8,8,0.045083,0.020444,0.052271,0.016351,2.404450,0.111111,0,0,0.992789
cmp-00816,0.250000,1678000.000000,14.333113,46,STRICT,PUBLIC,3,2,0.250000,0.458045,11,10,0.041640,0.021169,0.039830,0.015709,1.832181,0.083333,0,0,0.992789
cmp-00816,0.500000,1678000.000000,14.333113,46,STRICT,PUBLIC,3,2,0.500000,0.719905,15,13,0.047994,0.013694,0.031300,0.012178,1.439809,0.062500,0,0,0.992789
cmp-00817,0.150000,5153000.000000,15.455090,29,STRICT,PUBLIC,2,3,0.150000,0.505084,34,30,0.014855,0.089543,0.116111,0.020078,3.367229,0.081081,0,0,0.996507
cmp-00817,0.250000,5153000.000000,15.455090,29,STRICT,PUBLIC,2,3,0.250000,0.813934,45,39,0.018087,0.106500,0.112267,0.008555,3.255735,0.117647,0,0,0.996507
cmp-00817,0.500000,5153000.000000,15.455090,29,STRICT,PUBLIC,2,3,0.500000,0.996507,52,43,0.019164,0.002248,0.068725,0.000241,1.993014,0.131579,0,0,0.996507
cmp-00818,0.150000,6694000.000000,15.716722,52,FLEXIBLE,PUBLIC,3,1,0.150000,0.198192,31,28,0.006393,0.010765,0.025409,0.018140,1.321283,0.114286,0,1,1.172199
cmp-00818,0.250000,6694000.000000,15.716722,52,FLEXIBLE,PUBLIC,3,1,0.250000,0.294398,41,37,0.007180,0.018501,0.022646,0.018092,1.177592,0.108696,0,1,1.172199
cmp-00818,0.500000,6694000.000000,15.716722,52,FLEXIBLE,PUBLIC,3,1,0.500000,0.549432,71,64,0.007738,0.030650,0.021132,0.017330,1.098865,0.101266,0,1,1.172199
cmp-00819,0.150000,36478000.000000,17.412220,74,FLEXIBLE,PUBLIC,1,1,0.150000,0.362068,167,156,0.002168,0.029130,0.032619,0.010142,2.413784,0.102151,0,1,1.013444
cmp-00819,0.250000,36478000.000000,17.412220,74,FLEXIBLE,PUBLIC,1,1,0.250000,0.503320,233,211,0.002160,0.019088,0.027206,0.008949,2.013279,0.093385,0,1,1.013444
cmp-00819,0.500000,36478000.000000,17.412220,74,FLEXIBLE,PUBLIC,1,1,0.500000,0.619085,311,272,0.001991,0.006743,0.016732,0.010295,1.238171,0.106322,0,1,1.013444
cmp-00820,0.150000,6610000.000000,15.704094,74,FLEXIBLE,PUBLIC,2,3,0.150000,0.502436,23,23,0.021845,0.038396,0.045264,0.007910,3.349571,0.115385,0,1,1.595129
cmp-00820,0.250000,6610000.000000,15.704094,74,FLEXIBLE,PUBLIC,2,3,0.250000,0.682163,33,32,0.020672,0.024288,0.036874,0.005727,2.728654,0.108108,0,1,1.595129
cmp-00820,0.500000,6610000.000000,15.704094,74,FLEXIBLE,PUBLIC,2,3,0.500000,0.912057,47,41,0.019405,0.010085,0.024650,0.002377,1.824115,0.129630,0,1,1.595129
cmp-00821,0.150000,9138000.000000,16.027952,20,FLEXIBLE,PUBLIC,6,2,0.150000,0.647954,110,88,0.005890,0.169796,0.215985,0.020709,4.319691,0.112903,0,1,1.714347
cmp-00821,0.250000,9138000.000000,16.027952,20,FLEXIBLE,PUBLIC,6,2,0.250000,0.763898,139,112,0.005496,0.057972,0.152780,0.015740,3.055592,0.097403,0,1,1.714347
cmp-00821,0.500000,9138000.000000,16.027952,20,FLEXIBLE,PUBLIC,6,2,0.500000,0.999825,182,145,0.005494,0.034510,0.099982,0.000018,1.999650,0.085427,0,1,1.714347
cmp-00822,0.150000,26956000.000000,17.109716,37,FLEXIBLE,PUBLIC,1,2,0.150000,0.373805,104,93,0.003594,0.072356,0.067352,0.019911,2.492036,0.133333,0,1,1.095114
cmp-00822,0.250000,26956000.000000,17.109716,37,FLEXIBLE,PUBLIC,1,2,0.250000,0.536500,141,122,0.003805,0.043972,0.058000,0.016703,2.146001,0.124224,0,1,1.095114
cmp-00822,0.500000,26956000.000000,17.109716,37,FLEXIBLE,PUBLIC,1,2,0.500000,0.671813,186,153,0.003612,0.015514,0.036314,0.017740,1.343627,0.130841,0,1,1.095114
cmp-00823,0.150000,6488000.000000,15.685465,33,STRICT,PRIVATE_LINK,4,2,0.150000,0.472842,22,22,0.021493,0.073441,0.095524,0.018794,3.152281,0.185185,0,0,0.999769
cmp-00823,0.250000,6488000.000000,15.685465,33,STRICT,PRIVATE_LINK,4,2,0.250000,0.568218,28,27,0.020294,0.028902,0.068875,0.017446,2.272873,0.151515,0,0,0.999769
cmp-00823,0.500000,6488000.000000,15.685465,33,STRICT,PRIVATE_LINK,4,2,0.500000,0.748736,38,36,0.019704,0.010434,0.045378,0.015228,1.497472,0.116279,0,0,0.999769
cmp-00824,0.150000,4792000.000000,15.382458,71,STRICT,PUBLIC,3,1,0.150000,0.192801,13,12,0.014831,0.008221,0.018103,0.013375,1.285337,0.187500,0,0,0.669992
cmp-00824,0.250000,4792000.000000,15.382458,71,STRICT,PUBLIC,3,1,0.250000,0.205301,14,13,0.014664,0.001761,0.011566,0.014924,0.821202,0.176471,0,0,0.669992
cmp-00824,0.500000,4792000.000000,15.382458,71,STRICT,PUBLIC,3,1,0.500000,0.281448,21,19,0.013402,0.007139,0.007928,0.020241,0.562896,0.160000,0,0,0.669992
cmp-00825,0.150000,19851000.000000,16.803765,87,STRICT,PUBLIC,6,3,0.150000,0.265624,70,66,0.003795,0.018119,0.020354,0.009931,1.770826,0.102564,0,0,0.735439
cmp-00825,0.250000,19851000.000000,16.803765,87,STRICT,PUBLIC,6,3,0.250000,0.371603,95,88,0.003912,0.012182,0.017085,0.009631,1.486414,0.112150,0,0,0.735439
cmp-00825,0.500000,19851000.000000,16.803765,87,STRICT,PUBLIC,6,3,0.500000,0.476218,125,113,0.003810,0.003730,0.010948,0.012041,0.952436,0.131944,0,0,0.735439
cmp-00826,0.150000,6620000.000000,15.705606,58,FLEXIBLE,PUBLIC,3,3,0.150000,0.446541,21,20,0.021264,0.024414,0.051327,0.011226,2.976939,0.160000,0,1,1.527236
cmp-00826,0.250000,6620000.000000,15.705606,58,FLEXIBLE,PUBLIC,3,3,0.250000,0.756208,32,30,0.023632,0.053391,0.052152,0.005604,3.024834,0.111111,0,1,1.527236
cmp-00826,0.500000,6620000.000000,15.705606,58,FLEXIBLE,PUBLIC,3,3,0.500000,1.039728,42,38,0.024755,0.028094,0.035853,0.000000,2.079456,0.106383,1,1,1.527236
cmp-00827,0.150000,4434000.000000,15.304813,29,FLEXIBLE,PUBLIC,3,3,0.150000,2.230627,118,78,0.018904,0.414205,0.512788,0.000000,14.870846,0.106061,1,1,6.760239
cmp-00827,0.250000,4434000.000000,15.304813,29,FLEXIBLE,PUBLIC,3,3,0.250000,3.147384,164,93,0.019191,0.316123,0.434122,0.000000,12.589535,0.113514,1,1,6.760239
cmp-00827,0.500000,4434000.000000,15.304813,29,FLEXIBLE,PUBLIC,3,3,0.500000,3.953969,216,105,0.018305,0.094645,0.272688,0.000000,7.907939,0.111111,1,1,6.760239
cmp-00828,0.150000,5133000.000000,15.451201,60,CLOSE_ON_TARGET,PUBLIC,4,2,0.150000,0.290220,17,17,0.017072,0.034931,0.032247,0.013917,1.934801,0.190476,0,1,1.055153
cmp-00828,0.250000,5133000.000000,15.451201,60,CLOSE_ON_TARGET,PUBLIC,4,2,0.250000,0.402630,24,21,0.016776,0.018735,0.026842,0.013275,1.610520,0.142857,0,1,1.055153
cmp-00828,0.500000,5133000.000000,15.451201,60,CLOSE_ON_TARGET,PUBLIC,4,2,0.500000,0.665771,37,32,0.017994,0.015319,0.022192,0.011141,1.331541,0.097561,0,1,1.055153
cmp-00829,0.150000,12474000.000000,16.339157,49,FLEXIBLE,PUBLIC,3,2,0.150000,0.239346,52,49,0.004603,0.026386,0.032564,0.018263,1.595639,0.174603,0,0,0.904473
cmp-00829,0.250000,12474000.000000,16.339157,49,FLEXIBLE,PUBLIC,3,2,0.250000,0.300385,66,62,0.004551,0.012457,0.024521,0.019037,1.201539,0.185185,0,0,0.904473
cmp-00829,0.500000,12474000.000000,16.339157,49,FLEXIBLE,PUBLIC,3,2,0.500000,0.462145,101,93,0.004576,0.007822,0.018863,0.021953,0.924291,0.172131,0,0,0.904473
cmp-00830,0.150000,1685000.000000,14.337276,83,FLEXIBLE,PUBLIC,3,3,0.150000,0.575252,9,9,0.063917,0.048822,0.046205,0.006021,3.835015,0.400000,0,1,3.728843
cmp-00830,0.250000,1685000.000000,14.337276,83,FLEXIBLE,PUBLIC,3,3,0.250000,0.830326,13,12,0.063871,0.030732,0.040016,0.002726,3.321306,0.350000,0,1,3.728843
cmp-00830,0.500000,1685000.000000,14.337276,83,FLEXIBLE,PUBLIC,3,3,0.500000,1.203323,20,15,0.060166,0.009796,0.028996,0.000000,2.406647,0.285714,1,1,3.728843
cmp-00831,0.150000,7181000.000000,15.786949,73,STRICT,PUBLIC,8,3,0.150000,0.333268,29,27,0.011492,0.018260,0.030435,0.010745,2.221789,0.171429,0,0,0.982983
cmp-00831,0.250000,7181000.000000,15.786949,73,STRICT,PUBLIC,8,3,0.250000,0.365339,37,35,0.009874,0.004393,0.020019,0.011592,1.461356,0.195652,0,0,0.982983
cmp-00831,0.500000,7181000.000000,15.786949,73,STRICT,PUBLIC,8,3,0.500000,0.551901,58,53,0.009516,0.009153,0.015121,0.012277,1.103802,0.159420,0,0,0.982983
cmp-00832,0.150000,67358000.000000,18.025532,15,CLOSE_ON_TARGET,PUBLIC,3,3,0.150000,0.398269,654,592,0.000609,0.150671,0.177008,0.047195,2.655126,0.116216,0,1,1.002073
cmp-00832,0.250000,67358000.000000,18.025532,15,CLOSE_ON_TARGET,PUBLIC,3,3,0.250000,0.538479,857,762,0.000628,0.093474,0.143595,0.041024,2.153918,0.123722,0,1,1.002073
cmp-00832,0.500000,67358000.000000,18.025532,15,CLOSE_ON_TARGET,PUBLIC,3,3,0.500000,0.758906,1197,1020,0.000634,0.052583,0.101187,0.032146,1.517812,0.117257,0,1,1.002073
cmp-00833,0.150000,5686000.000000,15.553518,68,CLOSE_ON_TARGET,PUBLIC,2,3,0.150000,0.769240,33,31,0.023310,0.058112,0.075416,0.003992,5.128268,0.057143,0,1,1.015617
cmp-00834,0.150000,7528000.000000,15.834140,83,FLEXIBLE,PUBLIC,3,1,0.150000,0.306509,46,38,0.006663,0.020905,0.024619,0.009830,2.043394,0.178571,0,1,1.412646
cmp-00834,0.250000,7528000.000000,15.834140,83,FLEXIBLE,PUBLIC,3,1,0.250000,0.605074,76,58,0.007962,0.035972,0.029160,0.006344,2.420298,0.164835,0,1,1.412646
cmp-00834,0.500000,7528000.000000,15.834140,83,FLEXIBLE,PUBLIC,3,1,0.500000,0.737925,102,78,0.007235,0.005454,0.017781,0.006315,1.475850,0.150000,0,1,1.412646
cmp-00835,0.150000,1774000.000000,14.388747,72,FLEXIBLE,PRIVATE_LINK,3,2,0.150000,0.573901,14,13,0.040993,0.059392,0.053139,0.006962,3.826005,0.125000,0,1,1.814882
cmp-00835,0.250000,1774000.000000,14.388747,72,FLEXIBLE,PRIVATE_LINK,3,2,0.250000,1.047407,22,16,0.047609,0.065765,0.058189,0.000000,4.189628,0.185185,1,1,1.814882
cmp-00835,0.500000,1774000.000000,14.388747,72,FLEXIBLE,PRIVATE_LINK,3,2,0.500000,1.325366,31,23,0.042754,0.012300,0.036816,0.000000,2.650733,0.162162,1,1,1.814882
cmp-00836,0.150000,4557000.000000,15.332175,35,STRICT,PUBLIC,2,3,0.150000,0.727716,40,37,0.018193,0.127803,0.138612,0.009152,4.851437,0.069767,0,0,0.999408
cmp-00836,0.250000,4557000.000000,15.332175,35,STRICT,PUBLIC,2,3,0.250000,0.922230,54,45,0.017078,0.055575,0.105398,0.002963,3.688918,0.084746,0,0,0.999408
cmp-00836,0.500000,4557000.000000,15.332175,35,STRICT,PUBLIC,2,3,0.500000,0.999408,60,50,0.016657,0.000000,0.057109,0.000034,1.998815,0.080000,0,0,0.999408
cmp-00837,0.150000,4175000.000000,15.244625,87,FLEXIBLE,PUBLIC,3,2,0.150000,0.344766,23,22,0.014990,0.026339,0.026419,0.008860,2.298443,0.115385,0,1,1.068671
cmp-00837,0.250000,4175000.000000,15.244625,87,FLEXIBLE,PUBLIC,3,2,0.250000,0.442204,30,28,0.014740,0.011200,0.020331,0.008549,1.768814,0.117647,0,1,1.068671
cmp-00837,0.500000,4175000.000000,15.244625,87,FLEXIBLE,PUBLIC,3,2,0.500000,0.593150,39,36,0.015209,0.010368,0.013636,0.009353,1.186299,0.152174,0,1,1.068671
cmp-00838,0.150000,11649000.000000,16.270731,67,FLEXIBLE,PUBLIC,1,1,0.150000,1.014963,129,104,0.007868,0.084491,0.100991,0.000000,6.766418,0.193750,1,1,3.114156
cmp-00838,0.250000,11649000.000000,16.270731,67,FLEXIBLE,PUBLIC,1,1,0.250000,1.410447,180,138,0.007836,0.059028,0.084206,0.000000,5.641789,0.181818,1,1,3.114156
cmp-00838,0.500000,11649000.000000,16.270731,67,FLEXIBLE,PUBLIC,1,1,0.500000,2.075517,254,175,0.008171,0.036385,0.061956,0.000000,4.151034,0.153333,1,1,3.114156
cmp-00839,0.150000,26858000.000000,17.106074,21,FLEXIBLE,PUBLIC,3,1,0.150000,0.252882,95,89,0.002662,0.055842,0.080280,0.041855,1.685879,0.159292,0,0,0.736563
cmp-00839,0.250000,26858000.000000,17.106074,21,FLEXIBLE,PUBLIC,3,1,0.250000,0.315005,122,116,0.002582,0.029582,0.060001,0.043492,1.260019,0.158621,0,0,0.736563
cmp-00839,0.500000,26858000.000000,17.106074,21,FLEXIBLE,PUBLIC,3,1,0.500000,0.454181,170,155,0.002672,0.035116,0.043255,0.051983,0.908362,0.141414,0,0,0.736563
cmp-00840,0.150000,30744000.000000,17.241205,49,FLEXIBLE,PUBLIC,1,3,0.150000,0.475085,194,170,0.002449,0.058972,0.064637,0.012603,3.167230,0.105991,0,1,1.449837
cmp-00840,0.250000,30744000.000000,17.241205,49,FLEXIBLE,PUBLIC,1,3,0.250000,0.600507,251,217,0.002392,0.025596,0.049021,0.010871,2.402030,0.116197,0,1,1.449837
cmp-00840,0.500000,30744000.000000,17.241205,49,FLEXIBLE,PUBLIC,1,3,0.500000,0.804316,358,291,0.002247,0.016377,0.032829,0.007987,1.608633,0.111663,0,1,1.449837
cmp-00841,0.150000,2461000.000000,14.716078,33,FLEXIBLE,PUBLIC,3,1,0.150000,0.175782,6,6,0.029297,0.011845,0.035512,0.029384,1.171881,0.000000,0,1,1.227753
cmp-00841,0.250000,2461000.000000,14.716078,33,FLEXIBLE,PUBLIC,3,1,0.250000,0.323608,9,8,0.035956,0.044796,0.039225,0.027329,1.294433,0.000000,0,1,1.227753
cmp-00841,0.500000,2461000.000000,14.716078,33,FLEXIBLE,PUBLIC,3,1,0.500000,0.636164,13,12,0.048936,0.009346,0.038555,0.022051,1.272328,0.000000,0,1,1.227753
cmp-00842,0.150000,7149000.000000,15.782483,79,FLEXIBLE,PRIVATE_LINK,3,2,0.150000,0.103483,2,2,0.051742,0.002031,0.008733,0.013351,0.689887,0.333333,0,0,0.227374
cmp-00842,0.250000,7149000.000000,15.782483,79,FLEXIBLE,PRIVATE_LINK,3,2,0.250000,0.107498,3,3,0.035833,0.000508,0.005443,0.015063,0.429990,0.250000,0,0,0.227374
cmp-00842,0.500000,7149000.000000,15.782483,79,FLEXIBLE,PRIVATE_LINK,3,2,0.500000,0.131641,5,5,0.026328,0.001528,0.003333,0.021984,0.263282,0.285714,0,0,0.227374
cmp-00843,0.150000,3569000.000000,15.087796,49,CLOSE_ON_TARGET,PUBLIC,1,2,0.150000,0.176548,10,10,0.017655,0.033388,0.024020,0.019771,1.176987,0.000000,0,0,0.717876
cmp-00843,0.250000,3569000.000000,15.087796,49,CLOSE_ON_TARGET,PUBLIC,1,2,0.250000,0.226982,13,12,0.017460,0.010293,0.018529,0.021034,0.907929,0.071429,0,0,0.717876
cmp-00843,0.500000,3569000.000000,15.087796,49,CLOSE_ON_TARGET,PUBLIC,1,2,0.500000,0.448893,24,21,0.018704,0.017841,0.018322,0.022494,0.897786,0.040000,0,0,0.717876
cmp-00844,0.150000,31471000.000000,17.264577,29,FLEXIBLE,PRIVATE_LINK,0,1,0.150000,0.169861,26,25,0.006533,0.021684,0.039049,0.033677,1.132408,0.161290,0,0,0.470560
cmp-00844,0.250000,31471000.000000,17.264577,29,FLEXIBLE,PRIVATE_LINK,0,1,0.250000,0.235404,37,34,0.006362,0.022601,0.032470,0.035154,0.941616,0.159091,0,0,0.470560
cmp-00844,0.500000,31471000.000000,17.264577,29,FLEXIBLE,PRIVATE_LINK,0,1,0.500000,0.300988,50,45,0.006020,0.010784,0.020758,0.048208,0.601976,0.206349,0,0,0.470560
cmp-00845,0.150000,4282000.000000,15.269931,64,FLEXIBLE,PUBLIC,2,3,0.150000,0.228024,25,25,0.009121,0.022653,0.023753,0.014191,1.520162,0.166667,0,0,0.632461
cmp-00845,0.250000,4282000.000000,15.269931,64,FLEXIBLE,PUBLIC,2,3,0.250000,0.259225,29,29,0.008939,0.004875,0.016202,0.015433,1.036899,0.147059,0,0,0.632461
cmp-00845,0.500000,4282000.000000,15.269931,64,FLEXIBLE,PUBLIC,2,3,0.500000,0.325199,37,33,0.008789,0.005857,0.010162,0.021088,0.650397,0.139535,0,0,0.632461
cmp-00846,0.150000,1232000.000000,14.024149,21,FLEXIBLE,PRIVATE_LINK,6,2,0.150000,1.455438,11,8,0.132313,0.468074,0.462044,0.000000,9.702922,0.266667,1,1,3.195211
cmp-00846,0.250000,1232000.000000,14.024149,21,FLEXIBLE,PRIVATE_LINK,6,2,0.250000,1.622403,13,9,0.124800,0.079507,0.309029,0.000000,6.489610,0.315789,1,1,3.195211
cmp-00846,0.500000,1232000.000000,14.024149,21,FLEXIBLE,PRIVATE_LINK,6,2,0.500000,1.980195,15,10,0.132013,0.000000,0.188590,0.000000,3.960390,0.318182,1,1,3.195211
cmp-00847,0.150000,1886000.000000,14.449969,75,FLEXIBLE,PUBLIC,2,1,0.150000,0.052280,3,3,0.017427,0.001569,0.004647,0.014866,0.348533,0.000000,0,0,0.434464
cmp-00847,0.250000,1886000.000000,14.449969,75,FLEXIBLE,PUBLIC,2,1,0.250000,0.179852,5,5,0.035970,0.017010,0.009592,0.014580,0.719406,0.166667,0,0,0.434464
cmp-00847,0.500000,1886000.000000,14.449969,75,FLEXIBLE,PUBLIC,2,1,0.500000,0.241039,8,8,0.030130,0.002043,0.006428,0.020239,0.482078,0.111111,0,0,0.434464
cmp-00848,0.150000,3006000.000000,14.916121,61,FLEXIBLE,PUBLIC,5,3,0.150000,0.707485,18,15,0.039305,0.095677,0.077321,0.005642,4.716567,0.052632,0,1,1.844777
cmp-00848,0.250000,3006000.000000,14.916121,61,FLEXIBLE,PUBLIC,5,3,0.250000,0.960213,25,20,0.038409,0.041431,0.062965,0.000870,3.840852,0.074074,0,1,1.844777
cmp-00848,0.500000,3006000.000000,14.916121,61,FLEXIBLE,PUBLIC,5,3,0.500000,1.121224,32,23,0.035038,0.017528,0.036761,0.000000,2.242448,0.111111,1,1,1.844777
cmp-00849,0.150000,15051000.000000,16.526955,77,FLEXIBLE,PUBLIC,5,2,0.150000,0.069936,14,14,0.004995,0.007423,0.006055,0.014210,0.466237,0.066667,0,0,0.276234
cmp-00849,0.250000,15051000.000000,16.526955,77,FLEXIBLE,PUBLIC,5,2,0.250000,0.091270,19,19,0.004804,0.002771,0.004741,0.015736,0.365079,0.136364,0,0,0.276234
cmp-00849,0.500000,15051000.000000,16.526955,77,FLEXIBLE,PUBLIC,5,2,0.500000,0.135652,28,28,0.004845,0.001399,0.003523,0.022451,0.271304,0.125000,0,0,0.276234
cmp-00850,0.150000,4531000.000000,15.326453,34,FLEXIBLE,PUBLIC,6,1,0.150000,0.035224,2,2,0.017612,0.001837,0.006907,0.033383,0.234827,0.500000,0,0,0.158398
cmp-00850,0.250000,4531000.000000,15.326453,34,FLEXIBLE,PUBLIC,6,1,0.250000,0.051291,3,3,0.017097,0.004726,0.006034,0.037204,0.205164,0.500000,0,0,0.158398
cmp-00850,0.500000,4531000.000000,15.326453,34,FLEXIBLE,PUBLIC,6,1,0.500000,0.076297,4,4,0.019074,0.000000,0.004488,0.054335,0.152593,0.428571,0,0,0.158398
cmp-00851,0.150000,2557000.000000,14.754345,45,CLOSE_ON_TARGET,PUBLIC,0,3,0.150000,0.260383,10,10,0.026038,0.020206,0.038575,0.019336,1.735888,0.000000,0,1,1.075675
cmp-00851,0.250000,2557000.000000,14.754345,45,CLOSE_ON_TARGET,PUBLIC,0,3,0.250000,0.330583,12,11,0.027549,0.015600,0.029385,0.019835,1.322331,0.000000,0,1,1.075675
cmp-00851,0.500000,2557000.000000,14.754345,45,CLOSE_ON_TARGET,PUBLIC,0,3,0.500000,0.550489,19,16,0.028973,0.024968,0.024466,0.019978,1.100978,0.095238,0,1,1.075675
cmp-00852,0.150000,4396000.000000,15.296206,37,STRICT,PUBLIC,3,3,0.150000,0.270064,27,26,0.010002,0.035186,0.048660,0.023209,1.800425,0.156250,0,0,0.998635
cmp-00852,0.250000,4396000.000000,15.296206,37,STRICT,PUBLIC,3,3,0.250000,0.518517,46,44,0.011272,0.067149,0.056056,0.017351,2.074067,0.115385,0,0,0.998635
cmp-00852,0.500000,4396000.000000,15.296206,37,STRICT,PUBLIC,3,3,0.500000,0.650136,61,52,0.010658,0.007495,0.035143,0.018912,1.300273,0.102941,0,0,0.998635
cmp-00853,0.150000,2238000.000000,14.621093,22,FLEXIBLE,PUBLIC,1,1,0.150000,0.098972,6,5,0.016495,0.022138,0.029992,0.048183,0.659815,0.250000,0,0,0.646381
cmp-00853,0.250000,2238000.000000,14.621093,22,FLEXIBLE,PUBLIC,1,1,0.250000,0.129178,7,6,0.018454,0.013730,0.023487,0.052777,0.516711,0.222222,0,0,0.646381
cmp-00853,0.500000,2238000.000000,14.621093,22,FLEXIBLE,PUBLIC,1,1,0.500000,0.204647,8,7,0.025581,0.000000,0.018604,0.072305,0.409294,0.200000,0,0,0.646381
cmp-00854,0.150000,6549000.000000,15.694823,46,CLOSE_ON_TARGET,PRIVATE_LINK,10,1,0.150000,0.524859,32,30,0.016402,0.065510,0.076066,0.012152,3.499058,0.157895,0,1,1.006627
cmp-00854,0.250000,6549000.000000,15.694823,46,CLOSE_ON_TARGET,PRIVATE_LINK,10,1,0.250000,0.770011,39,34,0.019744,0.053294,0.066957,0.006666,3.080043,0.152174,0,1,1.006627
cmp-00854,0.500000,6549000.000000,15.694823,46,CLOSE_ON_TARGET,PRIVATE_LINK,10,1,0.500000,0.918217,52,44,0.017658,0.025394,0.039922,0.003556,1.836433,0.147541,0,1,1.006627
cmp-00855,0.150000,10940000.000000,16.207936,25,FLEXIBLE,PUBLIC,3,2,0.150000,0.173300,30,27,0.005777,0.042559,0.046213,0.038904,1.155332,0.062500,0,0,0.782916
cmp-00855,0.250000,10940000.000000,16.207936,25,FLEXIBLE,PUBLIC,3,2,0.250000,0.204781,37,33,0.005535,0.012592,0.032765,0.042412,0.819122,0.097561,0,0,0.782916
cmp-00855,0.500000,10940000.000000,16.207936,25,FLEXIBLE,PUBLIC,3,2,0.500000,0.336673,58,51,0.005805,0.006282,0.026934,0.053066,0.673346,0.093750,0,0,0.782916
cmp-00856,0.150000,6204000.000000,15.640705,28,STRICT,PUBLIC,5,1,0.150000,0.258720,14,14,0.018480,0.042340,0.061600,0.031146,1.724801,0.300000,0,0,0.942618
cmp-00856,0.250000,6204000.000000,15.640705,28,STRICT,PUBLIC,5,1,0.250000,0.395487,22,22,0.017977,0.048845,0.056498,0.028786,1.581947,0.214286,0,0,0.942618
cmp-00856,0.500000,6204000.000000,15.640705,28,STRICT,PUBLIC,5,1,0.500000,0.555980,38,35,0.014631,0.015025,0.039713,0.031716,1.111960,0.155556,0,0,0.942618
cmp-00857,0.150000,4218000.000000,15.254872,47,CLOSE_ON_TARGET,PUBLIC,1,2,0.150000,0.128924,10,10,0.012892,0.015516,0.018287,0.021804,0.859491,0.166667,0,0,0.376861
cmp-00857,0.250000,4218000.000000,15.254872,47,CLOSE_ON_TARGET,PUBLIC,1,2,0.250000,0.136368,11,11,0.012397,0.001584,0.011606,0.024500,0.545472,0.153846,0,0,0.376861
cmp-00857,0.500000,4218000.000000,15.254872,47,CLOSE_ON_TARGET,PUBLIC,1,2,0.500000,0.193148,15,15,0.012877,0.000000,0.008219,0.034334,0.386297,0.117647,0,0,0.376861
cmp-00858,0.150000,5530000.000000,15.525698,44,STRICT,PUBLIC,1,3,0.150000,0.705407,48,42,0.014696,0.107537,0.106880,0.007877,4.702712,0.142857,0,0,0.999385
cmp-00858,0.250000,5530000.000000,15.525698,44,STRICT,PUBLIC,1,3,0.250000,0.784882,56,48,0.014016,0.018063,0.071353,0.006519,3.139530,0.164179,0,0,0.999385
cmp-00858,0.500000,5530000.000000,15.525698,44,STRICT,PUBLIC,1,3,0.500000,0.995606,77,59,0.012930,0.008573,0.045255,0.000200,1.991212,0.183673,0,0,0.999385
cmp-00859,0.150000,28859000.000000,17.177932,53,STRICT,PRIVATE_LINK,1,3,0.150000,0.274795,75,69,0.003664,0.026897,0.034565,0.016098,1.831965,0.137931,0,0,0.999796
cmp-00859,0.250000,28859000.000000,17.177932,53,STRICT,PRIVATE_LINK,1,3,0.250000,0.381607,101,88,0.003778,0.020153,0.028801,0.015557,1.526428,0.121739,0,0,0.999796
cmp-00859,0.500000,28859000.000000,17.177932,53,STRICT,PRIVATE_LINK,1,3,0.500000,0.524498,148,124,0.003544,0.007014,0.019792,0.017943,1.048997,0.119048,0,0,0.999796
cmp-00861,0.150000,4292000.000000,15.272263,34,STRICT,PUBLIC,0,3,0.150000,0.999161,32,27,0.031224,0.036189,0.195914,0.000029,6.661075,0.119403,0,0,0.999161
cmp-00861,0.250000,4292000.000000,15.272263,34,STRICT,PUBLIC,0,3,0.250000,0.999161,32,27,0.031224,0.000000,0.117548,0.000033,3.996645,0.106667,0,0,0.999161
cmp-00861,0.500000,4292000.000000,15.272263,34,STRICT,PUBLIC,0,3,0.500000,0.999161,32,27,0.031224,0.000000,0.058774,0.000049,1.998322,0.103774,0,0,0.999161
cmp-00862,0.150000,4944000.000000,15.413685,40,FLEXIBLE,PRIVATE_LINK,4,3,0.150000,0.274494,26,22,0.010557,0.032585,0.045749,0.021338,1.829962,0.212121,0,1,1.409244
cmp-00862,0.250000,4944000.000000,15.413685,40,FLEXIBLE,PRIVATE_LINK,4,3,0.250000,0.460194,35,29,0.013148,0.046425,0.046019,0.017994,1.840777,0.204545,0,1,1.409244
cmp-00862,0.500000,4944000.000000,15.413685,40,FLEXIBLE,PRIVATE_LINK,4,3,0.500000,0.651699,49,38,0.013300,0.015266,0.032585,0.017415,1.303398,0.209677,0,1,1.409244
cmp-00863,0.150000,1372000.000000,14.131780,77,FLEXIBLE,PUBLIC,5,2,0.150000,0.750437,33,29,0.022741,0.059634,0.064973,0.003813,5.002915,0.153846,0,1,2.440087
cmp-00863,0.250000,1372000.000000,14.131780,77,FLEXIBLE,PUBLIC,5,2,0.250000,1.203936,51,40,0.023607,0.058896,0.062542,0.000000,4.815743,0.135593,1,1,2.440087
cmp-00863,0.500000,1372000.000000,14.131780,77,FLEXIBLE,PUBLIC,5,2,0.500000,1.559985,68,48,0.022941,0.014113,0.040519,0.000000,3.119971,0.116883,1,1,2.440087
cmp-00864,0.150000,3808000.000000,15.152615,61,STRICT,PRIVATE_LINK,1,3,0.150000,0.208508,15,13,0.013901,0.027965,0.022788,0.015265,1.390056,0.117647,0,0,0.995273
cmp-00864,0.250000,3808000.000000,15.152615,61,STRICT,PRIVATE_LINK,1,3,0.250000,0.545221,20,17,0.027261,0.055199,0.035752,0.009941,2.180882,0.090909,0,0,0.995273
cmp-00864,0.500000,3808000.000000,15.152615,61,STRICT,PRIVATE_LINK,1,3,0.500000,0.685058,26,22,0.026348,0.007469,0.022461,0.010326,1.370116,0.068966,0,0,0.995273
cmp-00865,0.150000,20114000.000000,16.816927,73,CLOSE_ON_TARGET,PRIVATE_LINK,3,1,0.150000,0.068554,6,6,0.011426,0.005283,0.006261,0.015011,0.457028,0.142857,0,0,0.213757
cmp-00865,0.250000,20114000.000000,16.816927,73,CLOSE_ON_TARGET,PRIVATE_LINK,3,1,0.250000,0.138878,14,14,0.009920,0.009633,0.007610,0.015728,0.555514,0.125000,0,0,0.213757
cmp-00865,0.500000,20114000.000000,16.816927,73,CLOSE_ON_TARGET,PRIVATE_LINK,3,1,0.500000,0.161847,18,18,0.008992,0.002747,0.004434,0.022963,0.323695,0.142857,0,0,0.213757
cmp-00866,0.150000,38394000.000000,17.463412,37,FLEXIBLE,PUBLIC,3,1,0.150000,0.119375,41,39,0.002912,0.017565,0.021509,0.028001,0.795836,0.068182,0,0,0.406741
cmp-00866,0.250000,38394000.000000,17.463412,37,FLEXIBLE,PUBLIC,3,1,0.250000,0.160228,55,53,0.002913,0.011041,0.017322,0.030262,0.640913,0.083333,0,0,0.406741
cmp-00866,0.500000,38394000.000000,17.463412,37,FLEXIBLE,PUBLIC,3,1,0.500000,0.239892,88,82,0.002726,0.012945,0.012967,0.041087,0.479783,0.092784,0,0,0.406741
cmp-00867,0.150000,7037000.000000,15.766693,39,STRICT,PUBLIC,2,2,0.150000,0.300767,10,9,0.030077,0.007094,0.051413,0.021093,2.005116,0.000000,0,0,0.608683
cmp-00867,0.250000,7037000.000000,15.766693,39,STRICT,PUBLIC,2,2,0.250000,0.308953,11,10,0.028087,0.002099,0.031687,0.023626,1.235811,0.083333,0,0,0.608683
cmp-00867,0.500000,7037000.000000,15.766693,39,STRICT,PUBLIC,2,2,0.500000,0.365596,17,15,0.021506,0.009984,0.018749,0.032534,0.731192,0.150000,0,0,0.608683
cmp-00868,0.150000,3732000.000000,15.132455,83,FLEXIBLE,PUBLIC,4,3,0.150000,0.231270,16,14,0.014454,0.013233,0.018576,0.010896,1.541801,0.000000,0,1,1.002626
cmp-00868,0.250000,3732000.000000,15.132455,83,FLEXIBLE,PUBLIC,4,3,0.250000,0.472026,23,21,0.020523,0.029007,0.022748,0.008482,1.888103,0.000000,0,1,1.002626
cmp-00868,0.500000,3732000.000000,15.132455,83,FLEXIBLE,PUBLIC,4,3,0.500000,0.655922,35,29,0.018741,0.013404,0.015805,0.008291,1.311844,0.000000,0,1,1.002626
cmp-00869,0.150000,7699000.000000,15.856601,57,STRICT,PUBLIC,1,2,0.150000,0.484011,65,60,0.007446,0.041238,0.056609,0.010650,3.226739,0.177215,0,1,1.000000
cmp-00869,0.250000,7699000.000000,15.856601,57,STRICT,PUBLIC,1,2,0.250000,0.675283,96,83,0.007034,0.033556,0.047388,0.007596,2.701130,0.142857,0,1,1.000000
cmp-00869,0.500000,7699000.000000,15.856601,57,STRICT,PUBLIC,1,2,0.500000,0.965645,142,113,0.006800,0.020137,0.033882,0.001205,1.931290,0.118012,0,1,1.000000
cmp-00870,0.150000,11743000.000000,16.278768,64,FLEXIBLE,PUBLIC,4,1,0.150000,0.595751,73,66,0.008161,0.049873,0.062057,0.007431,3.971671,0.109756,0,1,2.220344
cmp-00870,0.250000,11743000.000000,16.278768,64,FLEXIBLE,PUBLIC,4,1,0.250000,0.856740,106,90,0.008082,0.040780,0.053546,0.002985,3.426961,0.123967,0,1,2.220344
cmp-00870,0.500000,11743000.000000,16.278768,64,FLEXIBLE,PUBLIC,4,1,0.500000,1.304088,148,111,0.008811,0.021139,0.040753,0.000000,2.608175,0.113772,1,1,2.220344
cmp-00871,0.150000,70042000.000000,18.064606,57,STRICT,PUBLIC,4,1,0.150000,0.426146,235,216,0.001813,0.044712,0.049842,0.011844,2.840972,0.145455,0,0,0.999961
cmp-00871,0.250000,70042000.000000,18.064606,57,STRICT,PUBLIC,4,1,0.250000,0.601398,325,288,0.001850,0.030746,0.042203,0.009324,2.405591,0.126344,0,0,0.999961
cmp-00871,0.500000,70042000.000000,18.064606,57,STRICT,PUBLIC,4,1,0.500000,0.808197,442,368,0.001828,0.014934,0.028358,0.006730,1.616393,0.107071,0,0,0.999961
cmp-00872,0.150000,10638000.000000,16.179943,70,FLEXIBLE,PUBLIC,4,3,0.150000,0.693805,68,61,0.010203,0.058271,0.066077,0.005146,4.625368,0.105263,0,1,2.042179
cmp-00872,0.250000,10638000.000000,16.179943,70,FLEXIBLE,PUBLIC,4,3,0.250000,0.843730,86,73,0.009811,0.021418,0.048213,0.002977,3.374920,0.113402,0,1,2.042179
cmp-00872,0.500000,10638000.000000,16.179943,70,FLEXIBLE,PUBLIC,4,3,0.500000,1.303478,131,98,0.009950,0.024485,0.037242,0.000000,2.606956,0.108844,1,1,2.042179
cmp-00873,0.150000,3083000.000000,14.941414,29,FLEXIBLE,PRIVATE_LINK,0,2,0.150000,0.216705,10,9,0.021670,0.026642,0.049817,0.031777,1.444697,0.166667,0,1,1.065748
cmp-00873,0.250000,3083000.000000,14.941414,29,FLEXIBLE,PRIVATE_LINK,0,2,0.250000,0.427214,15,13,0.028481,0.072589,0.058926,0.026335,1.708855,0.117647,0,1,1.065748
cmp-00873,0.500000,3083000.000000,14.941414,29,FLEXIBLE,PRIVATE_LINK,0,2,0.500000,0.559520,19,17,0.029448,0.025390,0.038588,0.030378,1.119040,0.095238,0,1,1.065748
cmp-00874,0.150000,19389000.000000,16.780216,38,FLEXIBLE,PRIVATE_LINK,3,1,0.150000,0.330357,82,79,0.004029,0.047546,0.057957,0.020732,2.202383,0.154639,0,1,1.088024
cmp-00874,0.250000,19389000.000000,16.780216,38,FLEXIBLE,PRIVATE_LINK,3,1,0.250000,0.500155,113,108,0.004426,0.044684,0.052648,0.017538,2.000619,0.150376,0,1,1.088024
cmp-00874,0.500000,19389000.000000,16.780216,38,FLEXIBLE,PRIVATE_LINK,3,1,0.500000,0.646140,149,136,0.004337,0.017120,0.034007,0.018624,1.292279,0.133721,0,1,1.088024
cmp-00875,0.150000,11524000.000000,16.259942,72,FLEXIBLE,PUBLIC,3,1,0.150000,0.221182,43,40,0.005144,0.020725,0.020480,0.012726,1.474546,0.065217,0,1,1.209537
cmp-00875,0.250000,11524000.000000,16.259942,72,FLEXIBLE,PUBLIC,3,1,0.250000,0.361151,56,49,0.006449,0.019440,0.020064,0.011831,1.444603,0.066667,0,1,1.209537
cmp-00875,0.500000,11524000.000000,16.259942,72,FLEXIBLE,PUBLIC,3,1,0.500000,0.526718,79,64,0.006667,0.008956,0.014631,0.013147,1.053436,0.091954,0,1,1.209537
cmp-00876,0.150000,15711000.000000,16.569872,45,STRICT,PUBLIC,1,2,0.150000,0.216447,33,33,0.006559,0.019086,0.032066,0.020485,1.442981,0.153846,0,0,0.640290
cmp-00876,0.250000,15711000.000000,16.569872,45,STRICT,PUBLIC,1,2,0.250000,0.287302,48,45,0.005985,0.015746,0.025538,0.021117,1.149208,0.157895,0,0,0.640290
cmp-00876,0.500000,15711000.000000,16.569872,45,STRICT,PUBLIC,1,2,0.500000,0.398523,67,62,0.005948,0.010939,0.017712,0.026732,0.797047,0.129870,0,0,0.640290
cmp-00877,0.150000,13831000.000000,16.442423,29,FLEXIBLE,PUBLIC,5,3,0.150000,1.832543,210,146,0.008726,0.315531,0.421274,0.000000,12.216952,0.094828,1,1,6.089321
cmp-00877,0.250000,13831000.000000,16.442423,29,FLEXIBLE,PUBLIC,5,3,0.250000,2.443200,289,178,0.008454,0.210571,0.336993,0.000000,9.772800,0.108025,1,1,6.089321
cmp-00877,0.500000,13831000.000000,16.442423,29,FLEXIBLE,PUBLIC,5,3,0.500000,3.387087,394,209,0.008597,0.108916,0.233592,0.000000,6.774174,0.104545,1,1,6.089321
cmp-00878,0.150000,11749000.000000,16.279279,51,FLEXIBLE,PUBLIC,1,3,0.150000,0.203668,28,26,0.007274,0.023712,0.026623,0.018370,1.357789,0.176471,0,0,0.756490
cmp-00878,0.250000,11749000.000000,16.279279,51,FLEXIBLE,PUBLIC,1,3,0.250000,0.315065,43,39,0.007327,0.021842,0.024711,0.017907,1.260260,0.122449,0,0,0.756490
cmp-00878,0.500000,11749000.000000,16.279279,51,FLEXIBLE,PUBLIC,1,3,0.500000,0.446719,63,57,0.007091,0.007720,0.017518,0.021697,0.893438,0.125000,0,0,0.756490
cmp-00879,0.150000,6508000.000000,15.688543,49,STRICT,PUBLIC,3,3,0.150000,0.358006,25,23,0.014320,0.033613,0.048708,0.015414,2.386704,0.107143,0,0,0.999816
cmp-00879,0.250000,6508000.000000,15.688543,49,STRICT,PUBLIC,3,3,0.250000,0.447111,34,30,0.013150,0.018185,0.036499,0.015045,1.788445,0.128205,0,0,0.999816
cmp-00879,0.500000,6508000.000000,15.688543,49,STRICT,PUBLIC,3,3,0.500000,0.655762,50,43,0.013115,0.017432,0.026766,0.014051,1.311524,0.107143,0,0,0.999816
cmp-00880,0.150000,11761000.000000,16.280300,86,FLEXIBLE,PRIVATE_LINK,1,3,0.150000,0.302041,33,29,0.009153,0.019733,0.023414,0.009548,2.013604,0.131579,0,0,0.867987
cmp-00880,0.250000,11761000.000000,16.280300,86,FLEXIBLE,PRIVATE_LINK,1,3,0.250000,0.355616,41,37,0.008674,0.006230,0.016540,0.009990,1.422464,0.145833,0,0,0.867987
cmp-00880,0.500000,11761000.000000,16.280300,86,FLEXIBLE,PRIVATE_LINK,1,3,0.500000,0.496335,65,56,0.007636,0.006020,0.011543,0.011713,0.992671,0.133333,0,0,0.867987
cmp-00881,0.150000,21215000.000000,16.870219,29,STRICT,PUBLIC,5,2,0.150000,0.518699,126,118,0.004117,0.108702,0.119241,0.019525,3.457994,0.118881,0,0,0.999995
cmp-00881,0.250000,21215000.000000,16.870219,29,STRICT,PUBLIC,5,2,0.250000,0.654881,156,138,0.004198,0.046959,0.090328,0.015868,2.619524,0.118644,0,0,0.999995
cmp-00881,0.500000,21215000.000000,16.870219,29,STRICT,PUBLIC,5,2,0.500000,0.878091,212,189,0.004142,0.033547,0.060558,0.008408,1.756182,0.127572,0,0,0.999995
cmp-00882,0.150000,8559000.000000,15.962494,40,CLOSE_ON_TARGET,PUBLIC,3,3,0.150000,0.259364,23,23,0.011277,0.036015,0.043227,0.021783,1.729096,0.148148,0,0,0.736009
cmp-00882,0.250000,8559000.000000,15.962494,40,CLOSE_ON_TARGET,PUBLIC,3,3,0.250000,0.319290,32,32,0.009978,0.014981,0.031929,0.022690,1.277159,0.111111,0,0,0.736009
cmp-00882,0.500000,8559000.000000,15.962494,40,CLOSE_ON_TARGET,PUBLIC,3,3,0.500000,0.475745,47,43,0.010122,0.016427,0.023787,0.026213,0.951490,0.113208,0,0,0.736009
cmp-00883,0.150000,28302000.000000,17.158443,35,FLEXIBLE,PUBLIC,3,1,0.150000,0.160893,42,42,0.003831,0.030359,0.030646,0.028205,1.072621,0.142857,0,0,0.796887
cmp-00883,0.250000,28302000.000000,17.158443,35,FLEXIBLE,PUBLIC,3,1,0.250000,0.249961,60,57,0.004166,0.025448,0.028567,0.028573,0.999845,0.130435,0,0,0.796887
cmp-00883,0.500000,28302000.000000,17.158443,35,FLEXIBLE,PUBLIC,3,1,0.500000,0.407819,89,82,0.004582,0.016481,0.023304,0.033839,0.815638,0.118812,0,0,0.796887
cmp-00884,0.150000,3661000.000000,15.113247,40,FLEXIBLE,PUBLIC,4,2,0.150000,0.222972,13,12,0.017152,0.028291,0.037162,0.022854,1.486479,0.071429,0,0,0.610735
cmp-00884,0.250000,3661000.000000,15.113247,40,FLEXIBLE,PUBLIC,4,2,0.250000,0.278312,16,14,0.017394,0.013835,0.027831,0.024056,1.113248,0.111111,0,0,0.610735
cmp-00884,0.500000,3661000.000000,15.113247,40,FLEXIBLE,PUBLIC,4,2,0.500000,0.479951,26,22,0.018460,0.034758,0.023998,0.026002,0.959902,0.161290,0,0,0.610735
cmp-00885,0.150000,6249000.000000,15.647932,22,FLEXIBLE,PUBLIC,0,2,0.150000,1.021619,68,55,0.015024,0.255932,0.309582,0.000000,6.810796,0.093333,1,1,2.888478
cmp-00885,0.250000,6249000.000000,15.647932,22,FLEXIBLE,PUBLIC,0,2,0.250000,1.334197,88,67,0.015161,0.142081,0.242581,0.000000,5.336790,0.083333,1,1,2.888478
cmp-00885,0.500000,6249000.000000,15.647932,22,FLEXIBLE,PUBLIC,0,2,0.500000,1.841399,120,82,0.015345,0.105602,0.167400,0.000000,3.682797,0.104478,1,1,2.888478
cmp-00886,0.150000,11010000.000000,16.214315,52,FLEXIBLE,PUBLIC,2,3,0.150000,0.672561,96,78,0.007006,0.080008,0.086226,0.007408,4.483742,0.165217,0,1,2.506449
cmp-00886,0.250000,11010000.000000,16.214315,52,FLEXIBLE,PUBLIC,2,3,0.250000,0.875186,130,103,0.006732,0.038966,0.067322,0.003200,3.500745,0.177215,0,1,2.506449
cmp-00886,0.500000,11010000.000000,16.214315,52,FLEXIBLE,PUBLIC,2,3,0.500000,1.307084,186,142,0.007027,0.028942,0.050272,0.000000,2.614169,0.180617,1,1,2.506449
cmp-00887,0.150000,2881000.000000,14.873648,89,STRICT,PUBLIC,4,1,0.150000,0.713780,11,9,0.064889,0.054511,0.053467,0.003783,4.758533,0.214286,0,0,0.991808
cmp-00887,0.250000,2881000.000000,14.873648,89,STRICT,PUBLIC,4,1,0.250000,0.874106,15,12,0.058274,0.018014,0.039286,0.001886,3.496425,0.166667,0,0,0.991808
cmp-00887,0.500000,2881000.000000,14.873648,89,STRICT,PUBLIC,4,1,0.500000,0.976918,19,15,0.051417,0.002317,0.021953,0.000519,1.953835,0.153846,0,0,0.991808
cmp-00888,0.150000,18363000.000000,16.725848,38,FLEXIBLE,PUBLIC,5,3,0.150000,0.519561,84,75,0.006185,0.077865,0.091151,0.014874,3.463740,0.106383,0,1,1.764238
cmp-00888,0.250000,18363000.000000,16.725848,38,FLEXIBLE,PUBLIC,5,3,0.250000,0.669286,107,90,0.006255,0.039401,0.070451,0.011604,2.677144,0.100840,0,1,1.764238
cmp-00888,0.500000,18363000.000000,16.725848,38,FLEXIBLE,PUBLIC,5,3,0.500000,0.940190,144,117,0.006529,0.043219,0.049484,0.003148,1.880379,0.105590,0,1,1.764238
cmp-00889,0.150000,4786000.000000,15.381206,28,FLEXIBLE,PUBLIC,0,2,0.150000,0.844254,34,28,0.024831,0.160737,0.201013,0.006544,5.628360,0.028571,0,1,1.998537
cmp-00889,0.250000,4786000.000000,15.381206,28,FLEXIBLE,PUBLIC,0,2,0.250000,1.068074,45,36,0.023735,0.079936,0.152582,0.000000,4.272294,0.021739,1,1,1.998537
cmp-00889,0.500000,4786000.000000,15.381206,28,FLEXIBLE,PUBLIC,0,2,0.500000,1.402382,59,41,0.023769,0.065899,0.100170,0.000000,2.804764,0.016667,1,1,1.998537
cmp-00890,0.150000,8968000.000000,16.009173,15,FLEXIBLE,PUBLIC,5,3,0.150000,0.187522,21,18,0.008930,0.063931,0.083343,0.063724,1.250149,0.045455,0,0,0.820685
cmp-00890,0.250000,8968000.000000,16.009173,15,FLEXIBLE,PUBLIC,5,3,0.250000,0.232906,25,22,0.009316,0.030256,0.062108,0.068186,0.931624,0.074074,0,0,0.820685
cmp-00890,0.500000,8968000.000000,16.009173,15,FLEXIBLE,PUBLIC,5,3,0.500000,0.372090,36,32,0.010336,0.036656,0.049612,0.083721,0.744179,0.076923,0,0,0.820685
cmp-00891,0.150000,50620000.000000,17.739857,69,FLEXIBLE,PUBLIC,4,2,0.150000,0.198036,128,121,0.001547,0.019045,0.019134,0.013674,1.320242,0.146667,0,0,0.601934
cmp-00891,0.250000,50620000.000000,17.739857,69,FLEXIBLE,PUBLIC,4,2,0.250000,0.270227,179,165,0.001510,0.010462,0.015665,0.014102,1.080909,0.131068,0,0,0.601934
cmp-00891,0.500000,50620000.000000,17.739857,69,FLEXIBLE,PUBLIC,4,2,0.500000,0.363917,246,220,0.001479,0.003556,0.010548,0.018437,0.727835,0.130742,0,0,0.601934
cmp-00892,0.150000,3340000.000000,15.021481,22,FLEXIBLE,PUBLIC,1,1,0.150000,0.457575,10,10,0.045757,0.169856,0.138659,0.029007,3.050499,0.166667,0,1,1.436347
cmp-00892,0.250000,3340000.000000,15.021481,22,FLEXIBLE,PUBLIC,1,1,0.250000,0.722305,14,12,0.051593,0.120332,0.131328,0.016830,2.889222,0.125000,0,1,1.436347
cmp-00892,0.500000,3340000.000000,15.021481,22,FLEXIBLE,PUBLIC,1,1,0.500000,0.977994,17,14,0.057529,0.000000,0.088909,0.002001,1.955988,0.105263,0,1,1.436347
cmp-00893,0.150000,15227000.000000,16.538581,56,STRICT,PUBLIC,5,3,0.150000,0.360091,68,67,0.005295,0.027224,0.042868,0.013443,2.400604,0.116883,0,0,0.999678
cmp-00893,0.250000,15227000.000000,16.538581,56,STRICT,PUBLIC,5,3,0.250000,0.480594,93,89,0.005168,0.021518,0.034328,0.012367,1.922375,0.105769,0,0,0.999678
cmp-00893,0.500000,15227000.000000,16.538581,56,STRICT,PUBLIC,5,3,0.500000,0.657300,129,119,0.005095,0.010617,0.023475,0.012239,1.314599,0.104167,0,0,0.999678
cmp-00894,0.150000,18909000.000000,16.755149,66,FLEXIBLE,PUBLIC,2,1,0.150000,0.622148,186,162,0.003345,0.045998,0.062843,0.006735,4.147655,0.105769,0,1,1.786086
cmp-00894,0.250000,18909000.000000,16.755149,66,FLEXIBLE,PUBLIC,2,1,0.250000,0.826982,254,210,0.003256,0.031035,0.050120,0.003495,3.307927,0.114983,0,1,1.786086
cmp-00894,0.500000,18909000.000000,16.755149,66,FLEXIBLE,PUBLIC,2,1,0.500000,1.092512,352,276,0.003104,0.014666,0.033106,0.000000,2.185023,0.108861,1,1,1.786086
cmp-00895,0.150000,8833000.000000,15.994005,40,FLEXIBLE,PRIVATE_LINK,2,2,0.150000,0.656991,29,28,0.022655,0.106453,0.109498,0.010089,4.379939,0.064516,0,1,1.966670
cmp-00895,0.250000,8833000.000000,15.994005,40,FLEXIBLE,PRIVATE_LINK,2,2,0.250000,0.908819,38,34,0.023916,0.062957,0.090882,0.003039,3.635277,0.073171,0,1,1.966670
cmp-00895,0.500000,8833000.000000,15.994005,40,FLEXIBLE,PRIVATE_LINK,2,2,0.500000,1.183596,55,45,0.021520,0.039531,0.059180,0.000000,2.367191,0.098361,1,1,1.966670
cmp-00896,0.150000,4338000.000000,15.282924,46,STRICT,PUBLIC,4,3,0.150000,0.233610,11,11,0.021237,0.027793,0.033857,0.019601,1.557400,0.000000,0,0,0.997533
cmp-00896,0.250000,4338000.000000,15.282924,46,STRICT,PUBLIC,4,3,0.250000,0.465030,18,17,0.025835,0.050309,0.040437,0.015506,1.860120,0.000000,0,0,0.997533
cmp-00896,0.500000,4338000.000000,15.282924,46,STRICT,PUBLIC,4,3,0.500000,0.594283,22,19,0.027013,0.004109,0.025838,0.017640,1.188566,0.083333,0,0,0.997533
cmp-00897,0.150000,10983000.000000,16.211859,75,FLEXIBLE,PUBLIC,1,3,0.150000,0.602367,77,72,0.007823,0.043538,0.053544,0.006237,4.015782,0.134831,0,1,2.020969
cmp-00897,0.250000,10983000.000000,16.211859,75,FLEXIBLE,PUBLIC,1,3,0.250000,0.859483,106,94,0.008108,0.034282,0.045839,0.002498,3.437931,0.131148,0,1,2.020969
cmp-00897,0.500000,10983000.000000,16.211859,75,FLEXIBLE,PUBLIC,1,3,0.500000,1.126113,147,124,0.007661,0.011431,0.030030,0.000000,2.252226,0.109091,1,1,2.020969
cmp-00898,0.150000,4506000.000000,15.320920,53,FLEXIBLE,PRIVATE_LINK,8,3,0.150000,0.282756,11,11,0.025705,0.023641,0.035567,0.015921,1.885042,0.214286,0,1,1.174789
cmp-00898,0.250000,4506000.000000,15.320920,53,FLEXIBLE,PRIVATE_LINK,8,3,0.250000,0.376853,15,14,0.025124,0.017754,0.028442,0.015677,1.507412,0.166667,0,1,1.174789
cmp-00898,0.500000,4506000.000000,15.320920,53,FLEXIBLE,PRIVATE_LINK,8,3,0.500000,0.744541,22,20,0.033843,0.057948,0.028096,0.009640,1.489081,0.153846,0,1,1.174789
cmp-00899,0.150000,3913000.000000,15.179815,59,STRICT,PRIVATE_LINK,3,1,0.150000,0.164120,12,12,0.013677,0.022840,0.018545,0.016668,1.094131,0.142857,0,0,0.727984
cmp-00899,0.250000,3913000.000000,15.179815,59,STRICT,PRIVATE_LINK,3,1,0.250000,0.285944,16,16,0.017872,0.020648,0.019386,0.016137,1.143777,0.157895,0,0,0.727984
cmp-00899,0.500000,3913000.000000,15.179815,59,STRICT,PRIVATE_LINK,3,1,0.500000,0.403706,24,20,0.016821,0.004678,0.013685,0.020213,0.807411,0.111111,0,0,0.727984
cmp-00900,0.150000,28779000.000000,17.175157,22,FLEXIBLE,PUBLIC,2,1,0.150000,0.503944,93,83,0.005419,0.151788,0.152710,0.026527,3.359626,0.138889,0,1,1.792526
cmp-00900,0.250000,28779000.000000,17.175157,22,FLEXIBLE,PUBLIC,2,1,0.250000,0.691473,127,106,0.005445,0.085241,0.125722,0.018699,2.765892,0.153333,0,1,1.792526
cmp-00900,0.500000,28779000.000000,17.175157,22,FLEXIBLE,PUBLIC,2,1,0.500000,0.987915,182,144,0.005428,0.060912,0.089810,0.001099,1.975830,0.153488,0,1,1.792526
cmp-00901,0.150000,3293000.000000,15.007310,19,FLEXIBLE,PUBLIC,2,2,0.150000,0.284270,9,8,0.031586,0.037815,0.099744,0.044318,1.895131,0.181818,0,0,0.752262
cmp-00901,0.250000,3293000.000000,15.007310,19,FLEXIBLE,PUBLIC,2,2,0.250000,0.344610,12,11,0.028717,0.031758,0.072549,0.045992,1.378439,0.142857,0,0,0.752262
cmp-00901,0.500000,3293000.000000,15.007310,19,FLEXIBLE,PUBLIC,2,2,0.500000,0.373337,13,11,0.028718,0.000000,0.039299,0.065964,0.746675,0.187500,0,0,0.752262
cmp-00902,0.150000,22164000.000000,16.913980,47,FLEXIBLE,PUBLIC,7,3,0.150000,0.757499,272,225,0.002785,0.084362,0.107447,0.006070,5.049991,0.136508,0,1,2.508153
cmp-00902,0.250000,22164000.000000,16.913980,47,FLEXIBLE,PUBLIC,7,3,0.250000,1.052856,365,287,0.002885,0.062842,0.089605,0.000000,4.211424,0.137116,1,1,2.508153
cmp-00902,0.500000,22164000.000000,16.913980,47,FLEXIBLE,PUBLIC,7,3,0.500000,1.431872,512,371,0.002797,0.028376,0.060931,0.000000,2.863743,0.127768,1,1,2.508153
cmp-00903,0.150000,8425000.000000,15.946714,35,CLOSE_ON_TARGET,PRIVATE_LINK,4,3,0.150000,0.295964,23,23,0.012868,0.041021,0.056374,0.023665,1.973096,0.206897,0,0,0.827181
cmp-00903,0.250000,8425000.000000,15.946714,35,CLOSE_ON_TARGET,PRIVATE_LINK,4,3,0.250000,0.426789,30,29,0.014226,0.037379,0.048776,0.021837,1.707157,0.166667,0,0,0.827181
cmp-00903,0.500000,8425000.000000,15.946714,35,CLOSE_ON_TARGET,PRIVATE_LINK,4,3,0.500000,0.562599,44,42,0.012786,0.018245,0.032149,0.024994,1.125199,0.169811,0,0,0.827181
cmp-00904,0.150000,6986000.000000,15.759419,62,STRICT,PRIVATE_LINK,3,3,0.150000,0.187532,12,12,0.015628,0.016942,0.020165,0.015417,1.250215,0.000000,0,0,0.612124
cmp-00904,0.250000,6986000.000000,15.759419,62,STRICT,PRIVATE_LINK,3,3,0.250000,0.275064,19,18,0.014477,0.014118,0.017746,0.015590,1.100258,0.050000,0,0,0.612124
cmp-00904,0.500000,6986000.000000,15.759419,62,STRICT,PRIVATE_LINK,3,3,0.500000,0.300945,25,23,0.012038,0.000642,0.009708,0.022550,0.601889,0.074074,0,0,0.612124
cmp-00905,0.150000,27361000.000000,17.124629,71,FLEXIBLE,PUBLIC,3,2,0.150000,0.162074,67,63,0.002419,0.015509,0.015218,0.013884,1.080492,0.094595,0,0,0.673546
cmp-00905,0.250000,27361000.000000,17.124629,71,FLEXIBLE,PUBLIC,3,2,0.250000,0.233566,90,82,0.002595,0.010069,0.013159,0.014393,0.934264,0.072165,0,0,0.673546
cmp-00905,0.500000,27361000.000000,17.124629,71,FLEXIBLE,PUBLIC,3,2,0.500000,0.358978,139,124,0.002583,0.005650,0.010112,0.018057,0.717956,0.085526,0,0,0.673546
cmp-00906,0.150000,9727000.000000,16.090416,23,FLEXIBLE,PRIVATE_LINK,0,3,0.150000,0.125650,16,15,0.007853,0.030681,0.036420,0.044724,0.837668,0.111111,0,0,0.513560
cmp-00906,0.250000,9727000.000000,16.090416,23,FLEXIBLE,PRIVATE_LINK,0,3,0.250000,0.178966,21,19,0.008522,0.023181,0.031124,0.047596,0.715863,0.086957,0,0,0.513560
cmp-00906,0.500000,9727000.000000,16.090416,23,FLEXIBLE,PRIVATE_LINK,0,3,0.500000,0.259402,29,25,0.008945,0.012265,0.022557,0.064400,0.518803,0.064516,0,0,0.513560
cmp-00907,0.150000,5232000.000000,15.470304,49,FLEXIBLE,PUBLIC,2,2,0.150000,0.620891,70,61,0.008870,0.085463,0.084475,0.009102,4.139271,0.090909,0,1,2.025153
cmp-00907,0.250000,5232000.000000,15.470304,49,FLEXIBLE,PUBLIC,2,2,0.250000,0.893635,96,85,0.009309,0.055662,0.072950,0.002894,3.574541,0.085714,0,1,2.025153
cmp-00907,0.500000,5232000.000000,15.470304,49,FLEXIBLE,PUBLIC,2,2,0.500000,1.243272,137,108,0.009075,0.019761,0.050746,0.000000,2.486544,0.110390,1,1,2.025153
cmp-00908,0.150000,23901000.000000,16.989431,60,FLEXIBLE,PRIVATE_LINK,1,1,0.150000,0.590477,249,215,0.002371,0.057184,0.065609,0.008030,3.936516,0.117021,0,1,2.154433
cmp-00908,0.250000,23901000.000000,16.989431,60,FLEXIBLE,PRIVATE_LINK,1,1,0.250000,0.797682,341,281,0.002339,0.034534,0.053179,0.004496,3.190728,0.107330,0,1,2.154433
cmp-00908,0.500000,23901000.000000,16.989431,60,FLEXIBLE,PRIVATE_LINK,1,1,0.500000,1.248395,497,378,0.002512,0.026092,0.041613,0.000000,2.496791,0.110912,1,1,2.154433
cmp-00909,0.150000,9499000.000000,16.066697,56,STRICT,PUBLIC,6,2,0.150000,0.997852,91,69,0.010965,0.105293,0.118792,0.000045,6.652349,0.114286,0,0,0.999989
cmp-00909,0.250000,9499000.000000,16.066697,56,STRICT,PUBLIC,6,2,0.250000,0.999989,92,70,0.010869,0.000382,0.071428,0.000000,3.999958,0.111111,0,0,0.999989
cmp-00909,0.500000,9499000.000000,16.066697,56,STRICT,PUBLIC,6,2,0.500000,0.999989,92,70,0.010869,0.000000,0.035714,0.000000,1.999979,0.104396,0,0,0.999989
cmp-00910,0.150000,5386000.000000,15.499314,21,FLEXIBLE,PUBLIC,1,3,0.150000,0.104029,9,9,0.011559,0.044551,0.033025,0.050194,0.693526,0.181818,0,0,0.249796
cmp-00910,0.250000,5386000.000000,15.499314,21,FLEXIBLE,PUBLIC,1,3,0.250000,0.133049,11,11,0.012095,0.013819,0.025343,0.055045,0.532195,0.153846,0,0,0.249796
cmp-00910,0.500000,5386000.000000,15.499314,21,FLEXIBLE,PUBLIC,1,3,0.500000,0.210657,13,13,0.016204,0.000000,0.020063,0.075175,0.421315,0.187500,0,0,0.249796
cmp-00911,0.150000,21826000.000000,16.898612,67,STRICT,PUBLIC,3,3,0.150000,0.999716,274,225,0.003649,0.085974,0.099474,0.000005,6.664773,0.115183,0,0,0.999918
cmp-00911,0.250000,21826000.000000,16.898612,67,STRICT,PUBLIC,3,3,0.250000,0.999918,275,226,0.003636,0.000030,0.059697,0.000002,3.999670,0.121514,0,0,0.999918
cmp-00911,0.500000,21826000.000000,16.898612,67,STRICT,PUBLIC,3,3,0.500000,0.999918,275,226,0.003636,0.000000,0.029848,0.000002,1.999835,0.116598,0,0,0.999918
cmp-00912,0.150000,11031000.000000,16.216220,55,FLEXIBLE,PUBLIC,8,3,0.150000,0.555761,91,82,0.006107,0.061593,0.067365,0.009502,3.705074,0.125000,0,1,1.751745
cmp-00912,0.250000,11031000.000000,16.216220,55,FLEXIBLE,PUBLIC,8,3,0.250000,0.690391,118,99,0.005851,0.024478,0.050210,0.007506,2.761563,0.099237,0,1,1.751745
cmp-00912,0.500000,11031000.000000,16.216220,55,FLEXIBLE,PUBLIC,8,3,0.500000,0.953603,161,127,0.005923,0.020568,0.034676,0.001687,1.907207,0.090395,0,1,1.751745
cmp-00913,0.150000,17145000.000000,16.657217,88,STRICT,PUBLIC,3,3,0.150000,0.686672,97,87,0.007079,0.052191,0.052021,0.004189,4.577817,0.141593,0,0,0.999913
cmp-00913,0.250000,17145000.000000,16.657217,88,STRICT,PUBLIC,3,3,0.250000,0.957235,137,116,0.006987,0.030746,0.043511,0.000648,3.828941,0.121795,0,0,0.999913
cmp-00913,0.500000,17145000.000000,16.657217,88,STRICT,PUBLIC,3,3,0.500000,0.999428,143,120,0.006989,0.000000,0.022714,0.000013,1.998857,0.130435,0,0,0.999913
cmp-00914,0.150000,5339000.000000,15.490549,79,FLEXIBLE,PUBLIC,1,1,0.150000,0.793594,40,33,0.019840,0.047897,0.066970,0.003074,5.290629,0.069767,0,1,2.686720
cmp-00914,0.250000,5339000.000000,15.490549,79,FLEXIBLE,PUBLIC,1,1,0.250000,0.901068,47,36,0.019172,0.013604,0.045624,0.001670,3.604270,0.096154,0,1,2.686720
cmp-00914,0.500000,5339000.000000,15.490549,79,FLEXIBLE,PUBLIC,1,1,0.500000,1.410096,71,49,0.019861,0.012421,0.035699,0.000000,2.820191,0.089744,1,1,2.686720
cmp-00915,0.150000,1671000.000000,14.328933,88,STRICT,PUBLIC,1,1,0.150000,0.045123,1,1,0.045123,0.005128,0.003418,0.012766,0.300818,0.000000,0,0,0.778456
cmp-00915,0.250000,1671000.000000,14.328933,88,STRICT,PUBLIC,1,1,0.250000,0.281987,3,3,0.093996,0.026916,0.012818,0.010879,1.127947,0.000000,0,0,0.778456
cmp-00915,0.500000,1671000.000000,14.328933,88,STRICT,PUBLIC,1,1,0.500000,0.535428,6,6,0.089238,0.003353,0.012169,0.010558,1.070856,0.142857,0,0,0.778456
cmp-00916,0.150000,41171000.000000,17.533245,55,CLOSE_ON_TARGET,PUBLIC,2,3,0.150000,0.280231,255,243,0.001099,0.027268,0.033967,0.015396,1.868208,0.141414,0,0,0.905446
cmp-00916,0.250000,41171000.000000,17.533245,55,CLOSE_ON_TARGET,PUBLIC,2,3,0.250000,0.368303,324,303,0.001137,0.016013,0.026786,0.015314,1.473212,0.154047,0,0,0.905446
cmp-00916,0.500000,41171000.000000,17.533245,55,CLOSE_ON_TARGET,PUBLIC,2,3,0.500000,0.518681,457,419,0.001135,0.008205,0.018861,0.017503,1.037361,0.142589,0,0,0.905446
cmp-00917,0.150000,9156000.000000,16.029920,44,FLEXIBLE,PRIVATE_LINK,3,1,0.150000,0.231291,25,24,0.009252,0.040118,0.035044,0.020554,1.541940,0.074074,0,0,0.827010
cmp-00917,0.250000,9156000.000000,16.029920,44,FLEXIBLE,PRIVATE_LINK,3,1,0.250000,0.256739,29,28,0.008853,0.005784,0.023340,0.022523,1.026955,0.121212,0,0,0.827010
cmp-00917,0.500000,9156000.000000,16.029920,44,FLEXIBLE,PRIVATE_LINK,3,1,0.500000,0.336730,38,36,0.008861,0.007146,0.015306,0.030149,0.673460,0.136364,0,0,0.827010
cmp-00918,0.150000,7780000.000000,15.867067,55,FLEXIBLE,PRIVATE_LINK,1,1,0.150000,0.497584,36,33,0.013822,0.042599,0.060313,0.010747,3.317224,0.027027,0,1,1.573779
cmp-00918,0.250000,7780000.000000,15.867067,55,FLEXIBLE,PRIVATE_LINK,1,1,0.250000,0.640746,49,42,0.013076,0.026029,0.046600,0.008709,2.562982,0.109091,0,1,1.573779
cmp-00918,0.500000,7780000.000000,15.867067,55,FLEXIBLE,PRIVATE_LINK,1,1,0.500000,0.864563,74,58,0.011683,0.021105,0.031439,0.004925,1.729126,0.139535,0,1,1.573779
cmp-00919,0.150000,10238000.000000,16.141617,60,STRICT,PUBLIC,8,1,0.150000,0.751221,76,68,0.009884,0.065669,0.083469,0.004878,5.008140,0.061728,0,1,1.000000
cmp-00919,0.250000,10238000.000000,16.141617,60,STRICT,PUBLIC,8,1,0.250000,0.999189,100,86,0.009992,0.041328,0.066613,0.000018,3.996757,0.079646,0,1,1.000000
cmp-00919,0.500000,10238000.000000,16.141617,60,STRICT,PUBLIC,8,1,0.500000,1.000000,101,87,0.009901,0.000000,0.033333,0.000000,2.000000,0.085366,1,1,1.000000
cmp-00920,0.150000,2699000.000000,14.808392,78,CLOSE_ON_TARGET,PRIVATE_LINK,4,1,0.150000,0.619378,18,16,0.034410,0.063110,0.052938,0.005741,4.129184,0.181818,0,1,1.023972
cmp-00921,0.150000,13381000.000000,16.409346,76,STRICT,PRIVATE_LINK,1,2,0.150000,0.351267,62,59,0.005666,0.026850,0.030813,0.010042,2.341778,0.138889,0,0,0.999746
cmp-00921,0.250000,13381000.000000,16.409346,76,STRICT,PRIVATE_LINK,1,2,0.250000,0.494425,80,74,0.006180,0.018837,0.026022,0.008870,1.977700,0.139785,0,0,0.999746
cmp-00921,0.500000,13381000.000000,16.409346,76,STRICT,PRIVATE_LINK,1,2,0.500000,0.657208,115,102,0.005715,0.007815,0.017295,0.009021,1.314416,0.148148,0,0,0.999746
cmp-00922,0.150000,8028000.000000,15.898446,68,FLEXIBLE,PUBLIC,8,2,0.150000,0.662606,77,71,0.008605,0.060844,0.064961,0.005837,4.417373,0.163043,0,1,2.821475
cmp-00922,0.250000,8028000.000000,15.898446,68,FLEXIBLE,PUBLIC,8,2,0.250000,1.015060,106,90,0.009576,0.051831,0.059709,0.000000,4.060239,0.152000,1,1,2.821475
cmp-00922,0.500000,8028000.000000,15.898446,68,FLEXIBLE,PUBLIC,8,2,0.500000,1.524290,161,116,0.009468,0.026798,0.044832,0.000000,3.048580,0.134409,1,1,2.821475
cmp-00923,0.150000,12037000.000000,16.303496,83,FLEXIBLE,PUBLIC,3,3,0.150000,1.646922,291,206,0.005660,0.102302,0.132283,0.000000,10.979480,0.096273,1,1,6.032018
cmp-00923,0.250000,12037000.000000,16.303496,83,FLEXIBLE,PUBLIC,3,3,0.250000,2.412154,408,258,0.005912,0.092197,0.116248,0.000000,9.648617,0.097345,1,1,6.032018
cmp-00923,0.500000,12037000.000000,16.303496,83,FLEXIBLE,PUBLIC,3,3,0.500000,3.392074,578,311,0.005869,0.038288,0.081737,0.000000,6.784149,0.108025,1,1,6.032018
cmp-00924,0.150000,6546000.000000,15.694365,88,FLEXIBLE,PUBLIC,3,3,0.150000,0.335029,35,34,0.009572,0.022009,0.025381,0.008890,2.233527,0.186047,0,1,1.356401
cmp-00924,0.250000,6546000.000000,15.694365,88,FLEXIBLE,PUBLIC,3,3,0.250000,0.464009,53,47,0.008755,0.014657,0.021091,0.008121,1.856034,0.145161,0,1,1.356401
cmp-00924,0.500000,6546000.000000,15.694365,88,FLEXIBLE,PUBLIC,3,3,0.500000,0.737030,87,73,0.008472,0.007661,0.016751,0.005977,1.474060,0.121212,0,1,1.356401
cmp-00925,0.150000,5791000.000000,15.571816,43,STRICT,PUBLIC,4,3,0.150000,0.292247,27,24,0.010824,0.019545,0.045310,0.019364,1.948311,0.156250,0,0,0.967363
cmp-00925,0.250000,5791000.000000,15.571816,43,STRICT,PUBLIC,4,3,0.250000,0.321274,32,28,0.010040,0.006751,0.029886,0.021046,1.285098,0.135135,0,0,0.967363
cmp-00925,0.500000,5791000.000000,15.571816,43,STRICT,PUBLIC,4,3,0.500000,0.531117,42,37,0.012646,0.018461,0.024703,0.021808,1.062235,0.125000,0,0,0.967363
cmp-00926,0.150000,14541000.000000,16.492483,35,FLEXIBLE,PUBLIC,0,1,0.150000,0.303280,64,55,0.004739,0.033472,0.057768,0.023419,2.021869,0.111111,0,1,1.024173
cmp-00926,0.250000,14541000.000000,16.492483,35,FLEXIBLE,PUBLIC,0,1,0.250000,0.383110,85,73,0.004507,0.022808,0.043784,0.023501,1.532439,0.095745,0,1,1.024173
cmp-00926,0.500000,14541000.000000,16.492483,35,FLEXIBLE,PUBLIC,0,1,0.500000,0.584190,120,103,0.004868,0.028746,0.033382,0.023761,1.168379,0.117647,0,1,1.024173
cmp-00927,0.150000,4910000.000000,15.406784,57,FLEXIBLE,PUBLIC,2,2,0.150000,0.403422,27,26,0.014942,0.025598,0.047184,0.012313,2.689477,0.068966,0,1,1.308737
cmp-00927,0.250000,4910000.000000,15.406784,57,FLEXIBLE,PUBLIC,2,2,0.250000,0.588554,40,36,0.014714,0.032479,0.041302,0.009624,2.354216,0.090909,0,1,1.308737
cmp-00927,0.500000,4910000.000000,15.406784,57,FLEXIBLE,PUBLIC,2,2,0.500000,0.776884,54,47,0.014387,0.013467,0.027259,0.007829,1.553768,0.100000,0,1,1.308737
cmp-00928,0.150000,3339000.000000,15.021182,43,CLOSE_ON_TARGET,PUBLIC,3,1,0.150000,0.111680,4,3,0.027920,0.023632,0.017315,0.024304,0.744534,0.000000,0,1,1.008356
cmp-00928,0.250000,3339000.000000,15.021182,43,CLOSE_ON_TARGET,PUBLIC,3,1,0.250000,0.164121,5,3,0.032824,0.012196,0.015267,0.025919,0.656484,0.000000,0,1,1.008356
cmp-00928,0.500000,3339000.000000,15.021182,43,CLOSE_ON_TARGET,PUBLIC,3,1,0.500000,0.478856,9,7,0.053206,0.003636,0.022272,0.024239,0.957712,0.000000,0,1,1.008356
cmp-00929,0.150000,5564000.000000,15.531828,63,FLEXIBLE,PUBLIC,1,3,0.150000,0.504583,35,30,0.014417,0.059658,0.053395,0.009251,3.363887,0.102564,0,1,1.645345
cmp-00929,0.250000,5564000.000000,15.531828,63,FLEXIBLE,PUBLIC,1,3,0.250000,0.706596,50,44,0.014132,0.032066,0.044863,0.006210,2.826384,0.122807,0,1,1.645345
cmp-00929,0.500000,5564000.000000,15.531828,63,FLEXIBLE,PUBLIC,1,3,0.500000,0.965834,70,58,0.013798,0.021259,0.030661,0.001085,1.931668,0.102564,0,1,1.645345
cmp-00930,0.150000,3290000.000000,15.006398,36,FLEXIBLE,PUBLIC,2,3,0.150000,0.801125,55,49,0.014566,0.106493,0.148356,0.006499,5.340831,0.083333,0,1,2.345897
cmp-00930,0.250000,3290000.000000,15.006398,36,FLEXIBLE,PUBLIC,2,3,0.250000,1.230760,78,63,0.015779,0.119343,0.136751,0.000000,4.923040,0.103448,1,1,2.345897
cmp-00930,0.500000,3290000.000000,15.006398,36,FLEXIBLE,PUBLIC,2,3,0.500000,1.411489,92,68,0.015342,0.023522,0.078416,0.000000,2.822979,0.148148,1,1,2.345897
cmp-00931,0.150000,7983000.000000,15.892825,28,STRICT,PUBLIC,4,3,0.150000,0.860015,50,44,0.017200,0.150955,0.204765,0.005882,5.733434,0.137931,0,0,0.998509
cmp-00931,0.250000,7983000.000000,15.892825,28,STRICT,PUBLIC,4,3,0.250000,0.957409,58,50,0.016507,0.034784,0.136773,0.002028,3.829638,0.134328,0,0,0.998509
cmp-00931,0.500000,7983000.000000,15.892825,28,STRICT,PUBLIC,4,3,0.500000,0.998509,65,54,0.015362,0.001271,0.071322,0.000106,1.997019,0.112360,0,0,0.998509
cmp-00932,0.150000,16560000.000000,16.622501,76,STRICT,PUBLIC,8,2,0.150000,0.864704,131,112,0.006601,0.064051,0.075851,0.002094,5.764694,0.108844,0,0,0.999958
cmp-00932,0.250000,16560000.000000,16.622501,76,STRICT,PUBLIC,8,2,0.250000,0.999958,161,128,0.006211,0.017797,0.052629,0.000001,3.999831,0.112299,0,0,0.999958
cmp-00932,0.500000,16560000.000000,16.622501,76,STRICT,PUBLIC,8,2,0.500000,0.999958,161,128,0.006211,0.000000,0.026315,0.000001,1.999915,0.133574,0,0,0.999958
cmp-00933,0.150000,6999000.000000,15.761278,39,FLEXIBLE,PRIVATE_LINK,3,3,0.150000,1.094042,112,97,0.009768,0.126007,0.187016,0.000000,7.293613,0.151515,1,1,3.597185
cmp-00933,0.250000,6999000.000000,15.761278,39,FLEXIBLE,PRIVATE_LINK,3,3,0.250000,1.461623,149,121,0.009810,0.094252,0.149910,0.000000,5.846492,0.153409,1,1,3.597185
cmp-00933,0.500000,6999000.000000,15.761278,39,FLEXIBLE,PRIVATE_LINK,3,3,0.500000,1.953708,211,143,0.009259,0.042211,0.100190,0.000000,3.907415,0.131687,1,1,3.597185
cmp-00934,0.150000,4228000.000000,15.257240,69,STRICT,PUBLIC,3,1,0.150000,0.011708,1,1,0.011708,0.001697,0.001131,0.016851,0.078051,0.000000,0,0,0.425710
cmp-00934,0.250000,4228000.000000,15.257240,69,STRICT,PUBLIC,3,1,0.250000,0.095459,3,3,0.031820,0.012138,0.005534,0.017479,0.381835,0.000000,0,0,0.425710
cmp-00934,0.500000,4228000.000000,15.257240,69,STRICT,PUBLIC,3,1,0.500000,0.215326,8,7,0.026916,0.007157,0.006241,0.022744,0.430653,0.000000,0,0,0.425710
cmp-00935,0.150000,8017000.000000,15.897075,40,FLEXIBLE,PUBLIC,2,1,0.150000,0.785868,162,136,0.004851,0.118423,0.130978,0.006298,5.239117,0.100000,0,1,2.678508
cmp-00935,0.250000,8017000.000000,15.897075,40,FLEXIBLE,PUBLIC,2,1,0.250000,1.073319,206,165,0.005210,0.071863,0.107332,0.000000,4.293277,0.108225,1,1,2.678508
cmp-00935,0.500000,8017000.000000,15.897075,40,FLEXIBLE,PUBLIC,2,1,0.500000,1.428614,272,196,0.005252,0.026478,0.071431,0.000000,2.857228,0.119741,1,1,2.678508
cmp-00936,0.150000,4921000.000000,15.409022,76,STRICT,PUBLIC,3,3,0.150000,0.309409,13,12,0.023801,0.026155,0.027141,0.010690,2.062724,0.000000,0,0,0.999187
cmp-00936,0.250000,4921000.000000,15.409022,76,STRICT,PUBLIC,3,3,0.250000,0.717110,16,13,0.044819,0.053645,0.037743,0.004963,2.868441,0.058824,0,0,0.999187
cmp-00936,0.500000,4921000.000000,15.409022,76,STRICT,PUBLIC,3,3,0.500000,0.877159,24,20,0.036548,0.014358,0.023083,0.003233,1.754318,0.040000,0,0,0.999187
cmp-00937,0.150000,7946000.000000,15.888179,42,STRICT,PUBLIC,5,3,0.150000,0.825057,25,23,0.033002,0.056482,0.130961,0.004900,5.500378,0.166667,0,0,0.999182
cmp-00937,0.250000,7946000.000000,15.888179,42,STRICT,PUBLIC,5,3,0.250000,0.931664,33,26,0.028232,0.025383,0.088730,0.002169,3.726655,0.131579,0,0,0.999182
cmp-00937,0.500000,7946000.000000,15.888179,42,STRICT,PUBLIC,5,3,0.500000,0.989617,36,29,0.027489,0.003206,0.047125,0.000494,1.979235,0.173913,0,0,0.999182
cmp-00938,0.150000,6254000.000000,15.648732,81,CLOSE_ON_TARGET,PUBLIC,4,2,0.150000,0.384746,38,33,0.010125,0.022737,0.031666,0.008936,2.564972,0.136364,0,1,1.015766
cmp-00938,0.250000,6254000.000000,15.648732,81,CLOSE_ON_TARGET,PUBLIC,4,2,0.250000,0.609658,54,46,0.011290,0.027767,0.030107,0.006425,2.438631,0.100000,0,1,1.015766
cmp-00938,0.500000,6254000.000000,15.648732,81,CLOSE_ON_TARGET,PUBLIC,4,2,0.500000,0.882875,76,59,0.011617,0.005904,0.021799,0.002892,1.765750,0.073171,0,1,1.015766
cmp-00939,0.150000,21488000.000000,16.883005,35,FLEXIBLE,PUBLIC,5,1,0.150000,0.395281,103,95,0.003838,0.068682,0.075292,0.020327,2.635207,0.148760,0,1,1.451950
cmp-00939,0.250000,21488000.000000,16.883005,35,FLEXIBLE,PUBLIC,5,1,0.250000,0.506962,137,122,0.003700,0.031909,0.057939,0.018782,2.027848,0.138365,0,1,1.451950
cmp-00939,0.500000,21488000.000000,16.883005,35,FLEXIBLE,PUBLIC,5,1,0.500000,0.718489,197,164,0.003647,0.019801,0.041057,0.016086,1.436979,0.120536,0,1,1.451950
cmp-00940,0.150000,14799000.000000,16.510070,23,FLEXIBLE,PUBLIC,2,1,0.150000,0.496736,75,72,0.006623,0.097216,0.143982,0.025742,3.311575,0.085366,0,1,1.197365
cmp-00940,0.250000,14799000.000000,16.510070,23,FLEXIBLE,PUBLIC,2,1,0.250000,0.570194,89,84,0.006407,0.031938,0.099164,0.024916,2.280776,0.110000,0,1,1.197365
cmp-00940,0.500000,14799000.000000,16.510070,23,FLEXIBLE,PUBLIC,2,1,0.500000,0.801095,129,116,0.006210,0.033166,0.069660,0.017296,1.602189,0.134228,0,1,1.197365
cmp-00941,0.150000,4113000.000000,15.229663,56,STRICT,PUBLIC,2,3,0.150000,0.513299,26,22,0.019742,0.051913,0.061107,0.010225,3.421995,0.071429,0,0,0.997763
cmp-00941,0.250000,4113000.000000,15.229663,56,STRICT,PUBLIC,2,3,0.250000,0.639193,33,28,0.019369,0.022481,0.045657,0.008591,2.556771,0.057143,0,0,0.997763
cmp-00941,0.500000,4113000.000000,15.229663,56,STRICT,PUBLIC,2,3,0.500000,0.985825,43,35,0.022926,0.001085,0.035208,0.000506,1.971651,0.134615,0,0,0.997763
cmp-00942,0.150000,5523000.000000,15.524432,40,FLEXIBLE,PUBLIC,4,1,0.150000,0.425475,27,26,0.015758,0.042395,0.070913,0.016898,2.836502,0.129032,0,0,0.925530
cmp-00942,0.250000,5523000.000000,15.524432,40,FLEXIBLE,PUBLIC,4,1,0.250000,0.503205,38,36,0.013242,0.019432,0.050320,0.016560,2.012819,0.173913,0,0,0.925530
cmp-00942,0.500000,5523000.000000,15.524432,40,FLEXIBLE,PUBLIC,4,1,0.500000,0.617979,49,46,0.012612,0.008609,0.030899,0.019101,1.235959,0.140351,0,0,0.925530
cmp-00943,0.150000,6114000.000000,15.626092,59,FLEXIBLE,PUBLIC,1,3,0.150000,0.651701,18,16,0.036206,0.076834,0.073639,0.006945,4.344673,0.142857,0,1,2.189532
cmp-00943,0.250000,6114000.000000,15.626092,59,FLEXIBLE,PUBLIC,1,3,0.250000,0.803484,26,24,0.030903,0.025726,0.054473,0.004441,3.213935,0.103448,0,1,2.189532
cmp-00943,0.500000,6114000.000000,15.626092,59,FLEXIBLE,PUBLIC,1,3,0.500000,1.025990,40,32,0.025650,0.019136,0.034779,0.000000,2.051979,0.069767,1,1,2.189532
cmp-00944,0.150000,5489000.000000,15.518257,39,STRICT,PUBLIC,5,3,0.150000,0.162252,13,13,0.012481,0.021231,0.027735,0.025271,1.081679,0.071429,0,0,0.618710
cmp-00944,0.250000,5489000.000000,15.518257,39,STRICT,PUBLIC,5,3,0.250000,0.230188,17,17,0.013540,0.017419,0.023609,0.026318,0.920751,0.105263,0,0,0.618710
cmp-00944,0.500000,5489000.000000,15.518257,39,STRICT,PUBLIC,5,3,0.500000,0.322244,26,26,0.012394,0.001929,0.016525,0.034757,0.644489,0.071429,0,0,0.618710
cmp-00945,0.150000,20256000.000000,16.823962,40,FLEXIBLE,PUBLIC,4,3,0.150000,0.821880,168,137,0.004892,0.101830,0.136980,0.005239,5.479200,0.101604,0,1,2.460733
cmp-00945,0.250000,20256000.000000,16.823962,40,FLEXIBLE,PUBLIC,4,3,0.250000,1.076180,219,176,0.004914,0.063575,0.107618,0.000000,4.304720,0.102459,1,1,2.460733
cmp-00945,0.500000,20256000.000000,16.823962,40,FLEXIBLE,PUBLIC,4,3,0.500000,1.409261,312,228,0.004517,0.025979,0.070463,0.000000,2.818523,0.103448,1,1,2.460733
cmp-00946,0.150000,4875000.000000,15.399631,86,STRICT,PUBLIC,6,3,0.150000,0.535077,44,39,0.012161,0.031609,0.041479,0.006360,3.567179,0.120000,0,0,0.999590
cmp-00946,0.250000,4875000.000000,15.399631,86,STRICT,PUBLIC,6,3,0.250000,0.738441,62,53,0.011910,0.023647,0.034346,0.004055,2.953764,0.150685,0,0,0.999590
cmp-00946,0.500000,4875000.000000,15.399631,86,STRICT,PUBLIC,6,3,0.500000,0.998892,83,65,0.012035,0.002168,0.023230,0.000026,1.997785,0.133929,0,0,0.999590
cmp-00947,0.150000,28579000.000000,17.168183,74,STRICT,PUBLIC,1,1,0.150000,0.157175,31,29,0.005070,0.012012,0.014160,0.013399,1.047832,0.114286,0,0,0.682508
cmp-00947,0.250000,28579000.000000,17.168183,74,STRICT,PUBLIC,1,1,0.250000,0.227272,46,43,0.004941,0.009473,0.012285,0.013923,0.909087,0.132075,0,0,0.682508
cmp-00947,0.500000,28579000.000000,17.168183,74,STRICT,PUBLIC,1,1,0.500000,0.366206,71,64,0.005158,0.006141,0.009897,0.017130,0.732412,0.123457,0,0,0.682508
cmp-00948,0.150000,3808000.000000,15.152615,81,STRICT,PRIVATE_LINK,1,2,0.150000,0.193251,8,7,0.024156,0.020918,0.015905,0.011717,1.288340,0.200000,0,0,0.806460
cmp-00948,0.250000,3808000.000000,15.152615,81,STRICT,PRIVATE_LINK,1,2,0.250000,0.302232,12,11,0.025186,0.013454,0.014925,0.011486,1.208929,0.200000,0,0,0.806460
cmp-00948,0.500000,3808000.000000,15.152615,81,STRICT,PRIVATE_LINK,1,2,0.500000,0.484244,18,17,0.026902,0.005839,0.011957,0.012735,0.968487,0.142857,0,0,0.806460
cmp-00949,0.150000,1969000.000000,14.493036,19,FLEXIBLE,PUBLIC,3,3,0.150000,0.708786,10,10,0.070879,0.328005,0.248697,0.018032,4.725241,0.285714,0,0,0.927628
cmp-00949,0.250000,1969000.000000,14.493036,19,FLEXIBLE,PUBLIC,3,3,0.250000,0.708786,10,10,0.070879,0.000000,0.149218,0.020436,2.835145,0.285714,0,0,0.927628
cmp-00949,0.500000,1969000.000000,14.493036,19,FLEXIBLE,PUBLIC,3,3,0.500000,0.776638,13,12,0.059741,0.009756,0.081751,0.023512,1.553276,0.235294,0,0,0.927628
cmp-00950,0.150000,5993000.000000,15.606103,80,CLOSE_ON_TARGET,PUBLIC,1,1,0.150000,0.313149,34,31,0.009210,0.020434,0.026096,0.010101,2.087658,0.081081,0,1,1.003104
cmp-00950,0.250000,5993000.000000,15.606103,80,CLOSE_ON_TARGET,PUBLIC,1,1,0.250000,0.569364,52,47,0.010949,0.032027,0.028468,0.007177,2.277457,0.087719,0,1,1.003104
cmp-00950,0.500000,5993000.000000,15.606103,80,CLOSE_ON_TARGET,PUBLIC,1,1,0.500000,0.829635,75,63,0.011062,0.011843,0.020741,0.004259,1.659269,0.085366,0,1,1.003104
cmp-00951,0.150000,3981000.000000,15.197044,29,FLEXIBLE,PUBLIC,3,1,0.150000,0.462447,20,19,0.023122,0.045353,0.106310,0.021807,3.082977,0.090909,0,1,1.165813
cmp-00951,0.250000,3981000.000000,15.197044,29,FLEXIBLE,PUBLIC,3,1,0.250000,0.576338,24,20,0.024014,0.039273,0.079495,0.019479,2.305350,0.200000,0,1,1.165813
cmp-00951,0.500000,3981000.000000,15.197044,29,FLEXIBLE,PUBLIC,3,1,0.500000,0.784702,35,28,0.022420,0.021308,0.054117,0.014848,1.569405,0.166667,0,1,1.165813
cmp-00952,0.150000,7741000.000000,15.862041,42,FLEXIBLE,PUBLIC,4,3,0.150000,0.533962,44,38,0.012136,0.070838,0.084756,0.013054,3.559747,0.120000,0,1,1.516238
cmp-00952,0.250000,7741000.000000,15.862041,42,FLEXIBLE,PUBLIC,4,3,0.250000,0.602661,53,44,0.011371,0.016357,0.057396,0.012614,2.410645,0.131148,0,1,1.516238
cmp-00952,0.500000,7741000.000000,15.862041,42,FLEXIBLE,PUBLIC,4,3,0.500000,0.873724,80,63,0.010922,0.023250,0.041606,0.006013,1.747449,0.120879,0,1,1.516238
cmp-00953,0.150000,8902000.000000,16.001787,57,FLEXIBLE,PUBLIC,5,1,0.150000,0.386037,76,69,0.005079,0.040771,0.045151,0.012672,2.573579,0.146067,0,1,1.214031
cmp-00953,0.250000,8902000.000000,16.001787,57,FLEXIBLE,PUBLIC,5,1,0.250000,0.610762,106,94,0.005762,0.039425,0.042860,0.009105,2.443047,0.145161,0,1,1.214031
cmp-00953,0.500000,8902000.000000,16.001787,57,FLEXIBLE,PUBLIC,5,1,0.500000,0.826803,151,127,0.005476,0.015480,0.029011,0.006077,1.653606,0.142045,0,1,1.214031
cmp-00954,0.150000,8358000.000000,15.938730,85,FLEXIBLE,PUBLIC,4,2,0.150000,1.354810,153,117,0.008855,0.085564,0.106260,0.000000,9.032065,0.135593,1,1,4.453171
cmp-00954,0.250000,8358000.000000,15.938730,85,FLEXIBLE,PUBLIC,4,2,0.250000,1.817014,208,144,0.008736,0.054377,0.085507,0.000000,7.268055,0.129707,1,1,4.453171
cmp-00954,0.500000,8358000.000000,15.938730,85,FLEXIBLE,PUBLIC,4,2,0.500000,2.475724,289,173,0.008567,0.029402,0.058252,0.000000,4.951448,0.118902,1,1,4.453171
cmp-00955,0.150000,26434000.000000,17.090162,79,FLEXIBLE,PUBLIC,4,2,0.150000,0.146221,75,70,0.001950,0.011053,0.012339,0.012715,0.974805,0.175824,0,0,0.637039
cmp-00955,0.250000,26434000.000000,17.090162,79,FLEXIBLE,PUBLIC,4,2,0.250000,0.206552,104,98,0.001986,0.007637,0.010458,0.013392,0.826209,0.154472,0,0,0.637039
cmp-00955,0.500000,26434000.000000,17.090162,79,FLEXIBLE,PUBLIC,4,2,0.500000,0.332012,157,147,0.002115,0.004352,0.008405,0.016911,0.664024,0.127778,0,0,0.637039
cmp-00956,0.150000,4983000.000000,15.421543,22,STRICT,PUBLIC,2,2,0.150000,0.240498,16,15,0.015031,0.066180,0.072878,0.040615,1.603318,0.058824,0,0,0.851174
cmp-00956,0.250000,4983000.000000,15.421543,22,STRICT,PUBLIC,2,2,0.250000,0.357716,17,16,0.021042,0.053281,0.065039,0.038926,1.430865,0.055556,0,0,0.851174
cmp-00956,0.500000,4983000.000000,15.421543,22,STRICT,PUBLIC,2,2,0.500000,0.511178,27,23,0.018933,0.013327,0.046471,0.044438,1.022356,0.035714,0,0,0.851174
cmp-00957,0.150000,11749000.000000,16.279279,66,FLEXIBLE,PUBLIC,2,2,0.150000,0.229185,35,32,0.006548,0.015286,0.023150,0.013740,1.527903,0.102564,0,0,0.694476
cmp-00957,0.250000,11749000.000000,16.279279,66,FLEXIBLE,PUBLIC,2,2,0.250000,0.283233,41,36,0.006908,0.008189,0.017166,0.014480,1.132930,0.145833,0,0,0.694476
cmp-00957,0.500000,11749000.000000,16.279279,66,FLEXIBLE,PUBLIC,2,2,0.500000,0.449740,62,53,0.007254,0.008268,0.013628,0.016675,0.899481,0.114286,0,0,0.694476
cmp-00958,0.150000,17160000.000000,16.658092,62,FLEXIBLE,PUBLIC,5,1,0.150000,0.339697,82,79,0.004143,0.034588,0.036527,0.012529,2.264646,0.078652,0,1,1.077244
cmp-00958,0.250000,17160000.000000,16.658092,62,FLEXIBLE,PUBLIC,5,1,0.250000,0.446865,102,96,0.004381,0.017285,0.028830,0.011895,1.787459,0.081081,0,1,1.077244
cmp-00958,0.500000,17160000.000000,16.658092,62,FLEXIBLE,PUBLIC,5,1,0.500000,0.669441,145,125,0.004617,0.009045,0.021595,0.010663,1.338881,0.088050,0,1,1.077244
cmp-00959,0.150000,17430000.000000,16.673703,88,FLEXIBLE,PUBLIC,6,1,0.150000,0.374016,37,29,0.010109,0.023568,0.028335,0.008369,2.493440,0.119048,0,1,1.219874
cmp-00959,0.250000,17430000.000000,16.673703,88,FLEXIBLE,PUBLIC,6,1,0.250000,0.416139,43,35,0.009678,0.004787,0.018915,0.008846,1.664555,0.140000,0,1,1.219874
cmp-00959,0.500000,17430000.000000,16.673703,88,FLEXIBLE,PUBLIC,6,1,0.500000,0.650046,67,50,0.009702,0.004346,0.014774,0.007954,1.300092,0.129870,0,1,1.219874
cmp-00960,0.150000,2672000.000000,14.798338,19,STRICT,PUBLIC,2,2,0.150000,0.699551,36,34,0.019432,0.232647,0.245456,0.018604,4.663673,0.162791,0,0,0.999775
cmp-00960,0.250000,2672000.000000,14.798338,19,STRICT,PUBLIC,2,2,0.250000,0.821557,48,42,0.017116,0.064214,0.172959,0.012522,3.286228,0.186441,0,0,0.999775
cmp-00960,0.500000,2672000.000000,14.798338,19,STRICT,PUBLIC,2,2,0.500000,0.999775,59,48,0.016945,0.000000,0.105240,0.000024,1.999551,0.150000,0,0,0.999775
cmp-00961,0.150000,3763000.000000,15.140727,80,FLEXIBLE,PUBLIC,5,3,0.150000,0.295801,22,21,0.013446,0.028906,0.024650,0.010356,1.972008,0.083333,0,0,0.875791
cmp-00961,0.250000,3763000.000000,15.140727,80,FLEXIBLE,PUBLIC,5,3,0.250000,0.352325,26,25,0.013551,0.007066,0.017616,0.010795,1.409301,0.071429,0,0,0.875791
cmp-00961,0.500000,3763000.000000,15.140727,80,FLEXIBLE,PUBLIC,5,3,0.500000,0.526415,36,32,0.014623,0.011400,0.013160,0.011840,1.052830,0.076923,0,0,0.875791
cmp-00962,0.150000,6688000.000000,15.715825,65,FLEXIBLE,PUBLIC,4,3,0.150000,0.368735,35,30,0.010535,0.040888,0.037819,0.011426,2.458234,0.078947,0,1,1.079800
cmp-00962,0.250000,6688000.000000,15.715825,65,FLEXIBLE,PUBLIC,4,3,0.250000,0.435646,40,35,0.010891,0.010294,0.026809,0.011576,1.742584,0.090909,0,1,1.079800
cmp-00962,0.500000,6688000.000000,15.715825,65,FLEXIBLE,PUBLIC,4,3,0.500000,0.539309,49,41,0.011006,0.000706,0.016594,0.014175,1.078618,0.125000,0,1,1.079800
cmp-00963,0.150000,11140000.000000,16.226053,74,STRICT,PUBLIC,4,1,0.150000,0.626580,126,113,0.004973,0.048743,0.056449,0.005937,4.177199,0.148649,0,0,0.999767
cmp-00963,0.250000,11140000.000000,16.226053,74,STRICT,PUBLIC,4,1,0.250000,0.814381,171,149,0.004762,0.025378,0.044021,0.003344,3.257522,0.131980,0,0,0.999767
cmp-00963,0.500000,11140000.000000,16.226053,74,STRICT,PUBLIC,4,1,0.500000,0.999767,209,171,0.004784,0.000000,0.027021,0.000006,1.999533,0.134948,0,0,0.999767
cmp-00964,0.150000,5817000.000000,15.576295,79,FLEXIBLE,PUBLIC,5,1,0.150000,0.359446,35,33,0.010270,0.024794,0.030333,0.009539,2.396310,0.166667,0,1,1.216916
cmp-00964,0.250000,5817000.000000,15.576295,79,FLEXIBLE,PUBLIC,5,1,0.250000,0.431597,48,44,0.008992,0.009133,0.021853,0.009593,1.726388,0.157895,0,1,1.216916
cmp-00964,0.500000,5817000.000000,15.576295,79,FLEXIBLE,PUBLIC,5,1,0.500000,0.701255,73,61,0.009606,0.008028,0.017753,0.007563,1.402510,0.130952,0,1,1.216916
cmp-00965,0.150000,11209000.000000,16.232228,46,FLEXIBLE,PUBLIC,1,3,0.150000,0.205112,30,29,0.006837,0.027616,0.029726,0.020330,1.367413,0.117647,0,0,0.676965
cmp-00965,0.250000,11209000.000000,16.232228,46,FLEXIBLE,PUBLIC,1,3,0.250000,0.320198,40,39,0.008005,0.025019,0.027843,0.019704,1.280792,0.148936,0,0,0.676965
cmp-00965,0.500000,11209000.000000,16.232228,46,FLEXIBLE,PUBLIC,1,3,0.500000,0.419663,52,51,0.008070,0.006464,0.018246,0.025232,0.839326,0.187500,0,0,0.676965
cmp-00966,0.150000,3252000.000000,14.994781,90,CLOSE_ON_TARGET,PUBLIC,2,2,0.150000,0.389545,25,24,0.015582,0.028314,0.028855,0.007980,2.596966,0.038462,0,1,1.001476
cmp-00966,0.250000,3252000.000000,14.994781,90,CLOSE_ON_TARGET,PUBLIC,2,2,0.250000,0.645879,30,27,0.021529,0.028482,0.028706,0.005246,2.583518,0.062500,0,1,1.001476
cmp-00966,0.500000,3252000.000000,14.994781,90,CLOSE_ON_TARGET,PUBLIC,2,2,0.500000,0.846986,45,40,0.018822,0.005009,0.018822,0.003400,1.693973,0.062500,0,1,1.001476
cmp-00967,0.150000,16032000.000000,16.590097,24,STRICT,PUBLIC,2,3,0.150000,0.276360,93,86,0.002972,0.053677,0.076767,0.035473,1.842399,0.114286,0,0,0.822580
cmp-00967,0.250000,16032000.000000,16.590097,24,STRICT,PUBLIC,2,3,0.250000,0.361889,127,117,0.002850,0.035637,0.060315,0.035451,1.447555,0.111888,0,0,0.822580
cmp-00967,0.500000,16032000.000000,16.590097,24,STRICT,PUBLIC,2,3,0.500000,0.472018,173,156,0.002728,0.014188,0.039335,0.043998,0.944037,0.121827,0,0,0.822580
cmp-00968,0.150000,3173000.000000,14.970188,74,FLEXIBLE,PUBLIC,1,1,0.150000,0.293980,7,6,0.041997,0.013215,0.026485,0.011224,1.959870,0.300000,0,1,1.837977
cmp-00968,0.250000,3173000.000000,14.970188,74,FLEXIBLE,PUBLIC,1,1,0.250000,0.454995,12,11,0.037916,0.021759,0.024594,0.009820,1.819981,0.250000,0,1,1.837977
cmp-00968,0.500000,3173000.000000,14.970188,74,FLEXIBLE,PUBLIC,1,1,0.500000,0.706114,19,18,0.037164,0.006043,0.019084,0.007943,1.412228,0.173913,0,1,1.837977
cmp-00969,0.150000,2830000.000000,14.855787,25,FLEXIBLE,PRIVATE_LINK,4,1,0.150000,1.275265,63,47,0.020242,0.244170,0.340071,0.000000,8.501767,0.160000,1,1,3.657032
cmp-00969,0.250000,2830000.000000,14.855787,25,FLEXIBLE,PRIVATE_LINK,4,1,0.250000,1.665795,85,59,0.019598,0.156212,0.266527,0.000000,6.663180,0.158416,1,1,3.657032
cmp-00969,0.500000,2830000.000000,14.855787,25,FLEXIBLE,PRIVATE_LINK,4,1,0.500000,2.213852,116,73,0.019085,0.092481,0.177108,0.000000,4.427703,0.159420,1,1,3.657032
cmp-00970,0.150000,3799000.000000,15.150248,90,FLEXIBLE,PUBLIC,3,1,0.150000,0.357278,20,18,0.017864,0.010178,0.026465,0.008402,2.381855,0.130435,0,0,0.811556
cmp-00970,0.250000,3799000.000000,15.150248,90,FLEXIBLE,PUBLIC,3,1,0.250000,0.401185,25,23,0.016047,0.004878,0.017830,0.008871,1.604738,0.107143,0,0,0.811556
cmp-00970,0.500000,3799000.000000,15.150248,90,FLEXIBLE,PUBLIC,3,1,0.500000,0.495788,32,27,0.015493,0.004761,0.011018,0.011205,0.991577,0.135135,0,0,0.811556
cmp-00971,0.150000,14026000.000000,16.456423,40,FLEXIBLE,PRIVATE_LINK,4,3,0.150000,0.239912,36,33,0.006664,0.032377,0.039985,0.022356,1.599411,0.052632,0,0,0.774055
cmp-00971,0.250000,14026000.000000,16.456423,40,FLEXIBLE,PRIVATE_LINK,4,3,0.250000,0.360930,49,44,0.007366,0.030255,0.036093,0.021302,1.443719,0.039216,0,0,0.774055
cmp-00971,0.500000,14026000.000000,16.456423,40,FLEXIBLE,PRIVATE_LINK,4,3,0.500000,0.484557,63,54,0.007691,0.008279,0.024228,0.025772,0.969115,0.030769,0,0,0.774055
cmp-00972,0.150000,3145000.000000,14.961324,50,FLEXIBLE,PUBLIC,1,3,0.150000,0.581526,37,34,0.015717,0.073787,0.077537,0.009846,3.876842,0.119048,0,1,1.250334
cmp-00972,0.250000,3145000.000000,14.961324,50,FLEXIBLE,PUBLIC,1,3,0.250000,0.658188,46,41,0.014308,0.015332,0.052655,0.009115,2.632750,0.132075,0,1,1.250334
cmp-00972,0.500000,3145000.000000,14.961324,50,FLEXIBLE,PUBLIC,1,3,0.500000,0.785342,57,50,0.013778,0.009037,0.031414,0.008586,1.570684,0.123077,0,1,1.250334
cmp-00973,0.150000,29232000.000000,17.190775,72,STRICT,PUBLIC,2,1,0.150000,0.157454,70,68,0.002249,0.015010,0.014579,0.013767,1.049694,0.090909,0,0,0.583552
cmp-00973,0.250000,29232000.000000,17.190775,72,STRICT,PUBLIC,2,1,0.250000,0.226112,99,92,0.002284,0.009536,0.012562,0.014331,0.904447,0.083333,0,0,0.583552
cmp-00973,0.500000,29232000.000000,17.190775,72,STRICT,PUBLIC,2,1,0.500000,0.322397,133,122,0.002424,0.003665,0.008955,0.018822,0.644793,0.119205,0,0,0.583552
cmp-00974,0.150000,9125000.000000,16.026528,48,FLEXIBLE,PRIVATE_LINK,6,2,0.150000,0.469688,50,45,0.009394,0.047308,0.065234,0.012998,3.131251,0.074074,0,1,1.116636
cmp-00974,0.250000,9125000.000000,16.026528,48,FLEXIBLE,PRIVATE_LINK,6,2,0.250000,0.571058,62,54,0.009211,0.021119,0.047588,0.011915,2.284230,0.074627,0,1,1.116636
cmp-00974,0.500000,9125000.000000,16.026528,48,FLEXIBLE,PRIVATE_LINK,6,2,0.500000,0.707079,85,72,0.008319,0.010621,0.029462,0.012205,1.414159,0.086022,0,1,1.116636
cmp-00975,0.150000,23033000.000000,16.952439,60,CLOSE_ON_TARGET,PRIVATE_LINK,5,3,0.150000,0.246416,78,70,0.003159,0.022930,0.027380,0.014776,1.642773,0.204082,0,0,0.997095
cmp-00975,0.250000,23033000.000000,16.952439,60,CLOSE_ON_TARGET,PRIVATE_LINK,5,3,0.250000,0.363578,105,94,0.003463,0.019527,0.024239,0.014143,1.454313,0.166667,0,0,0.997095
cmp-00975,0.500000,23033000.000000,16.952439,60,CLOSE_ON_TARGET,PRIVATE_LINK,5,3,0.500000,0.535506,146,124,0.003668,0.012462,0.017850,0.015483,1.071011,0.156069,0,0,0.997095
cmp-00976,0.150000,3301000.000000,15.009736,60,FLEXIBLE,PRIVATE_LINK,4,2,0.150000,0.668101,13,10,0.051392,0.025674,0.074233,0.006508,4.454004,0.000000,0,1,2.257740
cmp-00976,0.250000,3301000.000000,15.009736,60,FLEXIBLE,PRIVATE_LINK,4,2,0.250000,0.976674,19,12,0.051404,0.051429,0.065112,0.000518,3.906695,0.000000,0,1,2.257740
cmp-00976,0.500000,3301000.000000,15.009736,60,FLEXIBLE,PRIVATE_LINK,4,2,0.500000,1.160315,26,16,0.044628,0.018555,0.038677,0.000000,2.320630,0.037037,1,1,2.257740
cmp-00977,0.150000,17666000.000000,16.687152,69,STRICT,PUBLIC,4,1,0.150000,0.102123,31,30,0.003294,0.010911,0.009867,0.015309,0.680818,0.162162,0,0,0.380743
cmp-00977,0.250000,17666000.000000,16.687152,69,STRICT,PUBLIC,4,1,0.250000,0.127160,39,38,0.003261,0.003629,0.007372,0.016866,0.508638,0.152174,0,0,0.380743
cmp-00977,0.500000,17666000.000000,16.687152,69,STRICT,PUBLIC,4,1,0.500000,0.194690,57,55,0.003416,0.001435,0.005643,0.023342,0.389381,0.123077,0,0,0.380743
cmp-00978,0.150000,18948000.000000,16.757209,57,FLEXIBLE,PUBLIC,3,2,0.150000,0.920277,604,491,0.001524,0.090115,0.107635,0.001645,6.135177,0.146893,0,1,2.972076
cmp-00978,0.250000,18948000.000000,16.757209,57,FLEXIBLE,PUBLIC,3,2,0.250000,1.219411,818,623,0.001491,0.052480,0.085573,0.000000,4.877644,0.136220,1,1,2.972076
cmp-00978,0.500000,18948000.000000,16.757209,57,FLEXIBLE,PUBLIC,3,2,0.500000,1.712582,1162,800,0.001474,0.029901,0.060091,0.000000,3.425164,0.138621,1,1,2.972076
cmp-00979,0.150000,16111000.000000,16.595013,26,FLEXIBLE,PUBLIC,2,3,0.150000,0.171926,64,61,0.002686,0.041508,0.044084,0.037469,1.146173,0.044776,0,0,0.479759
cmp-00979,0.250000,16111000.000000,16.595013,26,FLEXIBLE,PUBLIC,2,3,0.250000,0.225995,80,77,0.002825,0.020796,0.034768,0.039693,0.903979,0.058824,0,0,0.479759
cmp-00979,0.500000,16111000.000000,16.595013,26,FLEXIBLE,PUBLIC,2,3,0.500000,0.288741,105,99,0.002750,0.010024,0.022211,0.054712,0.577481,0.070796,0,0,0.479759
cmp-00980,0.150000,33972000.000000,17.341047,79,FLEXIBLE,PUBLIC,3,3,0.150000,0.267594,130,124,0.002058,0.016417,0.022582,0.010907,1.783959,0.084507,0,0,0.812354
cmp-00980,0.250000,33972000.000000,17.341047,79,FLEXIBLE,PUBLIC,3,3,0.250000,0.365033,171,160,0.002135,0.012334,0.018483,0.010717,1.460132,0.080645,0,0,0.812354
cmp-00980,0.500000,33972000.000000,17.341047,79,FLEXIBLE,PUBLIC,3,3,0.500000,0.512304,238,215,0.002153,0.003409,0.012970,0.012347,1.024609,0.081081,0,0,0.812354
cmp-00981,0.150000,7053000.000000,15.768964,42,CLOSE_ON_TARGET,PUBLIC,1,3,0.150000,0.621523,90,78,0.006906,0.073137,0.098654,0.010602,4.143485,0.108911,0,1,1.001234
cmp-00981,0.250000,7053000.000000,15.768964,42,CLOSE_ON_TARGET,PUBLIC,1,3,0.250000,0.920417,123,102,0.007483,0.071165,0.087659,0.002526,3.681667,0.088889,0,1,1.001234
cmp-00982,0.150000,12008000.000000,16.301084,87,FLEXIBLE,PUBLIC,1,3,0.150000,0.165715,33,31,0.005022,0.009692,0.012698,0.011282,1.104763,0.153846,0,0,0.658486
cmp-00982,0.250000,12008000.000000,16.301084,87,FLEXIBLE,PUBLIC,1,3,0.250000,0.190398,40,38,0.004760,0.002837,0.008754,0.012408,0.761592,0.183673,0,0,0.658486
cmp-00982,0.500000,12008000.000000,16.301084,87,FLEXIBLE,PUBLIC,1,3,0.500000,0.339124,61,55,0.005559,0.009776,0.007796,0.015193,0.678248,0.186667,0,0,0.658486
cmp-00983,0.150000,6889000.000000,15.745436,60,STRICT,PUBLIC,1,3,0.150000,0.339367,27,24,0.012569,0.037052,0.037707,0.012954,2.262447,0.205882,0,0,0.998098
cmp-00983,0.250000,6889000.000000,15.745436,60,STRICT,PUBLIC,1,3,0.250000,0.449543,34,28,0.013222,0.018363,0.029970,0.012232,1.798171,0.209302,0,0,0.998098
cmp-00983,0.500000,6889000.000000,15.745436,60,STRICT,PUBLIC,1,3,0.500000,0.600189,46,36,0.013048,0.007713,0.020006,0.013327,1.200377,0.163636,0,0,0.998098
cmp-00984,0.150000,22066000.000000,16.909549,69,FLEXIBLE,PRIVATE_LINK,3,3,0.150000,0.172600,23,23,0.007504,0.013626,0.016676,0.014107,1.150669,0.080000,0,0,0.463423
cmp-00984,0.250000,22066000.000000,16.909549,69,FLEXIBLE,PRIVATE_LINK,3,3,0.250000,0.217026,30,28,0.007234,0.006439,0.012581,0.015130,0.868105,0.090909,0,0,0.463423
cmp-00984,0.500000,22066000.000000,16.909549,69,FLEXIBLE,PRIVATE_LINK,3,3,0.500000,0.262748,41,38,0.006408,0.003782,0.007616,0.021370,0.525496,0.068182,0,0,0.463423
cmp-00985,0.150000,8225000.000000,15.922689,16,STRICT,PUBLIC,5,1,0.150000,0.563562,61,57,0.009239,0.220524,0.234818,0.032091,3.757082,0.152778,0,0,0.999842
cmp-00985,0.250000,8225000.000000,15.922689,16,STRICT,PUBLIC,5,1,0.250000,0.657666,73,68,0.009009,0.058815,0.164416,0.028528,2.630663,0.151163,0,0,0.999842
cmp-00985,0.500000,8225000.000000,15.922689,16,STRICT,PUBLIC,5,1,0.500000,0.871915,98,86,0.008897,0.034757,0.108989,0.016011,1.743830,0.147826,0,0,0.999842
cmp-00986,0.150000,21113000.000000,16.865400,20,FLEXIBLE,PUBLIC,2,1,0.150000,1.515403,350,255,0.004330,0.418261,0.505134,0.000000,10.102686,0.113924,1,1,4.506891
cmp-00986,0.250000,21113000.000000,16.865400,20,FLEXIBLE,PUBLIC,2,1,0.250000,1.988533,457,304,0.004351,0.236565,0.397707,0.000000,7.954133,0.121154,1,1,4.506891
cmp-00986,0.500000,21113000.000000,16.865400,20,FLEXIBLE,PUBLIC,2,1,0.500000,2.676986,612,356,0.004374,0.094193,0.267699,0.000000,5.353971,0.139241,1,1,4.506891
cmp-00987,0.150000,4812000.000000,15.386623,79,STRICT,PUBLIC,5,2,0.150000,0.439007,26,24,0.016885,0.025430,0.037047,0.008354,2.926711,0.133333,0,0,0.998795
cmp-00987,0.250000,4812000.000000,15.386623,79,STRICT,PUBLIC,5,2,0.250000,0.613155,36,31,0.017032,0.022044,0.031046,0.006529,2.452618,0.100000,0,0,0.998795
cmp-00987,0.500000,4812000.000000,15.386623,79,STRICT,PUBLIC,5,2,0.500000,0.807149,46,37,0.017547,0.005453,0.020434,0.004882,1.614298,0.098039,0,0,0.998795
cmp-00988,0.150000,7218000.000000,15.792088,86,STRICT,PUBLIC,4,3,0.150000,0.470865,29,24,0.016237,0.041543,0.036501,0.007239,3.139097,0.033333,0,0,0.999224
cmp-00988,0.250000,7218000.000000,15.792088,86,STRICT,PUBLIC,4,3,0.250000,0.680895,40,32,0.017022,0.024422,0.031670,0.004947,2.723580,0.047619,0,0,0.999224
cmp-00988,0.500000,7218000.000000,15.792088,86,STRICT,PUBLIC,4,3,0.500000,0.856844,54,42,0.015867,0.006067,0.019927,0.003329,1.713688,0.068966,0,0,0.999224
cmp-00989,0.150000,11610000.000000,16.267377,62,STRICT,PUBLIC,2,2,0.150000,0.999957,154,129,0.006493,0.076169,0.107522,0.000001,6.666380,0.136564,0,0,0.999957
cmp-00989,0.250000,11610000.000000,16.267377,62,STRICT,PUBLIC,2,2,0.250000,0.999957,154,129,0.006493,0.000000,0.064513,0.000001,3.999828,0.127329,0,0,0.999957
cmp-00989,0.500000,11610000.000000,16.267377,62,STRICT,PUBLIC,2,2,0.500000,0.999957,154,129,0.006493,0.000000,0.032257,0.000001,1.999914,0.119205,0,0,0.999957
cmp-00990,0.150000,17284000.000000,16.665292,79,CLOSE_ON_TARGET,PUBLIC,4,3,0.150000,0.223108,37,36,0.006030,0.019885,0.018828,0.011569,1.487387,0.139535,0,0,0.647842
cmp-00990,0.250000,17284000.000000,16.665292,79,CLOSE_ON_TARGET,PUBLIC,4,3,0.250000,0.287347,47,45,0.006114,0.008131,0.014549,0.012028,1.149387,0.160714,0,0,0.647842
cmp-00990,0.500000,17284000.000000,16.665292,79,CLOSE_ON_TARGET,PUBLIC,4,3,0.500000,0.390089,69,65,0.005653,0.003857,0.009876,0.015441,0.780178,0.148148,0,0,0.647842
cmp-00991,0.150000,3489000.000000,15.065126,51,FLEXIBLE,PUBLIC,5,3,0.150000,0.637002,28,26,0.022750,0.087760,0.083268,0.008374,4.246680,0.125000,0,1,1.282029
cmp-00991,0.250000,3489000.000000,15.065126,51,FLEXIBLE,PUBLIC,5,3,0.250000,0.796331,38,36,0.020956,0.031241,0.062457,0.005325,3.185325,0.136364,0,1,1.282029
cmp-00991,0.500000,3489000.000000,15.065126,51,FLEXIBLE,PUBLIC,5,3,0.500000,0.879335,48,43,0.018319,0.003344,0.034484,0.004732,1.758670,0.127273,0,1,1.282029
cmp-00992,0.150000,14056000.000000,16.458560,17,FLEXIBLE,PUBLIC,2,2,0.150000,0.678422,119,104,0.005701,0.246514,0.266048,0.022255,4.522814,0.111940,0,1,1.839357
cmp-00992,0.250000,14056000.000000,16.458560,17,FLEXIBLE,PUBLIC,2,2,0.250000,0.787144,150,127,0.005248,0.063954,0.185210,0.016695,3.148577,0.117647,0,1,1.839357
cmp-00992,0.500000,14056000.000000,16.458560,17,FLEXIBLE,PUBLIC,2,2,0.500000,1.088510,212,169,0.005134,0.059158,0.128060,0.000000,2.177020,0.123967,1,1,1.839357
cmp-00993,0.150000,4485000.000000,15.316249,42,FLEXIBLE,PUBLIC,5,3,0.150000,0.573177,27,24,0.021229,0.066545,0.090981,0.011956,3.821182,0.100000,0,1,2.269855
cmp-00993,0.250000,4485000.000000,15.316249,42,FLEXIBLE,PUBLIC,5,3,0.250000,1.038127,35,29,0.029661,0.110702,0.098869,0.000000,4.152508,0.102564,1,1,2.269855
cmp-00993,0.500000,4485000.000000,15.316249,42,FLEXIBLE,PUBLIC,5,3,0.500000,1.323144,54,40,0.024503,0.029272,0.063007,0.000000,2.646288,0.100000,1,1,2.269855
cmp-00994,0.150000,5485000.000000,15.517528,20,STRICT,PUBLIC,2,2,0.150000,0.306709,18,17,0.017039,0.049289,0.102236,0.040782,2.044728,0.100000,0,0,0.990775
cmp-00994,0.250000,5485000.000000,15.517528,20,STRICT,PUBLIC,2,2,0.250000,0.493765,29,27,0.017026,0.093528,0.098753,0.033749,1.975059,0.064516,0,0,0.990775
cmp-00994,0.500000,5485000.000000,15.517528,20,STRICT,PUBLIC,2,2,0.500000,0.581987,35,32,0.016628,0.010766,0.058199,0.041801,1.163974,0.078947,0,0,0.990775
cmp-00995,0.150000,5814000.000000,15.575779,20,CLOSE_ON_TARGET,PUBLIC,1,1,0.150000,0.430461,28,27,0.015374,0.128758,0.143487,0.033502,2.869740,0.096774,0,1,1.003440
cmp-00995,0.250000,5814000.000000,15.575779,20,CLOSE_ON_TARGET,PUBLIC,1,1,0.250000,0.511610,34,31,0.015047,0.040574,0.102322,0.032559,2.046440,0.081081,0,1,1.003440
cmp-00995,0.500000,5814000.000000,15.575779,20,CLOSE_ON_TARGET,PUBLIC,1,1,0.500000,0.600086,46,41,0.013045,0.020769,0.060009,0.039991,1.200172,0.061224,0,1,1.003440
cmp-00996,0.150000,6538000.000000,15.693142,76,FLEXIBLE,PUBLIC,3,3,0.150000,0.500535,52,45,0.009626,0.043889,0.043907,0.007732,3.336902,0.133333,0,1,1.969364
cmp-00996,0.250000,6538000.000000,15.693142,76,FLEXIBLE,PUBLIC,3,3,0.250000,0.776017,71,57,0.010930,0.036248,0.040843,0.003930,3.104069,0.134146,0,1,1.969364
cmp-00996,0.500000,6538000.000000,15.693142,76,FLEXIBLE,PUBLIC,3,3,0.500000,1.181829,103,77,0.011474,0.009714,0.031101,0.000000,2.363659,0.134454,1,1,1.969364
cmp-00997,0.150000,11288000.000000,16.239251,24,CLOSE_ON_TARGET,PRIVATE_LINK,2,3,0.150000,0.160852,32,31,0.005027,0.028769,0.044681,0.041135,1.072348,0.135135,0,0,0.437642
cmp-00997,0.250000,11288000.000000,16.239251,24,CLOSE_ON_TARGET,PRIVATE_LINK,2,3,0.250000,0.222457,42,40,0.005297,0.025669,0.037076,0.043197,0.889830,0.142857,0,0,0.437642
cmp-00997,0.500000,11288000.000000,16.239251,24,CLOSE_ON_TARGET,PRIVATE_LINK,2,3,0.500000,0.283735,55,51,0.005159,0.016869,0.023645,0.059689,0.567470,0.153846,0,0,0.437642
cmp-00998,0.150000,20114000.000000,16.816927,83,FLEXIBLE,PUBLIC,0,1,0.150000,0.240161,54,52,0.004447,0.019480,0.019290,0.010770,1.601074,0.052632,0,0,0.814915
cmp-00998,0.250000,20114000.000000,16.816927,83,FLEXIBLE,PUBLIC,0,1,0.250000,0.308392,74,71,0.004167,0.008221,0.014862,0.011110,1.233569,0.108434,0,0,0.814915
cmp-00998,0.500000,20114000.000000,16.816927,83,FLEXIBLE,PUBLIC,0,1,0.500000,0.433285,109,99,0.003975,0.005033,0.010441,0.013656,0.866571,0.091667,0,0,0.814915
cmp-00999,0.150000,10139000.000000,16.131900,38,FLEXIBLE,PUBLIC,1,3,0.150000,0.339629,40,39,0.008491,0.051292,0.059584,0.020445,2.264194,0.090909,0,1,1.579505
cmp-00999,0.250000,10139000.000000,16.131900,38,FLEXIBLE,PUBLIC,1,3,0.250000,0.481310,58,56,0.008298,0.037284,0.050664,0.018200,1.925239,0.134328,0,1,1.579505
cmp-00999,0.500000,10139000.000000,16.131900,38,FLEXIBLE,PUBLIC,1,3,0.500000,0.853279,79,69,0.010801,0.030373,0.044909,0.007722,1.706559,0.131868,0,1,1.579505
cmp-01000,0.150000,11513000.000000,16.258987,77,FLEXIBLE,PUBLIC,3,1,0.150000,0.130392,24,23,0.005433,0.006591,0.011289,0.013287,0.869278,0.200000,0,0,0.617867
cmp-01000,0.250000,11513000.000000,16.258987,77,FLEXIBLE,PUBLIC,3,1,0.250000,0.240337,39,37,0.006162,0.014279,0.012485,0.013154,0.961348,0.152174,0,0,0.617867
cmp-01000,0.500000,11513000.000000,16.258987,77,FLEXIBLE,PUBLIC,3,1,0.500000,0.342969,55,51,0.006236,0.002146,0.008908,0.017066,0.685938,0.166667,0,0,0.617867
cmp-01001,0.150000,15734000.000000,16.571335,40,FLEXIBLE,PUBLIC,5,3,0.150000,0.758504,166,145,0.004569,0.097277,0.126417,0.007103,5.056693,0.117021,0,1,2.277406
cmp-01001,0.250000,15734000.000000,16.571335,40,FLEXIBLE,PUBLIC,5,3,0.250000,0.996104,215,181,0.004633,0.059400,0.099610,0.000130,3.984416,0.115226,0,1,2.277406
cmp-01001,0.500000,15734000.000000,16.571335,40,FLEXIBLE,PUBLIC,5,3,0.500000,1.315533,292,218,0.004505,0.034230,0.065777,0.000000,2.631066,0.104294,1,1,2.277406
cmp-01002,0.150000,13719000.000000,16.434292,41,FLEXIBLE,PUBLIC,3,3,0.150000,0.797821,126,109,0.006332,0.114141,0.129727,0.005801,5.318804,0.073529,0,1,2.298207
cmp-01002,0.250000,13719000.000000,16.434292,41,FLEXIBLE,PUBLIC,3,3,0.250000,1.013893,165,134,0.006145,0.052701,0.098916,0.000000,4.055573,0.073034,1,1,2.298207
cmp-01002,0.500000,13719000.000000,16.434292,41,FLEXIBLE,PUBLIC,3,3,0.500000,1.443283,227,179,0.006358,0.036677,0.070404,0.000000,2.886566,0.084677,1,1,2.298207
cmp-01003,0.150000,11512000.000000,16.258901,28,STRICT,PRIVATE_LINK,4,3,0.150000,0.178562,27,27,0.006613,0.045170,0.042515,0.034514,1.190410,0.068966,0,0,0.739793
cmp-01003,0.250000,11512000.000000,16.258901,28,STRICT,PRIVATE_LINK,4,3,0.250000,0.332297,40,40,0.008307,0.054905,0.047471,0.031795,1.329187,0.047619,0,0,0.739793
cmp-01003,0.500000,11512000.000000,16.258901,28,STRICT,PRIVATE_LINK,4,3,0.500000,0.426920,56,51,0.007624,0.006847,0.030494,0.040934,0.853839,0.066667,0,0,0.739793
cmp-01004,0.150000,12409000.000000,16.333933,63,FLEXIBLE,PUBLIC,2,1,0.150000,0.212096,16,16,0.013256,0.021734,0.022444,0.014713,1.413974,0.111111,0,0,0.979692
cmp-01004,0.250000,12409000.000000,16.333933,63,FLEXIBLE,PUBLIC,2,1,0.250000,0.349529,25,22,0.013981,0.021815,0.022192,0.013767,1.398114,0.166667,0,0,0.979692
cmp-01004,0.500000,12409000.000000,16.333933,63,FLEXIBLE,PUBLIC,2,1,0.500000,0.561737,35,30,0.016050,0.019955,0.017833,0.013913,1.123475,0.125000,0,0,0.979692
cmp-01005,0.150000,26719000.000000,17.100885,20,FLEXIBLE,PUBLIC,4,1,0.150000,0.697885,95,83,0.007346,0.214353,0.232628,0.017771,4.652569,0.103774,0,1,2.067072
cmp-01005,0.250000,26719000.000000,17.100885,20,FLEXIBLE,PUBLIC,4,1,0.250000,0.938931,126,106,0.007452,0.120523,0.187786,0.004071,3.755724,0.112676,0,1,2.067072
cmp-01005,0.500000,26719000.000000,17.100885,20,FLEXIBLE,PUBLIC,4,1,0.500000,1.284782,170,131,0.007558,0.037954,0.128478,0.000000,2.569565,0.095745,1,1,2.067072
cmp-01006,0.150000,4770000.000000,15.377857,27,FLEXIBLE,PUBLIC,2,2,0.150000,0.312327,15,13,0.020822,0.089207,0.077118,0.029964,2.082180,0.166667,0,1,1.315577
cmp-01006,0.250000,4770000.000000,15.377857,27,FLEXIBLE,PUBLIC,2,2,0.250000,0.384423,20,18,0.019221,0.026702,0.056952,0.030399,1.537694,0.166667,0,1,1.315577
cmp-01006,0.500000,4770000.000000,15.377857,27,FLEXIBLE,PUBLIC,2,2,0.500000,0.588889,31,26,0.018996,0.022098,0.043621,0.030453,1.177778,0.184211,0,1,1.315577
cmp-01007,0.150000,4533000.000000,15.326895,18,FLEXIBLE,PUBLIC,2,1,0.150000,0.824972,48,42,0.017187,0.308908,0.305545,0.011440,5.499816,0.142857,0,1,2.976197
cmp-01007,0.250000,4533000.000000,15.326895,18,FLEXIBLE,PUBLIC,2,1,0.250000,1.121024,66,57,0.016985,0.164473,0.249116,0.000000,4.484094,0.142857,1,1,2.976197
cmp-01007,0.500000,4533000.000000,15.326895,18,FLEXIBLE,PUBLIC,2,1,0.500000,1.662916,93,73,0.017881,0.155685,0.184768,0.000000,3.325833,0.130841,1,1,2.976197
cmp-01008,0.150000,8232000.000000,15.923540,29,FLEXIBLE,PUBLIC,0,2,0.150000,0.791885,71,60,0.011153,0.163190,0.182043,0.008443,5.279236,0.065789,0,1,2.455236
cmp-01008,0.250000,8232000.000000,15.923540,29,FLEXIBLE,PUBLIC,0,2,0.250000,0.972570,82,67,0.011861,0.062305,0.134148,0.001261,3.890282,0.098901,0,1,2.455236
cmp-01008,0.500000,8232000.000000,15.923540,29,FLEXIBLE,PUBLIC,0,2,0.500000,1.281608,112,79,0.011443,0.047875,0.088387,0.000000,2.563217,0.131783,1,1,2.455236
cmp-01009,0.150000,22699000.000000,16.937831,81,FLEXIBLE,PRIVATE_LINK,4,2,0.150000,0.373558,63,60,0.005929,0.026690,0.030746,0.009099,2.490389,0.160000,0,1,1.106591
cmp-01009,0.250000,22699000.000000,16.937831,81,FLEXIBLE,PRIVATE_LINK,4,2,0.250000,0.493105,81,74,0.006088,0.014759,0.024351,0.008344,1.972422,0.156250,0,1,1.106591
cmp-01009,0.500000,22699000.000000,16.937831,81,FLEXIBLE,PRIVATE_LINK,4,2,0.500000,0.636063,115,94,0.005531,0.005458,0.015705,0.008986,1.272127,0.135338,0,1,1.106591
cmp-01010,0.150000,3539000.000000,15.079355,24,STRICT,PUBLIC,4,1,0.150000,0.555157,26,20,0.021352,0.126366,0.154210,0.021806,3.701045,0.161290,0,0,0.998898
cmp-01010,0.250000,3539000.000000,15.079355,24,STRICT,PUBLIC,4,1,0.250000,0.834727,35,27,0.023849,0.116488,0.139121,0.009182,3.338909,0.146341,0,0,0.998898
cmp-01010,0.500000,3539000.000000,15.079355,24,STRICT,PUBLIC,4,1,0.500000,0.996779,45,35,0.022151,0.020380,0.083065,0.000268,1.993558,0.115385,0,0,0.998898
cmp-01011,0.150000,5531000.000000,15.525879,70,FLEXIBLE,PUBLIC,1,1,0.150000,0.199638,22,19,0.009074,0.010975,0.019013,0.013451,1.330923,0.153846,0,0,0.967510
cmp-01011,0.250000,5531000.000000,15.525879,70,FLEXIBLE,PUBLIC,1,1,0.250000,0.328602,33,30,0.009958,0.018423,0.018777,0.012789,1.314410,0.175000,0,0,0.967510
cmp-01011,0.500000,5531000.000000,15.525879,70,FLEXIBLE,PUBLIC,1,1,0.500000,0.643663,47,43,0.013695,0.035984,0.018390,0.010181,1.287326,0.129630,0,0,0.967510
cmp-01012,0.150000,11695000.000000,16.274672,44,FLEXIBLE,PRIVATE_LINK,3,1,0.150000,0.459316,49,46,0.009374,0.061489,0.069593,0.014457,3.062106,0.169492,0,1,1.677546
cmp-01012,0.250000,11695000.000000,16.274672,44,FLEXIBLE,PRIVATE_LINK,3,1,0.250000,0.552082,64,56,0.008626,0.021083,0.050189,0.013573,2.208328,0.146667,0,1,1.677546
cmp-01012,0.500000,11695000.000000,16.274672,44,FLEXIBLE,PRIVATE_LINK,3,1,0.500000,0.977041,100,84,0.009770,0.037883,0.044411,0.001044,1.954083,0.137931,0,1,1.677546
cmp-01013,0.150000,16222000.000000,16.601879,33,FLEXIBLE,PRIVATE_LINK,3,1,0.150000,0.455474,145,127,0.003141,0.074702,0.092015,0.019413,3.036494,0.115854,0,1,1.403144
cmp-01013,0.250000,16222000.000000,16.601879,33,FLEXIBLE,PRIVATE_LINK,3,1,0.250000,0.597990,190,164,0.003147,0.043187,0.072484,0.016243,2.391962,0.120370,0,1,1.403144
cmp-01013,0.500000,16222000.000000,16.601879,33,FLEXIBLE,PRIVATE_LINK,3,1,0.500000,0.754562,254,205,0.002971,0.015583,0.045731,0.014875,1.509123,0.121107,0,1,1.403144
cmp-01014,0.150000,5217000.000000,15.467433,40,FLEXIBLE,PRIVATE_LINK,4,3,0.150000,1.744432,52,41,0.033547,0.296257,0.290739,0.000000,11.629544,0.054545,1,1,4.427391
cmp-01014,0.250000,5217000.000000,15.467433,40,FLEXIBLE,PRIVATE_LINK,4,3,0.250000,2.326912,78,59,0.029832,0.145620,0.232691,0.000000,9.307648,0.037037,1,1,4.427391
cmp-01014,0.500000,5217000.000000,15.467433,40,FLEXIBLE,PRIVATE_LINK,4,3,0.500000,2.878838,108,72,0.026656,0.049871,0.143942,0.000000,5.757677,0.076923,1,1,4.427391
cmp-01015,0.150000,4424000.000000,15.302555,23,STRICT,PRIVATE_LINK,4,2,0.150000,0.807369,45,37,0.017942,0.151899,0.234020,0.009853,5.382459,0.062500,0,0,0.999186
cmp-01015,0.250000,4424000.000000,15.302555,23,STRICT,PRIVATE_LINK,4,2,0.250000,0.999186,55,42,0.018167,0.083399,0.173772,0.000047,3.996745,0.058824,0,0,0.999186
cmp-01015,0.500000,4424000.000000,15.302555,23,STRICT,PRIVATE_LINK,4,2,0.500000,0.999186,55,42,0.018167,0.000000,0.086886,0.000071,1.998373,0.082474,0,0,0.999186
cmp-01016,0.150000,5161000.000000,15.456641,36,STRICT,PUBLIC,4,3,0.150000,0.070451,5,5,0.014090,0.013956,0.013047,0.030377,0.469676,0.000000,0,0,0.449138
cmp-01016,0.250000,5161000.000000,15.456641,36,STRICT,PUBLIC,4,3,0.250000,0.074637,6,6,0.012439,0.001163,0.008293,0.034273,0.298547,0.000000,0,0,0.449138
cmp-01016,0.500000,5161000.000000,15.456641,36,STRICT,PUBLIC,4,3,0.500000,0.176613,12,12,0.014718,0.020399,0.009812,0.045744,0.353226,0.076923,0,0,0.449138
cmp-01017,0.150000,9136000.000000,16.027733,27,CLOSE_ON_TARGET,PUBLIC,4,1,0.150000,0.150843,11,11,0.013713,0.031280,0.037245,0.037000,1.005619,0.214286,0,0,0.677671
cmp-01017,0.250000,9136000.000000,16.027733,27,CLOSE_ON_TARGET,PUBLIC,4,1,0.250000,0.217809,17,16,0.012812,0.024802,0.032268,0.038627,0.871235,0.190476,0,0,0.677671
cmp-01017,0.500000,9136000.000000,16.027733,27,CLOSE_ON_TARGET,PUBLIC,4,1,0.500000,0.289711,25,23,0.011588,0.007362,0.021460,0.052614,0.579422,0.166667,0,0,0.677671
cmp-01018,0.150000,10275000.000000,16.145224,49,FLEXIBLE,PUBLIC,5,2,0.150000,0.631328,71,59,0.008892,0.080552,0.085895,0.008852,4.208856,0.112500,0,1,2.028263
cmp-01018,0.250000,10275000.000000,16.145224,49,FLEXIBLE,PUBLIC,5,2,0.250000,0.826550,94,76,0.008793,0.039841,0.067473,0.004720,3.306200,0.096154,0,1,2.028263
cmp-01018,0.500000,10275000.000000,16.145224,49,FLEXIBLE,PUBLIC,5,2,0.500000,1.181421,127,100,0.009303,0.027763,0.048221,0.000000,2.362842,0.099291,1,1,2.028263
cmp-01019,0.150000,9155000.000000,16.029811,55,STRICT,PUBLIC,2,1,0.150000,0.199137,19,18,0.010481,0.016263,0.024138,0.017131,1.327581,0.269231,0,0,0.999661
cmp-01019,0.250000,9155000.000000,16.029811,55,STRICT,PUBLIC,2,1,0.250000,0.267821,24,23,0.011159,0.012488,0.019478,0.017750,1.071283,0.250000,0,0,0.999661
cmp-01019,0.500000,9155000.000000,16.029811,55,STRICT,PUBLIC,2,1,0.500000,0.471371,44,39,0.010713,0.005503,0.017141,0.019223,0.942742,0.185185,0,0,0.999661
cmp-01020,0.150000,25140000.000000,17.039971,38,STRICT,PUBLIC,0,1,0.150000,0.334185,91,84,0.003672,0.050828,0.058629,0.020613,2.227897,0.141509,0,0,0.999960
cmp-01020,0.250000,25140000.000000,17.039971,38,STRICT,PUBLIC,0,1,0.250000,0.506714,125,106,0.004054,0.045403,0.053338,0.017308,2.026858,0.131944,0,0,0.999960
cmp-01020,0.500000,25140000.000000,17.039971,38,STRICT,PUBLIC,0,1,0.500000,0.758290,179,146,0.004236,0.018460,0.039910,0.012722,1.516579,0.131068,0,0,0.999960
cmp-01021,0.150000,11936000.000000,16.295070,68,CLOSE_ON_TARGET,PUBLIC,5,2,0.150000,0.443959,59,50,0.007525,0.033135,0.043525,0.009620,2.959730,0.119403,0,1,1.007381
cmp-01021,0.250000,11936000.000000,16.295070,68,CLOSE_ON_TARGET,PUBLIC,5,2,0.250000,0.519286,75,64,0.006924,0.011077,0.030546,0.009426,2.077145,0.117647,0,1,1.007381
cmp-01021,0.500000,11936000.000000,16.295070,68,CLOSE_ON_TARGET,PUBLIC,5,2,0.500000,0.713572,105,90,0.006796,0.008042,0.020987,0.008424,1.427145,0.110169,0,1,1.007381
cmp-01022,0.150000,6076000.000000,15.619857,60,FLEXIBLE,PUBLIC,6,1,0.150000,1.380135,134,103,0.010300,0.140246,0.153348,0.000000,9.200900,0.118421,1,1,5.337014
cmp-01022,0.250000,6076000.000000,15.619857,60,FLEXIBLE,PUBLIC,6,1,0.250000,2.074654,203,137,0.010220,0.115753,0.138310,0.000000,8.298618,0.117391,1,1,5.337014
cmp-01022,0.500000,6076000.000000,15.619857,60,FLEXIBLE,PUBLIC,6,1,0.500000,3.189714,290,172,0.010999,0.049303,0.106324,0.000000,6.379427,0.115854,1,1,5.337014
cmp-01023,0.150000,704000.000000,13.464534,65,STRICT,PUBLIC,5,1,0.150000,0.879687,26,20,0.033834,0.082233,0.090224,0.002178,5.864583,0.037037,0,1,1.000000
cmp-01023,0.250000,704000.000000,13.464534,65,STRICT,PUBLIC,5,1,0.250000,0.975284,28,20,0.034832,0.014707,0.060017,0.000507,3.901136,0.030303,0,1,1.000000
cmp-01023,0.500000,704000.000000,13.464534,65,STRICT,PUBLIC,5,1,0.500000,1.000000,30,21,0.033333,0.003802,0.030769,0.000000,2.000000,0.025000,1,1,1.000000
cmp-01024,0.150000,3340000.000000,15.021481,51,FLEXIBLE,PUBLIC,4,1,0.150000,0.664671,28,23,0.023738,0.081167,0.086885,0.007735,4.431138,0.176471,0,1,2.403413
cmp-01024,0.250000,3340000.000000,15.021481,51,FLEXIBLE,PUBLIC,4,1,0.250000,0.961976,40,31,0.024049,0.058295,0.075449,0.000994,3.847904,0.148936,0,1,2.403413
cmp-01024,0.500000,3340000.000000,15.021481,51,FLEXIBLE,PUBLIC,4,1,0.500000,1.373293,51,34,0.026927,0.013344,0.053855,0.000000,2.746587,0.150000,1,1,2.403413
cmp-01025,0.150000,3203000.000000,14.979598,76,STRICT,PUBLIC,7,1,0.150000,0.999625,26,20,0.038447,0.074511,0.087686,0.000006,6.664169,0.157895,0,0,0.999625
cmp-01025,0.250000,3203000.000000,14.979598,76,STRICT,PUBLIC,7,1,0.250000,0.999625,26,20,0.038447,0.000000,0.052612,0.000007,3.998501,0.180000,0,0,0.999625
cmp-01025,0.500000,3203000.000000,14.979598,76,STRICT,PUBLIC,7,1,0.500000,0.999625,26,20,0.038447,0.000000,0.026306,0.000010,1.999251,0.162162,0,0,0.999625
cmp-01026,0.150000,3471000.000000,15.059953,85,FLEXIBLE,PRIVATE_LINK,3,1,0.150000,0.655460,24,23,0.027311,0.058725,0.051409,0.004769,4.369730,0.000000,0,1,1.221492
cmp-01026,0.250000,3471000.000000,15.059953,85,FLEXIBLE,PRIVATE_LINK,3,1,0.250000,0.778421,31,30,0.025110,0.014466,0.036632,0.003476,3.113685,0.000000,0,1,1.221492
cmp-01026,0.500000,3471000.000000,15.059953,85,FLEXIBLE,PRIVATE_LINK,3,1,0.500000,0.858686,38,36,0.022597,0.008531,0.020204,0.003325,1.717373,0.025641,0,1,1.221492
cmp-01027,0.150000,3668000.000000,15.115157,41,CLOSE_ON_TARGET,PUBLIC,4,3,0.150000,0.436668,29,27,0.015058,0.058834,0.071003,0.016164,2.911123,0.194444,0,1,1.103162
cmp-01027,0.250000,3668000.000000,15.115157,41,CLOSE_ON_TARGET,PUBLIC,4,3,0.250000,0.788713,43,38,0.018342,0.085865,0.076948,0.006871,3.154853,0.173077,0,1,1.103162
cmp-01028,0.150000,2400000.000000,14.690979,41,FLEXIBLE,PUBLIC,2,2,0.150000,0.214417,5,4,0.042883,0.044715,0.034864,0.022542,1.429444,0.166667,0,0,0.793542
cmp-01028,0.250000,2400000.000000,14.690979,41,FLEXIBLE,PUBLIC,2,2,0.250000,0.361958,8,7,0.045245,0.035986,0.035313,0.020749,1.447833,0.111111,0,0,0.793542
cmp-01028,0.500000,2400000.000000,14.690979,41,FLEXIBLE,PUBLIC,2,2,0.500000,0.480583,11,8,0.043689,0.028933,0.023443,0.025337,0.961167,0.214286,0,0,0.793542
cmp-01029,0.150000,17134000.000000,16.656575,50,STRICT,PRIVATE_LINK,3,1,0.150000,0.392529,48,43,0.008178,0.053393,0.052337,0.014293,2.616863,0.058824,0,0,0.999241
cmp-01029,0.250000,17134000.000000,16.656575,50,STRICT,PRIVATE_LINK,3,1,0.250000,0.504973,65,58,0.007769,0.022489,0.040398,0.013201,2.019890,0.133333,0,0,0.999241
cmp-01029,0.500000,17134000.000000,16.656575,50,STRICT,PRIVATE_LINK,3,1,0.500000,0.711503,85,72,0.008371,0.008490,0.028460,0.011540,1.423007,0.141414,0,0,0.999241
cmp-01030,0.150000,4856000.000000,15.395726,45,CLOSE_ON_TARGET,PRIVATE_LINK,2,1,0.150000,0.274320,15,14,0.018288,0.038779,0.040640,0.018972,1.828803,0.210526,0,0,0.845428
cmp-01030,0.250000,4856000.000000,15.395726,45,CLOSE_ON_TARGET,PRIVATE_LINK,2,1,0.250000,0.362315,23,22,0.015753,0.019554,0.032206,0.018894,1.449259,0.148148,0,0,0.845428
cmp-01030,0.500000,4856000.000000,15.395726,45,CLOSE_ON_TARGET,PRIVATE_LINK,2,1,0.500000,0.523167,31,27,0.016876,0.030935,0.023252,0.021193,1.046334,0.162162,0,0,0.845428
cmp-01031,0.150000,18964000.000000,16.758053,47,FLEXIBLE,PRIVATE_LINK,1,1,0.150000,0.261506,32,30,0.008172,0.036353,0.037093,0.018485,1.743373,0.157895,0,0,0.957467
cmp-01031,0.250000,18964000.000000,16.758053,47,FLEXIBLE,PRIVATE_LINK,1,1,0.250000,0.359550,46,42,0.007816,0.020860,0.030600,0.018169,1.438199,0.132075,0,0,0.957467
cmp-01031,0.500000,18964000.000000,16.758053,47,FLEXIBLE,PRIVATE_LINK,1,1,0.500000,0.505837,66,59,0.007664,0.012384,0.021525,0.021028,1.011675,0.120000,0,0,0.957467
cmp-01032,0.150000,10858000.000000,16.200413,83,FLEXIBLE,PUBLIC,2,1,0.150000,1.274645,201,147,0.006342,0.087216,0.102381,0.000000,8.497636,0.137339,1,1,4.304476
cmp-01032,0.250000,10858000.000000,16.200413,83,FLEXIBLE,PUBLIC,2,1,0.250000,1.764063,269,182,0.006558,0.058966,0.085015,0.000000,7.056253,0.123779,1,1,4.304476
cmp-01032,0.500000,10858000.000000,16.200413,83,FLEXIBLE,PUBLIC,2,1,0.500000,2.478799,377,223,0.006575,0.030337,0.059730,0.000000,4.957598,0.121212,1,1,4.304476
cmp-01033,0.150000,2923000.000000,14.888121,83,STRICT,PUBLIC,1,2,0.150000,0.637940,6,6,0.106323,0.040584,0.051240,0.005132,4.252936,0.142857,0,0,0.994731
cmp-01033,0.250000,2923000.000000,14.888121,83,STRICT,PUBLIC,1,2,0.250000,0.773315,8,6,0.096664,0.016310,0.037268,0.003642,3.093260,0.111111,0,0,0.994731
cmp-01033,0.500000,2923000.000000,14.888121,83,STRICT,PUBLIC,1,2,0.500000,0.791584,9,7,0.087954,0.000000,0.019074,0.005022,1.583168,0.090909,0,0,0.994731
cmp-01034,0.150000,9827000.000000,16.100644,78,FLEXIBLE,PUBLIC,2,2,0.150000,0.731739,113,95,0.006476,0.052468,0.062542,0.004046,4.878261,0.073770,0,1,1.955083
cmp-01034,0.250000,9827000.000000,16.100644,78,FLEXIBLE,PUBLIC,2,2,0.250000,0.909443,146,116,0.006229,0.022783,0.046638,0.001548,3.637773,0.093168,0,1,1.955083
cmp-01034,0.500000,9827000.000000,16.100644,78,FLEXIBLE,PUBLIC,2,2,0.500000,1.192164,189,147,0.006308,0.018674,0.030568,0.000000,2.384329,0.086957,1,1,1.955083
cmp-01035,0.150000,3844000.000000,15.162024,17,FLEXIBLE,PUBLIC,3,3,0.150000,0.197216,7,6,0.028174,0.056069,0.077340,0.055556,1.314776,0.000000,0,0,0.504553
cmp-01035,0.250000,3844000.000000,15.162024,17,FLEXIBLE,PUBLIC,3,3,0.250000,0.209703,8,7,0.026213,0.007345,0.049342,0.061984,0.838814,0.111111,0,0,0.504553
cmp-01035,0.500000,3844000.000000,15.162024,17,FLEXIBLE,PUBLIC,3,3,0.500000,0.312591,10,9,0.031259,0.004866,0.036775,0.080872,0.625182,0.230769,0,0,0.504553
cmp-01036,0.150000,2139000.000000,14.575849,16,FLEXIBLE,PUBLIC,3,3,0.150000,0.467274,16,13,0.029205,0.160940,0.194698,0.039171,3.115163,0.058824,0,0,0.913838
cmp-01036,0.250000,2139000.000000,14.575849,16,FLEXIBLE,PUBLIC,3,3,0.250000,0.539084,19,16,0.028373,0.044881,0.134771,0.038410,2.156335,0.050000,0,0,0.913838
cmp-01036,0.500000,2139000.000000,14.575849,16,FLEXIBLE,PUBLIC,3,3,0.500000,0.625012,23,20,0.027174,0.017269,0.078126,0.046874,1.250023,0.080000,0,0,0.913838
cmp-01037,0.150000,4219000.000000,15.255109,50,FLEXIBLE,PUBLIC,3,3,0.150000,0.352027,21,18,0.016763,0.029031,0.046937,0.015246,2.346844,0.086957,0,1,2.104338
cmp-01037,0.250000,4219000.000000,15.255109,50,FLEXIBLE,PUBLIC,3,3,0.250000,0.555084,27,23,0.020559,0.040612,0.044407,0.011864,2.220337,0.156250,0,1,2.104338
cmp-01037,0.500000,4219000.000000,15.255109,50,FLEXIBLE,PUBLIC,3,3,0.500000,1.128182,39,30,0.028928,0.104494,0.045127,0.000000,2.256364,0.152174,1,1,2.104338
cmp-01038,0.150000,12054000.000000,16.304907,82,FLEXIBLE,PRIVATE_LINK,4,2,0.150000,0.587606,54,49,0.010882,0.036903,0.047773,0.005917,3.917372,0.114754,0,1,2.633358
cmp-01038,0.250000,12054000.000000,16.304907,82,FLEXIBLE,PRIVATE_LINK,4,2,0.250000,0.997594,87,74,0.011467,0.049999,0.048663,0.000039,3.990377,0.103093,0,1,2.633358
cmp-01038,0.500000,12054000.000000,16.304907,82,FLEXIBLE,PRIVATE_LINK,4,2,0.500000,1.405973,124,92,0.011338,0.018627,0.034292,0.000000,2.811946,0.081481,1,1,2.633358
cmp-01039,0.150000,1264000.000000,14.049792,85,CLOSE_ON_TARGET,PUBLIC,3,3,0.150000,0.283544,11,11,0.025777,0.014808,0.022239,0.009916,1.890295,0.083333,0,1,1.005142
cmp-01039,0.250000,1264000.000000,14.049792,85,CLOSE_ON_TARGET,PUBLIC,3,3,0.250000,0.469620,16,15,0.029351,0.021891,0.022100,0.008320,1.878481,0.058824,0,1,1.005142
cmp-01039,0.500000,1264000.000000,14.049792,85,CLOSE_ON_TARGET,PUBLIC,3,3,0.500000,0.590506,20,17,0.029525,0.000000,0.013894,0.009635,1.181013,0.090909,0,1,1.005142
cmp-01040,0.150000,8618000.000000,15.969364,59,FLEXIBLE,PUBLIC,3,2,0.150000,0.270736,19,16,0.014249,0.038931,0.030592,0.014542,1.804904,0.050000,0,0,0.659735
cmp-01040,0.250000,8618000.000000,15.969364,59,FLEXIBLE,PUBLIC,3,2,0.250000,0.371304,25,20,0.014852,0.017046,0.025173,0.014208,1.485217,0.038462,0,0,0.659735
cmp-01040,0.500000,8618000.000000,15.969364,59,FLEXIBLE,PUBLIC,3,2,0.500000,0.407090,28,23,0.014539,0.002846,0.013800,0.020099,0.814180,0.034483,0,0,0.659735
cmp-01041,0.150000,2053000.000000,14.534813,62,STRICT,PRIVATE_LINK,5,1,0.150000,0.509596,6,5,0.084933,0.082193,0.054795,0.009306,3.397305,0.142857,0,0,0.973843
cmp-01041,0.250000,2053000.000000,14.534813,62,STRICT,PRIVATE_LINK,5,1,0.250000,0.612177,9,8,0.068020,0.016545,0.039495,0.008340,2.448709,0.100000,0,0,0.973843
cmp-01041,0.500000,2053000.000000,14.534813,62,STRICT,PRIVATE_LINK,5,1,0.500000,0.612177,9,8,0.068020,0.000000,0.019748,0.012510,1.224355,0.100000,0,0,0.973843
cmp-01042,0.150000,2970000.000000,14.904073,39,FLEXIBLE,PUBLIC,2,2,0.150000,0.396465,7,6,0.056638,0.074186,0.067772,0.018206,2.643098,0.222222,0,1,1.009360
cmp-01042,0.250000,2970000.000000,14.904073,39,FLEXIBLE,PUBLIC,2,2,0.250000,0.498653,8,7,0.062332,0.026202,0.051144,0.017140,1.994613,0.200000,0,1,1.009360
cmp-01042,0.500000,2970000.000000,14.904073,39,FLEXIBLE,PUBLIC,2,2,0.500000,0.730101,14,11,0.052150,0.043132,0.037441,0.013841,1.460202,0.125000,0,1,1.009360
cmp-01043,0.150000,10519000.000000,16.168694,47,FLEXIBLE,PRIVATE_LINK,6,3,0.150000,0.409335,60,57,0.006822,0.050399,0.058062,0.014785,2.728903,0.032258,0,1,1.386548
cmp-01043,0.250000,10519000.000000,16.168694,47,FLEXIBLE,PRIVATE_LINK,6,3,0.250000,0.506179,76,69,0.006660,0.020605,0.043079,0.014009,2.024717,0.061728,0,1,1.386548
cmp-01043,0.500000,10519000.000000,16.168694,47,FLEXIBLE,PRIVATE_LINK,6,3,0.500000,0.720981,108,94,0.006676,0.015241,0.030680,0.011873,1.441962,0.068966,0,1,1.386548
cmp-01044,0.150000,9715000.000000,16.089182,76,STRICT,PUBLIC,2,3,0.150000,0.221019,22,21,0.010046,0.015768,0.019388,0.012059,1.473460,0.043478,0,0,0.856130
cmp-01044,0.250000,9715000.000000,16.089182,76,STRICT,PUBLIC,2,3,0.250000,0.277828,31,28,0.008962,0.007475,0.014623,0.012670,1.111312,0.060606,0,0,0.856130
cmp-01044,0.500000,9715000.000000,16.089182,76,STRICT,PUBLIC,2,3,0.500000,0.478260,53,50,0.009024,0.003107,0.012586,0.013730,0.956521,0.086207,0,0,0.856130
cmp-01045,0.150000,7001000.000000,15.761564,45,FLEXIBLE,PUBLIC,2,2,0.150000,0.485616,60,51,0.008094,0.049056,0.071943,0.013448,3.237442,0.166667,0,1,1.672590
cmp-01045,0.250000,7001000.000000,15.761564,45,FLEXIBLE,PUBLIC,2,2,0.250000,0.690673,79,65,0.008743,0.045568,0.061393,0.009165,2.762691,0.168421,0,1,1.672590
cmp-01045,0.500000,7001000.000000,15.761564,45,FLEXIBLE,PUBLIC,2,2,0.500000,0.940966,116,89,0.008112,0.010944,0.041821,0.002624,1.881931,0.140741,0,1,1.672590
cmp-01046,0.150000,2765000.000000,14.832551,57,FLEXIBLE,PRIVATE_LINK,4,2,0.150000,0.268318,2,2,0.134159,0.042156,0.031382,0.015102,1.788788,0.000000,0,0,0.792260
cmp-01046,0.250000,2765000.000000,14.832551,57,FLEXIBLE,PRIVATE_LINK,4,2,0.250000,0.310669,3,3,0.103556,0.007430,0.021801,0.016125,1.242676,0.000000,0,0,0.792260
cmp-01046,0.500000,2765000.000000,14.832551,57,FLEXIBLE,PRIVATE_LINK,4,2,0.500000,0.388318,4,4,0.097080,0.000000,0.013625,0.021463,0.776637,0.333333,0,0,0.792260
cmp-01047,0.150000,6676000.000000,15.714030,20,STRICT,PRIVATE_LINK,6,1,0.150000,0.260081,28,24,0.009289,0.084774,0.086694,0.043525,1.733873,0.222222,0,0,0.998203
cmp-01047,0.250000,6676000.000000,15.714030,20,STRICT,PRIVATE_LINK,6,1,0.250000,0.458164,42,36,0.010909,0.099041,0.091633,0.036122,1.832654,0.250000,0,0,0.998203
cmp-01047,0.500000,6676000.000000,15.714030,20,STRICT,PRIVATE_LINK,6,1,0.500000,0.818529,63,52,0.012993,0.079966,0.081853,0.018147,1.637058,0.202532,0,0,0.998203
cmp-01048,0.150000,4287000.000000,15.271098,29,FLEXIBLE,PUBLIC,5,2,0.150000,0.243597,17,17,0.014329,0.029512,0.055999,0.030686,1.623979,0.105263,0,0,0.826895
cmp-01048,0.250000,4287000.000000,15.271098,29,FLEXIBLE,PUBLIC,5,2,0.250000,0.274201,19,19,0.014432,0.010553,0.037821,0.033370,1.096804,0.208333,0,0,0.826895
cmp-01048,0.500000,4287000.000000,15.271098,29,FLEXIBLE,PUBLIC,5,2,0.500000,0.372895,26,25,0.014342,0.004440,0.025717,0.043249,0.745790,0.161290,0,0,0.826895
cmp-01049,0.150000,3112000.000000,14.950776,24,FLEXIBLE,PUBLIC,6,1,0.150000,0.239878,7,7,0.034268,0.050303,0.066633,0.037261,1.599186,0.300000,0,0,0.878824
cmp-01049,0.250000,3112000.000000,14.950776,24,FLEXIBLE,PUBLIC,6,1,0.250000,0.534287,10,10,0.053429,0.122670,0.089048,0.025873,2.137147,0.285714,0,0,0.878824
cmp-01049,0.500000,3112000.000000,14.950776,24,FLEXIBLE,PUBLIC,6,1,0.500000,0.667224,20,20,0.033361,0.016388,0.055602,0.027731,1.334447,0.166667,0,0,0.878824
cmp-01050,0.150000,7907000.000000,15.883259,61,STRICT,PUBLIC,1,3,0.150000,0.240559,26,24,0.009252,0.014453,0.026291,0.014647,1.603727,0.037037,0,0,0.922196
cmp-01050,0.250000,7907000.000000,15.883259,61,STRICT,PUBLIC,1,3,0.250000,0.386316,36,33,0.010731,0.023895,0.025332,0.013414,1.545264,0.076923,0,0,0.922196
cmp-01050,0.500000,7907000.000000,15.883259,61,STRICT,PUBLIC,1,3,0.500000,0.577539,53,47,0.010897,0.010628,0.018936,0.013851,1.155078,0.101695,0,0,0.922196
cmp-01051,0.150000,4998000.000000,15.424548,59,FLEXIBLE,PUBLIC,4,2,0.150000,0.850060,56,47,0.015180,0.082792,0.096052,0.002990,5.667067,0.138462,0,1,1.703842
cmp-01051,0.250000,4998000.000000,15.424548,59,FLEXIBLE,PUBLIC,4,2,0.250000,1.001321,70,56,0.014305,0.025637,0.067886,0.000000,4.005282,0.146341,1,1,1.703842
cmp-01051,0.500000,4998000.000000,15.424548,59,FLEXIBLE,PUBLIC,4,2,0.500000,1.165126,84,68,0.013871,0.014779,0.039496,0.000000,2.330252,0.168317,1,1,1.703842
cmp-01052,0.150000,1883000.000000,14.448377,31,STRICT,PUBLIC,1,1,0.150000,0.465003,5,5,0.093001,0.059685,0.100001,0.020304,3.100018,0.250000,0,0,0.997185
cmp-01052,0.250000,1883000.000000,14.448377,31,STRICT,PUBLIC,1,1,0.250000,0.545141,8,6,0.068143,0.025851,0.070341,0.019564,2.180563,0.181818,0,0,0.997185
cmp-01052,0.500000,1883000.000000,14.448377,31,STRICT,PUBLIC,1,1,0.500000,0.997185,15,11,0.066479,0.068268,0.064335,0.000182,1.994371,0.111111,0,0,0.997185
cmp-01053,0.150000,29686000.000000,17.206186,32,FLEXIBLE,PUBLIC,0,3,0.150000,0.370774,131,123,0.002830,0.063891,0.077245,0.023133,2.471827,0.120805,0,1,1.283821
cmp-01053,0.250000,29686000.000000,17.206186,32,FLEXIBLE,PUBLIC,0,3,0.250000,0.501523,172,157,0.002916,0.040859,0.062690,0.020770,2.006090,0.108808,0,1,1.283821
cmp-01053,0.500000,29686000.000000,17.206186,32,FLEXIBLE,PUBLIC,0,3,0.500000,0.689965,250,217,0.002760,0.030329,0.043123,0.019377,1.379930,0.110320,0,1,1.283821
cmp-01054,0.150000,9506000.000000,16.067434,75,FLEXIBLE,PUBLIC,1,1,0.150000,0.320566,44,41,0.007286,0.021267,0.028495,0.010658,2.137106,0.102041,0,1,1.317315
cmp-01054,0.250000,9506000.000000,16.067434,75,FLEXIBLE,PUBLIC,1,1,0.250000,0.395960,58,51,0.006827,0.010053,0.021118,0.010738,1.583842,0.107692,0,1,1.317315
cmp-01054,0.500000,9506000.000000,16.067434,75,FLEXIBLE,PUBLIC,1,1,0.500000,0.601652,82,71,0.007337,0.008855,0.016044,0.010623,1.203303,0.127660,0,1,1.317315
cmp-01055,0.150000,3017000.000000,14.919774,19,FLEXIBLE,PUBLIC,3,2,0.150000,0.501989,24,21,0.020916,0.146678,0.176136,0.030837,3.346592,0.076923,0,1,1.373517
cmp-01055,0.250000,3017000.000000,14.919774,19,FLEXIBLE,PUBLIC,3,2,0.250000,0.575340,31,26,0.018559,0.038606,0.121124,0.029801,2.301359,0.060606,0,1,1.373517
cmp-01055,0.500000,3017000.000000,14.919774,19,FLEXIBLE,PUBLIC,3,2,0.500000,0.752204,47,40,0.016004,0.055301,0.079179,0.026084,1.504408,0.096154,0,1,1.373517
cmp-01056,0.150000,23000000.000000,16.951005,76,FLEXIBLE,PUBLIC,4,3,0.150000,0.284600,60,58,0.004743,0.021019,0.024965,0.011074,1.897333,0.076923,0,0,0.955004
cmp-01056,0.250000,23000000.000000,16.951005,76,FLEXIBLE,PUBLIC,4,3,0.250000,0.358078,81,77,0.004421,0.009668,0.018846,0.011262,1.432313,0.089888,0,0,0.955004
cmp-01056,0.500000,23000000.000000,16.951005,76,FLEXIBLE,PUBLIC,4,3,0.500000,0.481522,120,112,0.004013,0.009417,0.012672,0.013644,0.963043,0.104478,0,0,0.955004
cmp-01057,0.150000,6889000.000000,15.745436,89,FLEXIBLE,PUBLIC,2,1,0.150000,0.617201,51,43,0.012102,0.048605,0.046232,0.005060,4.114676,0.089286,0,1,1.310901
cmp-01057,0.250000,6889000.000000,15.745436,89,FLEXIBLE,PUBLIC,2,1,0.250000,0.771389,68,56,0.011344,0.017324,0.034669,0.003425,3.085557,0.093333,0,1,1.310901
cmp-01057,0.500000,6889000.000000,15.745436,89,FLEXIBLE,PUBLIC,2,1,0.500000,0.938685,83,67,0.011309,0.007044,0.021094,0.001378,1.877370,0.087912,0,1,1.310901
cmp-01058,0.150000,42673000.000000,17.569077,32,CLOSE_ON_TARGET,PRIVATE_LINK,2,3,0.150000,0.549804,254,227,0.002165,0.095021,0.114543,0.016551,3.665362,0.092857,0,1,1.003128
cmp-01058,0.250000,42673000.000000,17.569077,32,CLOSE_ON_TARGET,PRIVATE_LINK,2,3,0.250000,0.676425,326,284,0.002075,0.039569,0.084553,0.013482,2.705701,0.096953,0,1,1.003128
cmp-01058,0.500000,42673000.000000,17.569077,32,CLOSE_ON_TARGET,PRIVATE_LINK,2,3,0.500000,0.883259,437,366,0.002021,0.021378,0.055204,0.007296,1.766517,0.109980,0,1,1.003128
cmp-01059,0.150000,2190000.000000,14.599412,88,FLEXIBLE,PUBLIC,3,2,0.150000,1.254566,28,20,0.044806,0.074139,0.095043,0.000000,8.363775,0.066667,1,1,4.861233
cmp-01059,0.250000,2190000.000000,14.599412,88,FLEXIBLE,PUBLIC,3,2,0.250000,1.549726,34,21,0.045580,0.033541,0.070442,0.000000,6.198904,0.081081,1,1,4.861233
cmp-01059,0.500000,2190000.000000,14.599412,88,FLEXIBLE,PUBLIC,3,2,0.500000,2.475068,47,27,0.052661,0.028279,0.056252,0.000000,4.950137,0.096154,1,1,4.861233
cmp-01060,0.150000,34021000.000000,17.342489,86,FLEXIBLE,PUBLIC,5,1,0.150000,0.076723,41,39,0.001871,0.003861,0.005948,0.012630,0.511488,0.180000,0,0,0.393163
cmp-01060,0.250000,34021000.000000,17.342489,86,FLEXIBLE,PUBLIC,5,1,0.250000,0.125137,60,57,0.002086,0.005630,0.005820,0.013564,0.500550,0.130435,0,0,0.393163
cmp-01060,0.500000,34021000.000000,17.342489,86,FLEXIBLE,PUBLIC,5,1,0.500000,0.221878,91,86,0.002438,0.004784,0.005160,0.018096,0.443755,0.133333,0,0,0.393163
cmp-01061,0.150000,7088000.000000,15.773914,55,FLEXIBLE,PUBLIC,2,3,0.150000,0.518919,41,33,0.012657,0.047820,0.062899,0.010290,3.459462,0.023810,0,1,1.662246
cmp-01061,0.250000,7088000.000000,15.773914,55,FLEXIBLE,PUBLIC,2,3,0.250000,0.594145,45,36,0.013203,0.013677,0.043211,0.009839,2.376580,0.042553,0,1,1.662246
cmp-01061,0.500000,7088000.000000,15.773914,55,FLEXIBLE,PUBLIC,2,3,0.500000,0.980869,58,45,0.016912,0.013087,0.035668,0.000696,1.961738,0.064516,0,1,1.662246
cmp-01062,0.150000,5498000.000000,15.519895,27,FLEXIBLE,PUBLIC,3,2,0.150000,0.510531,27,24,0.018909,0.116669,0.126057,0.021328,3.403541,0.000000,0,1,1.512023
cmp-01062,0.250000,5498000.000000,15.519895,27,FLEXIBLE,PUBLIC,3,2,0.250000,0.684740,33,30,0.020750,0.064522,0.101443,0.015568,2.738960,0.057143,0,1,1.512023
cmp-01062,0.500000,5498000.000000,15.519895,27,FLEXIBLE,PUBLIC,3,2,0.500000,0.838559,41,38,0.020453,0.027256,0.062116,0.011959,1.677119,0.068182,0,1,1.512023
cmp-01063,0.150000,2745000.000000,14.825292,63,FLEXIBLE,PUBLIC,3,3,0.150000,0.422914,12,11,0.035243,0.036071,0.044753,0.010777,2.819429,0.000000,0,1,1.566740
cmp-01063,0.250000,2745000.000000,14.825292,63,FLEXIBLE,PUBLIC,3,3,0.250000,0.723862,15,13,0.048257,0.047769,0.045959,0.005844,2.895446,0.000000,0,1,1.566740
cmp-01063,0.500000,2745000.000000,14.825292,63,FLEXIBLE,PUBLIC,3,3,0.500000,0.931840,19,17,0.049044,0.020389,0.029582,0.002164,1.863679,0.000000,0,1,1.566740
cmp-01064,0.150000,27943000.000000,17.145677,29,CLOSE_ON_TARGET,PUBLIC,0,1,0.150000,0.074605,22,20,0.003391,0.008125,0.017151,0.037541,0.497370,0.083333,0,0,0.282067
cmp-01064,0.250000,27943000.000000,17.145677,29,CLOSE_ON_TARGET,PUBLIC,0,1,0.250000,0.087950,25,23,0.003518,0.004602,0.012131,0.041933,0.351802,0.074074,0,0,0.282067
cmp-01064,0.500000,27943000.000000,17.145677,29,CLOSE_ON_TARGET,PUBLIC,0,1,0.500000,0.131908,34,31,0.003880,0.004939,0.009097,0.059868,0.263816,0.105263,0,0,0.282067
cmp-01065,0.150000,4758000.000000,15.375338,53,FLEXIBLE,PUBLIC,3,3,0.150000,0.357020,20,20,0.017851,0.043930,0.044908,0.014273,2.380132,0.047619,0,1,1.382177
cmp-01065,0.250000,4758000.000000,15.375338,53,FLEXIBLE,PUBLIC,3,3,0.250000,0.505359,27,24,0.018717,0.027989,0.038140,0.012444,2.021438,0.035714,0,1,1.382177
cmp-01065,0.500000,4758000.000000,15.375338,53,FLEXIBLE,PUBLIC,3,3,0.500000,0.709437,35,29,0.020270,0.003220,0.026771,0.010965,1.418873,0.027778,0,1,1.382177
cmp-01066,0.150000,11373000.000000,16.246753,50,STRICT,PUBLIC,4,1,0.150000,0.522782,68,62,0.007688,0.051865,0.069704,0.011229,3.485214,0.139241,0,0,0.999824
cmp-01066,0.250000,11373000.000000,16.246753,50,STRICT,PUBLIC,4,1,0.250000,0.718368,94,85,0.007642,0.039117,0.057469,0.007510,2.873472,0.129630,0,0,0.999824
cmp-01066,0.500000,11373000.000000,16.246753,50,STRICT,PUBLIC,4,1,0.500000,0.956907,127,105,0.007535,0.014193,0.038276,0.001724,1.913813,0.141892,0,0,0.999824
cmp-01067,0.150000,73961000.000000,18.119048,46,FLEXIBLE,PUBLIC,4,1,0.150000,0.615231,1091,966,0.000564,0.070808,0.089164,0.009841,4.101540,0.120870,0,1,2.023253
cmp-01067,0.250000,73961000.000000,18.119048,46,FLEXIBLE,PUBLIC,4,1,0.250000,0.833941,1451,1210,0.000575,0.047546,0.072517,0.004813,3.335763,0.133731,0,1,2.023253
cmp-01067,0.500000,73961000.000000,18.119048,46,FLEXIBLE,PUBLIC,4,1,0.500000,1.165310,2083,1616,0.000559,0.025409,0.050666,0.000000,2.330620,0.128452,1,1,2.023253
cmp-01068,0.150000,19167000.000000,16.768701,82,CLOSE_ON_TARGET,PUBLIC,3,1,0.150000,0.188360,27,26,0.006976,0.015383,0.015314,0.011645,1.255735,0.156250,0,0,0.527897
cmp-01068,0.250000,19167000.000000,16.768701,82,CLOSE_ON_TARGET,PUBLIC,3,1,0.250000,0.265002,44,42,0.006023,0.009347,0.012927,0.011951,1.060009,0.120000,0,0,0.527897
cmp-01068,0.500000,19167000.000000,16.768701,82,CLOSE_ON_TARGET,PUBLIC,3,1,0.500000,0.315172,61,57,0.005167,0.003466,0.007687,0.016703,0.630344,0.140845,0,0,0.527897
cmp-01070,0.150000,69349000.000000,18.054662,28,FLEXIBLE,PRIVATE_LINK,1,1,0.150000,0.111285,131,129,0.000850,0.017675,0.026496,0.037341,0.741900,0.154839,0,0,0.455487
cmp-01070,0.250000,69349000.000000,18.054662,28,FLEXIBLE,PRIVATE_LINK,1,1,0.250000,0.166555,185,179,0.000900,0.019739,0.023794,0.039688,0.666219,0.139535,0,0,0.455487
cmp-01070,0.500000,69349000.000000,18.054662,28,FLEXIBLE,PRIVATE_LINK,1,1,0.500000,0.254268,280,267,0.000908,0.008130,0.018162,0.053267,0.508535,0.135802,0,0,0.455487
cmp-01071,0.150000,10196000.000000,16.137506,57,CLOSE_ON_TARGET,PUBLIC,7,3,0.150000,0.423264,55,47,0.007696,0.033183,0.049505,0.011904,2.821760,0.112903,0,1,1.008680
cmp-01071,0.250000,10196000.000000,16.137506,57,CLOSE_ON_TARGET,PUBLIC,7,3,0.250000,0.544782,72,59,0.007566,0.021319,0.038230,0.010648,2.179129,0.100000,0,1,1.008680
cmp-01071,0.500000,10196000.000000,16.137506,57,CLOSE_ON_TARGET,PUBLIC,7,3,0.500000,0.741536,89,71,0.008332,0.010014,0.026019,0.009069,1.483072,0.101010,0,1,1.008680
cmp-01072,0.150000,3788000.000000,15.147349,26,FLEXIBLE,PUBLIC,6,1,0.150000,0.126003,14,13,0.009000,0.023008,0.032309,0.039547,0.840021,0.176471,0,0,0.671990
cmp-01072,0.250000,3788000.000000,15.147349,26,FLEXIBLE,PUBLIC,6,1,0.250000,0.162223,20,19,0.008111,0.013931,0.024957,0.042963,0.648891,0.166667,0,0,0.671990
cmp-01072,0.500000,3788000.000000,15.147349,26,FLEXIBLE,PUBLIC,6,1,0.500000,0.287540,30,27,0.009585,0.015576,0.022118,0.054805,0.575079,0.142857,0,0,0.671990
cmp-01073,0.150000,2507000.000000,14.734597,55,STRICT,PUBLIC,3,3,0.150000,0.995533,26,21,0.038290,0.056779,0.120671,0.000096,6.636883,0.088235,0,0,0.995533
cmp-01073,0.250000,2507000.000000,14.734597,55,STRICT,PUBLIC,3,3,0.250000,0.995533,26,21,0.038290,0.000000,0.072402,0.000108,3.982130,0.090909,0,0,0.995533
cmp-01073,0.500000,2507000.000000,14.734597,55,STRICT,PUBLIC,3,3,0.500000,0.995533,26,21,0.038290,0.000000,0.036201,0.000162,1.991065,0.098039,0,0,0.995533
cmp-01074,0.150000,3596000.000000,15.095333,66,STRICT,PUBLIC,5,2,0.150000,0.882397,49,40,0.018008,0.057433,0.089131,0.002096,5.882647,0.109091,0,0,0.999055
cmp-01074,0.250000,3596000.000000,15.095333,66,STRICT,PUBLIC,5,2,0.250000,0.996746,56,47,0.017799,0.017326,0.060409,0.000066,3.986986,0.104478,0,0,0.999055
cmp-01074,0.500000,3596000.000000,15.095333,66,STRICT,PUBLIC,5,2,0.500000,0.999055,57,48,0.017527,0.000000,0.030274,0.000029,1.998109,0.099010,0,0,0.999055
cmp-01075,0.150000,17386000.000000,16.671176,32,CLOSE_ON_TARGET,PUBLIC,1,2,0.150000,1.002117,132,111,0.007592,0.167852,0.208774,0.000000,6.680778,0.125828,1,1,1.002117
cmp-01076,0.150000,9995000.000000,16.117596,45,STRICT,PRIVATE_LINK,1,2,0.150000,0.789735,96,82,0.008226,0.110429,0.116998,0.005497,5.264899,0.102804,0,0,0.999890
cmp-01076,0.250000,9995000.000000,16.117596,45,STRICT,PRIVATE_LINK,1,2,0.250000,0.999290,123,97,0.008124,0.046568,0.088826,0.000021,3.997159,0.106383,0,0,0.999890
cmp-01076,0.500000,9995000.000000,16.117596,45,STRICT,PRIVATE_LINK,1,2,0.500000,0.999890,124,98,0.008064,0.000000,0.044440,0.000005,1.999780,0.114583,0,0,0.999890
cmp-01077,0.150000,4982000.000000,15.421342,28,FLEXIBLE,PUBLIC,5,3,0.150000,0.155500,7,7,0.022214,0.036618,0.037024,0.035483,1.036665,0.000000,0,0,0.663127
cmp-01077,0.250000,4982000.000000,15.421342,28,FLEXIBLE,PUBLIC,5,3,0.250000,0.484203,12,12,0.040350,0.117394,0.069172,0.024562,1.936813,0.000000,0,0,0.663127
cmp-01077,0.500000,4982000.000000,15.421342,28,FLEXIBLE,PUBLIC,5,3,0.500000,0.538017,16,15,0.033626,0.015907,0.038430,0.032999,1.076034,0.111111,0,0,0.663127
cmp-01078,0.150000,28346000.000000,17.159996,66,CLOSE_ON_TARGET,PUBLIC,0,1,0.150000,0.323527,144,136,0.002247,0.026308,0.032680,0.012058,2.156848,0.137725,0,0,0.988513
cmp-01078,0.250000,28346000.000000,17.159996,66,CLOSE_ON_TARGET,PUBLIC,0,1,0.250000,0.452395,195,180,0.002320,0.019525,0.027418,0.011063,1.809582,0.125561,0,0,0.988513
cmp-01078,0.500000,28346000.000000,17.159996,66,CLOSE_ON_TARGET,PUBLIC,0,1,0.500000,0.615293,278,249,0.002213,0.009243,0.018645,0.011658,1.230586,0.125786,0,0,0.988513
cmp-01079,0.150000,1899000.000000,14.456838,63,FLEXIBLE,PUBLIC,4,3,0.150000,0.317957,12,9,0.026496,0.029832,0.033646,0.012737,2.119712,0.076923,0,1,1.509689
cmp-01079,0.250000,1899000.000000,14.456838,63,FLEXIBLE,PUBLIC,4,3,0.250000,0.480042,18,14,0.026669,0.025728,0.030479,0.011004,1.920169,0.100000,0,1,1.509689
cmp-01079,0.500000,1899000.000000,14.456838,63,FLEXIBLE,PUBLIC,4,3,0.500000,0.760611,23,17,0.033070,0.022543,0.024146,0.007600,1.521222,0.115385,0,1,1.509689
cmp-01080,0.150000,1511000.000000,14.228282,47,FLEXIBLE,PUBLIC,4,3,0.150000,0.356254,10,10,0.035625,0.018137,0.050533,0.016114,2.375028,0.166667,0,1,2.275116
cmp-01080,0.250000,1511000.000000,14.228282,47,FLEXIBLE,PUBLIC,4,3,0.250000,0.614494,15,15,0.040966,0.054945,0.052297,0.010936,2.457975,0.250000,0,1,2.275116
cmp-01080,0.500000,1511000.000000,14.228282,47,FLEXIBLE,PUBLIC,4,3,0.500000,0.962277,20,17,0.048114,0.016236,0.040948,0.001605,1.924553,0.200000,0,1,2.275116
cmp-01081,0.150000,2978000.000000,14.906762,55,FLEXIBLE,PUBLIC,2,2,0.150000,3.224278,54,30,0.059709,0.329330,0.390822,0.000000,21.495187,0.156250,1,1,10.027065
cmp-01081,0.250000,2978000.000000,14.906762,55,FLEXIBLE,PUBLIC,2,2,0.250000,4.045903,71,33,0.056985,0.149386,0.294248,0.000000,16.183613,0.134146,1,1,10.027065
cmp-01081,0.500000,2978000.000000,14.906762,55,FLEXIBLE,PUBLIC,2,2,0.500000,5.407320,101,39,0.053538,0.093022,0.196630,0.000000,10.814641,0.129310,1,1,10.027065
cmp-01082,0.150000,6286000.000000,15.653835,89,FLEXIBLE,PUBLIC,3,1,0.150000,0.959879,27,23,0.035551,0.042656,0.071901,0.000530,6.399194,0.100000,0,1,2.842380
cmp-01082,0.250000,6286000.000000,15.653835,89,FLEXIBLE,PUBLIC,3,1,0.250000,1.189453,43,33,0.027662,0.025795,0.053459,0.000000,4.757811,0.085106,1,1,2.842380
cmp-01082,0.500000,6286000.000000,15.653835,89,FLEXIBLE,PUBLIC,3,1,0.500000,1.800970,68,48,0.026485,0.026243,0.040471,0.000000,3.601941,0.055556,1,1,2.842380
cmp-01083,0.150000,6406000.000000,15.672746,15,FLEXIBLE,PUBLIC,4,3,0.150000,0.580253,31,28,0.018718,0.209741,0.257890,0.032921,3.868353,0.060606,0,1,1.663628
cmp-01083,0.250000,6406000.000000,15.672746,15,FLEXIBLE,PUBLIC,4,3,0.250000,0.683125,37,32,0.018463,0.068582,0.182167,0.028167,2.732501,0.051282,0,1,1.663628
cmp-01083,0.500000,6406000.000000,15.672746,15,FLEXIBLE,PUBLIC,4,3,0.500000,0.787340,49,41,0.016068,0.011125,0.104979,0.028355,1.574680,0.092593,0,1,1.663628
cmp-01084,0.150000,12610000.000000,16.350001,46,FLEXIBLE,PUBLIC,5,3,0.150000,0.339770,57,48,0.005961,0.034453,0.049242,0.016886,2.265133,0.080645,0,1,1.146408
cmp-01084,0.250000,12610000.000000,16.350001,46,FLEXIBLE,PUBLIC,5,3,0.250000,0.477304,74,62,0.006450,0.029899,0.041505,0.015151,1.909215,0.108434,0,1,1.146408
cmp-01084,0.500000,12610000.000000,16.350001,46,FLEXIBLE,PUBLIC,5,3,0.500000,0.649469,104,89,0.006245,0.016329,0.028238,0.015240,1.298937,0.103448,0,1,1.146408
cmp-01085,0.150000,762000.000000,13.543702,47,STRICT,PUBLIC,3,2,0.150000,0.279134,4,4,0.069783,0.012705,0.039593,0.018044,1.860892,0.000000,0,0,0.947638
cmp-01085,0.250000,762000.000000,13.543702,47,STRICT,PUBLIC,3,2,0.250000,0.307218,5,5,0.061444,0.005975,0.026146,0.019653,1.228871,0.000000,0,0,0.947638
cmp-01085,0.500000,762000.000000,13.543702,47,STRICT,PUBLIC,3,2,0.500000,0.758399,10,8,0.075840,0.040403,0.032272,0.010281,1.516798,0.000000,0,0,0.947638
cmp-01086,0.150000,4111000.000000,15.229177,61,STRICT,PRIVATE_LINK,2,2,0.150000,0.340428,18,17,0.018913,0.037293,0.037205,0.012721,2.269521,0.142857,0,0,0.999124
cmp-01086,0.250000,4111000.000000,15.229177,61,STRICT,PRIVATE_LINK,2,2,0.250000,0.572853,23,21,0.024907,0.038102,0.037564,0.009337,2.291413,0.148148,0,0,0.999124
cmp-01086,0.500000,4111000.000000,15.229177,61,STRICT,PRIVATE_LINK,2,2,0.500000,0.633179,26,24,0.024353,0.000000,0.020760,0.012027,1.266359,0.212121,0,0,0.999124
cmp-01087,0.150000,26695000.000000,17.099987,49,FLEXIBLE,PUBLIC,5,2,0.150000,0.462248,311,281,0.001486,0.046526,0.062891,0.012911,3.081651,0.154891,0,1,1.505623
cmp-01087,0.250000,26695000.000000,17.099987,49,FLEXIBLE,PUBLIC,5,2,0.250000,0.621798,420,360,0.001480,0.032561,0.050759,0.010291,2.487192,0.142857,0,1,1.505623
cmp-01087,0.500000,26695000.000000,17.099987,49,FLEXIBLE,PUBLIC,5,2,0.500000,0.829994,571,461,0.001454,0.012191,0.033877,0.006939,1.659989,0.147761,0,1,1.505623
cmp-01088,0.150000,6775000.000000,15.728750,44,FLEXIBLE,PRIVATE_LINK,3,1,0.150000,0.179055,24,24,0.007461,0.034572,0.027130,0.021950,1.193702,0.200000,0,0,0.675424
cmp-01088,0.250000,6775000.000000,15.728750,44,FLEXIBLE,PRIVATE_LINK,3,1,0.250000,0.276694,32,31,0.008647,0.022191,0.025154,0.021918,1.106775,0.179487,0,0,0.675424
cmp-01088,0.500000,6775000.000000,15.728750,44,FLEXIBLE,PRIVATE_LINK,3,1,0.500000,0.405963,46,42,0.008825,0.017437,0.018453,0.027002,0.811926,0.163636,0,0,0.675424
cmp-01089,0.150000,13834000.000000,16.442640,76,FLEXIBLE,PUBLIC,6,2,0.150000,1.006968,146,124,0.006897,0.074577,0.088331,0.000000,6.713122,0.120482,1,1,3.483743
cmp-01089,0.250000,13834000.000000,16.442640,76,FLEXIBLE,PUBLIC,6,2,0.250000,1.345511,195,156,0.006900,0.044545,0.070816,0.000000,5.382044,0.137168,1,1,3.483743
cmp-01089,0.500000,13834000.000000,16.442640,76,FLEXIBLE,PUBLIC,6,2,0.500000,1.978061,268,188,0.007381,0.027593,0.052054,0.000000,3.956123,0.151899,1,1,3.483743
cmp-01090,0.150000,4998000.000000,15.424548,50,STRICT,PUBLIC,2,3,0.150000,0.594478,48,43,0.012385,0.073261,0.079264,0.009542,3.963185,0.094340,0,0,0.999840
cmp-01090,0.250000,4998000.000000,15.424548,50,STRICT,PUBLIC,2,3,0.250000,0.998719,63,50,0.015853,0.080848,0.079898,0.000034,3.994878,0.097222,0,0,0.999840
cmp-01090,0.500000,4998000.000000,15.424548,50,STRICT,PUBLIC,2,3,0.500000,0.999840,64,51,0.015622,0.000000,0.039994,0.000006,1.999680,0.096154,0,0,0.999840
cmp-01091,0.150000,10837000.000000,16.198477,53,FLEXIBLE,PUBLIC,5,2,0.150000,0.240103,36,35,0.006670,0.028310,0.030202,0.016868,1.600689,0.076923,0,0,0.797056
cmp-01091,0.250000,10837000.000000,16.198477,53,FLEXIBLE,PUBLIC,5,2,0.250000,0.258540,45,44,0.005745,0.003479,0.019512,0.018653,1.034161,0.150943,0,0,0.797056
cmp-01091,0.500000,10837000.000000,16.198477,53,FLEXIBLE,PUBLIC,5,2,0.500000,0.413223,69,67,0.005989,0.008848,0.015593,0.022143,0.826446,0.126582,0,0,0.797056
cmp-01092,0.150000,5873000.000000,15.585876,60,FLEXIBLE,PUBLIC,5,3,0.150000,0.617163,54,48,0.011429,0.075240,0.068574,0.007507,4.114422,0.129032,0,1,1.994705
cmp-01092,0.250000,5873000.000000,15.585876,60,FLEXIBLE,PUBLIC,5,3,0.250000,1.008275,70,60,0.014404,0.065185,0.067218,0.000000,4.033101,0.166667,1,1,1.994705
cmp-01092,0.500000,5873000.000000,15.585876,60,FLEXIBLE,PUBLIC,5,3,0.500000,1.342074,92,71,0.014588,0.025118,0.044736,0.000000,2.684148,0.155963,1,1,1.994705
cmp-01093,0.150000,5493000.000000,15.518985,54,CLOSE_ON_TARGET,PRIVATE_LINK,4,2,0.150000,0.478118,33,29,0.014488,0.045984,0.059027,0.011370,3.187451,0.108108,0,1,1.003987
cmp-01093,0.250000,5493000.000000,15.518985,54,CLOSE_ON_TARGET,PRIVATE_LINK,4,2,0.250000,0.640288,47,38,0.013623,0.030031,0.047429,0.008882,2.561151,0.096154,0,1,1.003987
cmp-01094,0.150000,3807000.000000,15.152352,54,FLEXIBLE,PUBLIC,4,1,0.150000,0.566089,35,28,0.016174,0.068003,0.069888,0.009453,3.773925,0.102564,0,1,1.879459
cmp-01094,0.250000,3807000.000000,15.152352,54,FLEXIBLE,PUBLIC,4,1,0.250000,0.982637,46,36,0.021362,0.077139,0.072788,0.000429,3.930549,0.098039,0,1,1.879459
cmp-01094,0.500000,3807000.000000,15.152352,54,FLEXIBLE,PUBLIC,4,1,0.500000,1.231258,64,45,0.019238,0.015867,0.045602,0.000000,2.462516,0.123288,1,1,1.879459
cmp-01095,0.150000,17464000.000000,16.675652,84,FLEXIBLE,PUBLIC,4,1,0.150000,0.398609,75,69,0.005315,0.030078,0.031636,0.008423,2.657390,0.074074,0,1,1.126220
cmp-01095,0.250000,17464000.000000,16.675652,84,FLEXIBLE,PUBLIC,4,1,0.250000,0.480772,101,89,0.004760,0.009781,0.022894,0.008242,1.923087,0.081818,0,1,1.126220
cmp-01095,0.500000,17464000.000000,16.675652,84,FLEXIBLE,PUBLIC,4,1,0.500000,0.711235,147,124,0.004838,0.003637,0.016934,0.006875,1.422469,0.086957,0,1,1.126220
cmp-01096,0.150000,7299000.000000,15.803248,56,FLEXIBLE,PUBLIC,3,2,0.150000,0.316797,24,23,0.013200,0.036248,0.037714,0.014353,2.111979,0.172414,0,0,0.873010
cmp-01096,0.250000,7299000.000000,15.803248,56,FLEXIBLE,PUBLIC,3,2,0.250000,0.402617,34,29,0.011842,0.015325,0.028758,0.014223,1.610467,0.150000,0,0,0.873010
cmp-01096,0.500000,7299000.000000,15.803248,56,FLEXIBLE,PUBLIC,3,2,0.500000,0.545171,49,42,0.011126,0.013392,0.019470,0.016244,1.090341,0.109091,0,0,0.873010
cmp-01097,0.150000,6781000.000000,15.729635,38,STRICT,PRIVATE_LINK,5,3,0.150000,0.431809,28,26,0.015422,0.086096,0.075756,0.017591,2.878730,0.151515,0,0,0.995015
cmp-01097,0.250000,6781000.000000,15.729635,38,STRICT,PRIVATE_LINK,5,3,0.250000,0.660124,34,28,0.019415,0.060083,0.069487,0.011925,2.640496,0.128205,0,0,0.995015
cmp-01097,0.500000,6781000.000000,15.729635,38,STRICT,PRIVATE_LINK,5,3,0.500000,0.748960,41,34,0.018267,0.006139,0.039419,0.013213,1.497921,0.127660,0,0,0.995015
cmp-01098,0.150000,5936000.000000,15.596546,45,FLEXIBLE,PUBLIC,4,1,0.150000,0.382244,30,29,0.012741,0.055350,0.056629,0.016150,2.548293,0.117647,0,1,1.309720
cmp-01098,0.250000,5936000.000000,15.596546,45,FLEXIBLE,PUBLIC,4,1,0.250000,0.590162,44,40,0.013413,0.046204,0.052459,0.012143,2.360647,0.120000,0,1,1.309720
cmp-01098,0.500000,5936000.000000,15.596546,45,FLEXIBLE,PUBLIC,4,1,0.500000,0.801112,59,50,0.013578,0.031536,0.035605,0.008839,1.602224,0.144928,0,1,1.309720
cmp-01099,0.150000,3500000.000000,15.068274,74,FLEXIBLE,PUBLIC,3,1,0.150000,0.173600,11,11,0.015782,0.013517,0.015640,0.013138,1.157333,0.083333,0,0,0.891514
cmp-01099,0.250000,3500000.000000,15.068274,74,FLEXIBLE,PUBLIC,3,1,0.250000,0.226257,14,14,0.016161,0.007116,0.012230,0.013941,0.905029,0.125000,0,0,0.891514
cmp-01099,0.500000,3500000.000000,15.068274,74,FLEXIBLE,PUBLIC,3,1,0.500000,0.352514,20,18,0.017626,0.004216,0.009527,0.017500,0.705029,0.200000,0,0,0.891514
cmp-01100,0.150000,4457000.000000,15.309986,77,CLOSE_ON_TARGET,PUBLIC,3,1,0.150000,0.400920,24,23,0.016705,0.035840,0.034712,0.009153,2.672799,0.172414,0,1,1.004241
cmp-01100,0.250000,4457000.000000,15.309986,77,CLOSE_ON_TARGET,PUBLIC,3,1,0.250000,0.509468,29,26,0.017568,0.014097,0.026466,0.008494,2.037873,0.194444,0,1,1.004241
cmp-01100,0.500000,4457000.000000,15.309986,77,CLOSE_ON_TARGET,PUBLIC,3,1,0.500000,0.835427,45,41,0.018565,0.006795,0.021699,0.004275,1.670855,0.166667,0,1,1.004241
cmp-01101,0.150000,4619000.000000,15.345689,63,FLEXIBLE,PUBLIC,2,2,0.150000,0.413250,16,15,0.025828,0.040375,0.043730,0.010957,2.754997,0.157895,0,1,1.323663
cmp-01101,0.250000,4619000.000000,15.345689,63,FLEXIBLE,PUBLIC,2,2,0.250000,0.626196,23,21,0.027226,0.033801,0.039758,0.007911,2.504785,0.148148,0,1,1.323663
cmp-01101,0.500000,4619000.000000,15.345689,63,FLEXIBLE,PUBLIC,2,2,0.500000,0.820524,33,28,0.024864,0.004124,0.026048,0.005698,1.641048,0.131579,0,1,1.323663
cmp-01102,0.150000,9591000.000000,16.076336,78,FLEXIBLE,PRIVATE_LINK,7,1,0.150000,0.042759,5,4,0.008552,0.005482,0.003655,0.014438,0.285059,0.285714,0,0,0.187947
cmp-01102,0.250000,9591000.000000,16.076336,78,FLEXIBLE,PRIVATE_LINK,7,1,0.250000,0.061297,7,6,0.008757,0.002377,0.003143,0.016046,0.245188,0.222222,0,0,0.187947
cmp-01102,0.500000,9591000.000000,16.076336,78,FLEXIBLE,PRIVATE_LINK,7,1,0.500000,0.075321,9,8,0.008369,0.000000,0.001931,0.023710,0.150641,0.181818,0,0,0.187947
cmp-01103,0.150000,22752000.000000,16.940164,29,STRICT,PUBLIC,4,2,0.150000,0.342453,173,153,0.001979,0.062470,0.078725,0.026675,2.283023,0.089474,0,0,0.999763
cmp-01103,0.250000,22752000.000000,16.940164,29,STRICT,PUBLIC,4,2,0.250000,0.435254,227,193,0.001917,0.032000,0.060035,0.025965,1.741016,0.099206,0,0,0.999763
cmp-01103,0.500000,22752000.000000,16.940164,29,STRICT,PUBLIC,4,2,0.500000,0.641530,316,267,0.002030,0.024407,0.044243,0.024722,1.283061,0.112360,0,0,0.999763
cmp-01104,0.150000,14293000.000000,16.475280,70,FLEXIBLE,PRIVATE_LINK,3,1,0.150000,0.529392,70,63,0.007563,0.048644,0.050418,0.007909,3.529280,0.125000,0,1,1.700602
cmp-01104,0.250000,14293000.000000,16.475280,70,FLEXIBLE,PRIVATE_LINK,3,1,0.250000,0.763486,91,83,0.008390,0.033442,0.043628,0.004505,3.053942,0.133333,0,1,1.700602
cmp-01104,0.500000,14293000.000000,16.475280,70,FLEXIBLE,PRIVATE_LINK,3,1,0.500000,1.016330,130,110,0.007818,0.009050,0.029038,0.000000,2.032659,0.139073,1,1,1.700602
cmp-01105,0.150000,5953000.000000,15.599406,16,STRICT,PRIVATE_LINK,5,2,0.150000,0.452192,31,27,0.014587,0.170849,0.188413,0.040280,3.014614,0.184211,0,0,0.998253
cmp-01105,0.250000,5953000.000000,15.599406,16,STRICT,PRIVATE_LINK,5,2,0.250000,0.523350,40,36,0.013084,0.044473,0.130837,0.039721,2.093398,0.166667,0,0,0.998253
cmp-01105,0.500000,5953000.000000,15.599406,16,STRICT,PRIVATE_LINK,5,2,0.500000,0.742567,66,52,0.011251,0.050720,0.092821,0.032179,1.485134,0.131579,0,0,0.998253
cmp-01106,0.150000,2014000.000000,14.515633,87,FLEXIBLE,PRIVATE_LINK,6,3,0.150000,0.746326,8,8,0.093291,0.031207,0.057190,0.003430,4.975505,0.000000,0,1,2.070953
cmp-01106,0.250000,2014000.000000,14.515633,87,FLEXIBLE,PRIVATE_LINK,6,3,0.250000,0.891609,11,10,0.081055,0.016699,0.040994,0.001661,3.566435,0.083333,0,1,2.070953
cmp-01106,0.500000,2014000.000000,14.515633,87,FLEXIBLE,PRIVATE_LINK,6,3,0.500000,1.147766,16,13,0.071735,0.023593,0.026385,0.000000,2.295531,0.058824,1,1,2.070953
cmp-01107,0.150000,2509000.000000,14.735395,38,FLEXIBLE,PRIVATE_LINK,1,1,0.150000,0.330371,8,8,0.041296,0.021722,0.057960,0.020732,2.202471,0.000000,0,1,1.101395
cmp-01107,0.250000,2509000.000000,14.735395,38,FLEXIBLE,PRIVATE_LINK,1,1,0.250000,0.540016,11,10,0.049092,0.055170,0.056844,0.016140,2.160064,0.000000,0,1,1.101395
cmp-01107,0.500000,2509000.000000,14.735395,38,FLEXIBLE,PRIVATE_LINK,1,1,0.500000,0.789916,14,13,0.056423,0.034361,0.041575,0.011057,1.579833,0.066667,0,1,1.101395
cmp-01108,0.150000,10590000.000000,16.175421,86,FLEXIBLE,PRIVATE_LINK,7,1,0.150000,0.456686,61,56,0.007487,0.024666,0.035402,0.007432,3.044570,0.164384,0,1,1.740755
cmp-01108,0.250000,10590000.000000,16.175421,86,FLEXIBLE,PRIVATE_LINK,7,1,0.250000,0.583126,85,76,0.006860,0.014702,0.027122,0.006463,2.332502,0.141414,0,1,1.740755
cmp-01108,0.500000,10590000.000000,16.175421,86,FLEXIBLE,PRIVATE_LINK,7,1,0.500000,0.956034,129,105,0.007411,0.011730,0.022233,0.001022,1.912068,0.134228,0,1,1.740755
cmp-01109,0.150000,9211000.000000,16.035909,90,FLEXIBLE,PUBLIC,3,1,0.150000,0.165498,31,30,0.005339,0.013621,0.012259,0.010909,1.103318,0.114286,0,0,0.564694
cmp-01109,0.250000,9211000.000000,16.035909,90,FLEXIBLE,PUBLIC,3,1,0.250000,0.219390,38,37,0.005773,0.005988,0.009751,0.011565,0.877559,0.095238,0,0,0.564694
cmp-01109,0.500000,9211000.000000,16.035909,90,FLEXIBLE,PUBLIC,3,1,0.500000,0.292737,52,51,0.005630,0.001662,0.006505,0.015717,0.585474,0.103448,0,0,0.564694
cmp-01110,0.150000,15358000.000000,16.547147,85,STRICT,PUBLIC,1,2,0.150000,0.233162,62,60,0.003761,0.012581,0.018287,0.010614,1.554412,0.101449,0,0,0.818980
cmp-01110,0.250000,15358000.000000,16.547147,85,STRICT,PUBLIC,1,2,0.250000,0.312202,85,83,0.003673,0.009299,0.014692,0.010789,1.248808,0.095745,0,0,0.818980
cmp-01110,0.500000,15358000.000000,16.547147,85,STRICT,PUBLIC,1,2,0.500000,0.446966,110,102,0.004063,0.003746,0.010517,0.013013,0.893932,0.098361,0,0,0.818980
cmp-01111,0.150000,10793000.000000,16.194408,56,CLOSE_ON_TARGET,PUBLIC,0,2,0.150000,0.416724,24,24,0.017363,0.032450,0.049610,0.012254,2.778159,0.111111,0,1,1.058677
cmp-01111,0.250000,10793000.000000,16.194408,56,CLOSE_ON_TARGET,PUBLIC,0,2,0.250000,0.533216,34,32,0.015683,0.020802,0.038087,0.011114,2.132864,0.105263,0,1,1.058677
cmp-01111,0.500000,10793000.000000,16.194408,56,CLOSE_ON_TARGET,PUBLIC,0,2,0.500000,0.700352,44,38,0.015917,0.009138,0.025013,0.010702,1.400704,0.102041,0,1,1.058677
cmp-01112,0.150000,7279000.000000,15.800504,69,FLEXIBLE,PUBLIC,6,2,0.150000,0.213862,22,21,0.009721,0.013818,0.020663,0.013404,1.425745,0.120000,0,1,1.148468
cmp-01112,0.250000,7279000.000000,15.800504,69,FLEXIBLE,PUBLIC,6,2,0.250000,0.328520,33,30,0.009955,0.016617,0.019045,0.012975,1.314082,0.083333,0,1,1.148468
cmp-01112,0.500000,7279000.000000,15.800504,69,FLEXIBLE,PUBLIC,6,2,0.500000,0.492678,54,49,0.009124,0.006405,0.014281,0.014705,0.985355,0.068966,0,1,1.148468
cmp-01113,0.150000,22131000.000000,16.912490,60,FLEXIBLE,PRIVATE_LINK,4,1,0.150000,0.264850,62,59,0.004272,0.029105,0.029428,0.014415,1.765668,0.101449,0,0,0.819845
cmp-01113,0.250000,22131000.000000,16.912490,60,FLEXIBLE,PRIVATE_LINK,4,1,0.250000,0.354485,85,78,0.004170,0.014939,0.023632,0.014345,1.417939,0.086022,0,0,0.819845
cmp-01113,0.500000,22131000.000000,16.912490,60,FLEXIBLE,PRIVATE_LINK,4,1,0.500000,0.451692,114,101,0.003962,0.002089,0.015056,0.018277,0.903384,0.088000,0,0,0.819845
cmp-01114,0.150000,18783000.000000,16.748463,82,FLEXIBLE,PUBLIC,1,3,0.150000,0.417388,84,73,0.004969,0.030152,0.033934,0.008359,2.782587,0.096774,0,1,1.166773
cmp-01114,0.250000,18783000.000000,16.748463,82,FLEXIBLE,PUBLIC,1,3,0.250000,0.498243,104,87,0.004791,0.009860,0.024305,0.008159,1.992972,0.118644,0,1,1.166773
cmp-01114,0.500000,18783000.000000,16.748463,82,FLEXIBLE,PUBLIC,1,3,0.500000,0.679524,141,112,0.004819,0.009300,0.016574,0.007816,1.359048,0.118750,0,1,1.166773
cmp-01115,0.150000,6303000.000000,15.656536,38,FLEXIBLE,PUBLIC,0,3,0.150000,0.556656,28,24,0.019881,0.106783,0.097659,0.013726,3.711037,0.096774,0,1,1.797208
cmp-01115,0.250000,6303000.000000,15.656536,38,FLEXIBLE,PUBLIC,0,3,0.250000,0.703570,33,27,0.021320,0.038662,0.074060,0.010401,2.814279,0.131579,0,1,1.797208
cmp-01115,0.500000,6303000.000000,15.656536,38,FLEXIBLE,PUBLIC,0,3,0.500000,1.094209,49,36,0.022331,0.023990,0.057590,0.000000,2.188418,0.125000,1,1,1.797208
cmp-01116,0.150000,4448000.000000,15.307965,31,STRICT,PUBLIC,3,2,0.150000,0.174236,10,10,0.017424,0.006592,0.037470,0.031338,1.161571,0.000000,0,0,0.944469
cmp-01116,0.250000,4448000.000000,15.307965,31,STRICT,PUBLIC,3,2,0.250000,0.234577,15,15,0.015638,0.019465,0.030268,0.032921,0.938309,0.000000,0,0,0.944469
cmp-01116,0.500000,4448000.000000,15.307965,31,STRICT,PUBLIC,3,2,0.500000,0.404541,26,21,0.015559,0.044616,0.026099,0.038417,0.809083,0.037037,0,0,0.944469
cmp-01117,0.150000,11407000.000000,16.249738,33,FLEXIBLE,PRIVATE_LINK,4,1,0.150000,0.185299,23,22,0.008056,0.032022,0.037434,0.029045,1.235323,0.115385,0,0,0.536767
cmp-01117,0.250000,11407000.000000,16.249738,33,FLEXIBLE,PRIVATE_LINK,4,1,0.250000,0.243920,30,28,0.008131,0.017764,0.029566,0.030549,0.975682,0.090909,0,0,0.536767
cmp-01117,0.500000,11407000.000000,16.249738,33,FLEXIBLE,PRIVATE_LINK,4,1,0.500000,0.307311,39,36,0.007880,0.012510,0.018625,0.041981,0.614623,0.093023,0,0,0.536767
cmp-01118,0.150000,11560000.000000,16.263061,54,CLOSE_ON_TARGET,PUBLIC,2,1,0.150000,0.274403,45,42,0.006098,0.024321,0.033877,0.015808,1.829354,0.150943,0,0,0.784948
cmp-01118,0.250000,11560000.000000,16.263061,54,CLOSE_ON_TARGET,PUBLIC,2,1,0.250000,0.351393,54,49,0.006507,0.014257,0.026029,0.016015,1.405571,0.142857,0,0,0.784948
cmp-01118,0.500000,11560000.000000,16.263061,54,CLOSE_ON_TARGET,PUBLIC,2,1,0.500000,0.557889,84,71,0.006642,0.010791,0.020663,0.016374,1.115779,0.115789,0,0,0.784948
cmp-01119,0.150000,2519000.000000,14.739373,22,FLEXIBLE,PUBLIC,3,1,0.150000,0.731203,15,15,0.048747,0.155744,0.221577,0.014374,4.874686,0.117647,0,1,2.121993
cmp-01119,0.250000,2519000.000000,14.739373,22,FLEXIBLE,PUBLIC,3,1,0.250000,0.830250,20,18,0.041513,0.045021,0.150955,0.010288,3.321000,0.090909,0,1,2.121993
cmp-01119,0.500000,2519000.000000,14.739373,22,FLEXIBLE,PUBLIC,3,1,0.500000,1.322509,33,25,0.040076,0.110343,0.120228,0.000000,2.645018,0.083333,1,1,2.121993
cmp-01120,0.150000,9849000.000000,16.102880,38,FLEXIBLE,PUBLIC,5,3,0.150000,1.058199,77,61,0.013743,0.144955,0.185649,0.000000,7.054659,0.125000,1,1,3.430450
cmp-01120,0.250000,9849000.000000,16.102880,38,FLEXIBLE,PUBLIC,5,3,0.250000,1.241040,96,69,0.012927,0.048116,0.130636,0.000000,4.964159,0.135135,1,1,3.430450
cmp-01120,0.500000,9849000.000000,16.102880,38,FLEXIBLE,PUBLIC,5,3,0.500000,1.927627,133,84,0.014493,0.076246,0.101454,0.000000,3.855254,0.119205,1,1,3.430450
cmp-01121,0.150000,8268000.000000,15.927903,31,FLEXIBLE,PUBLIC,5,2,0.150000,0.573766,26,23,0.022068,0.105436,0.123391,0.016176,3.825109,0.187500,0,1,1.454318
cmp-01121,0.250000,8268000.000000,15.927903,31,FLEXIBLE,PUBLIC,5,2,0.250000,0.765493,34,31,0.022515,0.061847,0.098773,0.010086,3.061974,0.150000,0,1,1.454318
cmp-01121,0.500000,8268000.000000,15.927903,31,FLEXIBLE,PUBLIC,5,2,0.500000,0.969485,51,44,0.019010,0.018431,0.062547,0.001969,1.938970,0.120690,0,1,1.454318
cmp-01122,0.150000,5765000.000000,15.567316,38,FLEXIBLE,PUBLIC,3,2,0.150000,0.322637,24,23,0.013443,0.037321,0.056603,0.020971,2.150911,0.111111,0,1,1.330963
cmp-01122,0.250000,5765000.000000,15.567316,38,FLEXIBLE,PUBLIC,3,2,0.250000,0.576167,38,33,0.015162,0.066718,0.060649,0.014871,2.304666,0.073171,0,1,1.330963
cmp-01122,0.500000,5765000.000000,15.567316,38,FLEXIBLE,PUBLIC,3,2,0.500000,0.834848,54,47,0.015460,0.016365,0.043939,0.008692,1.669696,0.142857,0,1,1.330963
cmp-01123,0.150000,1876000.000000,14.444652,38,FLEXIBLE,PRIVATE_LINK,6,3,0.150000,0.628731,10,10,0.062873,0.068048,0.110304,0.011494,4.191542,0.000000,0,1,1.143763
cmp-01123,0.250000,1876000.000000,14.444652,38,FLEXIBLE,PRIVATE_LINK,6,3,0.250000,0.750853,13,12,0.057758,0.032137,0.079037,0.008742,3.003412,0.000000,0,1,1.143763
cmp-01123,0.500000,1876000.000000,14.444652,38,FLEXIBLE,PRIVATE_LINK,6,3,0.500000,0.883369,17,15,0.051963,0.021546,0.046493,0.006138,1.766738,0.000000,0,1,1.143763
cmp-01124,0.150000,13079000.000000,16.386518,41,FLEXIBLE,PUBLIC,5,2,0.150000,0.259653,45,44,0.005770,0.036264,0.042220,0.021244,1.731019,0.150943,0,1,1.346288
cmp-01124,0.250000,13079000.000000,16.386518,41,FLEXIBLE,PUBLIC,5,2,0.250000,0.404909,70,65,0.005784,0.035428,0.039503,0.019353,1.619635,0.135802,0,1,1.346288
cmp-01124,0.500000,13079000.000000,16.386518,41,FLEXIBLE,PUBLIC,5,2,0.500000,0.615544,108,96,0.005699,0.008097,0.030027,0.018754,1.231088,0.142857,0,1,1.346288
cmp-01125,0.150000,10554000.000000,16.172015,57,CLOSE_ON_TARGET,PUBLIC,4,3,0.150000,0.428217,50,46,0.008564,0.031831,0.050084,0.011802,2.854779,0.152542,0,1,1.006064
cmp-01125,0.250000,10554000.000000,16.172015,57,CLOSE_ON_TARGET,PUBLIC,4,3,0.250000,0.632367,72,64,0.008783,0.035816,0.044377,0.008600,2.529468,0.142857,0,1,1.006064
cmp-01125,0.500000,10554000.000000,16.172015,57,CLOSE_ON_TARGET,PUBLIC,4,3,0.500000,0.854756,103,87,0.008299,0.012555,0.029991,0.005096,1.709513,0.148760,0,1,1.006064
cmp-01126,0.150000,20230000.000000,16.822677,17,FLEXIBLE,PUBLIC,3,3,0.150000,0.698764,124,99,0.005635,0.260071,0.274025,0.020847,4.658428,0.178808,0,1,2.794113
cmp-01126,0.250000,20230000.000000,16.822677,17,FLEXIBLE,PUBLIC,3,3,0.250000,0.983322,159,121,0.006184,0.167387,0.231370,0.001308,3.933287,0.171875,0,1,2.794113
cmp-01126,0.500000,20230000.000000,16.822677,17,FLEXIBLE,PUBLIC,3,3,0.500000,1.516589,226,159,0.006711,0.163086,0.178422,0.000000,3.033178,0.150376,1,1,2.794113
cmp-01127,0.150000,10605000.000000,16.176836,66,STRICT,PUBLIC,2,3,0.150000,0.259104,13,13,0.019931,0.027251,0.026172,0.013207,1.727361,0.235294,0,0,0.837756
cmp-01127,0.250000,10605000.000000,16.176836,66,STRICT,PUBLIC,2,3,0.250000,0.446007,25,25,0.017840,0.028319,0.027031,0.011192,1.784026,0.166667,0,0,0.837756
cmp-01127,0.500000,10605000.000000,16.176836,66,STRICT,PUBLIC,2,3,0.500000,0.518708,32,31,0.016210,0.000000,0.015718,0.014585,1.037416,0.135135,0,0,0.837756
cmp-01128,0.150000,38520000.000000,17.466688,21,FLEXIBLE,PUBLIC,1,1,0.150000,0.209167,86,82,0.002432,0.065858,0.066402,0.044304,1.394444,0.094737,0,0,0.708637
cmp-01128,0.250000,38520000.000000,17.466688,21,FLEXIBLE,PUBLIC,1,1,0.250000,0.301828,117,111,0.002580,0.044124,0.057491,0.044328,1.207310,0.106870,0,0,0.708637
cmp-01128,0.500000,38520000.000000,17.466688,21,FLEXIBLE,PUBLIC,1,1,0.500000,0.374917,155,147,0.002419,0.007426,0.035706,0.059532,0.749834,0.134078,0,0,0.708637
cmp-01129,0.150000,8250000.000000,15.925724,52,FLEXIBLE,PUBLIC,2,2,0.150000,0.292279,33,31,0.008857,0.030152,0.037472,0.016012,1.948525,0.083333,0,0,0.968739
cmp-01129,0.250000,8250000.000000,15.925724,52,FLEXIBLE,PUBLIC,2,2,0.250000,0.357030,39,36,0.009155,0.012452,0.027464,0.016486,1.428121,0.093023,0,0,0.968739
cmp-01129,0.500000,8250000.000000,15.925724,52,FLEXIBLE,PUBLIC,2,2,0.500000,0.425879,50,44,0.008518,0.003855,0.016380,0.022082,0.851758,0.152542,0,0,0.968739
cmp-01130,0.150000,8877000.000000,15.998974,22,STRICT,PUBLIC,5,3,0.150000,0.590008,44,35,0.013409,0.091590,0.178790,0.021925,3.933386,0.153846,0,0,0.999842
cmp-01130,0.250000,8877000.000000,15.998974,22,STRICT,PUBLIC,5,3,0.250000,0.894965,64,49,0.013984,0.138617,0.162721,0.006366,3.579858,0.123288,0,0,0.999842
cmp-01130,0.500000,8877000.000000,15.998974,22,STRICT,PUBLIC,5,3,0.500000,0.999842,72,54,0.013887,0.000000,0.090895,0.000014,1.999685,0.100000,0,0,0.999842
cmp-01131,0.150000,5040000.000000,15.432917,41,CLOSE_ON_TARGET,PUBLIC,3,2,0.150000,0.462202,28,24,0.016507,0.063279,0.075155,0.015432,3.081349,0.151515,0,1,1.021270
cmp-01131,0.250000,5040000.000000,15.432917,41,CLOSE_ON_TARGET,PUBLIC,3,2,0.250000,0.786171,43,36,0.018283,0.079017,0.076700,0.006954,3.144683,0.140000,0,1,1.021270
cmp-01132,0.150000,3716000.000000,15.128158,82,FLEXIBLE,PUBLIC,0,3,0.150000,0.256351,16,13,0.016022,0.011867,0.020842,0.010669,1.709006,0.157895,0,0,0.780678
cmp-01132,0.250000,3716000.000000,15.128158,82,FLEXIBLE,PUBLIC,0,3,0.250000,0.354440,26,23,0.013632,0.011962,0.017290,0.010497,1.417761,0.103448,0,0,0.780678
cmp-01132,0.500000,3716000.000000,15.128158,82,FLEXIBLE,PUBLIC,0,3,0.500000,0.495829,36,32,0.013773,0.008044,0.012093,0.012297,0.991658,0.076923,0,0,0.780678
cmp-01133,0.150000,16190000.000000,16.599904,60,CLOSE_ON_TARGET,PRIVATE_LINK,2,2,0.150000,0.449938,104,95,0.004326,0.043302,0.049993,0.010786,2.999588,0.103448,0,1,1.012569
cmp-01133,0.250000,16190000.000000,16.599904,60,CLOSE_ON_TARGET,PRIVATE_LINK,2,2,0.250000,0.582063,136,118,0.004280,0.022021,0.038804,0.009287,2.328252,0.105263,0,1,1.012569
cmp-01133,0.500000,16190000.000000,16.599904,60,CLOSE_ON_TARGET,PRIVATE_LINK,2,2,0.500000,0.778987,193,158,0.004036,0.014552,0.025966,0.007367,1.557974,0.106481,0,1,1.012569
cmp-01134,0.150000,9927000.000000,16.110769,31,FLEXIBLE,PRIVATE_LINK,7,3,0.150000,1.021860,93,72,0.010988,0.193350,0.219755,0.000000,6.812397,0.122642,1,1,3.516369
cmp-01134,0.250000,9927000.000000,16.110769,31,FLEXIBLE,PRIVATE_LINK,7,3,0.250000,1.275008,121,88,0.010537,0.081661,0.164517,0.000000,5.100030,0.116788,1,1,3.516369
cmp-01134,0.500000,9927000.000000,16.110769,31,FLEXIBLE,PRIVATE_LINK,7,3,0.500000,2.066103,187,119,0.011049,0.059041,0.133297,0.000000,4.132205,0.122066,1,1,3.516369
cmp-01135,0.150000,3460000.000000,15.056779,21,FLEXIBLE,PRIVATE_LINK,4,3,0.150000,0.279422,12,11,0.023285,0.087903,0.088705,0.040369,1.862813,0.142857,0,1,1.298410
cmp-01135,0.250000,3460000.000000,15.056779,21,FLEXIBLE,PRIVATE_LINK,4,3,0.250000,0.425173,21,19,0.020246,0.069405,0.080985,0.036497,1.700694,0.125000,0,1,1.298410
cmp-01135,0.500000,3460000.000000,15.056779,21,FLEXIBLE,PRIVATE_LINK,4,3,0.500000,0.637919,30,26,0.021264,0.036058,0.060754,0.034484,1.275838,0.117647,0,1,1.298410
cmp-01136,0.150000,6593000.000000,15.701519,80,STRICT,PUBLIC,0,2,0.150000,0.473411,53,49,0.008932,0.028291,0.039451,0.007744,3.156075,0.086207,0,0,0.999333
cmp-01136,0.250000,6593000.000000,15.701519,80,STRICT,PUBLIC,0,2,0.250000,0.556666,72,65,0.007731,0.010407,0.027833,0.007389,2.226665,0.100000,0,0,0.999333
cmp-01136,0.500000,6593000.000000,15.701519,80,STRICT,PUBLIC,0,2,0.500000,0.882997,104,85,0.008490,0.011704,0.022075,0.002925,1.765994,0.095652,0,0,0.999333
cmp-01137,0.150000,5397000.000000,15.501354,21,FLEXIBLE,PUBLIC,0,1,0.150000,0.326255,13,12,0.025097,0.091744,0.103573,0.037745,2.175036,0.235294,0,1,1.435909
cmp-01137,0.250000,5397000.000000,15.501354,21,FLEXIBLE,PUBLIC,0,1,0.250000,0.626830,19,15,0.032991,0.143131,0.119396,0.023693,2.507319,0.240000,0,1,1.435909
cmp-01137,0.500000,5397000.000000,15.501354,21,FLEXIBLE,PUBLIC,0,1,0.500000,0.842857,30,21,0.028095,0.024290,0.080272,0.014966,1.685714,0.268293,0,1,1.435909
cmp-01138,0.150000,1878000.000000,14.445718,27,FLEXIBLE,PUBLIC,1,2,0.150000,0.411129,11,8,0.037375,0.096458,0.101513,0.025659,2.740859,0.083333,0,1,1.983706
cmp-01138,0.250000,1878000.000000,14.445718,27,FLEXIBLE,PUBLIC,1,2,0.250000,0.683493,15,12,0.045566,0.100876,0.101258,0.015630,2.733972,0.117647,0,1,1.983706
cmp-01138,0.500000,1878000.000000,14.445718,27,FLEXIBLE,PUBLIC,1,2,0.500000,1.121459,24,17,0.046727,0.073443,0.083071,0.000000,2.242918,0.076923,1,1,1.983706
cmp-01139,0.150000,42593000.000000,17.567200,84,FLEXIBLE,PUBLIC,3,2,0.150000,0.213030,118,112,0.001805,0.012515,0.016907,0.011022,1.420202,0.144928,0,0,0.700157
cmp-01139,0.250000,42593000.000000,17.567200,84,FLEXIBLE,PUBLIC,3,2,0.250000,0.287054,169,162,0.001699,0.008812,0.013669,0.011317,1.148217,0.128866,0,0,0.700157
cmp-01139,0.500000,42593000.000000,17.567200,84,FLEXIBLE,PUBLIC,3,2,0.500000,0.397540,240,230,0.001656,0.003845,0.009465,0.014344,0.795079,0.111111,0,0,0.700157
cmp-01140,0.150000,43925000.000000,17.597994,61,CLOSE_ON_TARGET,PRIVATE_LINK,4,3,0.150000,0.331162,245,223,0.001352,0.027230,0.036193,0.012899,2.207748,0.121864,0,1,1.000567
cmp-01140,0.250000,43925000.000000,17.597994,61,CLOSE_ON_TARGET,PRIVATE_LINK,4,3,0.250000,0.483212,356,320,0.001357,0.024926,0.031686,0.011296,1.932849,0.120988,0,1,1.000567
cmp-01140,0.500000,43925000.000000,17.597994,61,CLOSE_ON_TARGET,PRIVATE_LINK,4,3,0.500000,0.702113,513,446,0.001369,0.013403,0.023020,0.009767,1.404225,0.118557,0,1,1.000567
cmp-01141,0.150000,10685000.000000,16.184351,16,FLEXIBLE,PUBLIC,3,3,0.150000,0.255087,22,22,0.011595,0.094431,0.106286,0.054773,1.700577,0.214286,0,0,0.900880
cmp-01141,0.250000,10685000.000000,16.184351,16,FLEXIBLE,PUBLIC,3,3,0.250000,0.297492,28,27,0.010625,0.026503,0.074373,0.058542,1.189967,0.200000,0,0,0.900880
cmp-01141,0.500000,10685000.000000,16.184351,16,FLEXIBLE,PUBLIC,3,3,0.500000,0.420721,40,36,0.010518,0.041478,0.052590,0.072410,0.841441,0.215686,0,0,0.900880
cmp-01142,0.150000,4368000.000000,15.289816,62,FLEXIBLE,PUBLIC,4,1,0.150000,0.324107,23,22,0.014092,0.024182,0.034850,0.012825,2.160714,0.115385,0,1,1.436630
cmp-01142,0.250000,4368000.000000,15.289816,62,FLEXIBLE,PUBLIC,4,1,0.250000,0.389354,29,27,0.013426,0.010524,0.025120,0.013132,1.557418,0.093750,0,1,1.436630
cmp-01142,0.500000,4368000.000000,15.289816,62,FLEXIBLE,PUBLIC,4,1,0.500000,0.708883,49,40,0.014467,0.018592,0.022867,0.009391,1.417766,0.092593,0,1,1.436630
cmp-01143,0.150000,3665000.000000,15.114339,23,FLEXIBLE,PUBLIC,2,3,0.150000,1.539809,53,40,0.029053,0.444676,0.446321,0.000000,10.265393,0.101695,1,1,5.444638
cmp-01143,0.250000,3665000.000000,15.114339,23,FLEXIBLE,PUBLIC,2,3,0.250000,2.462619,79,54,0.031172,0.401222,0.428282,0.000000,9.850477,0.091954,1,1,5.444638
cmp-01143,0.500000,3665000.000000,15.114339,23,FLEXIBLE,PUBLIC,2,3,0.500000,3.268677,101,59,0.032363,0.118251,0.284233,0.000000,6.537353,0.073394,1,1,5.444638
cmp-01144,0.150000,25405000.000000,17.050457,34,FLEXIBLE,PRIVATE_LINK,4,1,0.150000,0.306920,129,118,0.002379,0.053050,0.060180,0.023982,2.046133,0.071942,0,0,0.922988
cmp-01144,0.250000,25405000.000000,17.050457,34,FLEXIBLE,PRIVATE_LINK,4,1,0.250000,0.399724,170,156,0.002351,0.027295,0.047026,0.023540,1.598898,0.071038,0,0,0.922988
cmp-01144,0.500000,25405000.000000,17.050457,34,FLEXIBLE,PRIVATE_LINK,4,1,0.500000,0.531718,231,205,0.002302,0.009677,0.031278,0.027546,1.063436,0.094118,0,0,0.922988
cmp-01145,0.150000,26131000.000000,17.078633,80,STRICT,PUBLIC,0,1,0.150000,0.527102,171,156,0.003082,0.033810,0.043925,0.006954,3.514013,0.104712,0,0,0.999820
cmp-01145,0.250000,26131000.000000,17.078633,80,STRICT,PUBLIC,0,1,0.250000,0.712721,222,193,0.003210,0.023202,0.035636,0.004788,2.850882,0.129412,0,0,0.999820
cmp-01145,0.500000,26131000.000000,17.078633,80,STRICT,PUBLIC,0,1,0.500000,0.999311,301,255,0.003320,0.012039,0.024983,0.000017,1.998622,0.130312,0,0,0.999820
cmp-01146,0.150000,5265000.000000,15.476592,84,FLEXIBLE,PUBLIC,1,2,0.150000,0.510085,11,11,0.046371,0.050147,0.040483,0.006862,3.400570,0.000000,0,1,1.094397
cmp-01146,0.250000,5265000.000000,15.476592,84,FLEXIBLE,PUBLIC,1,2,0.250000,0.522488,12,12,0.043541,0.001477,0.024880,0.007580,2.089953,0.000000,0,1,1.094397
cmp-01146,0.500000,5265000.000000,15.476592,84,FLEXIBLE,PUBLIC,1,2,0.500000,0.537854,13,13,0.041373,0.000000,0.012806,0.011003,1.075708,0.000000,0,1,1.094397
cmp-01147,0.150000,8156000.000000,15.914264,54,FLEXIBLE,PUBLIC,4,3,0.150000,0.743992,67,57,0.011104,0.068861,0.091851,0.005578,4.959948,0.151899,0,1,2.722180
cmp-01147,0.250000,8156000.000000,15.914264,54,FLEXIBLE,PUBLIC,4,3,0.250000,1.024620,99,79,0.010350,0.051968,0.075898,0.000000,4.098480,0.146552,1,1,2.722180
cmp-01147,0.500000,8156000.000000,15.914264,54,FLEXIBLE,PUBLIC,4,3,0.500000,1.599080,147,104,0.010878,0.040391,0.059225,0.000000,3.198161,0.130178,1,1,2.722180
cmp-01148,0.150000,5080000.000000,15.440822,49,CLOSE_ON_TARGET,PUBLIC,3,3,0.150000,0.472106,44,39,0.010730,0.052543,0.064232,0.012675,3.147375,0.083333,0,1,1.005433
cmp-01148,0.250000,5080000.000000,15.440822,49,CLOSE_ON_TARGET,PUBLIC,3,3,0.250000,0.637953,62,55,0.010290,0.033846,0.052078,0.009852,2.551811,0.060606,0,1,1.005433
cmp-01148,0.500000,5080000.000000,15.440822,49,CLOSE_ON_TARGET,PUBLIC,3,3,0.500000,0.814587,79,67,0.010311,0.000787,0.033248,0.007568,1.629173,0.131868,0,1,1.005433
cmp-01149,0.150000,4479000.000000,15.314910,47,STRICT,PUBLIC,3,3,0.150000,0.253315,14,14,0.018094,0.038302,0.035931,0.018690,1.688770,0.176471,0,0,0.980085
cmp-01149,0.250000,4479000.000000,15.314910,47,STRICT,PUBLIC,3,3,0.250000,0.287944,17,17,0.016938,0.007368,0.024506,0.020200,1.151775,0.190476,0,0,0.980085
cmp-01149,0.500000,4479000.000000,15.314910,47,STRICT,PUBLIC,3,3,0.500000,0.485800,29,27,0.016752,0.022706,0.020672,0.021881,0.971601,0.147059,0,0,0.980085
cmp-01150,0.150000,10079000.000000,16.125965,39,CLOSE_ON_TARGET,PUBLIC,0,2,0.150000,0.100228,18,18,0.005568,0.018098,0.017133,0.027142,0.668188,0.181818,0,0,0.547475
cmp-01150,0.250000,10079000.000000,16.125965,39,CLOSE_ON_TARGET,PUBLIC,0,2,0.250000,0.174174,33,33,0.005278,0.018960,0.017864,0.028233,0.696696,0.131579,0,0,0.547475
cmp-01150,0.500000,10079000.000000,16.125965,39,CLOSE_ON_TARGET,PUBLIC,0,2,0.500000,0.294216,53,49,0.005551,0.015997,0.015088,0.036194,0.588431,0.101695,0,0,0.547475
cmp-01151,0.150000,19363000.000000,16.778875,69,STRICT,PUBLIC,6,2,0.150000,0.224903,94,89,0.002393,0.016933,0.021730,0.013216,1.499354,0.137615,0,0,0.875567
cmp-01151,0.250000,19363000.000000,16.778875,69,STRICT,PUBLIC,6,2,0.250000,0.335062,125,117,0.002680,0.015965,0.019424,0.012849,1.340247,0.119718,0,0,0.875567
cmp-01151,0.500000,19363000.000000,16.778875,69,STRICT,PUBLIC,6,2,0.500000,0.482580,173,158,0.002789,0.006893,0.013988,0.014998,0.965160,0.103627,0,0,0.875567
cmp-01152,0.150000,14827000.000000,16.511960,74,FLEXIBLE,PUBLIC,1,3,0.150000,0.541263,144,128,0.003759,0.048744,0.048762,0.007293,3.608417,0.152941,0,1,1.996473
cmp-01152,0.250000,14827000.000000,16.511960,74,FLEXIBLE,PUBLIC,1,3,0.250000,0.754279,192,162,0.003929,0.028786,0.040772,0.004427,3.017117,0.157895,0,1,1.996473
cmp-01152,0.500000,14827000.000000,16.511960,74,FLEXIBLE,PUBLIC,1,3,0.500000,1.108957,276,218,0.004018,0.011035,0.029972,0.000000,2.217913,0.153374,1,1,1.996473
cmp-01153,0.150000,43694000.000000,17.592721,70,CLOSE_ON_TARGET,PUBLIC,1,2,0.150000,0.786879,342,299,0.002301,0.065038,0.074941,0.003582,5.245861,0.113990,0,1,1.001044
cmp-01154,0.150000,5819000.000000,15.576639,61,FLEXIBLE,PUBLIC,2,1,0.150000,1.110844,95,71,0.011693,0.081359,0.121404,0.000000,7.405625,0.103774,1,1,3.303987
cmp-01154,0.250000,5819000.000000,15.576639,61,FLEXIBLE,PUBLIC,2,1,0.250000,1.341863,119,90,0.011276,0.037872,0.087991,0.000000,5.367451,0.118519,1,1,3.303987
cmp-01154,0.500000,5819000.000000,15.576639,61,FLEXIBLE,PUBLIC,2,1,0.500000,1.880357,166,114,0.011327,0.035215,0.061651,0.000000,3.760715,0.121693,1,1,3.303987
cmp-01155,0.150000,13346000.000000,16.406727,64,FLEXIBLE,PUBLIC,2,1,0.150000,0.198749,24,22,0.008281,0.012720,0.020703,0.014729,1.324991,0.111111,0,0,0.778960
cmp-01155,0.250000,13346000.000000,16.406727,64,FLEXIBLE,PUBLIC,2,1,0.250000,0.315330,37,31,0.008522,0.018216,0.019708,0.014264,1.261322,0.097561,0,0,0.778960
cmp-01155,0.500000,13346000.000000,16.406727,64,FLEXIBLE,PUBLIC,2,1,0.500000,0.440889,57,50,0.007735,0.005246,0.013778,0.017472,0.881777,0.080645,0,0,0.778960
cmp-01156,0.150000,70268000.000000,18.067827,89,FLEXIBLE,PUBLIC,4,3,0.150000,0.733976,362,313,0.002028,0.052692,0.054979,0.003517,4.893171,0.117073,0,1,2.461116
cmp-01156,0.250000,70268000.000000,18.067827,89,FLEXIBLE,PUBLIC,4,3,0.250000,1.022860,502,410,0.002038,0.032459,0.045971,0.000000,4.091438,0.116197,1,1,2.461116
cmp-01156,0.500000,70268000.000000,18.067827,89,FLEXIBLE,PUBLIC,4,3,0.500000,1.406461,706,518,0.001992,0.017919,0.031606,0.000000,2.812922,0.118602,1,1,2.461116
cmp-01157,0.150000,8772000.000000,15.987075,53,STRICT,PRIVATE_LINK,7,3,0.150000,0.999476,102,81,0.009799,0.078907,0.125720,0.000012,6.663171,0.111111,0,0,0.999875
cmp-01157,0.250000,8772000.000000,15.987075,53,STRICT,PRIVATE_LINK,7,3,0.250000,0.999476,102,81,0.009799,0.000000,0.075432,0.000013,3.997902,0.108808,0,0,0.999875
cmp-01157,0.500000,8772000.000000,15.987075,53,STRICT,PRIVATE_LINK,7,3,0.500000,0.999875,103,82,0.009708,0.000000,0.037731,0.000005,1.999749,0.114504,0,0,0.999875
cmp-01158,0.150000,2505000.000000,14.733799,35,STRICT,PUBLIC,3,1,0.150000,0.361756,7,7,0.051679,0.050037,0.068906,0.021454,2.411710,0.300000,0,0,0.980479
cmp-01158,0.250000,2505000.000000,14.733799,35,STRICT,PUBLIC,3,1,0.250000,0.458483,10,10,0.045848,0.027636,0.052398,0.020629,1.833932,0.285714,0,0,0.980479
cmp-01158,0.500000,2505000.000000,14.733799,35,STRICT,PUBLIC,3,1,0.500000,0.673573,17,16,0.039622,0.022652,0.038490,0.018653,1.347146,0.190476,0,0,0.980479
cmp-01159,0.150000,4410000.000000,15.299385,54,FLEXIBLE,PUBLIC,4,2,0.150000,0.748413,36,29,0.020789,0.072638,0.092397,0.005481,4.989418,0.181818,0,1,2.602902
cmp-01159,0.250000,4410000.000000,15.299385,54,FLEXIBLE,PUBLIC,4,2,0.250000,0.987438,44,36,0.022442,0.044264,0.073144,0.000310,3.949751,0.169811,0,1,2.602902
cmp-01159,0.500000,4410000.000000,15.299385,54,FLEXIBLE,PUBLIC,4,2,0.500000,1.508912,59,43,0.025575,0.070060,0.055886,0.000000,3.017823,0.180556,1,1,2.602902
cmp-01160,0.150000,2889000.000000,14.876421,38,FLEXIBLE,PUBLIC,2,2,0.150000,0.449810,14,12,0.032129,0.109471,0.078914,0.017034,2.998731,0.176471,0,1,1.987989
cmp-01160,0.250000,2889000.000000,14.876421,38,FLEXIBLE,PUBLIC,2,2,0.250000,0.764348,21,19,0.036398,0.082773,0.080458,0.008269,3.057390,0.160000,0,1,1.987989
cmp-01160,0.500000,2889000.000000,14.876421,38,FLEXIBLE,PUBLIC,2,2,0.500000,1.302769,33,23,0.039478,0.114254,0.068567,0.000000,2.605538,0.131579,1,1,1.987989
cmp-01161,0.150000,4761000.000000,15.375968,28,FLEXIBLE,PUBLIC,1,2,0.150000,0.369292,23,23,0.016056,0.057776,0.087927,0.026500,2.461948,0.178571,0,0,0.872653
cmp-01161,0.250000,4761000.000000,15.375968,28,FLEXIBLE,PUBLIC,1,2,0.250000,0.386662,26,26,0.014872,0.006204,0.055237,0.029207,1.546650,0.187500,0,0,0.872653
cmp-01161,0.500000,4761000.000000,15.375968,28,FLEXIBLE,PUBLIC,1,2,0.500000,0.528838,37,35,0.014293,0.019024,0.037774,0.033654,1.057677,0.177778,0,0,0.872653
cmp-01162,0.150000,9537000.000000,16.070690,77,CLOSE_ON_TARGET,PUBLIC,1,2,0.150000,0.246681,39,38,0.006325,0.019762,0.021358,0.011510,1.644542,0.133333,0,1,1.003240
cmp-01162,0.250000,9537000.000000,16.070690,77,CLOSE_ON_TARGET,PUBLIC,1,2,0.250000,0.434329,56,51,0.007756,0.024370,0.022563,0.009795,1.737318,0.096774,0,1,1.003240
cmp-01162,0.500000,9537000.000000,16.070690,77,CLOSE_ON_TARGET,PUBLIC,1,2,0.500000,0.800031,92,80,0.008696,0.016299,0.020780,0.005194,1.600063,0.089109,0,1,1.003240
cmp-01163,0.150000,12510000.000000,16.342039,37,FLEXIBLE,PUBLIC,4,2,0.150000,0.841894,77,60,0.010934,0.115220,0.151693,0.005027,5.612630,0.049383,0,1,2.620280
cmp-01163,0.250000,12510000.000000,16.342039,37,FLEXIBLE,PUBLIC,4,2,0.250000,1.094093,108,80,0.010130,0.068162,0.118280,0.000000,4.376371,0.068966,1,1,2.620280
cmp-01163,0.500000,12510000.000000,16.342039,37,FLEXIBLE,PUBLIC,4,2,0.500000,1.589776,151,109,0.010528,0.029520,0.085934,0.000000,3.179552,0.084848,1,1,2.620280
cmp-01164,0.150000,8168000.000000,15.915735,64,CLOSE_ON_TARGET,PRIVATE_LINK,5,2,0.150000,0.811166,56,46,0.014485,0.075248,0.084496,0.003471,5.407770,0.176471,0,1,1.003036
cmp-01165,0.150000,6203000.000000,15.640544,15,FLEXIBLE,PUBLIC,1,1,0.150000,0.326278,32,31,0.010196,0.103520,0.145012,0.052841,2.175184,0.135135,0,1,1.003772
cmp-01165,0.250000,6203000.000000,15.640544,15,FLEXIBLE,PUBLIC,1,1,0.250000,0.429760,46,42,0.009343,0.068988,0.114603,0.050688,1.719039,0.098039,0,1,1.003772
cmp-01165,0.500000,6203000.000000,15.640544,15,FLEXIBLE,PUBLIC,1,1,0.500000,0.517911,59,53,0.008778,0.010103,0.069055,0.064279,1.035821,0.132353,0,1,1.003772
cmp-01166,0.150000,6722000.000000,15.720896,80,FLEXIBLE,PRIVATE_LINK,3,2,0.150000,0.378355,30,28,0.012612,0.027566,0.031530,0.009142,2.522364,0.117647,0,1,1.071571
cmp-01166,0.250000,6722000.000000,15.720896,80,FLEXIBLE,PRIVATE_LINK,3,2,0.250000,0.510295,40,37,0.012757,0.016492,0.025515,0.008162,2.041178,0.130435,0,1,1.071571
cmp-01166,0.500000,6722000.000000,15.720896,80,FLEXIBLE,PRIVATE_LINK,3,2,0.500000,0.723921,55,48,0.013162,0.011702,0.018098,0.006902,1.447843,0.140625,0,1,1.071571
cmp-01167,0.150000,21515000.000000,16.884261,42,STRICT,PUBLIC,3,1,0.150000,0.463295,117,114,0.003960,0.069317,0.073539,0.015034,3.088636,0.078740,0,0,0.999819
cmp-01167,0.250000,21515000.000000,16.884261,42,STRICT,PUBLIC,3,1,0.250000,0.623463,156,144,0.003997,0.038135,0.059377,0.011954,2.493851,0.087719,0,0,0.999819
cmp-01167,0.500000,21515000.000000,16.884261,42,STRICT,PUBLIC,3,1,0.500000,0.902459,227,195,0.003976,0.022084,0.042974,0.004645,1.804917,0.095618,0,0,0.999819
cmp-01168,0.150000,7917000.000000,15.884523,83,FLEXIBLE,PUBLIC,2,1,0.150000,0.083352,17,17,0.004903,0.005911,0.006695,0.012993,0.555682,0.105263,0,0,0.336049
cmp-01168,0.250000,7917000.000000,15.884523,83,FLEXIBLE,PUBLIC,2,1,0.250000,0.122041,22,21,0.005547,0.004661,0.005882,0.014104,0.488165,0.083333,0,0,0.336049
cmp-01168,0.500000,7917000.000000,15.884523,83,FLEXIBLE,PUBLIC,2,1,0.500000,0.175584,32,31,0.005487,0.004263,0.004231,0.019865,0.351168,0.085714,0,0,0.336049
cmp-01169,0.150000,1665000.000000,14.325336,23,FLEXIBLE,PUBLIC,2,1,0.150000,0.777778,21,18,0.037037,0.193994,0.225443,0.011367,5.185185,0.160000,0,1,2.611471
cmp-01169,0.250000,1665000.000000,14.325336,23,FLEXIBLE,PUBLIC,2,1,0.250000,1.040661,29,23,0.035885,0.114297,0.180984,0.000000,4.162643,0.171429,1,1,2.611471
cmp-01169,0.500000,1665000.000000,14.325336,23,FLEXIBLE,PUBLIC,2,1,0.500000,1.463183,39,27,0.037518,0.017887,0.127233,0.000000,2.926366,0.152174,1,1,2.611471
cmp-01170,0.150000,8236000.000000,15.924025,53,FLEXIBLE,PUBLIC,3,1,0.150000,0.202793,12,11,0.016899,0.006946,0.025509,0.017696,1.351951,0.250000,0,0,0.565493
cmp-01170,0.250000,8236000.000000,15.924025,53,FLEXIBLE,PUBLIC,3,1,0.250000,0.231690,14,13,0.016549,0.005452,0.017486,0.019329,0.926761,0.263158,0,0,0.565493
cmp-01170,0.500000,8236000.000000,15.924025,53,FLEXIBLE,PUBLIC,3,1,0.500000,0.309568,22,20,0.014071,0.003402,0.011682,0.026054,0.619136,0.185185,0,0,0.565493
cmp-01171,0.150000,3248000.000000,14.993550,45,STRICT,PUBLIC,3,2,0.150000,0.618504,20,20,0.030925,0.057622,0.091630,0.009974,4.123358,0.130435,0,0,0.999384
cmp-01171,0.250000,3248000.000000,14.993550,45,STRICT,PUBLIC,3,2,0.250000,0.777709,26,25,0.029912,0.035379,0.069130,0.006586,3.110837,0.103448,0,0,0.999384
cmp-01171,0.500000,3248000.000000,14.993550,45,STRICT,PUBLIC,3,2,0.500000,0.999384,36,33,0.027761,0.000944,0.044417,0.000027,1.998768,0.108696,0,0,0.999384
cmp-01172,0.150000,63764000.000000,17.970699,27,FLEXIBLE,PRIVATE_LINK,1,1,0.150000,0.142809,68,67,0.002100,0.031930,0.035262,0.037350,0.952063,0.093333,0,0,0.371942
cmp-01172,0.250000,63764000.000000,17.970699,27,FLEXIBLE,PRIVATE_LINK,1,1,0.250000,0.191937,94,93,0.002042,0.018196,0.028435,0.039904,0.767750,0.096154,0,0,0.371942
cmp-01172,0.500000,63764000.000000,17.970699,27,FLEXIBLE,PRIVATE_LINK,1,1,0.500000,0.237560,123,119,0.001931,0.008087,0.017597,0.056477,0.475121,0.115108,0,0,0.371942
cmp-01173,0.150000,10659000.000000,16.181915,81,STRICT,PUBLIC,2,3,0.150000,0.670832,47,43,0.014273,0.047345,0.055213,0.004781,4.472214,0.113208,0,0,0.999456
cmp-01173,0.250000,10659000.000000,16.181915,81,STRICT,PUBLIC,2,3,0.250000,0.897936,63,54,0.014253,0.028038,0.044343,0.001680,3.591744,0.100000,0,0,0.999456
cmp-01173,0.500000,10659000.000000,16.181915,81,STRICT,PUBLIC,2,3,0.500000,0.999456,74,60,0.013506,0.000142,0.024678,0.000013,1.998912,0.110092,0,0,0.999456
cmp-01174,0.150000,1468000.000000,14.199411,57,FLEXIBLE,PUBLIC,6,3,0.150000,0.312943,5,3,0.062589,0.024117,0.036601,0.014181,2.086285,0.166667,0,1,1.294891
cmp-01174,0.250000,1468000.000000,14.199411,57,FLEXIBLE,PUBLIC,6,3,0.250000,0.312943,5,3,0.062589,0.000000,0.021961,0.016072,1.251771,0.285714,0,1,1.294891
cmp-01174,0.500000,1468000.000000,14.199411,57,FLEXIBLE,PUBLIC,6,3,0.500000,0.590463,9,7,0.065607,0.001338,0.020718,0.014370,1.180926,0.181818,0,1,1.294891
cmp-01175,0.150000,6127000.000000,15.628216,50,FLEXIBLE,PUBLIC,4,3,0.150000,0.284446,15,14,0.018963,0.014072,0.037926,0.016837,1.896306,0.117647,0,1,1.096785
cmp-01175,0.250000,6127000.000000,15.628216,50,FLEXIBLE,PUBLIC,4,3,0.250000,0.350498,18,17,0.019472,0.013210,0.028040,0.017320,1.401991,0.100000,0,1,1.096785
cmp-01175,0.500000,6127000.000000,15.628216,50,FLEXIBLE,PUBLIC,4,3,0.500000,0.465171,25,23,0.018607,0.010635,0.018607,0.021393,0.930341,0.107143,0,1,1.096785
cmp-01176,0.150000,14498000.000000,16.489521,34,FLEXIBLE,PUBLIC,3,1,0.150000,0.295227,30,28,0.009841,0.037171,0.057888,0.024387,1.968180,0.166667,0,1,1.058325
cmp-01176,0.250000,14498000.000000,16.489521,34,FLEXIBLE,PUBLIC,3,1,0.250000,0.392758,42,39,0.009351,0.028685,0.046207,0.023813,1.571030,0.176471,0,1,1.058325
cmp-01176,0.500000,14498000.000000,16.489521,34,FLEXIBLE,PUBLIC,3,1,0.500000,0.610684,60,54,0.010178,0.013422,0.035923,0.022901,1.221368,0.130435,0,1,1.058325
cmp-01177,0.150000,1349000.000000,14.114874,56,CLOSE_ON_TARGET,PUBLIC,3,3,0.150000,0.335063,5,3,0.067013,0.030022,0.039888,0.013969,2.233753,0.000000,0,1,1.075463
cmp-01177,0.250000,1349000.000000,14.114874,56,CLOSE_ON_TARGET,PUBLIC,3,3,0.250000,0.560712,8,6,0.070089,0.040294,0.040051,0.010459,2.242847,0.000000,0,1,1.075463
cmp-01178,0.150000,6154000.000000,15.632613,50,FLEXIBLE,PUBLIC,5,3,0.150000,0.681524,64,57,0.010649,0.070978,0.090870,0.007494,4.543495,0.146667,0,1,1.800097
cmp-01178,0.250000,6154000.000000,15.632613,50,FLEXIBLE,PUBLIC,5,3,0.250000,0.834693,83,73,0.010057,0.030634,0.066775,0.004408,3.338772,0.126316,0,1,1.800097
cmp-01178,0.500000,6154000.000000,15.632613,50,FLEXIBLE,PUBLIC,5,3,0.500000,1.169532,122,94,0.009586,0.022502,0.046781,0.000000,2.339064,0.128571,1,1,1.800097
cmp-01179,0.150000,5120000.000000,15.448665,17,FLEXIBLE,PUBLIC,3,2,0.150000,0.555547,38,34,0.014620,0.189913,0.217862,0.030758,3.703646,0.173913,0,1,1.576680
cmp-01179,0.250000,5120000.000000,15.448665,17,FLEXIBLE,PUBLIC,3,2,0.250000,0.788340,51,45,0.015458,0.136937,0.185492,0.016601,3.153359,0.150000,0,1,1.576680
cmp-01179,0.500000,5120000.000000,15.448665,17,FLEXIBLE,PUBLIC,3,2,0.500000,1.059844,71,61,0.014927,0.094359,0.124687,0.000000,2.119687,0.134146,1,1,1.576680
cmp-01180,0.150000,13045000.000000,16.383915,22,FLEXIBLE,PUBLIC,8,1,0.150000,0.491261,61,58,0.008053,0.140925,0.148867,0.027205,3.275073,0.115942,0,1,1.537693
cmp-01180,0.250000,13045000.000000,16.383915,22,FLEXIBLE,PUBLIC,8,1,0.250000,0.617662,74,67,0.008347,0.057455,0.112302,0.023172,2.470648,0.119048,0,1,1.537693
cmp-01180,0.500000,13045000.000000,16.383915,22,FLEXIBLE,PUBLIC,8,1,0.500000,0.806961,108,90,0.007472,0.023185,0.073360,0.017549,1.613921,0.129032,0,1,1.537693
cmp-01181,0.150000,1429000.000000,14.172485,34,STRICT,PUBLIC,1,1,0.150000,0.497481,8,8,0.062185,0.075865,0.097545,0.017388,3.316538,0.000000,0,0,0.997341
cmp-01181,0.250000,1429000.000000,14.172485,34,STRICT,PUBLIC,1,1,0.250000,0.722253,10,10,0.072225,0.066110,0.084971,0.010892,2.889013,0.000000,0,0,0.997341
cmp-01181,0.500000,1429000.000000,14.172485,34,STRICT,PUBLIC,1,1,0.500000,0.973968,13,11,0.074921,0.000000,0.057292,0.001531,1.947936,0.000000,0,0,0.997341
cmp-01182,0.150000,4264000.000000,15.265718,68,STRICT,PUBLIC,5,1,0.150000,0.338344,14,14,0.024167,0.022738,0.033171,0.011447,2.255629,0.176471,0,0,0.981567
cmp-01182,0.250000,4264000.000000,15.265718,68,STRICT,PUBLIC,5,1,0.250000,0.453541,19,18,0.023871,0.016941,0.026679,0.010715,1.814165,0.208333,0,0,0.981567
cmp-01182,0.500000,4264000.000000,15.265718,68,STRICT,PUBLIC,5,1,0.500000,0.604315,27,24,0.022382,0.005591,0.017774,0.011638,1.208630,0.156250,0,0,0.981567
cmp-01183,0.150000,24885000.000000,17.029776,67,FLEXIBLE,PRIVATE_LINK,4,2,0.150000,0.097388,30,29,0.003246,0.008997,0.009690,0.015849,0.649253,0.189189,0,0,0.581648
cmp-01183,0.250000,24885000.000000,17.029776,67,FLEXIBLE,PRIVATE_LINK,4,2,0.250000,0.181961,46,45,0.003956,0.012623,0.010863,0.016279,0.727844,0.132075,0,0,0.581648
cmp-01183,0.500000,24885000.000000,17.029776,67,FLEXIBLE,PRIVATE_LINK,4,2,0.500000,0.304436,69,64,0.004412,0.007589,0.009088,0.020763,0.608873,0.115385,0,0,0.581648
cmp-01184,0.150000,4320000.000000,15.278766,41,CLOSE_ON_TARGET,PUBLIC,2,1,0.150000,0.817292,47,36,0.017389,0.072058,0.132893,0.005243,5.448611,0.189655,0,1,1.003866
cmp-01185,0.150000,14825000.000000,16.511826,49,STRICT,PUBLIC,1,2,0.150000,0.376526,85,79,0.004430,0.044639,0.051228,0.014969,2.510174,0.123711,0,0,0.999906
cmp-01185,0.250000,14825000.000000,16.511826,49,STRICT,PUBLIC,1,2,0.250000,0.535899,106,97,0.005056,0.032525,0.043747,0.012629,2.143595,0.109244,0,0,0.999906
cmp-01185,0.500000,14825000.000000,16.511826,49,STRICT,PUBLIC,1,2,0.500000,0.741329,154,133,0.004814,0.007907,0.030258,0.010558,1.482658,0.120000,0,0,0.999906
cmp-01186,0.150000,4505000.000000,15.320698,74,FLEXIBLE,PUBLIC,5,1,0.150000,0.512697,34,30,0.015079,0.035645,0.046189,0.007747,3.417980,0.105263,0,1,1.990966
cmp-01186,0.250000,4505000.000000,15.320698,74,FLEXIBLE,PUBLIC,5,1,0.250000,0.738491,48,39,0.015385,0.030513,0.039918,0.004712,2.953962,0.111111,0,1,1.990966
cmp-01186,0.500000,4505000.000000,15.320698,74,FLEXIBLE,PUBLIC,5,1,0.500000,1.120422,67,48,0.016723,0.021364,0.030282,0.000000,2.240844,0.106667,1,1,1.990966
cmp-01187,0.150000,2473000.000000,14.720943,24,STRICT,PUBLIC,3,2,0.150000,0.388071,6,6,0.064679,0.110999,0.107798,0.029997,2.587141,0.000000,0,0,0.629761
cmp-01187,0.250000,2473000.000000,14.720943,24,STRICT,PUBLIC,3,2,0.250000,0.433765,8,8,0.054221,0.019039,0.072294,0.031458,1.735059,0.000000,0,0,0.629761
cmp-01187,0.500000,2473000.000000,14.720943,24,STRICT,PUBLIC,3,2,0.500000,0.494177,10,10,0.049418,0.000000,0.041181,0.042152,0.988354,0.000000,0,0,0.629761
cmp-01188,0.150000,9693000.000000,16.086915,29,CLOSE_ON_TARGET,PUBLIC,1,3,0.150000,0.082854,26,26,0.003187,0.009683,0.019047,0.037207,0.552357,0.037037,0,0,0.596822
cmp-01188,0.250000,9693000.000000,16.086915,29,CLOSE_ON_TARGET,PUBLIC,1,3,0.250000,0.184546,36,36,0.005126,0.035066,0.025455,0.037492,0.738182,0.076923,0,0,0.596822
cmp-01188,0.500000,9693000.000000,16.086915,29,CLOSE_ON_TARGET,PUBLIC,1,3,0.500000,0.326968,53,52,0.006169,0.015265,0.022550,0.046416,0.653936,0.116667,0,0,0.596822
cmp-01189,0.150000,7788000.000000,15.868095,28,FLEXIBLE,PUBLIC,0,1,0.150000,0.199718,15,14,0.013315,0.021186,0.047552,0.033625,1.331450,0.117647,0,1,1.150847
cmp-01189,0.250000,7788000.000000,15.868095,28,FLEXIBLE,PUBLIC,0,1,0.250000,0.411287,22,21,0.018695,0.075560,0.058755,0.028034,1.645146,0.083333,0,1,1.150847
cmp-01189,0.500000,7788000.000000,15.868095,28,FLEXIBLE,PUBLIC,0,1,0.500000,0.575706,29,27,0.019852,0.017376,0.041122,0.030307,1.151412,0.093750,0,1,1.150847
cmp-01190,0.150000,15375000.000000,16.548253,85,STRICT,PRIVATE_LINK,0,2,0.150000,0.036156,9,9,0.004017,0.001646,0.002836,0.013340,0.241041,0.100000,0,0,0.257021
cmp-01190,0.250000,15375000.000000,16.548253,85,STRICT,PRIVATE_LINK,0,2,0.250000,0.093431,18,18,0.005191,0.006738,0.004397,0.014221,0.373724,0.100000,0,0,0.257021
cmp-01190,0.500000,15375000.000000,16.548253,85,STRICT,PRIVATE_LINK,0,2,0.500000,0.118784,22,21,0.005399,0.000000,0.002795,0.020735,0.237567,0.120000,0,0,0.257021
cmp-01191,0.150000,1819000.000000,14.413797,52,FLEXIBLE,PRIVATE_LINK,1,1,0.150000,0.366795,5,5,0.073359,0.053664,0.047025,0.014326,2.445300,0.166667,0,1,1.046619
cmp-01191,0.250000,1819000.000000,14.413797,52,FLEXIBLE,PRIVATE_LINK,1,1,0.250000,0.366795,5,5,0.073359,0.000000,0.028215,0.016236,1.467180,0.285714,0,1,1.046619
cmp-01191,0.500000,1819000.000000,14.413797,52,FLEXIBLE,PRIVATE_LINK,1,1,0.500000,0.801594,9,9,0.089066,0.039656,0.030831,0.007631,1.603189,0.250000,0,1,1.046619
cmp-01192,0.150000,9597000.000000,16.076961,84,STRICT,PRIVATE_LINK,2,2,0.150000,0.604230,53,46,0.011401,0.045988,0.047955,0.005543,4.028203,0.070175,0,0,0.999823
cmp-01192,0.250000,9597000.000000,16.076961,84,STRICT,PRIVATE_LINK,2,2,0.250000,0.858831,67,58,0.012818,0.030310,0.040897,0.002241,3.435324,0.118421,0,0,0.999823
cmp-01192,0.500000,9597000.000000,16.076961,84,STRICT,PRIVATE_LINK,2,2,0.500000,0.998687,83,70,0.012032,0.000000,0.023778,0.000031,1.997374,0.123810,0,0,0.999823
cmp-01194,0.150000,6949000.000000,15.754108,76,STRICT,PUBLIC,3,3,0.150000,0.270312,12,11,0.022526,0.030593,0.023712,0.011295,1.802082,0.142857,0,0,0.716017
cmp-01194,0.250000,6949000.000000,15.754108,76,STRICT,PUBLIC,3,3,0.250000,0.277594,13,12,0.021353,0.000958,0.014610,0.012674,1.110376,0.133333,0,0,0.716017
cmp-01194,0.500000,6949000.000000,15.754108,76,STRICT,PUBLIC,3,3,0.500000,0.400849,18,17,0.022269,0.000000,0.010549,0.015767,0.801698,0.100000,0,0,0.716017
cmp-01195,0.150000,4210000.000000,15.252973,72,STRICT,PUBLIC,2,1,0.150000,0.463492,14,14,0.033107,0.038615,0.042916,0.008766,3.089945,0.125000,0,0,0.835107
cmp-01195,0.250000,4210000.000000,15.252973,72,STRICT,PUBLIC,2,1,0.250000,0.463492,14,14,0.033107,0.000000,0.025750,0.009935,1.853967,0.176471,0,0,0.835107
cmp-01195,0.500000,4210000.000000,15.252973,72,STRICT,PUBLIC,2,1,0.500000,0.471188,16,16,0.029449,0.000000,0.013089,0.014689,0.942375,0.238095,0,0,0.835107
cmp-01196,0.150000,3111000.000000,14.950455,43,FLEXIBLE,PUBLIC,2,1,0.150000,0.681003,17,15,0.040059,0.076667,0.105582,0.008728,4.540019,0.055556,0,1,2.205400
cmp-01196,0.250000,3111000.000000,14.950455,43,FLEXIBLE,PUBLIC,2,1,0.250000,0.891225,24,22,0.037134,0.048889,0.082905,0.003373,3.564899,0.040000,0,1,2.205400
cmp-01196,0.500000,3111000.000000,14.950455,43,FLEXIBLE,PUBLIC,2,1,0.500000,1.288332,33,26,0.039040,0.063585,0.059922,0.000000,2.576663,0.029412,1,1,2.205400
cmp-01197,0.150000,6316000.000000,15.658597,88,STRICT,PUBLIC,4,2,0.150000,0.096960,8,8,0.012120,0.005937,0.007345,0.012073,0.646401,0.111111,0,0,0.990231
cmp-01197,0.250000,6316000.000000,15.658597,88,STRICT,PUBLIC,4,2,0.250000,0.408803,14,14,0.029200,0.035437,0.018582,0.008958,1.635212,0.066667,0,0,0.990231
cmp-01197,0.500000,6316000.000000,15.658597,88,STRICT,PUBLIC,4,2,0.500000,0.651615,22,20,0.029619,0.010586,0.014809,0.007918,1.303230,0.083333,0,0,0.990231
cmp-01198,0.150000,6966000.000000,15.756552,80,FLEXIBLE,PRIVATE_LINK,1,3,0.150000,0.214485,21,19,0.010214,0.017718,0.017874,0.011552,1.429898,0.086957,0,0,0.752771
cmp-01198,0.250000,6966000.000000,15.756552,80,FLEXIBLE,PRIVATE_LINK,1,3,0.250000,0.313767,28,26,0.011206,0.012410,0.015688,0.011437,1.255067,0.096774,0,0,0.752771
cmp-01198,0.500000,6966000.000000,15.756552,80,FLEXIBLE,PRIVATE_LINK,1,3,0.500000,0.528510,42,38,0.012584,0.005215,0.013213,0.011787,1.057020,0.086957,0,0,0.752771
cmp-01199,0.150000,4300000.000000,15.274126,47,FLEXIBLE,PUBLIC,0,1,0.150000,0.065233,3,3,0.021744,0.004745,0.009253,0.023398,0.434884,0.400000,0,0,0.601163
cmp-01199,0.250000,4300000.000000,15.274126,47,FLEXIBLE,PUBLIC,0,1,0.250000,0.164326,5,4,0.032865,0.021084,0.013985,0.023707,0.657302,0.285714,0,0,0.601163
cmp-01199,0.500000,4300000.000000,15.274126,47,FLEXIBLE,PUBLIC,0,1,0.500000,0.387674,8,6,0.048459,0.042128,0.016497,0.026056,0.775349,0.200000,0,0,0.601163
cmp-01200,0.150000,9145000.000000,16.028718,79,FLEXIBLE,PRIVATE_LINK,2,3,0.150000,0.503138,38,37,0.013240,0.043614,0.042459,0.007399,3.354256,0.095238,0,1,1.389218
cmp-01200,0.250000,9145000.000000,16.028718,79,FLEXIBLE,PRIVATE_LINK,2,3,0.250000,0.622592,54,49,0.011529,0.015121,0.031524,0.006370,2.490366,0.100000,0,1,1.389218
cmp-01200,0.500000,9145000.000000,16.028718,79,FLEXIBLE,PRIVATE_LINK,2,3,0.500000,0.892488,83,73,0.010753,0.020924,0.022595,0.002722,1.784975,0.107527,0,1,1.389218
cmp-01201,0.150000,7545000.000000,15.836396,49,FLEXIBLE,PUBLIC,5,2,0.150000,0.328761,30,29,0.010959,0.025169,0.044729,0.016116,2.191738,0.062500,0,1,1.130417
cmp-01201,0.250000,7545000.000000,15.836396,49,FLEXIBLE,PUBLIC,5,2,0.250000,0.483048,41,37,0.011782,0.031487,0.039433,0.014067,1.932194,0.068182,0,1,1.130417
cmp-01201,0.500000,7545000.000000,15.836396,49,FLEXIBLE,PUBLIC,5,2,0.500000,0.587541,57,50,0.010308,0.007249,0.023981,0.016835,1.175083,0.065574,0,1,1.130417
cmp-01202,0.150000,5062000.000000,15.437272,56,FLEXIBLE,PUBLIC,1,1,0.150000,1.152785,43,36,0.026809,0.109891,0.137236,0.000000,7.685236,0.065217,1,1,3.151264
cmp-01202,0.250000,5062000.000000,15.437272,56,FLEXIBLE,PUBLIC,1,1,0.250000,1.189016,45,37,0.026423,0.006470,0.084930,0.000000,4.756065,0.100000,1,1,3.151264
cmp-01202,0.500000,5062000.000000,15.437272,56,FLEXIBLE,PUBLIC,1,1,0.500000,1.575583,60,43,0.026260,0.014150,0.056271,0.000000,3.151166,0.076923,1,1,3.151264
cmp-01203,0.150000,8728000.000000,15.982047,82,STRICT,PUBLIC,4,1,0.150000,0.541155,76,65,0.007120,0.033706,0.043996,0.006583,3.607699,0.146067,0,0,0.999885
cmp-01203,0.250000,8728000.000000,15.982047,82,STRICT,PUBLIC,4,1,0.250000,0.719260,107,88,0.006722,0.021720,0.035086,0.004565,2.877039,0.130081,0,0,0.999885
cmp-01203,0.500000,8728000.000000,15.982047,82,STRICT,PUBLIC,4,1,0.500000,0.904239,133,108,0.006799,0.004762,0.022055,0.002336,1.808478,0.158228,0,0,0.999885
cmp-01204,0.150000,11352000.000000,16.244904,62,STRICT,PUBLIC,1,1,0.150000,0.631836,114,103,0.005542,0.055616,0.067939,0.006986,4.212239,0.129771,0,0,0.999806
cmp-01204,0.250000,11352000.000000,16.244904,62,STRICT,PUBLIC,1,1,0.250000,0.813724,152,132,0.005353,0.029337,0.052498,0.004006,3.254898,0.116279,0,0,0.999806
cmp-01204,0.500000,11352000.000000,16.244904,62,STRICT,PUBLIC,1,1,0.500000,0.999806,179,147,0.005586,0.000000,0.032252,0.000006,1.999612,0.122881,0,0,0.999806
cmp-01205,0.150000,5858000.000000,15.583319,68,CLOSE_ON_TARGET,PUBLIC,1,1,0.150000,0.421287,49,42,0.008598,0.040779,0.041303,0.010012,2.808581,0.092593,0,1,1.058604
cmp-01205,0.250000,5858000.000000,15.583319,68,CLOSE_ON_TARGET,PUBLIC,1,1,0.250000,0.559645,70,61,0.007995,0.020347,0.032920,0.008634,2.238580,0.090909,0,1,1.058604
cmp-01205,0.500000,5858000.000000,15.583319,68,CLOSE_ON_TARGET,PUBLIC,1,1,0.500000,0.886514,110,89,0.008059,0.013948,0.026074,0.003338,1.773028,0.105691,0,1,1.058604
cmp-01206,0.150000,2809000.000000,14.848339,42,CLOSE_ON_TARGET,PUBLIC,2,3,0.150000,0.167497,9,8,0.018611,0.012765,0.026587,0.023319,1.116649,0.307692,0,0,0.828124
cmp-01206,0.250000,2809000.000000,14.848339,42,CLOSE_ON_TARGET,PUBLIC,2,3,0.250000,0.282129,14,13,0.020152,0.027293,0.026869,0.022790,1.128515,0.222222,0,0,0.828124
cmp-01206,0.500000,2809000.000000,14.848339,42,CLOSE_ON_TARGET,PUBLIC,2,3,0.500000,0.481168,20,17,0.024058,0.033142,0.022913,0.024706,0.962335,0.166667,0,0,0.828124
cmp-01207,0.150000,2738000.000000,14.822738,30,FLEXIBLE,PUBLIC,3,2,0.150000,0.198977,6,6,0.033163,0.025870,0.044217,0.031413,1.326516,0.000000,0,0,0.993535
cmp-01207,0.250000,2738000.000000,14.822738,30,FLEXIBLE,PUBLIC,3,2,0.250000,0.208145,7,7,0.029735,0.003056,0.027753,0.035194,0.832579,0.000000,0,0,0.993535
cmp-01207,0.500000,2738000.000000,14.822738,30,FLEXIBLE,PUBLIC,3,2,0.500000,0.386450,10,10,0.038645,0.003920,0.025763,0.040903,0.772900,0.000000,0,0,0.993535
cmp-01208,0.150000,16704000.000000,16.631159,82,STRICT,PUBLIC,3,3,0.150000,0.671264,100,83,0.006713,0.045118,0.054574,0.004716,4.475096,0.180328,0,0,0.999647
cmp-01208,0.250000,16704000.000000,16.631159,82,STRICT,PUBLIC,3,3,0.250000,0.884159,132,108,0.006698,0.025963,0.043130,0.001884,3.536638,0.153846,0,0,0.999647
cmp-01208,0.500000,16704000.000000,16.631159,82,STRICT,PUBLIC,3,3,0.500000,0.999467,153,119,0.006532,0.000000,0.024377,0.000013,1.998934,0.146226,0,0,0.999647
cmp-01209,0.150000,3132000.000000,14.957182,47,CLOSE_ON_TARGET,PUBLIC,3,2,0.150000,0.938155,30,24,0.031272,0.098659,0.133072,0.001548,6.254364,0.090909,0,1,1.058397
cmp-01210,0.150000,27781000.000000,17.139863,42,FLEXIBLE,PUBLIC,4,2,0.150000,0.536392,97,83,0.005530,0.058966,0.085142,0.012986,3.575945,0.101852,0,1,1.822728
cmp-01210,0.250000,27781000.000000,17.139863,42,FLEXIBLE,PUBLIC,4,2,0.250000,0.711558,126,103,0.005647,0.041706,0.067767,0.009157,2.846233,0.100000,0,1,1.822728
cmp-01210,0.500000,27781000.000000,17.139863,42,FLEXIBLE,PUBLIC,4,2,0.500000,1.018563,170,137,0.005992,0.032098,0.048503,0.000000,2.037126,0.105263,1,1,1.822728
cmp-01211,0.150000,8140000.000000,15.912301,86,STRICT,PRIVATE_LINK,2,1,0.150000,0.318661,20,17,0.015933,0.030580,0.024702,0.009321,2.124406,0.130435,0,0,0.998956
cmp-01211,0.250000,8140000.000000,15.912301,86,STRICT,PRIVATE_LINK,2,1,0.250000,0.356892,25,22,0.014276,0.004445,0.016600,0.009971,1.427568,0.166667,0,0,0.998956
cmp-01211,0.500000,8140000.000000,15.912301,86,STRICT,PRIVATE_LINK,2,1,0.500000,0.766020,40,34,0.019150,0.009828,0.017814,0.005441,1.532039,0.148936,0,0,0.998956
cmp-01212,0.150000,4840000.000000,15.392425,24,CLOSE_ON_TARGET,PRIVATE_LINK,1,3,0.150000,0.297438,6,6,0.049573,0.097039,0.082622,0.034439,1.982920,0.142857,0,0,0.794959
cmp-01212,0.250000,4840000.000000,15.392425,24,CLOSE_ON_TARGET,PRIVATE_LINK,1,3,0.250000,0.337169,10,10,0.033717,0.016555,0.056195,0.036824,1.348678,0.090909,0,0,0.794959
cmp-01212,0.500000,4840000.000000,15.392425,24,CLOSE_ON_TARGET,PRIVATE_LINK,1,3,0.500000,0.490620,16,14,0.030664,0.044809,0.040885,0.042448,0.981240,0.058824,0,0,0.794959
cmp-01213,0.150000,20243000.000000,16.823320,58,STRICT,PUBLIC,5,3,0.150000,0.250556,62,59,0.004041,0.026659,0.028800,0.015202,1.670372,0.150685,0,0,0.996537
cmp-01213,0.250000,20243000.000000,16.823320,58,STRICT,PUBLIC,5,3,0.250000,0.412686,91,85,0.004535,0.027953,0.028461,0.013501,1.650743,0.157407,0,0,0.996537
cmp-01213,0.500000,20243000.000000,16.823320,58,STRICT,PUBLIC,5,3,0.500000,0.518298,117,109,0.004430,0.001480,0.017872,0.016610,1.036595,0.133333,0,0,0.996537
cmp-01214,0.150000,13596000.000000,16.425286,36,CLOSE_ON_TARGET,PUBLIC,1,1,0.150000,0.205229,29,28,0.007077,0.034573,0.038005,0.025973,1.368197,0.171429,0,0,0.748014
cmp-01214,0.250000,13596000.000000,16.425286,36,CLOSE_ON_TARGET,PUBLIC,1,1,0.250000,0.270256,40,38,0.006756,0.018063,0.030028,0.027028,1.081024,0.130435,0,0,0.748014
cmp-01214,0.500000,13596000.000000,16.425286,36,CLOSE_ON_TARGET,PUBLIC,1,1,0.500000,0.493211,60,56,0.008220,0.013106,0.027401,0.028155,0.986422,0.104478,0,0,0.748014
cmp-01215,0.150000,2002000.000000,14.509657,32,FLEXIBLE,PUBLIC,5,3,0.150000,0.885914,28,22,0.031640,0.180148,0.184565,0.004194,5.906094,0.200000,0,1,2.916833
cmp-01215,0.250000,2002000.000000,14.509657,32,FLEXIBLE,PUBLIC,5,3,0.250000,1.403097,40,30,0.035077,0.161620,0.175387,0.000000,5.612388,0.183673,1,1,2.916833
cmp-01215,0.500000,2002000.000000,14.509657,32,FLEXIBLE,PUBLIC,5,3,0.500000,1.801698,50,34,0.036034,0.020199,0.112606,0.000000,3.603397,0.166667,1,1,2.916833
cmp-01216,0.150000,8585000.000000,15.965527,22,CLOSE_ON_TARGET,PRIVATE_LINK,5,1,0.150000,0.795154,75,63,0.010602,0.197681,0.240956,0.010954,5.301029,0.157303,0,1,1.005381
cmp-01216,0.250000,8585000.000000,15.965527,22,CLOSE_ON_TARGET,PRIVATE_LINK,5,1,0.250000,0.992883,89,73,0.011156,0.089877,0.180524,0.000431,3.971532,0.135922,0,1,1.005381
cmp-01217,0.150000,5991000.000000,15.605769,45,STRICT,PUBLIC,0,2,0.150000,0.523318,27,23,0.019382,0.089048,0.077529,0.012462,3.488789,0.100000,0,0,0.998181
cmp-01217,0.250000,5991000.000000,15.605769,45,STRICT,PUBLIC,0,2,0.250000,0.620714,35,29,0.017735,0.021644,0.055175,0.011238,2.482858,0.102564,0,0,0.998181
cmp-01217,0.500000,5991000.000000,15.605769,45,STRICT,PUBLIC,0,2,0.500000,0.973527,50,40,0.019471,0.044508,0.043268,0.001177,1.947054,0.122807,0,0,0.998181
cmp-01218,0.150000,17013000.000000,16.649488,20,FLEXIBLE,PUBLIC,2,3,0.150000,0.655246,47,45,0.013941,0.155208,0.218415,0.020280,4.368307,0.060000,0,1,1.636261
cmp-01218,0.250000,17013000.000000,16.649488,20,FLEXIBLE,PUBLIC,2,3,0.250000,0.798836,61,55,0.013096,0.071795,0.159767,0.013411,3.195345,0.061538,0,1,1.636261
cmp-01218,0.500000,17013000.000000,16.649488,20,FLEXIBLE,PUBLIC,2,3,0.500000,1.035961,82,65,0.012634,0.046600,0.103596,0.000000,2.071921,0.057471,1,1,1.636261
cmp-01219,0.150000,5417000.000000,15.505053,37,FLEXIBLE,PUBLIC,1,3,0.150000,1.350877,105,79,0.012865,0.189294,0.243401,0.000000,9.005846,0.054054,1,1,3.246742
cmp-01219,0.250000,5417000.000000,15.505053,37,FLEXIBLE,PUBLIC,1,3,0.250000,1.633930,138,98,0.011840,0.076501,0.176641,0.000000,6.535721,0.080000,1,1,3.246742
cmp-01219,0.500000,5417000.000000,15.505053,37,FLEXIBLE,PUBLIC,1,3,0.500000,2.144766,194,123,0.011055,0.045073,0.115933,0.000000,4.289533,0.101852,1,1,3.246742
cmp-01220,0.150000,11918000.000000,16.293560,20,FLEXIBLE,PUBLIC,0,1,0.150000,0.352391,16,15,0.022024,0.093770,0.117464,0.038095,2.349276,0.111111,0,0,0.794789
cmp-01220,0.250000,11918000.000000,16.293560,20,FLEXIBLE,PUBLIC,0,1,0.250000,0.385165,17,16,0.022657,0.016387,0.077033,0.040989,1.540661,0.150000,0,0,0.794789
cmp-01220,0.500000,11918000.000000,16.293560,20,FLEXIBLE,PUBLIC,0,1,0.500000,0.474090,21,20,0.022576,0.021405,0.047409,0.052591,0.948179,0.125000,0,0,0.794789
cmp-01221,0.150000,2790000.000000,14.841552,77,FLEXIBLE,PUBLIC,3,1,0.150000,0.482581,29,24,0.016641,0.029963,0.041782,0.007906,3.217204,0.000000,0,1,2.095484
cmp-01221,0.250000,2790000.000000,14.841552,77,FLEXIBLE,PUBLIC,3,1,0.250000,0.640896,38,30,0.016866,0.020560,0.033293,0.006218,2.563584,0.000000,0,1,2.095484
cmp-01221,0.500000,2790000.000000,14.841552,77,FLEXIBLE,PUBLIC,3,1,0.500000,1.199462,59,40,0.020330,0.024415,0.031155,0.000000,2.398925,0.032787,1,1,2.095484
cmp-01222,0.150000,2574000.000000,14.760972,58,FLEXIBLE,PUBLIC,3,2,0.150000,0.307265,5,5,0.061453,0.043304,0.035318,0.014051,2.048433,0.166667,0,0,0.750389
cmp-01222,0.250000,2574000.000000,14.760972,58,FLEXIBLE,PUBLIC,3,2,0.250000,0.307265,5,5,0.061453,0.000000,0.021191,0.015925,1.229060,0.166667,0,0,0.750389
cmp-01222,0.500000,2574000.000000,14.760972,58,FLEXIBLE,PUBLIC,3,2,0.500000,0.526457,8,8,0.065807,0.011903,0.018154,0.016329,1.052914,0.200000,0,0,0.750389
cmp-01223,0.150000,16089000.000000,16.593646,41,FLEXIBLE,PUBLIC,2,1,0.150000,0.166878,34,34,0.004908,0.024604,0.027135,0.023906,1.112520,0.128205,0,0,0.783591
cmp-01223,0.250000,16089000.000000,16.593646,41,FLEXIBLE,PUBLIC,2,1,0.250000,0.268158,56,55,0.004789,0.024703,0.026162,0.023800,1.072633,0.125000,0,0,0.783591
cmp-01223,0.500000,16089000.000000,16.593646,41,FLEXIBLE,PUBLIC,2,1,0.500000,0.392796,81,76,0.004849,0.011177,0.019161,0.029620,0.785593,0.147368,0,0,0.783591
cmp-01224,0.150000,8188000.000000,15.918180,47,FLEXIBLE,PRIVATE_LINK,4,1,0.150000,0.259502,18,18,0.014417,0.019546,0.036809,0.018536,1.730011,0.142857,0,1,1.173473
cmp-01224,0.250000,8188000.000000,15.918180,47,FLEXIBLE,PRIVATE_LINK,4,1,0.250000,0.689509,25,24,0.027580,0.091491,0.058682,0.008808,2.758036,0.137931,0,1,1.173473
cmp-01224,0.500000,8188000.000000,15.918180,47,FLEXIBLE,PRIVATE_LINK,4,1,0.500000,0.825147,34,32,0.024269,0.010566,0.035113,0.007441,1.650293,0.128205,0,1,1.173473
cmp-01225,0.150000,1954000.000000,14.485389,23,FLEXIBLE,PUBLIC,2,3,0.150000,0.409417,11,8,0.037220,0.149526,0.118671,0.030209,2.729444,0.083333,0,1,2.849744
cmp-01225,0.250000,1954000.000000,14.485389,23,FLEXIBLE,PUBLIC,2,3,0.250000,0.766479,16,13,0.047905,0.155245,0.133301,0.013537,3.065916,0.058824,0,1,2.849744
cmp-01225,0.500000,1954000.000000,14.485389,23,FLEXIBLE,PUBLIC,2,3,0.500000,1.073286,20,15,0.053664,0.099773,0.093329,0.000000,2.146571,0.047619,1,1,2.849744
cmp-01226,0.150000,43960000.000000,17.598791,61,CLOSE_ON_TARGET,PUBLIC,3,2,0.150000,0.228321,126,119,0.001812,0.019760,0.024953,0.014883,1.522141,0.125000,0,0,0.799682
cmp-01226,0.250000,43960000.000000,17.598791,61,CLOSE_ON_TARGET,PUBLIC,3,2,0.250000,0.350462,178,161,0.001969,0.020023,0.022981,0.014198,1.401847,0.105528,0,0,0.799682
cmp-01226,0.500000,43960000.000000,17.598791,61,CLOSE_ON_TARGET,PUBLIC,3,2,0.500000,0.474647,248,224,0.001914,0.005110,0.015562,0.017225,0.949295,0.117438,0,0,0.799682
cmp-01227,0.150000,8140000.000000,15.912301,68,FLEXIBLE,PUBLIC,2,2,0.150000,0.415319,33,33,0.012585,0.032620,0.040718,0.010116,2.768796,0.108108,0,1,1.475504
cmp-01227,0.250000,8140000.000000,15.912301,68,FLEXIBLE,PUBLIC,2,2,0.250000,0.542948,44,43,0.012340,0.018769,0.031938,0.008962,2.171794,0.102041,0,1,1.475504
cmp-01227,0.500000,8140000.000000,15.912301,68,FLEXIBLE,PUBLIC,2,2,0.500000,0.651229,60,56,0.010854,0.006916,0.019154,0.010258,1.302457,0.117647,0,1,1.475504
cmp-01228,0.150000,11758000.000000,16.280044,20,FLEXIBLE,PRIVATE_LINK,7,1,0.150000,0.918234,86,79,0.010677,0.237485,0.306078,0.004810,6.121563,0.140000,0,1,2.538280
cmp-01228,0.250000,11758000.000000,16.280044,20,FLEXIBLE,PRIVATE_LINK,7,1,0.250000,1.220522,110,95,0.011096,0.151144,0.244104,0.000000,4.882089,0.140625,1,1,2.538280
cmp-01228,0.500000,11758000.000000,16.280044,20,FLEXIBLE,PRIVATE_LINK,7,1,0.500000,1.473924,153,126,0.009633,0.042439,0.147392,0.000000,2.947848,0.115607,1,1,2.538280
cmp-01229,0.150000,4636000.000000,15.349362,18,STRICT,PUBLIC,2,2,0.150000,0.394996,27,26,0.014629,0.122795,0.146295,0.039543,2.633305,0.100000,0,1,1.000000
cmp-01229,0.250000,4636000.000000,15.349362,18,STRICT,PUBLIC,2,2,0.250000,0.555328,43,39,0.012915,0.089073,0.123406,0.032939,2.221311,0.104167,0,1,1.000000
cmp-01229,0.500000,4636000.000000,15.349362,18,STRICT,PUBLIC,2,2,0.500000,0.658585,53,44,0.012426,0.019198,0.073176,0.037935,1.317170,0.116667,0,1,1.000000
cmp-01230,0.150000,13835000.000000,16.442712,74,FLEXIBLE,PUBLIC,3,2,0.150000,0.577275,31,29,0.018622,0.045073,0.052007,0.006721,3.848500,0.060606,0,1,1.889281
cmp-01230,0.250000,13835000.000000,16.442712,74,FLEXIBLE,PUBLIC,3,2,0.250000,0.772042,42,38,0.018382,0.026320,0.041732,0.004107,3.088168,0.066667,0,1,1.889281
cmp-01230,0.500000,13835000.000000,16.442712,74,FLEXIBLE,PUBLIC,3,2,0.500000,1.229476,64,54,0.019211,0.019919,0.033229,0.000000,2.458952,0.098592,1,1,1.889281
cmp-01231,0.150000,13337000.000000,16.406053,82,STRICT,PUBLIC,5,3,0.150000,0.935488,126,106,0.007425,0.066649,0.076056,0.000926,6.236585,0.106383,0,0,0.999925
cmp-01231,0.250000,13337000.000000,16.406053,82,STRICT,PUBLIC,5,3,0.250000,0.998883,136,112,0.007345,0.007731,0.048726,0.000018,3.995531,0.105263,0,0,0.999925
cmp-01231,0.500000,13337000.000000,16.406053,82,STRICT,PUBLIC,5,3,0.500000,0.999925,137,113,0.007299,0.000000,0.024388,0.000002,1.999850,0.093190,0,0,0.999925
cmp-01232,0.150000,2208000.000000,14.607598,80,FLEXIBLE,PUBLIC,2,2,0.150000,0.752174,9,8,0.083575,0.014561,0.062681,0.003645,5.014493,0.100000,0,1,1.479710
cmp-01232,0.250000,2208000.000000,14.607598,80,FLEXIBLE,PUBLIC,2,2,0.250000,0.812817,12,11,0.067735,0.007580,0.040641,0.003120,3.251268,0.076923,0,1,1.479710
cmp-01232,0.500000,2208000.000000,14.607598,80,FLEXIBLE,PUBLIC,2,2,0.500000,0.894384,13,12,0.068799,0.000000,0.022360,0.002640,1.788768,0.133333,0,1,1.479710
cmp-01233,0.150000,65611000.000000,17.999254,59,FLEXIBLE,PUBLIC,4,2,0.150000,0.189922,162,159,0.001172,0.018430,0.021460,0.016153,1.266149,0.100000,0,0,0.630115
cmp-01233,0.250000,65611000.000000,17.999254,59,FLEXIBLE,PUBLIC,4,2,0.250000,0.237232,209,201,0.001135,0.008018,0.016083,0.017238,0.948926,0.118143,0,0,0.630115
cmp-01233,0.500000,65611000.000000,17.999254,59,FLEXIBLE,PUBLIC,4,2,0.500000,0.343042,306,290,0.001121,0.007846,0.011629,0.022270,0.686083,0.120690,0,0,0.630115
cmp-01234,0.150000,19138000.000000,16.767186,25,FLEXIBLE,PUBLIC,2,1,0.150000,0.054708,6,6,0.009118,0.016811,0.014589,0.044484,0.364719,0.142857,0,0,0.205372
cmp-01234,0.250000,19138000.000000,16.767186,25,FLEXIBLE,PUBLIC,2,1,0.250000,0.087235,14,14,0.006231,0.013011,0.013958,0.048681,0.348939,0.125000,0,0,0.205372
cmp-01234,0.500000,19138000.000000,16.767186,25,FLEXIBLE,PUBLIC,2,1,0.500000,0.146034,22,21,0.006638,0.012580,0.011683,0.068317,0.292068,0.083333,0,0,0.205372
cmp-01235,0.150000,7256000.000000,15.797339,66,FLEXIBLE,PUBLIC,0,2,0.150000,0.348567,21,19,0.016598,0.007369,0.035209,0.011612,2.323778,0.086957,0,1,1.035915
cmp-01235,0.250000,7256000.000000,15.797339,66,FLEXIBLE,PUBLIC,0,2,0.250000,0.425634,27,25,0.015764,0.011677,0.025796,0.011603,1.702536,0.068966,0,1,1.035915
cmp-01235,0.500000,7256000.000000,15.797339,66,FLEXIBLE,PUBLIC,0,2,0.500000,0.740243,43,39,0.017215,0.024062,0.022432,0.007871,1.480485,0.065217,0,1,1.035915
cmp-01236,0.150000,13518000.000000,16.419533,80,FLEXIBLE,PUBLIC,2,2,0.150000,0.483363,78,69,0.006197,0.031821,0.040280,0.007598,3.222419,0.133333,0,1,1.674012
cmp-01236,0.250000,13518000.000000,16.419533,80,FLEXIBLE,PUBLIC,2,2,0.250000,0.633755,107,93,0.005923,0.018799,0.031688,0.006104,2.535020,0.122951,0,1,1.674012
cmp-01236,0.500000,13518000.000000,16.419533,80,FLEXIBLE,PUBLIC,2,2,0.500000,0.943461,161,128,0.005860,0.014140,0.023587,0.001413,1.886921,0.120219,0,1,1.674012
cmp-01237,0.150000,20713000.000000,16.846272,49,STRICT,PUBLIC,5,3,0.150000,0.123913,26,26,0.004766,0.009971,0.016859,0.021035,0.826083,0.133333,0,0,0.511722
cmp-01237,0.250000,20713000.000000,16.846272,49,STRICT,PUBLIC,5,3,0.250000,0.160614,38,37,0.004227,0.007490,0.013111,0.022840,0.642456,0.136364,0,0,0.511722
cmp-01237,0.500000,20713000.000000,16.846272,49,STRICT,PUBLIC,5,3,0.500000,0.237566,55,51,0.004319,0.000331,0.009697,0.031120,0.475132,0.112903,0,0,0.511722
cmp-01238,0.150000,3488000.000000,15.064839,43,CLOSE_ON_TARGET,PUBLIC,2,1,0.150000,0.750946,32,27,0.023467,0.118126,0.116426,0.006814,5.006307,0.085714,0,1,1.048394
cmp-01239,0.150000,15966000.000000,16.585972,62,STRICT,PUBLIC,3,2,0.150000,0.924815,337,274,0.002744,0.082670,0.099442,0.001427,6.165435,0.126943,0,0,0.999931
cmp-01239,0.250000,15966000.000000,16.585972,62,STRICT,PUBLIC,3,2,0.250000,0.999931,364,293,0.002747,0.012115,0.064512,0.000001,3.999724,0.130612,0,0,0.999931
cmp-01239,0.500000,15966000.000000,16.585972,62,STRICT,PUBLIC,3,2,0.500000,0.999931,364,293,0.002747,0.000000,0.032256,0.000002,1.999862,0.123529,0,0,0.999931
cmp-01240,0.150000,5208000.000000,15.465706,72,FLEXIBLE,PRIVATE_LINK,5,1,0.150000,0.364919,42,39,0.008689,0.027874,0.033789,0.010377,2.432796,0.125000,0,0,0.842569
cmp-01240,0.250000,5208000.000000,15.465706,72,FLEXIBLE,PRIVATE_LINK,5,1,0.250000,0.389036,50,47,0.007781,0.003350,0.021613,0.011314,1.556144,0.107143,0,0,0.842569
cmp-01240,0.500000,5208000.000000,15.465706,72,FLEXIBLE,PRIVATE_LINK,5,1,0.500000,0.579128,76,67,0.007620,0.009702,0.016087,0.011691,1.158257,0.095238,0,0,0.842569
cmp-01241,0.150000,22020000.000000,16.907462,57,FLEXIBLE,PRIVATE_LINK,1,1,0.150000,0.304886,55,53,0.005543,0.034682,0.035659,0.014347,2.032576,0.035088,0,1,1.016998
cmp-01241,0.250000,22020000.000000,16.907462,57,FLEXIBLE,PRIVATE_LINK,1,1,0.250000,0.381331,69,64,0.005527,0.013411,0.026760,0.014472,1.525322,0.054795,0,1,1.016998
cmp-01241,0.500000,22020000.000000,16.907462,57,FLEXIBLE,PRIVATE_LINK,1,1,0.500000,0.555082,99,91,0.005607,0.011836,0.019477,0.015611,1.110163,0.066038,0,1,1.016998
cmp-01242,0.150000,11160000.000000,16.227847,81,STRICT,PUBLIC,3,2,0.150000,0.573826,105,95,0.005465,0.040563,0.047228,0.006190,3.825508,0.086957,0,0,0.999937
cmp-01242,0.250000,11160000.000000,16.227847,81,STRICT,PUBLIC,3,2,0.250000,0.747384,138,120,0.005416,0.021427,0.036908,0.004158,2.989534,0.109677,0,0,0.999937
cmp-01242,0.500000,11160000.000000,16.227847,81,STRICT,PUBLIC,3,2,0.500000,0.999203,178,147,0.005613,0.000857,0.024672,0.000020,1.998405,0.114537,0,0,0.999937
cmp-01243,0.150000,10099000.000000,16.127947,43,FLEXIBLE,PUBLIC,2,3,0.150000,0.594475,82,70,0.007250,0.097447,0.092167,0.011095,3.963165,0.098901,0,1,2.079721
cmp-01243,0.250000,10099000.000000,16.127947,43,FLEXIBLE,PUBLIC,2,3,0.250000,0.984593,122,97,0.008070,0.090725,0.091590,0.000478,3.938370,0.075758,0,1,2.079721
cmp-01243,0.500000,10099000.000000,16.127947,43,FLEXIBLE,PUBLIC,2,3,0.500000,1.332667,167,130,0.007980,0.039813,0.061984,0.000000,2.665333,0.082418,1,1,2.079721
cmp-01244,0.150000,10142000.000000,16.132196,25,FLEXIBLE,PRIVATE_LINK,3,2,0.150000,0.153185,14,13,0.010942,0.028641,0.040849,0.039850,1.021232,0.066667,0,0,0.398689
cmp-01244,0.250000,10142000.000000,16.132196,25,FLEXIBLE,PRIVATE_LINK,3,2,0.250000,0.159653,15,14,0.010644,0.002587,0.025544,0.044819,0.638612,0.062500,0,0,0.398689
cmp-01244,0.500000,10142000.000000,16.132196,25,FLEXIBLE,PRIVATE_LINK,3,2,0.500000,0.214731,20,19,0.010737,0.000000,0.017178,0.062822,0.429462,0.090909,0,0,0.398689
cmp-01245,0.150000,13836000.000000,16.442784,48,FLEXIBLE,PUBLIC,5,3,0.150000,1.425976,178,138,0.008011,0.176029,0.198052,0.000000,9.506505,0.127451,1,1,4.310971
cmp-01245,0.250000,13836000.000000,16.442784,48,FLEXIBLE,PUBLIC,5,3,0.250000,1.724725,237,167,0.007277,0.062240,0.143727,0.000000,6.898901,0.128676,1,1,4.310971
cmp-01245,0.500000,13836000.000000,16.442784,48,FLEXIBLE,PUBLIC,5,3,0.500000,2.465929,344,210,0.007168,0.041120,0.102747,0.000000,4.931859,0.122449,1,1,4.310971
cmp-01246,0.150000,20385000.000000,16.830310,43,FLEXIBLE,PUBLIC,5,3,0.150000,0.154202,27,26,0.005711,0.017551,0.023907,0.023141,1.028011,0.035714,0,0,0.444842
cmp-01246,0.250000,20385000.000000,16.830310,43,FLEXIBLE,PUBLIC,5,3,0.250000,0.198062,39,36,0.005079,0.010200,0.018424,0.024866,0.792249,0.093023,0,0,0.444842
cmp-01246,0.500000,20385000.000000,16.830310,43,FLEXIBLE,PUBLIC,5,3,0.500000,0.307260,61,56,0.005037,0.004048,0.014291,0.032220,0.614520,0.102941,0,0,0.444842
cmp-01247,0.150000,2939000.000000,14.893580,77,FLEXIBLE,PRIVATE_LINK,3,2,0.150000,1.136849,31,26,0.036673,0.074467,0.098429,0.000000,7.578995,0.088235,1,1,2.951582
cmp-01247,0.250000,2939000.000000,14.893580,77,FLEXIBLE,PRIVATE_LINK,3,2,0.250000,1.560191,45,34,0.034671,0.054979,0.081049,0.000000,6.240762,0.100000,1,1,2.951582
cmp-01247,0.500000,2939000.000000,14.893580,77,FLEXIBLE,PRIVATE_LINK,3,2,0.500000,1.867540,62,42,0.030122,0.017176,0.048508,0.000000,3.735080,0.101449,1,1,2.951582
cmp-01248,0.150000,14664000.000000,16.500906,41,FLEXIBLE,PUBLIC,2,1,0.150000,0.357392,70,68,0.005106,0.044651,0.058113,0.018439,2.382615,0.166667,0,1,1.123984
cmp-01248,0.250000,14664000.000000,16.500906,41,FLEXIBLE,PUBLIC,2,1,0.250000,0.519040,95,89,0.005464,0.039426,0.050638,0.015641,2.076159,0.151786,0,1,1.123984
cmp-01248,0.500000,14664000.000000,16.500906,41,FLEXIBLE,PUBLIC,2,1,0.500000,0.658408,126,116,0.005225,0.007575,0.032117,0.016663,1.316817,0.154362,0,1,1.123984
cmp-01249,0.150000,25327000.000000,17.047382,18,FLEXIBLE,PRIVATE_LINK,4,3,0.150000,0.580013,67,59,0.008657,0.178997,0.214820,0.027450,3.866756,0.118421,0,1,1.624594
cmp-01249,0.250000,25327000.000000,17.047382,18,FLEXIBLE,PRIVATE_LINK,4,3,0.250000,0.719635,89,78,0.008086,0.077568,0.159919,0.020768,2.878541,0.152381,0,1,1.624594
cmp-01249,0.500000,25327000.000000,17.047382,18,FLEXIBLE,PRIVATE_LINK,4,3,0.500000,1.019765,126,107,0.008093,0.060645,0.113307,0.000000,2.039531,0.118881,1,1,1.624594
cmp-01250,0.150000,9764000.000000,16.094213,62,CLOSE_ON_TARGET,PUBLIC,6,3,0.150000,0.176813,14,12,0.012629,0.023870,0.019012,0.015620,1.178752,0.066667,0,0,0.626331
cmp-01250,0.250000,9764000.000000,16.094213,62,CLOSE_ON_TARGET,PUBLIC,6,3,0.250000,0.229834,21,18,0.010944,0.008552,0.014828,0.016563,0.919336,0.125000,0,0,0.626331
cmp-01250,0.500000,9764000.000000,16.094213,62,CLOSE_ON_TARGET,PUBLIC,6,3,0.500000,0.411491,37,34,0.011121,0.004361,0.013274,0.018984,0.822982,0.097561,0,0,0.626331
cmp-01251,0.150000,29239000.000000,17.191014,52,FLEXIBLE,PUBLIC,3,1,0.150000,0.330794,110,94,0.003007,0.038622,0.042410,0.015140,2.205297,0.166667,0,0,0.995797
cmp-01251,0.250000,29239000.000000,17.191014,52,FLEXIBLE,PUBLIC,3,1,0.250000,0.469236,155,132,0.003027,0.026623,0.036095,0.013609,1.876945,0.143646,0,0,0.995797
cmp-01251,0.500000,29239000.000000,17.191014,52,FLEXIBLE,PUBLIC,3,1,0.500000,0.638414,215,179,0.002969,0.017550,0.024554,0.013907,1.276829,0.133065,0,0,0.995797
cmp-01252,0.150000,12757000.000000,16.361591,44,FLEXIBLE,PUBLIC,6,2,0.150000,0.655154,110,100,0.005956,0.082192,0.099266,0.009220,4.367694,0.098361,0,1,2.227695
cmp-01252,0.250000,12757000.000000,16.361591,44,FLEXIBLE,PUBLIC,6,2,0.250000,0.915317,150,128,0.006102,0.059128,0.083211,0.002566,3.661268,0.101796,0,1,2.227695
cmp-01252,0.500000,12757000.000000,16.361591,44,FLEXIBLE,PUBLIC,6,2,0.500000,1.246194,210,173,0.005934,0.025603,0.056645,0.000000,2.492388,0.102564,1,1,2.227695
cmp-01253,0.150000,10194000.000000,16.137310,67,FLEXIBLE,PUBLIC,6,3,0.150000,0.553953,50,43,0.011079,0.048637,0.055120,0.007832,3.693022,0.137931,0,1,1.468207
cmp-01253,0.250000,10194000.000000,16.137310,67,FLEXIBLE,PUBLIC,6,3,0.250000,0.638788,59,52,0.010827,0.012662,0.038137,0.007188,2.555150,0.119403,0,1,1.468207
cmp-01253,0.500000,10194000.000000,16.137310,67,FLEXIBLE,PUBLIC,6,3,0.500000,0.884079,81,67,0.010915,0.015269,0.026390,0.003460,1.768158,0.109890,0,1,1.468207
cmp-01254,0.150000,2772000.000000,14.835080,30,FLEXIBLE,PUBLIC,2,1,0.150000,0.192388,5,5,0.038478,0.025289,0.042753,0.031671,1.282588,0.000000,0,1,1.200036
cmp-01254,0.250000,2772000.000000,14.835080,30,FLEXIBLE,PUBLIC,2,1,0.250000,0.279582,6,5,0.046597,0.029064,0.037278,0.032019,1.118326,0.000000,0,1,1.200036
cmp-01254,0.500000,2772000.000000,14.835080,30,FLEXIBLE,PUBLIC,2,1,0.500000,0.580231,8,7,0.072529,0.000000,0.038682,0.027985,1.160462,0.111111,0,1,1.200036
cmp-01255,0.150000,3509000.000000,15.070842,87,STRICT,PRIVATE_LINK,6,1,0.150000,0.054574,3,3,0.018191,0.000000,0.004182,0.012785,0.363826,0.000000,0,0,0.337304
cmp-01255,0.250000,3509000.000000,15.070842,87,STRICT,PRIVATE_LINK,6,1,0.250000,0.093673,5,5,0.018735,0.004494,0.004307,0.013890,0.374694,0.000000,0,0,0.337304
cmp-01255,0.500000,3509000.000000,15.070842,87,STRICT,PRIVATE_LINK,6,1,0.500000,0.233713,10,10,0.023371,0.004514,0.005373,0.017616,0.467427,0.000000,0,0,0.337304
cmp-01256,0.150000,6425000.000000,15.675707,76,FLEXIBLE,PUBLIC,2,2,0.150000,0.371268,21,21,0.017679,0.036607,0.032567,0.009733,2.475123,0.086957,0,1,1.557961
cmp-01256,0.250000,6425000.000000,15.675707,76,FLEXIBLE,PUBLIC,2,2,0.250000,0.426459,26,24,0.016402,0.007262,0.022445,0.010062,1.705837,0.161290,0,1,1.557961
cmp-01256,0.500000,6425000.000000,15.675707,76,FLEXIBLE,PUBLIC,2,2,0.500000,0.679486,38,31,0.017881,0.006650,0.017881,0.008435,1.358973,0.116279,0,1,1.557961
cmp-01257,0.150000,4964000.000000,15.417722,16,FLEXIBLE,PUBLIC,6,2,0.150000,0.358360,22,20,0.016289,0.091660,0.149317,0.047179,2.389068,0.083333,0,1,1.194964
cmp-01257,0.250000,4964000.000000,15.417722,16,FLEXIBLE,PUBLIC,6,2,0.250000,0.452579,28,23,0.016164,0.058886,0.113145,0.045618,1.810314,0.096774,0,1,1.194964
cmp-01257,0.500000,4964000.000000,15.417722,16,FLEXIBLE,PUBLIC,6,2,0.500000,0.629593,39,33,0.016143,0.044634,0.078699,0.046301,1.259186,0.170213,0,1,1.194964
cmp-01258,0.150000,8394000.000000,15.943028,34,FLEXIBLE,PUBLIC,4,1,0.150000,0.242173,19,19,0.012746,0.035733,0.047485,0.026222,1.614487,0.136364,0,0,0.489635
cmp-01258,0.250000,8394000.000000,15.943028,34,FLEXIBLE,PUBLIC,4,1,0.250000,0.331987,25,25,0.013279,0.026416,0.039057,0.026197,1.327949,0.166667,0,0,0.489635
cmp-01258,0.500000,8394000.000000,15.943028,34,FLEXIBLE,PUBLIC,4,1,0.500000,0.370098,30,30,0.012337,0.003248,0.021770,0.037053,0.740195,0.166667,0,0,0.489635
cmp-01259,0.150000,8580000.000000,15.964944,47,FLEXIBLE,PUBLIC,5,1,0.150000,0.606713,41,36,0.014798,0.059111,0.086059,0.009844,4.044755,0.127660,0,1,1.826632
cmp-01259,0.250000,8580000.000000,15.964944,47,FLEXIBLE,PUBLIC,5,1,0.250000,0.758485,54,46,0.014046,0.032292,0.064552,0.006851,3.033939,0.129032,0,1,1.826632
cmp-01259,0.500000,8580000.000000,15.964944,47,FLEXIBLE,PUBLIC,5,1,0.500000,1.052343,81,62,0.012992,0.028927,0.044781,0.000000,2.104685,0.119565,1,1,1.826632
cmp-01260,0.150000,5480000.000000,15.516616,73,FLEXIBLE,PUBLIC,5,1,0.150000,0.372044,22,22,0.016911,0.044093,0.033977,0.010120,2.480292,0.120000,0,0,0.937609
cmp-01260,0.250000,5480000.000000,15.516616,73,FLEXIBLE,PUBLIC,5,1,0.250000,0.420328,26,26,0.016166,0.006614,0.023032,0.010588,1.681314,0.133333,0,0,0.937609
cmp-01260,0.500000,5480000.000000,15.516616,73,FLEXIBLE,PUBLIC,5,1,0.500000,0.550182,39,39,0.014107,0.005177,0.015073,0.012324,1.100365,0.133333,0,0,0.937609
cmp-01261,0.150000,17507000.000000,16.678111,58,STRICT,PUBLIC,1,2,0.150000,0.439647,147,135,0.002991,0.043236,0.050534,0.011366,2.930980,0.081250,0,0,0.999960
cmp-01261,0.250000,17507000.000000,16.678111,58,STRICT,PUBLIC,1,2,0.250000,0.619415,203,182,0.003051,0.030994,0.042718,0.008749,2.477660,0.081448,0,0,0.999960
cmp-01261,0.500000,17507000.000000,16.678111,58,STRICT,PUBLIC,1,2,0.500000,0.923739,301,257,0.003069,0.023081,0.031853,0.002630,1.847478,0.104167,0,0,0.999960
cmp-01262,0.150000,6153000.000000,15.632450,82,FLEXIBLE,PUBLIC,4,3,0.150000,0.175378,20,19,0.008769,0.011541,0.014258,0.011831,1.169186,0.047619,0,0,0.660588
cmp-01262,0.250000,6153000.000000,15.632450,82,FLEXIBLE,PUBLIC,4,3,0.250000,0.227775,30,27,0.007593,0.006390,0.011111,0.012557,0.911100,0.090909,0,0,0.660588
cmp-01262,0.500000,6153000.000000,15.632450,82,FLEXIBLE,PUBLIC,4,3,0.500000,0.344157,41,38,0.008394,0.009735,0.008394,0.015996,0.688315,0.068182,0,0,0.660588
cmp-01263,0.150000,3144000.000000,14.961006,76,FLEXIBLE,PUBLIC,4,2,0.150000,0.166826,11,10,0.015166,0.014673,0.014634,0.012897,1.112171,0.000000,0,0,0.733810
cmp-01263,0.250000,3144000.000000,14.961006,76,FLEXIBLE,PUBLIC,4,2,0.250000,0.403212,14,13,0.028801,0.031104,0.021222,0.010470,1.612850,0.066667,0,0,0.733810
cmp-01263,0.500000,3144000.000000,14.961006,76,FLEXIBLE,PUBLIC,4,2,0.500000,0.463772,19,17,0.024409,0.002134,0.012205,0.014111,0.927545,0.136364,0,0,0.733810
cmp-01264,0.150000,4124000.000000,15.232334,24,FLEXIBLE,PUBLIC,6,1,0.150000,0.635742,21,20,0.030273,0.142469,0.176595,0.017856,4.238280,0.125000,0,1,1.461494
cmp-01264,0.250000,4124000.000000,15.232334,24,FLEXIBLE,PUBLIC,6,1,0.250000,0.830213,30,28,0.027674,0.081030,0.138369,0.009433,3.320854,0.117647,0,1,1.461494
cmp-01264,0.500000,4124000.000000,15.232334,24,FLEXIBLE,PUBLIC,6,1,0.500000,1.004656,40,34,0.025116,0.018560,0.083721,0.000000,2.009311,0.090909,1,1,1.461494
cmp-01265,0.150000,13863000.000000,16.444734,17,FLEXIBLE,PUBLIC,6,3,0.150000,0.850422,73,62,0.011650,0.259739,0.333499,0.010351,5.669480,0.120482,0,1,2.906492
cmp-01265,0.250000,13863000.000000,16.444734,17,FLEXIBLE,PUBLIC,6,3,0.250000,1.175604,96,73,0.012246,0.191284,0.276613,0.000000,4.702417,0.135135,1,1,2.906492
cmp-01265,0.500000,13863000.000000,16.444734,17,FLEXIBLE,PUBLIC,6,3,0.500000,1.567395,137,103,0.011441,0.115033,0.184399,0.000000,3.134790,0.143750,1,1,2.906492
cmp-01266,0.150000,5280000.000000,15.479437,57,FLEXIBLE,PUBLIC,1,3,0.150000,0.303769,10,10,0.030377,0.014839,0.035529,0.014370,2.025126,0.230769,0,1,1.348864
cmp-01266,0.250000,5280000.000000,15.479437,57,FLEXIBLE,PUBLIC,1,3,0.250000,0.417708,17,15,0.024571,0.019989,0.029313,0.013621,1.670833,0.227273,0,1,1.348864
cmp-01266,0.500000,5280000.000000,15.479437,57,FLEXIBLE,PUBLIC,1,3,0.500000,0.783712,33,30,0.023749,0.025023,0.027499,0.007589,1.567424,0.131579,0,1,1.348864
cmp-01267,0.150000,12886000.000000,16.371652,28,FLEXIBLE,PUBLIC,4,2,0.150000,0.410973,19,18,0.021630,0.049508,0.097851,0.024749,2.739821,0.136364,0,1,1.435108
cmp-01267,0.250000,12886000.000000,16.371652,28,FLEXIBLE,PUBLIC,4,2,0.250000,0.547625,30,28,0.018254,0.048804,0.078232,0.021542,2.190501,0.090909,0,1,1.435108
cmp-01267,0.500000,12886000.000000,16.371652,28,FLEXIBLE,PUBLIC,4,2,0.500000,0.774833,51,45,0.015193,0.041072,0.055345,0.016083,1.549666,0.055556,0,1,1.435108
cmp-01268,0.150000,6324000.000000,15.659862,40,FLEXIBLE,PUBLIC,5,2,0.150000,0.690718,41,38,0.016847,0.114947,0.115120,0.009097,4.604786,0.163265,0,1,2.191967
cmp-01268,0.250000,6324000.000000,15.659862,40,FLEXIBLE,PUBLIC,5,2,0.250000,0.925300,56,49,0.016523,0.058646,0.092530,0.002490,3.701202,0.151515,0,1,2.191967
cmp-01268,0.500000,6324000.000000,15.659862,40,FLEXIBLE,PUBLIC,5,2,0.500000,1.273577,82,61,0.015531,0.034254,0.063679,0.000000,2.547154,0.127660,1,1,2.191967
cmp-01269,0.150000,16540000.000000,16.621292,71,STRICT,PUBLIC,2,3,0.150000,0.209758,25,25,0.008390,0.015763,0.019696,0.013094,1.398388,0.074074,0,0,0.620012
cmp-01269,0.250000,16540000.000000,16.621292,71,STRICT,PUBLIC,2,3,0.250000,0.240943,33,32,0.007301,0.004392,0.013574,0.014255,0.963773,0.057143,0,0,0.620012
cmp-01269,0.500000,16540000.000000,16.621292,71,STRICT,PUBLIC,2,3,0.500000,0.326929,45,42,0.007265,0.007720,0.009209,0.018960,0.653857,0.042553,0,0,0.620012
cmp-01270,0.150000,16833000.000000,16.638852,47,CLOSE_ON_TARGET,PUBLIC,0,3,0.150000,0.590976,111,91,0.005324,0.066704,0.083826,0.010238,3.939840,0.132812,0,1,1.018363
cmp-01270,0.250000,16833000.000000,16.638852,47,CLOSE_ON_TARGET,PUBLIC,0,3,0.250000,0.791921,143,116,0.005538,0.042754,0.067398,0.005903,3.167683,0.148810,0,1,1.018363
cmp-01271,0.150000,3482000.000000,15.063117,76,CLOSE_ON_TARGET,PUBLIC,3,2,0.150000,0.567174,13,13,0.043629,0.046174,0.049752,0.006700,3.781160,0.133333,0,1,1.039202
cmp-01271,0.250000,3482000.000000,15.063117,76,CLOSE_ON_TARGET,PUBLIC,3,2,0.250000,0.783831,18,18,0.043546,0.028508,0.041254,0.003792,3.135325,0.142857,0,1,1.039202
cmp-01271,0.500000,3482000.000000,15.063117,76,CLOSE_ON_TARGET,PUBLIC,3,2,0.500000,0.887593,24,21,0.036983,0.009107,0.023358,0.002958,1.775187,0.111111,0,1,1.039202
cmp-01272,0.150000,6467000.000000,15.682223,16,STRICT,PUBLIC,3,2,0.150000,0.239013,50,47,0.004780,0.083192,0.099589,0.055955,1.593423,0.107143,0,0,0.861126
cmp-01272,0.250000,6467000.000000,15.682223,16,STRICT,PUBLIC,3,2,0.250000,0.378707,70,63,0.005410,0.087309,0.094677,0.051774,1.514829,0.102564,0,0,0.861126
cmp-01272,0.500000,6467000.000000,15.682223,16,STRICT,PUBLIC,3,2,0.500000,0.553193,100,85,0.005532,0.048409,0.069149,0.055851,1.106386,0.107143,0,0,0.861126
cmp-01273,0.150000,11879000.000000,16.290283,48,FLEXIBLE,PUBLIC,5,1,0.150000,0.303140,36,34,0.008421,0.033275,0.042103,0.017080,2.020933,0.181818,0,1,1.380849
cmp-01273,0.250000,11879000.000000,16.290283,48,FLEXIBLE,PUBLIC,5,1,0.250000,0.368019,43,41,0.008559,0.013516,0.030668,0.017555,1.472077,0.173077,0,1,1.380849
cmp-01273,0.500000,11879000.000000,16.290283,48,FLEXIBLE,PUBLIC,5,1,0.500000,0.646965,70,61,0.009242,0.012736,0.026957,0.014710,1.293930,0.135802,0,1,1.380849
cmp-01274,0.150000,3354000.000000,15.025664,77,FLEXIBLE,PRIVATE_LINK,2,3,0.150000,0.410495,13,13,0.031577,0.026706,0.035541,0.009007,2.736633,0.133333,0,0,0.815414
cmp-01274,0.250000,3354000.000000,15.025664,77,FLEXIBLE,PRIVATE_LINK,2,3,0.250000,0.443083,15,14,0.029539,0.004232,0.023017,0.009644,1.772332,0.117647,0,0,0.815414
cmp-01274,0.500000,3354000.000000,15.025664,77,FLEXIBLE,PRIVATE_LINK,2,3,0.500000,0.549195,22,20,0.024963,0.008960,0.014265,0.011709,1.098390,0.120000,0,0,0.815414
cmp-01275,0.150000,6416000.000000,15.674305,73,FLEXIBLE,PUBLIC,2,2,0.150000,0.147070,11,11,0.013370,0.008624,0.013431,0.013746,0.980466,0.000000,0,0,0.432793
cmp-01275,0.250000,6416000.000000,15.674305,73,FLEXIBLE,PUBLIC,2,2,0.250000,0.232435,16,16,0.014527,0.011694,0.012736,0.014019,0.929738,0.058824,0,0,0.432793
cmp-01275,0.500000,6416000.000000,15.674305,73,FLEXIBLE,PUBLIC,2,2,0.500000,0.323176,23,23,0.014051,0.006854,0.008854,0.018543,0.646353,0.115385,0,0,0.432793
cmp-01276,0.150000,4139000.000000,15.235965,51,FLEXIBLE,PUBLIC,2,3,0.150000,0.600749,18,17,0.033375,0.074642,0.078529,0.009210,4.004993,0.250000,0,1,1.734235
cmp-01276,0.250000,4139000.000000,15.235965,51,FLEXIBLE,PUBLIC,2,3,0.250000,0.773955,19,18,0.040734,0.033962,0.060702,0.005910,3.095820,0.240000,0,1,1.734235
cmp-01276,0.500000,4139000.000000,15.235965,51,FLEXIBLE,PUBLIC,2,3,0.500000,0.989925,31,29,0.031933,0.020982,0.038821,0.000395,1.979850,0.225000,0,1,1.734235
cmp-01277,0.150000,15001000.000000,16.523627,51,STRICT,PUBLIC,0,2,0.150000,0.342737,49,48,0.006995,0.033356,0.044802,0.015162,2.284914,0.125000,0,0,0.999413
cmp-01277,0.250000,15001000.000000,16.523627,51,STRICT,PUBLIC,0,2,0.250000,0.500227,67,61,0.007466,0.030880,0.039233,0.013066,2.000907,0.129870,0,0,0.999413
cmp-01277,0.500000,15001000.000000,16.523627,51,STRICT,PUBLIC,0,2,0.500000,0.712879,98,85,0.007274,0.010892,0.027956,0.011260,1.425758,0.132743,0,0,0.999413
cmp-01278,0.150000,2149000.000000,14.580513,23,CLOSE_ON_TARGET,PUBLIC,3,2,0.150000,0.678176,26,23,0.026084,0.205374,0.196573,0.016462,4.521173,0.103448,0,1,1.013215
cmp-01278,0.250000,2149000.000000,14.580513,23,CLOSE_ON_TARGET,PUBLIC,3,2,0.250000,1.013215,35,29,0.028949,0.145669,0.176211,0.000000,4.052862,0.125000,1,1,1.013215
cmp-01279,0.150000,2698000.000000,14.808021,49,FLEXIBLE,PRIVATE_LINK,4,2,0.150000,0.838955,21,19,0.039950,0.126216,0.114144,0.003867,5.593032,0.000000,0,1,3.770423
cmp-01279,0.250000,2698000.000000,14.808021,49,FLEXIBLE,PRIVATE_LINK,4,2,0.250000,1.281394,26,21,0.049284,0.090294,0.104604,0.000000,5.125574,0.000000,1,1,3.770423
cmp-01279,0.500000,2698000.000000,14.808021,49,FLEXIBLE,PRIVATE_LINK,4,2,0.500000,2.207450,37,26,0.059661,0.014864,0.090100,0.000000,4.414900,0.000000,1,1,3.770423
cmp-01280,0.150000,13231000.000000,16.398073,82,FLEXIBLE,PRIVATE_LINK,6,3,0.150000,0.458461,98,88,0.004678,0.034528,0.037273,0.007770,3.056408,0.092593,0,1,1.527020
cmp-01280,0.250000,13231000.000000,16.398073,82,FLEXIBLE,PRIVATE_LINK,6,3,0.250000,0.659663,125,108,0.005277,0.024537,0.032179,0.005534,2.638652,0.107143,0,1,1.527020
cmp-01280,0.500000,13231000.000000,16.398073,82,FLEXIBLE,PRIVATE_LINK,6,3,0.500000,0.945068,178,142,0.005309,0.010960,0.023050,0.001340,1.890137,0.118812,0,1,1.527020
cmp-01281,0.150000,1842000.000000,14.426362,42,CLOSE_ON_TARGET,PUBLIC,4,1,0.150000,0.538654,14,11,0.038475,0.096492,0.085501,0.012923,3.591024,0.125000,0,1,1.036808
cmp-01281,0.250000,1842000.000000,14.426362,42,CLOSE_ON_TARGET,PUBLIC,4,1,0.250000,0.919001,20,16,0.045950,0.090559,0.087524,0.002571,3.676004,0.130435,0,1,1.036808
cmp-01282,0.150000,4814000.000000,15.387039,41,CLOSE_ON_TARGET,PUBLIC,4,1,0.150000,0.662277,39,34,0.016981,0.098083,0.107687,0.009691,4.415178,0.113636,0,1,1.007270
cmp-01282,0.250000,4814000.000000,15.387039,41,CLOSE_ON_TARGET,PUBLIC,4,1,0.250000,0.856938,50,44,0.017139,0.047478,0.083604,0.004652,3.427752,0.137931,0,1,1.007270
cmp-01283,0.150000,11578000.000000,16.264617,75,FLEXIBLE,PUBLIC,2,1,0.150000,0.130446,18,17,0.007247,0.006208,0.011595,0.013640,0.869638,0.052632,0,0,0.543367
cmp-01283,0.250000,11578000.000000,16.264617,75,FLEXIBLE,PUBLIC,2,1,0.250000,0.149292,21,20,0.007109,0.002513,0.007962,0.015124,0.597167,0.045455,0,0,0.543367
cmp-01283,0.500000,11578000.000000,16.264617,75,FLEXIBLE,PUBLIC,2,1,0.500000,0.276982,33,31,0.008393,0.007819,0.007386,0.019280,0.553964,0.057143,0,0,0.543367
cmp-01284,0.150000,1726000.000000,14.361317,73,FLEXIBLE,PUBLIC,4,2,0.150000,0.169235,6,6,0.028206,0.004857,0.015455,0.013389,1.128235,0.000000,0,0,0.398378
cmp-01284,0.250000,1726000.000000,14.361317,73,FLEXIBLE,PUBLIC,4,2,0.250000,0.314137,9,8,0.034904,0.019850,0.017213,0.012527,1.256547,0.000000,0,0,0.398378
cmp-01284,0.500000,1726000.000000,14.361317,73,FLEXIBLE,PUBLIC,4,2,0.500000,0.319815,10,9,0.031981,0.000000,0.008762,0.018635,0.639629,0.000000,0,0,0.398378
cmp-01285,0.150000,16904000.000000,16.643061,27,STRICT,PUBLIC,5,3,0.150000,0.925461,189,156,0.004897,0.166443,0.228509,0.003248,6.169743,0.104265,0,0,0.999787
cmp-01285,0.250000,16904000.000000,16.643061,27,STRICT,PUBLIC,5,3,0.250000,0.999787,211,173,0.004738,0.027528,0.148117,0.000011,3.999148,0.114583,0,0,0.999787
cmp-01285,0.500000,16904000.000000,16.643061,27,STRICT,PUBLIC,5,3,0.500000,0.999787,211,173,0.004738,0.000000,0.074058,0.000016,1.999574,0.109375,0,0,0.999787
cmp-01286,0.150000,5893000.000000,15.589276,20,STRICT,PRIVATE_LINK,9,2,0.150000,0.132242,12,11,0.011020,0.028271,0.044081,0.051045,0.881611,0.000000,0,0,0.537451
cmp-01286,0.250000,5893000.000000,15.589276,20,STRICT,PRIVATE_LINK,9,2,0.250000,0.258493,17,16,0.015205,0.063126,0.051699,0.049434,1.033973,0.105263,0,0,0.537451
cmp-01286,0.500000,5893000.000000,15.589276,20,STRICT,PRIVATE_LINK,9,2,0.500000,0.302902,20,17,0.015145,0.009146,0.030290,0.069710,0.605803,0.130435,0,0,0.537451
cmp-01287,0.150000,10839000.000000,16.198661,37,FLEXIBLE,PRIVATE_LINK,3,1,0.150000,1.312796,106,80,0.012385,0.177766,0.236540,0.000000,8.751976,0.109244,1,1,4.391060
cmp-01287,0.250000,10839000.000000,16.198661,37,FLEXIBLE,PRIVATE_LINK,3,1,0.250000,1.714374,148,101,0.011584,0.108534,0.185338,0.000000,6.857496,0.103030,1,1,4.391060
cmp-01287,0.500000,10839000.000000,16.198661,37,FLEXIBLE,PRIVATE_LINK,3,1,0.500000,2.450300,213,122,0.011504,0.070885,0.132449,0.000000,4.900600,0.105042,1,1,4.391060
cmp-01288,0.150000,7487000.000000,15.828679,53,FLEXIBLE,PRIVATE_LINK,5,3,0.150000,0.460625,36,35,0.012795,0.032078,0.057940,0.011973,3.070834,0.142857,0,1,1.462709
cmp-01288,0.250000,7487000.000000,15.828679,53,FLEXIBLE,PRIVATE_LINK,5,3,0.250000,0.567704,46,42,0.012341,0.020204,0.042846,0.010875,2.270816,0.115385,0,1,1.462709
cmp-01288,0.500000,7487000.000000,15.828679,53,FLEXIBLE,PRIVATE_LINK,5,3,0.500000,1.003125,60,49,0.016719,0.047579,0.037854,0.000000,2.006251,0.104478,1,1,1.462709
cmp-01289,0.150000,10610000.000000,16.177308,47,FLEXIBLE,PUBLIC,2,1,0.150000,0.266098,21,18,0.012671,0.039305,0.037744,0.018371,1.773987,0.275862,0,1,1.178209
cmp-01289,0.250000,10610000.000000,16.177308,47,FLEXIBLE,PUBLIC,2,1,0.250000,0.430264,32,27,0.013446,0.034929,0.036618,0.016163,1.721056,0.238095,0,1,1.178209
cmp-01289,0.500000,10610000.000000,16.177308,47,FLEXIBLE,PUBLIC,2,1,0.500000,0.517465,41,35,0.012621,0.011081,0.022020,0.020533,1.034929,0.211538,0,1,1.178209
cmp-01290,0.150000,3118000.000000,14.952702,35,FLEXIBLE,PRIVATE_LINK,2,2,0.150000,0.120109,7,7,0.017158,0.003134,0.022878,0.029576,0.800727,0.222222,0,0,0.473829
cmp-01290,0.250000,3118000.000000,14.952702,35,FLEXIBLE,PRIVATE_LINK,2,2,0.250000,0.159205,10,10,0.015920,0.011170,0.018195,0.032030,0.636818,0.166667,0,0,0.473829
cmp-01290,0.500000,3118000.000000,14.952702,35,FLEXIBLE,PRIVATE_LINK,2,2,0.500000,0.265876,16,16,0.016617,0.001191,0.015193,0.041950,0.531751,0.157895,0,0,0.473829
cmp-01291,0.150000,10574000.000000,16.173909,63,FLEXIBLE,PUBLIC,2,1,0.150000,0.273558,75,72,0.003647,0.022955,0.028948,0.013566,1.823719,0.085366,0,0,0.900208
cmp-01291,0.250000,10574000.000000,16.173909,63,FLEXIBLE,PUBLIC,2,1,0.250000,0.357225,106,100,0.003370,0.013281,0.022681,0.013604,1.428901,0.078261,0,0,0.900208
cmp-01291,0.500000,10574000.000000,16.173909,63,FLEXIBLE,PUBLIC,2,1,0.500000,0.525705,160,147,0.003286,0.004166,0.016689,0.015057,1.051409,0.069767,0,0,0.900208
cmp-01292,0.150000,14589000.000000,16.495778,52,FLEXIBLE,PUBLIC,1,3,0.150000,0.169984,50,45,0.003400,0.022332,0.021793,0.018779,1.133228,0.152542,0,0,0.757441
cmp-01292,0.250000,14589000.000000,16.495778,52,FLEXIBLE,PUBLIC,1,3,0.250000,0.292323,72,66,0.004060,0.023527,0.022486,0.018146,1.169292,0.152941,0,0,0.757441
cmp-01292,0.500000,14589000.000000,16.495778,52,FLEXIBLE,PUBLIC,1,3,0.500000,0.420611,105,93,0.004006,0.004958,0.016177,0.022284,0.841223,0.160000,0,0,0.757441
cmp-01293,0.150000,4760000.000000,15.375758,53,FLEXIBLE,PUBLIC,2,1,0.150000,0.261155,12,12,0.021763,0.019891,0.032850,0.016401,1.741036,0.142857,0,0,0.792248
cmp-01293,0.250000,4760000.000000,15.375758,53,FLEXIBLE,PUBLIC,2,1,0.250000,0.405882,16,15,0.025368,0.027307,0.030633,0.014946,1.623529,0.157895,0,0,0.792248
cmp-01293,0.500000,4760000.000000,15.375758,53,FLEXIBLE,PUBLIC,2,1,0.500000,0.465567,19,18,0.024504,0.000000,0.017569,0.020167,0.931134,0.240000,0,0,0.792248
cmp-01294,0.150000,14342000.000000,16.478703,51,FLEXIBLE,PRIVATE_LINK,2,3,0.150000,0.500167,65,58,0.007695,0.043398,0.065381,0.011530,3.334449,0.084507,0,1,1.882478
cmp-01294,0.250000,14342000.000000,16.478703,51,FLEXIBLE,PRIVATE_LINK,2,3,0.250000,0.620353,81,70,0.007659,0.023566,0.048655,0.009925,2.481411,0.109890,0,1,1.882478
cmp-01294,0.500000,14342000.000000,16.478703,51,FLEXIBLE,PRIVATE_LINK,2,3,0.500000,1.086996,124,106,0.008766,0.042370,0.042627,0.000000,2.173992,0.088235,1,1,1.882478
cmp-01295,0.150000,8088000.000000,15.905892,80,FLEXIBLE,PUBLIC,5,1,0.150000,0.472465,41,36,0.011524,0.019906,0.039372,0.007758,3.149769,0.127660,0,1,1.485312
cmp-01295,0.250000,8088000.000000,15.905892,80,FLEXIBLE,PUBLIC,5,1,0.250000,0.594535,49,43,0.012133,0.015259,0.029727,0.006758,2.378140,0.140351,0,1,1.485312
cmp-01295,0.500000,8088000.000000,15.905892,80,FLEXIBLE,PUBLIC,5,1,0.500000,0.862599,73,59,0.011816,0.005967,0.021565,0.003435,1.725198,0.170455,0,1,1.485312
cmp-01296,0.150000,11754000.000000,16.279704,24,FLEXIBLE,PUBLIC,1,2,0.150000,0.632968,76,64,0.008329,0.157765,0.175824,0.017992,4.219783,0.084337,0,1,1.947082
cmp-01296,0.250000,11754000.000000,16.279704,24,FLEXIBLE,PUBLIC,1,2,0.250000,0.835435,95,81,0.008794,0.084361,0.139239,0.009143,3.341739,0.159292,0,1,1.947082
cmp-01296,0.500000,11754000.000000,16.279704,24,FLEXIBLE,PUBLIC,1,2,0.500000,1.033674,121,101,0.008543,0.015849,0.086139,0.000000,2.067347,0.153846,1,1,1.947082
cmp-01297,0.150000,14862000.000000,16.514318,57,CLOSE_ON_TARGET,PUBLIC,2,1,0.150000,1.010301,130,109,0.007772,0.099410,0.118164,0.000000,6.735343,0.097222,1,1,1.010301
cmp-01298,0.150000,10458000.000000,16.162878,27,FLEXIBLE,PRIVATE_LINK,4,2,0.150000,0.311035,44,43,0.007069,0.059688,0.076799,0.030020,2.073564,0.063830,0,0,0.788392
cmp-01298,0.250000,10458000.000000,16.162878,27,FLEXIBLE,PRIVATE_LINK,4,2,0.250000,0.371218,55,54,0.006749,0.022290,0.054995,0.031051,1.484873,0.067797,0,0,0.788392
cmp-01298,0.500000,10458000.000000,16.162878,27,FLEXIBLE,PRIVATE_LINK,4,2,0.500000,0.497294,71,66,0.007004,0.015218,0.036837,0.037237,0.994588,0.077922,0,0,0.788392
cmp-01299,0.150000,2637000.000000,14.785152,74,FLEXIBLE,PUBLIC,4,3,0.150000,1.176754,47,37,0.025037,0.098197,0.106014,0.000000,7.845026,0.160714,1,1,5.139970
cmp-01299,0.250000,2637000.000000,14.785152,74,FLEXIBLE,PUBLIC,4,3,0.250000,1.855783,75,52,0.024744,0.091761,0.100313,0.000000,7.423132,0.137931,1,1,5.139970
cmp-01299,0.500000,2637000.000000,14.785152,74,FLEXIBLE,PUBLIC,4,3,0.500000,2.968108,117,71,0.025368,0.049744,0.080219,0.000000,5.936215,0.113636,1,1,5.139970
cmp-01300,0.150000,3175000.000000,14.970818,50,STRICT,PUBLIC,3,1,0.150000,0.679685,41,35,0.016578,0.092447,0.090625,0.007537,4.531234,0.127660,0,0,0.999969
cmp-01300,0.250000,3175000.000000,14.970818,50,STRICT,PUBLIC,3,1,0.250000,0.906520,60,48,0.015109,0.045367,0.072522,0.002493,3.626079,0.130435,0,0,0.999969
cmp-01300,0.500000,3175000.000000,14.970818,50,STRICT,PUBLIC,3,1,0.500000,0.999969,69,52,0.014492,0.000000,0.039999,0.000001,1.999937,0.106383,0,0,0.999969
cmp-01301,0.150000,10414000.000000,16.158662,66,STRICT,PUBLIC,4,2,0.150000,0.254945,14,12,0.018210,0.024297,0.025752,0.013281,1.699635,0.125000,0,0,0.649395
cmp-01301,0.250000,10414000.000000,16.158662,66,STRICT,PUBLIC,4,2,0.250000,0.313693,19,16,0.016510,0.008901,0.019012,0.013865,1.254772,0.095238,0,0,0.649395
cmp-01301,0.500000,10414000.000000,16.158662,66,STRICT,PUBLIC,4,2,0.500000,0.394104,23,20,0.017135,0.005082,0.011943,0.018360,0.788208,0.080000,0,0,0.649395
cmp-01302,0.150000,9318000.000000,16.047459,85,CLOSE_ON_TARGET,PUBLIC,3,3,0.150000,0.119715,16,15,0.007482,0.005488,0.009389,0.012184,0.798097,0.272727,0,0,0.722988
cmp-01302,0.250000,9318000.000000,16.047459,85,CLOSE_ON_TARGET,PUBLIC,3,3,0.250000,0.240395,25,23,0.009616,0.014198,0.011313,0.011915,0.961580,0.218750,0,0,0.722988
cmp-01302,0.500000,9318000.000000,16.047459,85,CLOSE_ON_TARGET,PUBLIC,3,3,0.500000,0.381208,46,40,0.008287,0.004951,0.008970,0.014560,0.762417,0.163636,0,0,0.722988
cmp-01303,0.150000,7543000.000000,15.836131,90,FLEXIBLE,PRIVATE_LINK,0,1,0.150000,0.169031,15,13,0.011269,0.010974,0.012521,0.010862,1.126873,0.117647,0,0,0.589620
cmp-01303,0.250000,7543000.000000,15.836131,90,FLEXIBLE,PRIVATE_LINK,0,1,0.250000,0.280896,25,22,0.011236,0.012429,0.012484,0.010653,1.123585,0.107143,0,0,0.589620
cmp-01303,0.500000,7543000.000000,15.836131,90,FLEXIBLE,PRIVATE_LINK,0,1,0.500000,0.445274,35,32,0.012722,0.002357,0.009895,0.012327,0.890548,0.146341,0,0,0.589620
cmp-01304,0.150000,4145000.000000,15.237413,45,STRICT,PUBLIC,2,1,0.150000,0.779204,37,35,0.021060,0.067331,0.115438,0.005772,5.194692,0.139535,0,0,0.999180
cmp-01304,0.250000,4145000.000000,15.237413,45,STRICT,PUBLIC,2,1,0.250000,0.923715,44,41,0.020994,0.032114,0.082108,0.002260,3.694861,0.137255,0,0,0.999180
cmp-01304,0.500000,4145000.000000,15.237413,45,STRICT,PUBLIC,2,1,0.500000,0.999180,48,44,0.020816,0.000000,0.044408,0.000036,1.998359,0.134328,0,0,0.999180
cmp-01305,0.150000,8513000.000000,15.957105,64,FLEXIBLE,PUBLIC,3,2,0.150000,0.914214,61,53,0.014987,0.045565,0.095231,0.001577,6.094757,0.175676,0,1,3.018078
cmp-01305,0.250000,8513000.000000,15.957105,64,FLEXIBLE,PUBLIC,3,2,0.250000,1.249489,86,69,0.014529,0.052387,0.078093,0.000000,4.997956,0.131313,1,1,3.018078
cmp-01305,0.500000,8513000.000000,15.957105,64,FLEXIBLE,PUBLIC,3,2,0.500000,1.749783,124,92,0.014111,0.033348,0.054681,0.000000,3.499565,0.126761,1,1,3.018078
cmp-01306,0.150000,12060000.000000,16.305405,77,CLOSE_ON_TARGET,PUBLIC,2,1,0.150000,0.203574,9,8,0.022619,0.011394,0.017625,0.012168,1.357159,0.100000,0,0,0.800962
cmp-01306,0.250000,12060000.000000,16.305405,77,CLOSE_ON_TARGET,PUBLIC,2,1,0.250000,0.306874,14,12,0.021920,0.013416,0.015942,0.012002,1.227496,0.176471,0,0,0.800962
cmp-01306,0.500000,12060000.000000,16.305405,77,CLOSE_ON_TARGET,PUBLIC,2,1,0.500000,0.478027,21,19,0.022763,0.010599,0.012416,0.013558,0.956053,0.125000,0,0,0.800962
cmp-01307,0.150000,4858000.000000,15.396137,90,FLEXIBLE,PUBLIC,5,1,0.150000,0.756319,35,31,0.021609,0.046967,0.056024,0.003185,5.042130,0.054054,0,1,2.447509
cmp-01307,0.250000,4858000.000000,15.396137,90,FLEXIBLE,PUBLIC,5,1,0.250000,1.078818,48,40,0.022475,0.035833,0.047947,0.000000,4.315274,0.040000,1,1,2.447509
cmp-01307,0.500000,4858000.000000,15.396137,90,FLEXIBLE,PUBLIC,5,1,0.500000,1.502820,62,48,0.024239,0.004949,0.033396,0.000000,3.005640,0.046154,1,1,2.447509
cmp-01308,0.150000,5917000.000000,15.593340,58,STRICT,PUBLIC,2,2,0.150000,0.999983,62,50,0.016129,0.088177,0.114941,0.000000,6.666554,0.137500,0,0,0.999983
cmp-01308,0.250000,5917000.000000,15.593340,58,STRICT,PUBLIC,2,2,0.250000,0.999983,62,50,0.016129,0.000000,0.068964,0.000000,3.999932,0.145455,0,0,0.999983
cmp-01308,0.500000,5917000.000000,15.593340,58,STRICT,PUBLIC,2,2,0.500000,0.999983,62,50,0.016129,0.000000,0.034482,0.000001,1.999966,0.109677,0,0,0.999983
cmp-01309,0.150000,70727000.000000,18.074338,18,FLEXIBLE,PUBLIC,1,3,0.150000,0.100776,82,80,0.001229,0.042810,0.037325,0.058773,0.671841,0.154639,0,0,0.348905
cmp-01309,0.250000,70727000.000000,18.074338,18,FLEXIBLE,PUBLIC,1,3,0.250000,0.116711,103,100,0.001133,0.008853,0.025936,0.065429,0.466843,0.155738,0,0,0.348905
cmp-01309,0.500000,70727000.000000,18.074338,18,FLEXIBLE,PUBLIC,1,3,0.500000,0.177884,152,147,0.001170,0.006691,0.019765,0.091346,0.355768,0.136364,0,0,0.348905
cmp-01310,0.150000,8170000.000000,15.915979,70,FLEXIBLE,PRIVATE_LINK,4,2,0.150000,0.657625,51,46,0.012895,0.041130,0.062631,0.005754,4.384170,0.105263,0,1,1.693048
cmp-01310,0.250000,8170000.000000,15.915979,70,FLEXIBLE,PRIVATE_LINK,4,2,0.250000,0.784835,67,58,0.011714,0.018173,0.044848,0.004098,3.139339,0.106667,0,1,1.693048
cmp-01310,0.500000,8170000.000000,15.915979,70,FLEXIBLE,PRIVATE_LINK,4,2,0.500000,1.033415,89,75,0.011611,0.011241,0.029526,0.000000,2.066830,0.135922,1,1,1.693048
cmp-01311,0.150000,3154000.000000,14.964182,23,STRICT,PUBLIC,2,2,0.150000,0.970514,41,31,0.023671,0.222009,0.281308,0.001508,6.470091,0.041667,0,0,0.999207
cmp-01311,0.250000,3154000.000000,14.964182,23,STRICT,PUBLIC,2,2,0.250000,0.999207,43,32,0.023237,0.012476,0.173775,0.000046,3.996829,0.048387,0,0,0.999207
cmp-01311,0.500000,3154000.000000,14.964182,23,STRICT,PUBLIC,2,2,0.500000,0.999207,43,32,0.023237,0.000000,0.086888,0.000069,1.998415,0.088889,0,0,0.999207
cmp-01312,0.150000,7694000.000000,15.855951,31,FLEXIBLE,PRIVATE_LINK,1,1,0.150000,0.200754,35,33,0.005736,0.043654,0.043173,0.030332,1.338359,0.125000,0,0,0.861437
cmp-01312,0.250000,7694000.000000,15.855951,31,FLEXIBLE,PRIVATE_LINK,1,1,0.250000,0.240616,44,39,0.005469,0.012859,0.031047,0.032662,0.962464,0.153846,0,0,0.861437
cmp-01312,0.500000,7694000.000000,15.855951,31,FLEXIBLE,PRIVATE_LINK,1,1,0.500000,0.408279,65,57,0.006281,0.024422,0.026341,0.038176,0.816558,0.109589,0,0,0.861437
cmp-01313,0.150000,6479000.000000,15.684077,42,FLEXIBLE,PUBLIC,1,3,0.150000,0.462016,54,49,0.008556,0.053095,0.073336,0.015070,3.080105,0.129032,0,1,1.242954
cmp-01313,0.250000,6479000.000000,15.684077,42,FLEXIBLE,PUBLIC,1,3,0.250000,0.606066,71,63,0.008536,0.034298,0.057721,0.012506,2.424263,0.112500,0,1,1.242954
cmp-01313,0.500000,6479000.000000,15.684077,42,FLEXIBLE,PUBLIC,1,3,0.500000,0.753480,94,82,0.008016,0.011355,0.035880,0.011739,1.506961,0.104762,0,1,1.242954
cmp-01314,0.150000,6583000.000000,15.700001,27,FLEXIBLE,PUBLIC,6,3,0.150000,0.598891,32,26,0.018715,0.113035,0.147874,0.017478,3.992607,0.179487,0,1,2.084323
cmp-01314,0.250000,6583000.000000,15.700001,27,FLEXIBLE,PUBLIC,6,3,0.250000,1.029120,46,34,0.022372,0.159344,0.152462,0.000000,4.116482,0.148148,1,1,2.084323
cmp-01314,0.500000,6583000.000000,15.700001,27,FLEXIBLE,PUBLIC,6,3,0.500000,1.225292,57,42,0.021496,0.020125,0.090762,0.000000,2.450585,0.161765,1,1,2.084323
cmp-01315,0.150000,5885000.000000,15.587917,20,CLOSE_ON_TARGET,PRIVATE_LINK,3,1,0.150000,0.214223,22,22,0.009737,0.054036,0.071408,0.046222,1.428151,0.153846,0,0,0.839643
cmp-01315,0.250000,5885000.000000,15.587917,20,CLOSE_ON_TARGET,PRIVATE_LINK,3,1,0.250000,0.314732,32,31,0.009835,0.050255,0.062946,0.045685,1.258929,0.157895,0,0,0.839643
cmp-01315,0.500000,5885000.000000,15.587917,20,CLOSE_ON_TARGET,PRIVATE_LINK,3,1,0.500000,0.444180,43,41,0.010330,0.024367,0.044418,0.055582,0.888360,0.156863,0,0,0.839643
cmp-01316,0.150000,15190000.000000,16.536148,79,STRICT,PUBLIC,3,3,0.150000,0.152679,17,16,0.008981,0.007949,0.012884,0.012618,1.017863,0.105263,0,0,0.459506
cmp-01316,0.250000,15190000.000000,16.536148,79,STRICT,PUBLIC,3,3,0.250000,0.190573,24,22,0.007941,0.004797,0.009649,0.013661,0.762291,0.076923,0,0,0.459506
cmp-01316,0.500000,15190000.000000,16.536148,79,STRICT,PUBLIC,3,3,0.500000,0.239210,33,30,0.007249,0.003762,0.006056,0.019261,0.478420,0.083333,0,0,0.459506
cmp-01317,0.150000,6812000.000000,15.734196,50,FLEXIBLE,PUBLIC,4,3,0.150000,0.253641,28,25,0.009059,0.029480,0.033819,0.017561,1.690938,0.034483,0,1,1.010893
cmp-01317,0.250000,6812000.000000,15.734196,50,FLEXIBLE,PUBLIC,4,3,0.250000,0.328582,38,34,0.008647,0.014988,0.026287,0.017904,1.314328,0.095238,0,1,1.010893
cmp-01317,0.500000,6812000.000000,15.734196,50,FLEXIBLE,PUBLIC,4,3,0.500000,0.487478,55,51,0.008863,0.014836,0.019499,0.020501,0.974956,0.126984,0,1,1.010893
cmp-01318,0.150000,39446000.000000,17.490443,41,CLOSE_ON_TARGET,PUBLIC,3,1,0.150000,0.142689,64,62,0.002230,0.018139,0.023201,0.024600,0.951258,0.200000,0,0,0.425833
cmp-01318,0.250000,39446000.000000,17.490443,41,CLOSE_ON_TARGET,PUBLIC,3,1,0.250000,0.171832,83,79,0.002070,0.007108,0.016764,0.026932,0.687330,0.194175,0,0,0.425833
cmp-01318,0.500000,39446000.000000,17.490443,41,CLOSE_ON_TARGET,PUBLIC,3,1,0.500000,0.230006,118,111,0.001949,0.003103,0.011220,0.037561,0.460011,0.163121,0,0,0.425833
cmp-01319,0.150000,12991000.000000,16.379767,62,FLEXIBLE,PUBLIC,2,1,0.150000,0.416342,39,34,0.010675,0.047998,0.044768,0.011075,2.775614,0.093023,0,1,1.324271
cmp-01319,0.250000,12991000.000000,16.379767,62,FLEXIBLE,PUBLIC,2,1,0.250000,0.512994,49,43,0.010469,0.015589,0.033096,0.010473,2.051974,0.075472,0,1,1.324271
cmp-01319,0.500000,12991000.000000,16.379767,62,FLEXIBLE,PUBLIC,2,1,0.500000,0.713733,70,56,0.010196,0.009847,0.023024,0.009234,1.427465,0.066667,0,1,1.324271
cmp-01320,0.150000,20011000.000000,16.811793,34,CLOSE_ON_TARGET,PUBLIC,2,2,0.150000,0.233622,74,70,0.003157,0.037075,0.045808,0.026518,1.557477,0.108434,0,0,0.815172
cmp-01320,0.250000,20011000.000000,16.811793,34,CLOSE_ON_TARGET,PUBLIC,2,2,0.250000,0.287342,95,89,0.003025,0.015800,0.033805,0.027947,1.149368,0.103774,0,0,0.815172
cmp-01320,0.500000,20011000.000000,16.811793,34,CLOSE_ON_TARGET,PUBLIC,2,2,0.500000,0.431188,141,128,0.003058,0.018854,0.025364,0.033460,0.862376,0.101911,0,0,0.815172
cmp-01321,0.150000,3629000.000000,15.104468,24,STRICT,PUBLIC,2,1,0.150000,0.489722,21,19,0.023320,0.109098,0.136034,0.025014,3.264811,0.086957,0,0,0.999008
cmp-01321,0.250000,3629000.000000,15.104468,24,STRICT,PUBLIC,2,1,0.250000,0.693745,29,25,0.023922,0.085010,0.115624,0.017014,2.774979,0.093750,0,0,0.999008
cmp-01321,0.500000,3629000.000000,15.104468,24,STRICT,PUBLIC,2,1,0.500000,0.976026,38,32,0.025685,0.025386,0.081336,0.001998,1.952053,0.116279,0,0,0.999008
cmp-01322,0.150000,30227000.000000,17.224246,54,FLEXIBLE,PUBLIC,3,1,0.150000,0.369276,149,141,0.002478,0.030014,0.045590,0.013741,2.461839,0.138728,0,1,1.264694
cmp-01322,0.250000,30227000.000000,17.224246,54,FLEXIBLE,PUBLIC,3,1,0.250000,0.496440,196,177,0.002533,0.023549,0.036773,0.012434,1.985761,0.140351,0,1,1.264694
cmp-01322,0.500000,30227000.000000,17.224246,54,FLEXIBLE,PUBLIC,3,1,0.500000,0.693691,282,239,0.002460,0.017713,0.025692,0.011345,1.387382,0.132308,0,1,1.264694
cmp-01323,0.150000,4767000.000000,15.377228,53,FLEXIBLE,PUBLIC,3,3,0.150000,0.565555,37,35,0.015285,0.063075,0.071139,0.009644,3.770366,0.097561,0,1,2.157311
cmp-01323,0.250000,4767000.000000,15.377228,53,FLEXIBLE,PUBLIC,3,3,0.250000,0.886553,55,48,0.016119,0.060566,0.066910,0.002854,3.546214,0.098361,0,1,2.157311
cmp-01323,0.500000,4767000.000000,15.377228,53,FLEXIBLE,PUBLIC,3,3,0.500000,1.314579,80,63,0.016432,0.018805,0.049607,0.000000,2.629159,0.111111,1,1,2.157311
cmp-01324,0.150000,2897000.000000,14.879186,74,FLEXIBLE,PUBLIC,1,3,0.150000,0.453366,5,5,0.090673,0.041823,0.040844,0.008691,3.022437,0.000000,0,1,1.155816
cmp-01324,0.250000,2897000.000000,14.879186,74,FLEXIBLE,PUBLIC,1,3,0.250000,0.796410,7,7,0.113773,0.046357,0.043049,0.003668,3.185640,0.000000,0,1,1.155816
cmp-01324,0.500000,2897000.000000,14.879186,74,FLEXIBLE,PUBLIC,1,3,0.500000,0.854884,10,8,0.085488,0.007902,0.023105,0.003922,1.709769,0.090909,0,1,1.155816
cmp-01325,0.150000,4875000.000000,15.399631,34,FLEXIBLE,PRIVATE_LINK,4,3,0.150000,0.181867,12,12,0.015156,0.035765,0.035660,0.028309,1.212444,0.076923,0,0,0.954256
cmp-01325,0.250000,4875000.000000,15.399631,34,FLEXIBLE,PRIVATE_LINK,4,3,0.250000,0.395097,21,21,0.018814,0.062715,0.046482,0.023722,1.580390,0.160000,0,0,0.954256
cmp-01325,0.500000,4875000.000000,15.399631,34,FLEXIBLE,PRIVATE_LINK,4,3,0.500000,0.651979,34,31,0.019176,0.020109,0.038352,0.020472,1.303959,0.150000,0,0,0.954256
cmp-01326,0.150000,34027000.000000,17.342665,72,FLEXIBLE,PUBLIC,6,3,0.150000,2.796547,1006,571,0.002780,0.222470,0.258940,0.000000,18.643646,0.118317,1,1,9.035880
cmp-01326,0.250000,34027000.000000,17.342665,72,FLEXIBLE,PUBLIC,6,3,0.250000,3.765695,1340,661,0.002810,0.134604,0.209205,0.000000,15.062780,0.121311,1,1,9.035880
cmp-01326,0.500000,34027000.000000,17.342665,72,FLEXIBLE,PUBLIC,6,3,0.500000,5.222753,1870,734,0.002793,0.078751,0.145076,0.000000,10.445505,0.122889,1,1,9.035880
cmp-01327,0.150000,1421000.000000,14.166871,23,FLEXIBLE,PUBLIC,2,1,0.150000,0.660521,20,16,0.033026,0.102622,0.191455,0.017365,4.403472,0.090909,0,1,3.180929
cmp-01327,0.250000,1421000.000000,14.166871,23,FLEXIBLE,PUBLIC,2,1,0.250000,1.252146,29,21,0.043177,0.257229,0.217765,0.000000,5.008586,0.121212,1,1,3.180929
cmp-01327,0.500000,1421000.000000,14.166871,23,FLEXIBLE,PUBLIC,2,1,0.500000,2.467488,43,25,0.057383,0.277239,0.214564,0.000000,4.934975,0.156863,1,1,3.180929
cmp-01328,0.150000,8837000.000000,15.994458,36,STRICT,PUBLIC,6,2,0.150000,0.337388,25,24,0.013496,0.046811,0.062479,0.021654,2.249255,0.038462,0,0,0.945468
cmp-01328,0.250000,8837000.000000,15.994458,36,STRICT,PUBLIC,6,2,0.250000,0.446633,36,34,0.012406,0.030346,0.049626,0.020495,1.786534,0.027027,0,0,0.945468
cmp-01328,0.500000,8837000.000000,15.994458,36,STRICT,PUBLIC,6,2,0.500000,0.510614,45,42,0.011347,0.014739,0.028367,0.027188,1.021229,0.042553,0,0,0.945468
cmp-01329,0.150000,4908000.000000,15.406377,37,STRICT,PRIVATE_LINK,3,3,0.150000,0.770681,36,34,0.021408,0.113406,0.138861,0.007292,5.137870,0.100000,0,0,0.999409
cmp-01329,0.250000,4908000.000000,15.406377,37,STRICT,PRIVATE_LINK,3,3,0.250000,0.899796,45,39,0.019995,0.034896,0.097275,0.003611,3.599185,0.148148,0,0,0.999409
cmp-01329,0.500000,4908000.000000,15.406377,37,STRICT,PRIVATE_LINK,3,3,0.500000,0.997698,52,42,0.019186,0.000821,0.053930,0.000124,1.995395,0.134146,0,0,0.999409
cmp-01330,0.150000,15389000.000000,16.549164,49,FLEXIBLE,PUBLIC,5,1,0.150000,0.436448,66,65,0.006613,0.038970,0.059381,0.013531,2.909654,0.185185,0,1,1.824219
cmp-01330,0.250000,15389000.000000,16.549164,49,FLEXIBLE,PUBLIC,5,1,0.250000,0.690175,100,92,0.006902,0.051781,0.056341,0.008431,2.760699,0.166667,0,1,1.824219
cmp-01330,0.500000,15389000.000000,16.549164,49,FLEXIBLE,PUBLIC,5,1,0.500000,0.989590,137,120,0.007223,0.020439,0.040391,0.000425,1.979180,0.159509,0,1,1.824219
cmp-01331,0.150000,4922000.000000,15.409226,35,FLEXIBLE,PUBLIC,6,3,0.150000,0.471475,37,35,0.012743,0.089453,0.089805,0.017766,3.143167,0.000000,0,1,1.138135
cmp-01331,0.250000,4922000.000000,15.409226,35,FLEXIBLE,PUBLIC,6,3,0.250000,0.505486,43,41,0.011755,0.009717,0.057770,0.018839,2.021942,0.022727,0,1,1.138135
cmp-01331,0.500000,4922000.000000,15.409226,35,FLEXIBLE,PUBLIC,6,3,0.500000,0.598781,55,50,0.010887,0.008800,0.034216,0.022927,1.197562,0.051724,0,1,1.138135
cmp-01332,0.150000,5765000.000000,15.567316,44,FLEXIBLE,PRIVATE_LINK,5,1,0.150000,0.414640,18,16,0.023036,0.075869,0.062824,0.015651,2.764267,0.100000,0,1,1.301093
cmp-01332,0.250000,5765000.000000,15.567316,44,FLEXIBLE,PRIVATE_LINK,5,1,0.250000,0.565776,25,21,0.022631,0.034349,0.051434,0.013158,2.263105,0.074074,0,1,1.301093
cmp-01332,0.500000,5765000.000000,15.567316,44,FLEXIBLE,PRIVATE_LINK,5,1,0.500000,0.636964,30,25,0.021232,0.003434,0.028953,0.016502,1.273929,0.090909,0,1,1.301093
cmp-01333,0.150000,3798000.000000,15.149985,77,FLEXIBLE,PUBLIC,1,3,0.150000,0.801632,19,17,0.042191,0.060592,0.069405,0.003031,5.344216,0.095238,0,1,1.816746
cmp-01333,0.250000,3798000.000000,15.149985,77,FLEXIBLE,PUBLIC,1,3,0.250000,0.899816,24,22,0.037492,0.012751,0.046744,0.001735,3.599263,0.076923,0,1,1.816746
cmp-01333,0.500000,3798000.000000,15.149985,77,FLEXIBLE,PUBLIC,1,3,0.500000,1.158768,36,33,0.032188,0.019894,0.030098,0.000000,2.317536,0.100000,1,1,1.816746
cmp-01334,0.150000,1848000.000000,14.429615,80,STRICT,PUBLIC,3,3,0.150000,0.398593,6,6,0.066432,0.032109,0.033216,0.008844,2.657287,0.000000,0,0,0.982955
cmp-01334,0.250000,1848000.000000,14.429615,80,STRICT,PUBLIC,3,3,0.250000,0.820346,11,7,0.074577,0.052719,0.041017,0.002994,3.281385,0.076923,0,0,0.982955
cmp-01334,0.500000,1848000.000000,14.429615,80,STRICT,PUBLIC,3,3,0.500000,0.903788,13,9,0.069522,0.000000,0.022595,0.002405,1.807576,0.066667,0,0,0.982955
cmp-01335,0.150000,6486000.000000,15.685157,70,STRICT,PUBLIC,5,2,0.150000,0.980743,65,49,0.015088,0.092608,0.093404,0.000324,6.538288,0.120000,0,0,0.999013
cmp-01335,0.250000,6486000.000000,15.685157,70,STRICT,PUBLIC,5,2,0.250000,0.994912,67,51,0.014849,0.002024,0.056852,0.000097,3.979648,0.154639,0,0,0.999013
cmp-01335,0.500000,6486000.000000,15.685157,70,STRICT,PUBLIC,5,2,0.500000,0.998104,68,51,0.014678,0.000000,0.028517,0.000054,1.996207,0.146154,0,0,0.999013
cmp-01336,0.150000,1551000.000000,14.254410,64,FLEXIBLE,PUBLIC,3,3,0.150000,0.034558,2,2,0.017279,0.005400,0.003600,0.017747,0.230389,0.333333,0,0,0.280271
cmp-01336,0.250000,1551000.000000,14.254410,64,FLEXIBLE,PUBLIC,3,3,0.250000,0.034558,2,2,0.017279,0.000000,0.002160,0.020113,0.138233,0.333333,0,0,0.280271
cmp-01336,0.500000,1551000.000000,14.254410,64,FLEXIBLE,PUBLIC,3,3,0.500000,0.070342,4,4,0.017585,0.000000,0.002198,0.029052,0.140683,0.200000,0,0,0.280271
cmp-01337,0.150000,7398000.000000,15.816720,24,STRICT,PUBLIC,2,1,0.150000,0.806380,47,37,0.017157,0.171319,0.223994,0.009491,5.375867,0.113208,0,0,0.999135
cmp-01337,0.250000,7398000.000000,15.816720,24,STRICT,PUBLIC,2,1,0.250000,0.993593,57,42,0.017431,0.078005,0.165599,0.000356,3.974371,0.082192,0,0,0.999135
cmp-01337,0.500000,7398000.000000,15.816720,24,STRICT,PUBLIC,2,1,0.500000,0.995620,58,43,0.017166,0.000845,0.082968,0.000365,1.991241,0.072289,0,0,0.999135
cmp-01338,0.150000,5212000.000000,15.466474,26,FLEXIBLE,PRIVATE_LINK,7,1,0.150000,0.091021,14,14,0.006501,0.023068,0.023339,0.041130,0.606805,0.000000,0,0,0.598503
cmp-01338,0.250000,5212000.000000,15.466474,26,FLEXIBLE,PRIVATE_LINK,7,1,0.250000,0.162625,19,19,0.008559,0.027540,0.025019,0.042942,0.650499,0.000000,0,0,0.598503
cmp-01338,0.500000,5212000.000000,15.466474,26,FLEXIBLE,PRIVATE_LINK,7,1,0.500000,0.228952,28,26,0.008177,0.009446,0.017612,0.059311,0.457905,0.000000,0,0,0.598503
cmp-01339,0.150000,4360000.000000,15.287983,71,FLEXIBLE,PUBLIC,5,3,0.150000,0.059541,4,4,0.014885,0.007136,0.005591,0.015583,0.396942,0.200000,0,0,0.430183
cmp-01339,0.250000,4360000.000000,15.287983,71,FLEXIBLE,PUBLIC,5,3,0.250000,0.074679,6,6,0.012446,0.002132,0.004207,0.017377,0.298716,0.142857,0,0,0.430183
cmp-01339,0.500000,4360000.000000,15.287983,71,FLEXIBLE,PUBLIC,5,3,0.500000,0.142018,11,9,0.012911,0.001764,0.004001,0.024168,0.284037,0.083333,0,0,0.430183
cmp-01340,0.150000,12262000.000000,16.322016,55,FLEXIBLE,PUBLIC,4,3,0.150000,1.109134,265,202,0.004185,0.094543,0.134440,0.000000,7.394226,0.122517,1,1,3.305252
cmp-01340,0.250000,12262000.000000,16.322016,55,FLEXIBLE,PUBLIC,4,3,0.250000,1.448263,351,253,0.004126,0.061660,0.105328,0.000000,5.793052,0.124688,1,1,3.305252
cmp-01340,0.500000,12262000.000000,16.322016,55,FLEXIBLE,PUBLIC,4,3,0.500000,1.984334,495,329,0.004009,0.033913,0.072158,0.000000,3.968667,0.120782,1,1,3.305252
cmp-01341,0.150000,12058000.000000,16.305239,41,STRICT,PUBLIC,2,1,0.150000,0.197213,23,22,0.008574,0.038153,0.032067,0.023035,1.314756,0.080000,0,0,0.744817
cmp-01341,0.250000,12058000.000000,16.305239,41,STRICT,PUBLIC,2,1,0.250000,0.286805,35,34,0.008194,0.021852,0.027981,0.023193,1.147222,0.054054,0,0,0.744817
cmp-01341,0.500000,12058000.000000,16.305239,41,STRICT,PUBLIC,2,1,0.500000,0.479881,44,43,0.010906,0.000000,0.023409,0.025372,0.959761,0.063830,0,0,0.744817
cmp-01342,0.150000,12891000.000000,16.372040,47,FLEXIBLE,PUBLIC,4,1,0.150000,0.943860,90,73,0.010487,0.110209,0.133881,0.001405,6.292400,0.117647,0,1,3.211768
cmp-01342,0.250000,12891000.000000,16.372040,47,FLEXIBLE,PUBLIC,4,1,0.250000,1.367660,127,95,0.010769,0.090170,0.116397,0.000000,5.470638,0.105634,1,1,3.211768
cmp-01342,0.500000,12891000.000000,16.372040,47,FLEXIBLE,PUBLIC,4,1,0.500000,1.910899,186,125,0.010274,0.044281,0.081315,0.000000,3.821798,0.092683,1,1,3.211768
cmp-01343,0.150000,6987000.000000,15.759562,79,FLEXIBLE,PRIVATE_LINK,1,2,0.150000,0.311221,28,27,0.011115,0.022606,0.026263,0.010257,2.074806,0.125000,0,1,1.141262
cmp-01343,0.250000,6987000.000000,15.759562,79,FLEXIBLE,PRIVATE_LINK,1,2,0.250000,0.423615,37,35,0.011449,0.014227,0.021449,0.009728,1.694461,0.159091,0,1,1.141262
cmp-01343,0.500000,6987000.000000,15.759562,79,FLEXIBLE,PRIVATE_LINK,1,2,0.500000,0.605052,54,48,0.011205,0.008091,0.015318,0.009999,1.210104,0.129032,0,1,1.141262
cmp-01344,0.150000,12555000.000000,16.345630,18,STRICT,PUBLIC,0,2,0.150000,0.138431,10,10,0.013843,0.058011,0.051271,0.056312,0.922873,0.166667,0,0,0.632800
cmp-01344,0.250000,12555000.000000,16.345630,18,STRICT,PUBLIC,0,2,0.250000,0.212816,15,14,0.014188,0.041325,0.047292,0.058310,0.851262,0.166667,0,0,0.632800
cmp-01344,0.500000,12555000.000000,16.345630,18,STRICT,PUBLIC,0,2,0.500000,0.375030,26,24,0.014424,0.024864,0.041670,0.069441,0.750060,0.133333,0,0,0.632800
cmp-01345,0.150000,2882000.000000,14.873995,16,FLEXIBLE,PRIVATE_LINK,5,2,0.150000,0.955552,19,14,0.050292,0.405469,0.398147,0.003268,6.370345,0.095238,0,1,2.589591
cmp-01345,0.250000,2882000.000000,14.873995,16,FLEXIBLE,PRIVATE_LINK,5,2,0.250000,1.176718,24,17,0.049030,0.138229,0.294179,0.000000,4.706870,0.076923,1,1,2.589591
cmp-01345,0.500000,2882000.000000,14.873995,16,FLEXIBLE,PRIVATE_LINK,5,2,0.500000,1.422103,29,20,0.049038,0.000000,0.177763,0.000000,2.844205,0.093750,1,1,2.589591
cmp-01346,0.150000,8255000.000000,15.926330,32,STRICT,PUBLIC,2,1,0.150000,0.312974,27,22,0.011592,0.048717,0.065203,0.025258,2.086493,0.100000,0,0,0.995154
cmp-01346,0.250000,8255000.000000,15.926330,32,STRICT,PUBLIC,2,1,0.250000,0.391763,32,24,0.012243,0.024621,0.048970,0.025343,1.567050,0.111111,0,0,0.995154
cmp-01346,0.500000,8255000.000000,15.926330,32,STRICT,PUBLIC,2,1,0.500000,0.711714,44,34,0.016175,0.002544,0.044482,0.018018,1.423428,0.137255,0,0,0.995154
cmp-01347,0.150000,13730000.000000,16.435094,20,FLEXIBLE,PUBLIC,4,3,0.150000,0.786118,190,163,0.004137,0.197189,0.262039,0.012581,5.240787,0.116279,0,1,2.651136
cmp-01347,0.250000,13730000.000000,16.435094,20,FLEXIBLE,PUBLIC,4,3,0.250000,1.134144,260,212,0.004362,0.174013,0.226829,0.000000,4.536577,0.103448,1,1,2.651136
cmp-01347,0.500000,13730000.000000,16.435094,20,FLEXIBLE,PUBLIC,4,3,0.500000,1.592921,374,271,0.004259,0.089905,0.159292,0.000000,3.185841,0.111639,1,1,2.651136
cmp-01348,0.150000,7597000.000000,15.843264,53,FLEXIBLE,PUBLIC,2,1,0.150000,0.723101,24,18,0.030129,0.043592,0.090956,0.006146,4.820675,0.142857,0,1,1.697262
cmp-01348,0.250000,7597000.000000,15.843264,53,FLEXIBLE,PUBLIC,2,1,0.250000,0.943833,32,25,0.029495,0.041648,0.071233,0.001413,3.775332,0.157895,0,1,1.697262
cmp-01348,0.500000,7597000.000000,15.843264,53,FLEXIBLE,PUBLIC,2,1,0.500000,0.977465,35,27,0.027928,0.002938,0.036885,0.000850,1.954930,0.166667,0,1,1.697262
cmp-01349,0.150000,41183000.000000,17.533536,40,CLOSE_ON_TARGET,PUBLIC,2,2,0.150000,0.446240,100,91,0.004462,0.074917,0.074373,0.016287,2.974933,0.090909,0,1,1.000894
cmp-01349,0.250000,41183000.000000,17.533536,40,CLOSE_ON_TARGET,PUBLIC,2,2,0.250000,0.590229,137,119,0.004308,0.035997,0.059023,0.013659,2.360916,0.080537,0,1,1.000894
cmp-01349,0.500000,41183000.000000,17.533536,40,CLOSE_ON_TARGET,PUBLIC,2,2,0.500000,0.863446,201,164,0.004296,0.013392,0.043172,0.006828,1.726892,0.077982,0,1,1.000894
cmp-01350,0.150000,21857000.000000,16.900032,34,FLEXIBLE,PUBLIC,2,3,0.150000,0.982747,510,427,0.001927,0.170208,0.192695,0.000597,6.551646,0.116118,0,1,3.170499
cmp-01350,0.250000,21857000.000000,16.900032,34,FLEXIBLE,PUBLIC,2,3,0.250000,1.307604,680,519,0.001923,0.095546,0.153836,0.000000,5.230416,0.129321,1,1,3.170499
cmp-01350,0.500000,21857000.000000,16.900032,34,FLEXIBLE,PUBLIC,2,3,0.500000,1.803367,947,653,0.001904,0.048333,0.106080,0.000000,3.606735,0.126384,1,1,3.170499
cmp-01351,0.150000,3329000.000000,15.018183,58,FLEXIBLE,PUBLIC,1,2,0.150000,0.510874,10,9,0.051087,0.074093,0.058721,0.009921,3.405828,0.090909,0,1,1.575879
cmp-01351,0.250000,3329000.000000,15.018183,58,FLEXIBLE,PUBLIC,1,2,0.250000,0.580024,13,12,0.044617,0.011922,0.040002,0.009655,2.320096,0.071429,0,1,1.575879
cmp-01351,0.500000,3329000.000000,15.018183,58,FLEXIBLE,PUBLIC,1,2,0.500000,1.022049,20,17,0.051102,0.033136,0.035243,0.000000,2.044097,0.047619,1,1,1.575879
cmp-01352,0.150000,7272000.000000,15.799542,76,CLOSE_ON_TARGET,PUBLIC,3,2,0.150000,0.990993,54,47,0.018352,0.090048,0.086929,0.000139,6.606619,0.084746,0,1,1.003383
cmp-01353,0.150000,5522000.000000,15.524251,43,FLEXIBLE,PUBLIC,3,1,0.150000,0.219993,18,17,0.012222,0.020855,0.034107,0.021341,1.466618,0.100000,0,0,0.830406
cmp-01353,0.250000,5522000.000000,15.524251,43,FLEXIBLE,PUBLIC,3,1,0.250000,0.329699,27,26,0.012211,0.025513,0.030670,0.020785,1.318798,0.100000,0,0,0.830406
cmp-01353,0.500000,5522000.000000,15.524251,43,FLEXIBLE,PUBLIC,3,1,0.500000,0.469124,41,38,0.011442,0.007172,0.021820,0.024692,0.938247,0.068182,0,0,0.830406
cmp-01354,0.150000,10488000.000000,16.165742,65,FLEXIBLE,PUBLIC,4,1,0.150000,0.397693,52,48,0.007648,0.031610,0.040789,0.010901,2.651284,0.161290,0,1,1.455654
cmp-01354,0.250000,10488000.000000,16.165742,65,FLEXIBLE,PUBLIC,4,1,0.250000,0.581865,75,67,0.007758,0.028334,0.035807,0.008577,2.327460,0.147727,0,1,1.455654
cmp-01354,0.500000,10488000.000000,16.165742,65,FLEXIBLE,PUBLIC,4,1,0.500000,0.794622,109,90,0.007290,0.012504,0.024450,0.006319,1.589245,0.120968,0,1,1.455654
cmp-01355,0.150000,27343000.000000,17.123971,26,FLEXIBLE,PUBLIC,6,1,0.150000,0.367864,74,62,0.004971,0.071380,0.094324,0.028603,2.452425,0.129412,0,1,1.093018
cmp-01355,0.250000,27343000.000000,17.123971,26,FLEXIBLE,PUBLIC,6,1,0.250000,0.458410,100,85,0.004584,0.034825,0.070525,0.027774,1.833639,0.122807,0,1,1.093018
cmp-01355,0.500000,27343000.000000,17.123971,26,FLEXIBLE,PUBLIC,6,1,0.500000,0.639579,137,118,0.004668,0.033611,0.049198,0.027725,1.279157,0.138365,0,1,1.093018
cmp-01357,0.150000,18104000.000000,16.711643,66,FLEXIBLE,PUBLIC,6,3,0.150000,0.489555,88,75,0.005563,0.038688,0.049450,0.009099,3.263699,0.053763,0,1,1.367140
cmp-01357,0.250000,18104000.000000,16.711643,66,FLEXIBLE,PUBLIC,6,3,0.250000,0.594029,106,90,0.005604,0.015829,0.036002,0.008201,2.376116,0.094017,0,1,1.367140
cmp-01357,0.500000,18104000.000000,16.711643,66,FLEXIBLE,PUBLIC,6,3,0.500000,0.772277,144,120,0.005363,0.011457,0.023402,0.006901,1.544554,0.105590,0,1,1.367140
cmp-01358,0.150000,8833000.000000,15.994005,83,STRICT,PUBLIC,1,3,0.150000,0.553334,65,60,0.008513,0.026657,0.044445,0.006331,3.688894,0.097222,0,0,0.999638
cmp-01358,0.250000,8833000.000000,15.994005,83,STRICT,PUBLIC,1,3,0.250000,0.703589,86,76,0.008181,0.018103,0.033908,0.004762,2.814355,0.094737,0,0,0.999638
cmp-01358,0.500000,8833000.000000,15.994005,83,STRICT,PUBLIC,1,3,0.500000,0.975467,118,95,0.008267,0.013374,0.023505,0.000591,1.950934,0.106061,0,0,0.999638
cmp-01359,0.150000,14269000.000000,16.473600,63,FLEXIBLE,PRIVATE_LINK,2,1,0.150000,0.352821,73,68,0.004833,0.019652,0.037336,0.012086,2.352139,0.075949,0,1,1.172262
cmp-01359,0.250000,14269000.000000,16.473600,63,FLEXIBLE,PRIVATE_LINK,2,1,0.250000,0.435567,95,85,0.004585,0.013134,0.027655,0.011946,1.742266,0.059406,0,1,1.172262
cmp-01359,0.500000,14269000.000000,16.473600,63,FLEXIBLE,PRIVATE_LINK,2,1,0.500000,0.607085,143,125,0.004245,0.006885,0.019273,0.012473,1.214171,0.052980,0,1,1.172262
cmp-01360,0.150000,7991000.000000,15.893826,53,FLEXIBLE,PUBLIC,3,2,0.150000,0.054899,6,6,0.009150,0.006977,0.006906,0.020979,0.365995,0.250000,0,0,0.335390
cmp-01360,0.250000,7991000.000000,15.893826,53,FLEXIBLE,PUBLIC,3,2,0.250000,0.129946,8,7,0.016243,0.014160,0.009807,0.021888,0.519785,0.333333,0,0,0.335390
cmp-01360,0.500000,7991000.000000,15.893826,53,FLEXIBLE,PUBLIC,3,2,0.500000,0.173770,12,11,0.014481,0.003107,0.006557,0.031178,0.347541,0.250000,0,0,0.335390
cmp-01361,0.150000,8750000.000000,15.984564,54,FLEXIBLE,PRIVATE_LINK,2,2,0.150000,0.070960,7,6,0.010137,0.008599,0.008760,0.020241,0.473067,0.222222,0,0,0.299886
cmp-01361,0.250000,8750000.000000,15.984564,54,FLEXIBLE,PRIVATE_LINK,2,2,0.250000,0.126571,13,12,0.009736,0.010298,0.009376,0.021566,0.506286,0.133333,0,0,0.299886
cmp-01361,0.500000,8750000.000000,15.984564,54,FLEXIBLE,PRIVATE_LINK,2,2,0.500000,0.171726,19,17,0.009038,0.000000,0.006360,0.030677,0.343451,0.095238,0,0,0.299886
cmp-01362,0.150000,2772000.000000,14.835080,76,FLEXIBLE,PUBLIC,3,3,0.150000,0.394372,12,12,0.032864,0.023847,0.034594,0.009375,2.629149,0.142857,0,1,1.283081
cmp-01362,0.250000,2772000.000000,14.835080,76,FLEXIBLE,PUBLIC,3,3,0.250000,0.599351,19,19,0.031545,0.026971,0.031545,0.007029,2.397403,0.136364,0,1,1.283081
cmp-01362,0.500000,2772000.000000,14.835080,76,FLEXIBLE,PUBLIC,3,3,0.500000,0.684885,23,21,0.029778,0.000000,0.018023,0.008293,1.369769,0.178571,0,1,1.283081
cmp-01363,0.150000,7227000.000000,15.793335,61,FLEXIBLE,PUBLIC,2,1,0.150000,0.184973,11,11,0.016816,0.020370,0.020216,0.015719,1.233153,0.153846,0,0,0.445883
cmp-01363,0.250000,7227000.000000,15.793335,61,FLEXIBLE,PUBLIC,2,1,0.250000,0.199820,13,12,0.015371,0.002434,0.013103,0.017490,0.799280,0.133333,0,0,0.445883
cmp-01363,0.500000,7227000.000000,15.793335,61,FLEXIBLE,PUBLIC,2,1,0.500000,0.216840,16,14,0.013552,0.001132,0.007109,0.025677,0.433679,0.111111,0,0,0.445883
cmp-01364,0.150000,9721000.000000,16.089799,22,CLOSE_ON_TARGET,PUBLIC,1,3,0.150000,0.563090,52,46,0.010829,0.164274,0.170633,0.023364,3.753935,0.147541,0,1,1.029956
cmp-01364,0.250000,9721000.000000,16.089799,22,CLOSE_ON_TARGET,PUBLIC,1,3,0.250000,0.692645,66,56,0.010495,0.058888,0.125935,0.018628,2.770579,0.142857,0,1,1.029956
cmp-01364,0.500000,9721000.000000,16.089799,22,CLOSE_ON_TARGET,PUBLIC,1,3,0.500000,0.965899,93,75,0.010386,0.040278,0.087809,0.003100,1.931797,0.146789,0,1,1.029956
cmp-01365,0.150000,1404000.000000,14.154836,51,STRICT,PUBLIC,5,3,0.150000,0.323789,14,12,0.023128,0.042190,0.042325,0.015599,2.158594,0.222222,0,0,0.997080
cmp-01365,0.250000,1404000.000000,14.154836,51,STRICT,PUBLIC,5,3,0.250000,0.738675,20,18,0.036934,0.081350,0.057935,0.006832,2.954701,0.230769,0,0,0.997080
cmp-01365,0.500000,1404000.000000,14.154836,51,STRICT,PUBLIC,5,3,0.500000,0.994516,26,23,0.038251,0.009776,0.039001,0.000215,1.989031,0.166667,0,0,0.997080
cmp-01366,0.150000,13663000.000000,16.430202,40,FLEXIBLE,PRIVATE_LINK,1,2,0.150000,0.092030,15,15,0.006135,0.009906,0.015338,0.026705,0.613530,0.117647,0,0,0.262322
cmp-01366,0.250000,13663000.000000,16.430202,40,FLEXIBLE,PRIVATE_LINK,1,2,0.250000,0.106463,18,18,0.005915,0.003608,0.010646,0.029785,0.425851,0.142857,0,0,0.262322
cmp-01366,0.500000,13663000.000000,16.430202,40,FLEXIBLE,PRIVATE_LINK,1,2,0.500000,0.145202,29,27,0.005007,0.006073,0.007260,0.042740,0.290405,0.171429,0,0,0.262322
cmp-01367,0.150000,26293000.000000,17.084813,82,STRICT,PUBLIC,3,3,0.150000,0.066820,15,15,0.004455,0.003648,0.005433,0.013389,0.445467,0.062500,0,0,0.302708
cmp-01367,0.250000,26293000.000000,17.084813,82,STRICT,PUBLIC,3,3,0.250000,0.087913,20,20,0.004396,0.002572,0.004288,0.014831,0.351653,0.047619,0,0,0.302708
cmp-01367,0.500000,26293000.000000,17.084813,82,STRICT,PUBLIC,3,3,0.500000,0.159221,32,29,0.004976,0.002438,0.003883,0.020507,0.318442,0.085714,0,0,0.302708
cmp-01368,0.150000,11907000.000000,16.292637,79,FLEXIBLE,PUBLIC,3,2,0.150000,0.227328,40,37,0.005683,0.014194,0.019184,0.011507,1.515523,0.130435,0,0,0.664937
cmp-01368,0.250000,11907000.000000,16.292637,79,FLEXIBLE,PUBLIC,3,2,0.250000,0.328899,54,50,0.006091,0.012857,0.016653,0.011327,1.315596,0.142857,0,0,0.664937
cmp-01368,0.500000,11907000.000000,16.292637,79,FLEXIBLE,PUBLIC,3,2,0.500000,0.421466,70,64,0.006021,0.008023,0.010670,0.014646,0.842933,0.156627,0,0,0.664937
cmp-01369,0.150000,3115000.000000,14.951740,53,STRICT,PUBLIC,4,2,0.150000,0.969535,20,16,0.048477,0.028608,0.121954,0.000676,6.463563,0.047619,0,0,0.999583
cmp-01369,0.250000,3115000.000000,14.951740,53,STRICT,PUBLIC,4,2,0.250000,0.977560,21,17,0.046550,0.001514,0.073778,0.000565,3.910241,0.080000,0,0,0.999583
cmp-01369,0.500000,3115000.000000,14.951740,53,STRICT,PUBLIC,4,2,0.500000,0.999583,23,19,0.043460,0.000000,0.037720,0.000016,1.999165,0.116279,0,0,0.999583
cmp-01370,0.150000,6412000.000000,15.673682,81,FLEXIBLE,PUBLIC,2,3,0.150000,0.161868,9,9,0.017985,0.017236,0.013322,0.012173,1.079122,0.181818,0,0,0.483172
cmp-01370,0.250000,6412000.000000,15.673682,81,FLEXIBLE,PUBLIC,2,3,0.250000,0.200437,13,13,0.015418,0.004762,0.009898,0.013162,0.801747,0.133333,0,0,0.483172
cmp-01370,0.500000,6412000.000000,15.673682,81,FLEXIBLE,PUBLIC,2,3,0.500000,0.317545,19,19,0.016713,0.006429,0.007841,0.016851,0.635090,0.136364,0,0,0.483172
cmp-01371,0.150000,11529000.000000,16.260376,51,FLEXIBLE,PUBLIC,3,2,0.150000,0.568783,47,43,0.012102,0.052575,0.074351,0.009947,3.791887,0.113208,0,1,1.958192
cmp-01371,0.250000,11529000.000000,16.260376,51,FLEXIBLE,PUBLIC,3,2,0.250000,0.776433,66,59,0.011764,0.040716,0.060897,0.005845,3.105733,0.095890,0,1,1.958192
cmp-01371,0.500000,11529000.000000,16.260376,51,FLEXIBLE,PUBLIC,3,2,0.500000,1.164498,94,77,0.012388,0.020077,0.045667,0.000000,2.328996,0.096154,1,1,1.958192
cmp-01372,0.150000,28941000.000000,17.180770,61,FLEXIBLE,PUBLIC,3,2,0.150000,0.373156,99,92,0.003769,0.032684,0.040782,0.012090,2.487705,0.131579,0,1,1.096773
cmp-01372,0.250000,28941000.000000,17.180770,61,FLEXIBLE,PUBLIC,3,2,0.250000,0.458498,127,115,0.003610,0.013991,0.030065,0.011836,1.833993,0.130137,0,1,1.096773
cmp-01372,0.500000,28941000.000000,17.180770,61,FLEXIBLE,PUBLIC,3,2,0.500000,0.618707,177,152,0.003496,0.004954,0.020285,0.012501,1.237414,0.128079,0,1,1.096773
cmp-01373,0.150000,5479000.000000,15.516433,79,FLEXIBLE,PUBLIC,4,2,0.150000,0.234733,13,13,0.018056,0.006700,0.019809,0.011396,1.564884,0.071429,0,0,0.473681
cmp-01373,0.250000,5479000.000000,15.516433,79,FLEXIBLE,PUBLIC,4,2,0.250000,0.253623,16,16,0.015851,0.002391,0.012842,0.012597,1.014492,0.111111,0,0,0.473681
cmp-01373,0.500000,5479000.000000,15.516433,79,FLEXIBLE,PUBLIC,4,2,0.500000,0.340537,22,22,0.015479,0.007023,0.008621,0.016695,0.681073,0.083333,0,0,0.473681
cmp-01374,0.150000,5102000.000000,15.445143,57,FLEXIBLE,PUBLIC,2,1,0.150000,0.412525,17,16,0.024266,0.027299,0.048248,0.012125,2.750163,0.055556,0,0,0.917777
cmp-01374,0.250000,5102000.000000,15.445143,57,FLEXIBLE,PUBLIC,2,1,0.250000,0.412525,17,16,0.024266,0.000000,0.028949,0.013742,1.650098,0.150000,0,0,0.917777
cmp-01374,0.500000,5102000.000000,15.445143,57,FLEXIBLE,PUBLIC,2,1,0.500000,0.558938,22,19,0.025406,0.008517,0.019612,0.015476,1.117875,0.120000,0,0,0.917777
cmp-01375,0.150000,19532000.000000,16.787565,37,CLOSE_ON_TARGET,PUBLIC,6,3,0.150000,0.564320,93,85,0.006068,0.095695,0.101679,0.013853,3.762134,0.162162,0,1,1.001183
cmp-01375,0.250000,19532000.000000,16.787565,37,CLOSE_ON_TARGET,PUBLIC,6,3,0.250000,0.640953,116,106,0.005525,0.020712,0.069292,0.012939,2.563813,0.159420,0,1,1.001183
cmp-01376,0.150000,2859000.000000,14.865982,15,FLEXIBLE,PRIVATE_LINK,4,1,0.150000,0.539769,9,7,0.059974,0.200256,0.239897,0.036097,3.598461,0.100000,0,1,1.183036
cmp-01376,0.250000,2859000.000000,14.865982,15,FLEXIBLE,PRIVATE_LINK,4,1,0.250000,0.596257,11,9,0.054205,0.037659,0.159002,0.035888,2.385030,0.083333,0,1,1.183036
cmp-01376,0.500000,2859000.000000,14.865982,15,FLEXIBLE,PRIVATE_LINK,4,1,0.500000,0.694963,17,15,0.040880,0.044025,0.092662,0.040672,1.389927,0.055556,0,1,1.183036
cmp-01377,0.150000,11067000.000000,16.219478,85,FLEXIBLE,PRIVATE_LINK,2,2,0.150000,0.642216,82,69,0.007832,0.044871,0.050370,0.004952,4.281437,0.136842,0,1,2.442785
cmp-01377,0.250000,11067000.000000,16.219478,85,FLEXIBLE,PRIVATE_LINK,2,2,0.250000,1.034969,125,101,0.008280,0.046206,0.048704,0.000000,4.139875,0.131944,1,1,2.442785
cmp-01377,0.500000,11067000.000000,16.219478,85,FLEXIBLE,PRIVATE_LINK,2,2,0.500000,1.426864,180,134,0.007927,0.025104,0.033573,0.000000,2.853727,0.130435,1,1,2.442785
cmp-01378,0.150000,19879000.000000,16.805174,87,STRICT,PRIVATE_LINK,4,3,0.150000,0.351039,173,159,0.002029,0.021563,0.026900,0.008776,2.340259,0.084656,0,0,0.999995
cmp-01378,0.250000,19879000.000000,16.805174,87,STRICT,PRIVATE_LINK,4,3,0.250000,0.460089,231,209,0.001992,0.012534,0.021153,0.008275,1.840354,0.094118,0,0,0.999995
cmp-01378,0.500000,19879000.000000,16.805174,87,STRICT,PRIVATE_LINK,4,3,0.500000,0.617139,325,285,0.001899,0.007779,0.014187,0.008801,1.234277,0.114441,0,0,0.999995
cmp-01379,0.150000,9426000.000000,16.058982,87,FLEXIBLE,PRIVATE_LINK,4,2,0.150000,0.362603,50,45,0.007252,0.022018,0.027786,0.008619,2.417356,0.090909,0,1,1.037290
cmp-01379,0.250000,9426000.000000,16.058982,87,FLEXIBLE,PRIVATE_LINK,4,2,0.250000,0.408752,58,52,0.007047,0.005304,0.018793,0.009061,1.635010,0.107692,0,1,1.037290
cmp-01379,0.500000,9426000.000000,16.058982,87,FLEXIBLE,PRIVATE_LINK,4,2,0.500000,0.592383,72,66,0.008228,0.007946,0.013618,0.009371,1.184766,0.100000,0,1,1.037290
cmp-01380,0.150000,6630000.000000,15.707115,71,FLEXIBLE,PUBLIC,2,1,0.150000,0.188296,13,13,0.014484,0.019546,0.017680,0.013450,1.255304,0.071429,0,0,0.429955
cmp-01380,0.250000,6630000.000000,15.707115,71,FLEXIBLE,PUBLIC,2,1,0.250000,0.216471,17,17,0.012734,0.003968,0.012196,0.014714,0.865882,0.150000,0,0,0.429955
cmp-01380,0.500000,6630000.000000,15.707115,71,FLEXIBLE,PUBLIC,2,1,0.500000,0.273469,20,19,0.013673,0.000000,0.007703,0.020466,0.546938,0.166667,0,0,0.429955
cmp-01381,0.150000,12053000.000000,16.304824,18,STRICT,PUBLIC,6,3,0.150000,0.266340,28,25,0.009512,0.098505,0.098645,0.047952,1.775602,0.066667,0,0,0.776354
cmp-01381,0.250000,12053000.000000,16.304824,18,STRICT,PUBLIC,6,3,0.250000,0.318253,38,34,0.008375,0.028840,0.070723,0.050500,1.273011,0.073171,0,0,0.776354
cmp-01381,0.500000,12053000.000000,16.304824,18,STRICT,PUBLIC,6,3,0.500000,0.457189,54,49,0.008466,0.012072,0.050799,0.060312,0.914378,0.084746,0,0,0.776354
cmp-01382,0.150000,5775000.000000,15.569049,65,STRICT,PUBLIC,6,2,0.150000,0.993316,120,96,0.008278,0.077461,0.101879,0.000121,6.622107,0.142857,0,0,0.999688
cmp-01382,0.250000,5775000.000000,15.569049,65,STRICT,PUBLIC,6,2,0.250000,0.999688,124,99,0.008062,0.000980,0.061519,0.000006,3.998753,0.148571,0,0,0.999688
cmp-01382,0.500000,5775000.000000,15.569049,65,STRICT,PUBLIC,6,2,0.500000,0.999688,124,99,0.008062,0.000000,0.030760,0.000010,1.999377,0.142241,0,0,0.999688
cmp-01383,0.150000,7929000.000000,15.886037,77,FLEXIBLE,PUBLIC,5,1,0.150000,0.439980,53,51,0.008302,0.031191,0.038093,0.008556,2.933199,0.101695,0,1,1.316761
cmp-01383,0.250000,7929000.000000,15.886037,77,FLEXIBLE,PUBLIC,5,1,0.250000,0.543398,67,60,0.008110,0.013431,0.028228,0.007907,2.173591,0.094595,0,1,1.316761
cmp-01383,0.500000,7929000.000000,15.886037,77,FLEXIBLE,PUBLIC,5,1,0.500000,0.814907,97,86,0.008401,0.012895,0.021166,0.004808,1.629815,0.084906,0,1,1.316761
cmp-01384,0.150000,14421000.000000,16.484196,50,CLOSE_ON_TARGET,PUBLIC,3,3,0.150000,0.675806,60,53,0.011263,0.063065,0.090107,0.007628,4.505374,0.117647,0,1,1.070709
cmp-01384,0.250000,14421000.000000,16.484196,50,CLOSE_ON_TARGET,PUBLIC,3,3,0.250000,0.891623,74,57,0.012049,0.043163,0.071330,0.002890,3.566493,0.119048,0,1,1.070709
cmp-01385,0.150000,3819000.000000,15.155499,53,FLEXIBLE,PUBLIC,6,2,0.150000,0.473239,39,36,0.012134,0.040394,0.059527,0.011693,3.154927,0.187500,0,1,1.900786
cmp-01385,0.250000,3819000.000000,15.155499,53,FLEXIBLE,PUBLIC,6,2,0.250000,0.645902,53,48,0.012187,0.032578,0.048747,0.008908,2.583608,0.145161,0,1,1.900786
cmp-01385,0.500000,3819000.000000,15.155499,53,FLEXIBLE,PUBLIC,6,2,0.500000,0.898900,73,63,0.012314,0.019214,0.033921,0.003815,1.797800,0.109756,0,1,1.900786
cmp-01386,0.150000,8800000.000000,15.990262,68,FLEXIBLE,PUBLIC,2,3,0.150000,0.604886,108,89,0.005601,0.037208,0.059303,0.006836,4.032576,0.149606,0,1,2.124477
cmp-01386,0.250000,8800000.000000,15.990262,68,FLEXIBLE,PUBLIC,2,3,0.250000,0.797557,144,116,0.005539,0.028334,0.046915,0.003969,3.190227,0.167630,0,1,2.124477
cmp-01386,0.500000,8800000.000000,15.990262,68,FLEXIBLE,PUBLIC,2,3,0.500000,1.147523,207,154,0.005544,0.019499,0.033751,0.000000,2.295045,0.165323,1,1,2.124477
cmp-01387,0.150000,18046000.000000,16.708435,88,FLEXIBLE,PUBLIC,1,2,0.150000,0.338191,99,90,0.003416,0.024489,0.025621,0.008848,2.254609,0.168067,0,0,0.991671
cmp-01387,0.250000,18046000.000000,16.708435,88,FLEXIBLE,PUBLIC,1,2,0.250000,0.428632,124,111,0.003457,0.010277,0.019483,0.008657,1.714530,0.167785,0,0,0.991671
cmp-01387,0.500000,18046000.000000,16.708435,88,FLEXIBLE,PUBLIC,1,2,0.500000,0.584612,181,151,0.003230,0.006320,0.013287,0.009441,1.169223,0.150235,0,0,0.991671
cmp-01388,0.150000,22779000.000000,16.941350,89,FLEXIBLE,PUBLIC,2,1,0.150000,0.304192,86,78,0.003537,0.015880,0.022786,0.009198,2.027950,0.173077,0,0,0.967123
cmp-01388,0.250000,22779000.000000,16.941350,89,FLEXIBLE,PUBLIC,2,1,0.250000,0.446034,119,110,0.003748,0.015937,0.020046,0.008299,1.784135,0.173611,0,0,0.967123
cmp-01388,0.500000,22779000.000000,16.941350,89,FLEXIBLE,PUBLIC,2,1,0.500000,0.628500,166,149,0.003786,0.006434,0.014124,0.008348,1.257000,0.170000,0,0,0.967123
cmp-01389,0.150000,3315000.000000,15.013968,74,FLEXIBLE,PUBLIC,4,2,0.150000,0.362866,10,9,0.036287,0.038820,0.032691,0.010129,2.419105,0.000000,0,1,1.203228
cmp-01389,0.250000,3315000.000000,15.013968,74,FLEXIBLE,PUBLIC,4,2,0.250000,0.399608,12,11,0.033301,0.004965,0.021600,0.010818,1.598431,0.076923,0,1,1.203228
cmp-01389,0.500000,3315000.000000,15.013968,74,FLEXIBLE,PUBLIC,4,2,0.500000,0.535294,16,13,0.033456,0.013628,0.014467,0.012560,1.070588,0.058824,0,1,1.203228
cmp-01390,0.150000,7212000.000000,15.791257,77,FLEXIBLE,PRIVATE_LINK,4,1,0.150000,0.199348,11,11,0.018123,0.013288,0.017260,0.012233,1.328989,0.000000,0,0,0.542415
cmp-01390,0.250000,7212000.000000,15.791257,77,FLEXIBLE,PRIVATE_LINK,4,1,0.250000,0.205283,12,12,0.017107,0.000771,0.010664,0.013761,0.821131,0.000000,0,0,0.542415
cmp-01390,0.500000,7212000.000000,15.791257,77,FLEXIBLE,PRIVATE_LINK,4,1,0.500000,0.322033,18,18,0.017891,0.003625,0.008364,0.017610,0.644065,0.100000,0,0,0.542415
cmp-01391,0.150000,2001000.000000,14.509158,20,STRICT,PRIVATE_LINK,2,1,0.150000,0.316592,15,13,0.021106,0.111944,0.105531,0.040200,2.110611,0.062500,0,0,0.996002
cmp-01391,0.250000,2001000.000000,14.509158,20,STRICT,PRIVATE_LINK,2,1,0.250000,0.447276,20,17,0.022364,0.065342,0.089455,0.036848,1.789105,0.047619,0,0,0.996002
cmp-01391,0.500000,2001000.000000,14.509158,20,STRICT,PRIVATE_LINK,2,1,0.500000,0.632084,27,23,0.023411,0.044453,0.063208,0.036792,1.264168,0.068966,0,0,0.996002
cmp-01392,0.150000,19519000.000000,16.786899,35,FLEXIBLE,PUBLIC,2,2,0.150000,1.759491,369,260,0.004768,0.237133,0.335141,0.000000,11.729938,0.143852,1,1,6.031170
cmp-01392,0.250000,19519000.000000,16.786899,35,FLEXIBLE,PUBLIC,2,2,0.250000,2.536749,520,320,0.004878,0.222074,0.289914,0.000000,10.146995,0.130435,1,1,6.031170
cmp-01392,0.500000,19519000.000000,16.786899,35,FLEXIBLE,PUBLIC,2,2,0.500000,3.566192,730,382,0.004885,0.093459,0.203782,0.000000,7.132384,0.126794,1,1,6.031170
cmp-01393,0.150000,8884000.000000,15.999762,55,FLEXIBLE,PUBLIC,5,3,0.150000,0.383217,23,21,0.016662,0.060348,0.046451,0.013193,2.554780,0.148148,0,1,1.432643
cmp-01393,0.250000,8884000.000000,15.999762,55,FLEXIBLE,PUBLIC,5,3,0.250000,0.390016,25,23,0.015601,0.001236,0.028365,0.014787,1.560063,0.137931,0,1,1.432643
cmp-01393,0.500000,8884000.000000,15.999762,55,FLEXIBLE,PUBLIC,5,3,0.500000,0.585266,36,30,0.016257,0.007458,0.021282,0.015081,1.170531,0.162791,0,1,1.432643
cmp-01394,0.150000,22687000.000000,16.937303,65,FLEXIBLE,PUBLIC,2,1,0.150000,0.237700,48,46,0.004952,0.013984,0.024379,0.013797,1.584667,0.127273,0,0,0.857566
cmp-01394,0.250000,22687000.000000,16.937303,65,FLEXIBLE,PUBLIC,2,1,0.250000,0.337145,63,60,0.005352,0.015299,0.020747,0.013597,1.348578,0.136986,0,0,0.857566
cmp-01394,0.500000,22687000.000000,16.937303,65,FLEXIBLE,PUBLIC,2,1,0.500000,0.442950,93,86,0.004763,0.006494,0.013629,0.017140,0.885899,0.114286,0,0,0.857566
cmp-01395,0.150000,4158000.000000,15.240545,71,FLEXIBLE,PUBLIC,3,1,0.150000,0.045575,3,3,0.015192,0.004830,0.004279,0.015815,0.303832,0.000000,0,0,0.415777
cmp-01395,0.250000,4158000.000000,15.240545,71,FLEXIBLE,PUBLIC,3,1,0.250000,0.117076,5,5,0.023415,0.010071,0.006596,0.016581,0.468302,0.000000,0,0,0.415777
cmp-01395,0.500000,4158000.000000,15.240545,71,FLEXIBLE,PUBLIC,3,1,0.500000,0.147451,8,8,0.018431,0.002717,0.004154,0.024015,0.294901,0.200000,0,0,0.415777
cmp-01396,0.150000,9093000.000000,16.023015,66,STRICT,PUBLIC,2,2,0.150000,0.304795,43,34,0.007088,0.023751,0.030787,0.012392,2.031966,0.122449,0,0,0.999626
cmp-01396,0.250000,9093000.000000,16.023015,66,STRICT,PUBLIC,2,2,0.250000,0.447333,55,43,0.008133,0.021597,0.027111,0.011165,1.789332,0.112903,0,0,0.999626
cmp-01396,0.500000,9093000.000000,16.023015,66,STRICT,PUBLIC,2,2,0.500000,0.663038,80,62,0.008288,0.012929,0.020092,0.010211,1.326075,0.080460,0,0,0.999626
cmp-01397,0.150000,5723000.000000,15.560004,76,FLEXIBLE,PUBLIC,4,2,0.150000,0.159147,14,14,0.011368,0.015988,0.013960,0.013016,1.060982,0.066667,0,0,0.357348
cmp-01397,0.250000,5723000.000000,15.560004,76,FLEXIBLE,PUBLIC,4,2,0.250000,0.179312,16,16,0.011207,0.002653,0.009437,0.014398,0.717246,0.058824,0,0,0.357348
cmp-01397,0.500000,5723000.000000,15.560004,76,FLEXIBLE,PUBLIC,4,2,0.500000,0.292976,22,22,0.013317,0.001483,0.007710,0.018606,0.585951,0.120000,0,0,0.357348
cmp-01398,0.150000,4287000.000000,15.271098,38,FLEXIBLE,PUBLIC,7,2,0.150000,0.652181,28,25,0.023292,0.101592,0.114418,0.010768,4.347873,0.125000,0,1,2.765780
cmp-01398,0.250000,4287000.000000,15.271098,38,FLEXIBLE,PUBLIC,7,2,0.250000,1.222836,35,31,0.034938,0.150172,0.128720,0.000000,4.891346,0.146341,1,1,2.765780
cmp-01398,0.500000,4287000.000000,15.271098,38,FLEXIBLE,PUBLIC,7,2,0.500000,1.827875,54,42,0.033850,0.047758,0.096204,0.000000,3.655750,0.142857,1,1,2.765780
cmp-01399,0.150000,7095000.000000,15.774901,23,FLEXIBLE,PUBLIC,1,2,0.150000,0.511980,50,45,0.010240,0.142041,0.148400,0.024963,3.413202,0.152542,0,1,1.252319
cmp-01399,0.250000,7095000.000000,15.774901,23,FLEXIBLE,PUBLIC,1,2,0.250000,0.627484,65,56,0.009654,0.050219,0.109128,0.021595,2.509937,0.133333,0,1,1.252319
cmp-01399,0.500000,7095000.000000,15.774901,23,FLEXIBLE,PUBLIC,1,2,0.500000,0.809316,81,67,0.009992,0.027043,0.070375,0.016581,1.618633,0.138298,0,1,1.252319
cmp-01400,0.150000,16104000.000000,16.594578,46,FLEXIBLE,PUBLIC,1,2,0.150000,0.178285,22,22,0.008104,0.025491,0.025838,0.021016,1.188566,0.083333,0,0,0.613332
cmp-01400,0.250000,16104000.000000,16.594578,46,FLEXIBLE,PUBLIC,1,2,0.250000,0.277347,31,30,0.008947,0.021535,0.024117,0.020946,1.109389,0.060606,0,0,0.613332
cmp-01400,0.500000,16104000.000000,16.594578,46,FLEXIBLE,PUBLIC,1,2,0.500000,0.334165,42,41,0.007956,0.002119,0.014529,0.028949,0.668331,0.086957,0,0,0.613332
cmp-01401,0.150000,11639000.000000,16.269872,52,FLEXIBLE,PRIVATE_LINK,5,3,0.150000,0.239376,30,27,0.007979,0.019383,0.030689,0.017209,1.595842,0.189189,0,0,0.884612
cmp-01401,0.250000,11639000.000000,16.269872,52,FLEXIBLE,PRIVATE_LINK,5,3,0.250000,0.409485,46,42,0.008902,0.032713,0.031499,0.015141,1.637941,0.148148,0,0,0.884612
cmp-01401,0.500000,11639000.000000,16.269872,52,FLEXIBLE,PRIVATE_LINK,5,3,0.500000,0.522734,62,54,0.008431,0.010085,0.020105,0.018356,1.045468,0.138889,0,0,0.884612
cmp-01402,0.150000,8457000.000000,15.950505,37,STRICT,PUBLIC,5,2,0.150000,0.888968,64,58,0.013890,0.155483,0.160174,0.003530,5.926451,0.111111,0,1,1.000000
cmp-01402,0.250000,8457000.000000,15.950505,37,STRICT,PUBLIC,5,2,0.250000,0.998155,80,69,0.012477,0.029510,0.107909,0.000066,3.992621,0.104167,0,1,1.000000
cmp-01402,0.500000,8457000.000000,15.950505,37,STRICT,PUBLIC,5,2,0.500000,0.999054,81,69,0.012334,0.000000,0.054003,0.000051,1.998108,0.117188,0,1,1.000000
cmp-01403,0.150000,14720000.000000,16.504718,43,STRICT,PUBLIC,1,2,0.150000,0.403899,88,81,0.004590,0.055368,0.062620,0.016309,2.692663,0.137255,0,0,0.999681
cmp-01403,0.250000,14720000.000000,16.504718,43,STRICT,PUBLIC,1,2,0.250000,0.524355,120,108,0.004370,0.028013,0.048777,0.014749,2.097418,0.166667,0,0,0.999681
cmp-01403,0.500000,14720000.000000,16.504718,43,STRICT,PUBLIC,1,2,0.500000,0.766746,172,144,0.004458,0.016685,0.035663,0.010849,1.533492,0.156863,0,0,0.999681
cmp-01404,0.150000,14293000.000000,16.475280,71,STRICT,PUBLIC,3,3,0.150000,0.495984,95,88,0.005221,0.038110,0.046571,0.008352,3.306560,0.103774,0,0,0.999615
cmp-01404,0.250000,14293000.000000,16.475280,71,STRICT,PUBLIC,3,3,0.250000,0.616176,123,108,0.005010,0.016928,0.034714,0.007208,2.464703,0.121429,0,0,0.999615
cmp-01404,0.500000,14293000.000000,16.475280,71,STRICT,PUBLIC,3,3,0.500000,0.890674,177,145,0.005032,0.013889,0.025089,0.003080,1.781348,0.119403,0,0,0.999615
cmp-01405,0.150000,7860000.000000,15.877297,80,FLEXIBLE,PUBLIC,3,2,0.150000,0.133613,9,9,0.014846,0.008596,0.011134,0.012741,0.890755,0.181818,0,0,0.420013
cmp-01405,0.250000,7860000.000000,15.877297,80,FLEXIBLE,PUBLIC,3,2,0.250000,0.147201,13,12,0.011323,0.001698,0.007360,0.014213,0.588804,0.187500,0,0,0.420013
cmp-01405,0.500000,7860000.000000,15.877297,80,FLEXIBLE,PUBLIC,3,2,0.500000,0.283919,24,20,0.011830,0.007155,0.007098,0.017902,0.567837,0.142857,0,0,0.420013
cmp-01406,0.150000,6479000.000000,15.684077,62,FLEXIBLE,PUBLIC,3,2,0.150000,0.567819,48,43,0.011830,0.051579,0.061056,0.008201,3.785461,0.076923,0,1,1.309292
cmp-01406,0.250000,6479000.000000,15.684077,62,FLEXIBLE,PUBLIC,3,2,0.250000,0.725405,68,58,0.010668,0.025417,0.046800,0.005905,2.901621,0.081081,0,1,1.309292
cmp-01406,0.500000,6479000.000000,15.684077,62,FLEXIBLE,PUBLIC,3,2,0.500000,0.927412,91,73,0.010191,0.013221,0.029917,0.002342,1.854823,0.099010,0,1,1.309292
cmp-01407,0.150000,12963000.000000,16.377610,54,STRICT,PUBLIC,4,3,0.150000,0.129492,29,28,0.004465,0.014106,0.015987,0.018965,0.863278,0.064516,0,0,0.546162
cmp-01407,0.250000,12963000.000000,16.377610,54,STRICT,PUBLIC,4,3,0.250000,0.179472,40,38,0.004487,0.009256,0.013294,0.020260,0.717889,0.047619,0,0,0.546162
cmp-01407,0.500000,12963000.000000,16.377610,54,STRICT,PUBLIC,4,3,0.500000,0.249904,58,52,0.004309,0.008131,0.009256,0.027781,0.499807,0.079365,0,0,0.546162
cmp-01408,0.150000,6526000.000000,15.691305,49,STRICT,PUBLIC,5,1,0.150000,0.335780,25,25,0.013431,0.031632,0.045684,0.015948,2.238533,0.166667,0,0,0.960221
cmp-01408,0.250000,6526000.000000,15.691305,49,STRICT,PUBLIC,5,1,0.250000,0.457049,37,37,0.012353,0.024749,0.037310,0.014774,1.828195,0.159091,0,0,0.960221
cmp-01408,0.500000,6526000.000000,15.691305,49,STRICT,PUBLIC,5,1,0.500000,0.546246,44,43,0.012415,0.007149,0.022296,0.018521,1.092492,0.169811,0,0,0.960221
cmp-01409,0.150000,18540000.000000,16.735441,44,FLEXIBLE,PUBLIC,1,2,0.150000,0.628673,137,121,0.004589,0.054354,0.095254,0.009929,4.191154,0.138365,0,1,1.859261
cmp-01409,0.250000,18540000.000000,16.735441,44,FLEXIBLE,PUBLIC,1,2,0.250000,0.812977,167,144,0.004868,0.041887,0.073907,0.005667,3.251909,0.121053,0,1,1.859261
cmp-01409,0.500000,18540000.000000,16.735441,44,FLEXIBLE,PUBLIC,1,2,0.500000,1.087298,232,191,0.004687,0.022537,0.049423,0.000000,2.174595,0.137546,1,1,1.859261
cmp-01410,0.150000,9097000.000000,16.023455,15,FLEXIBLE,PUBLIC,6,3,0.150000,0.538177,56,48,0.009610,0.235917,0.239190,0.036221,3.587849,0.066667,0,1,2.190008
cmp-01410,0.250000,9097000.000000,16.023455,15,FLEXIBLE,PUBLIC,6,3,0.250000,0.862988,83,66,0.010397,0.216540,0.230130,0.012179,3.451951,0.056818,0,1,2.190008
cmp-01410,0.500000,9097000.000000,16.023455,15,FLEXIBLE,PUBLIC,6,3,0.500000,1.282720,104,79,0.012334,0.214466,0.171029,0.000000,2.565439,0.063063,1,1,2.190008
cmp-01411,0.150000,14007000.000000,16.455068,22,FLEXIBLE,PUBLIC,4,2,0.150000,0.517727,99,84,0.005230,0.135637,0.156887,0.025790,3.451512,0.139130,0,1,1.793389
cmp-01411,0.250000,14007000.000000,16.455068,22,FLEXIBLE,PUBLIC,4,2,0.250000,0.762040,129,106,0.005907,0.111052,0.138553,0.014422,3.048162,0.145695,0,1,1.793389
cmp-01411,0.500000,14007000.000000,16.455068,22,FLEXIBLE,PUBLIC,4,2,0.500000,1.044735,180,147,0.005804,0.038607,0.094976,0.000000,2.089470,0.138756,1,1,1.793389
cmp-01412,0.150000,10101000.000000,16.128145,35,FLEXIBLE,PUBLIC,4,3,0.150000,0.549411,43,35,0.012777,0.069589,0.104650,0.015146,3.662740,0.065217,0,1,1.531294
cmp-01412,0.250000,10101000.000000,16.128145,35,FLEXIBLE,PUBLIC,4,3,0.250000,0.770112,57,44,0.013511,0.063057,0.088013,0.008758,3.080447,0.109375,0,1,1.531294
cmp-01412,0.500000,10101000.000000,16.128145,35,FLEXIBLE,PUBLIC,4,3,0.500000,0.937848,79,63,0.011871,0.014827,0.053591,0.003552,1.875695,0.091954,0,1,1.531294
cmp-01413,0.150000,3985000.000000,15.198048,53,FLEXIBLE,PUBLIC,4,1,0.150000,0.762309,37,30,0.020603,0.074757,0.095888,0.005276,5.082058,0.212766,0,1,2.876863
cmp-01413,0.250000,3985000.000000,15.198048,53,FLEXIBLE,PUBLIC,4,1,0.250000,1.104291,53,39,0.020836,0.064525,0.083343,0.000000,4.417164,0.171875,1,1,2.876863
cmp-01413,0.500000,3985000.000000,15.198048,53,FLEXIBLE,PUBLIC,4,1,0.500000,1.511895,76,54,0.019893,0.028101,0.057053,0.000000,3.023789,0.126437,1,1,2.876863
cmp-01414,0.150000,3170000.000000,14.969242,87,FLEXIBLE,PUBLIC,5,2,0.150000,0.459716,15,14,0.030648,0.052841,0.035227,0.007306,3.064774,0.166667,0,1,1.826120
cmp-01414,0.250000,3170000.000000,14.969242,87,FLEXIBLE,PUBLIC,5,2,0.250000,0.793091,25,23,0.031724,0.038319,0.036464,0.003171,3.172366,0.107143,0,1,1.826120
cmp-01414,0.500000,3170000.000000,14.969242,87,FLEXIBLE,PUBLIC,5,2,0.500000,1.125678,37,33,0.030424,0.007462,0.025878,0.000000,2.251356,0.097561,1,1,1.826120
cmp-01415,0.150000,13136000.000000,16.390867,56,STRICT,PRIVATE_LINK,1,2,0.150000,0.320859,72,69,0.004456,0.033405,0.038197,0.014268,2.139058,0.162791,0,0,0.999741
cmp-01415,0.250000,13136000.000000,16.390867,56,STRICT,PRIVATE_LINK,1,2,0.250000,0.403898,94,89,0.004297,0.014828,0.028850,0.014193,1.615591,0.145455,0,0,0.999741
cmp-01415,0.500000,13136000.000000,16.390867,56,STRICT,PRIVATE_LINK,1,2,0.500000,0.640172,131,120,0.004887,0.013243,0.022863,0.012851,1.280344,0.132450,0,0,0.999741
cmp-01416,0.150000,5875000.000000,15.586217,67,FLEXIBLE,PRIVATE_LINK,1,1,0.150000,0.217600,17,16,0.012800,0.014267,0.021652,0.013738,1.450667,0.055556,0,0,0.481021
cmp-01416,0.250000,5875000.000000,15.586217,67,FLEXIBLE,PRIVATE_LINK,1,1,0.250000,0.302740,25,23,0.012110,0.012708,0.018074,0.013876,1.210962,0.074074,0,0,0.481021
cmp-01416,0.500000,5875000.000000,15.586217,67,FLEXIBLE,PRIVATE_LINK,1,1,0.500000,0.333617,32,29,0.010426,0.002477,0.009959,0.019892,0.667234,0.111111,0,0,0.481021
cmp-01417,0.150000,15898000.000000,16.581704,85,FLEXIBLE,PRIVATE_LINK,2,3,0.150000,0.494257,147,131,0.003362,0.029828,0.038765,0.007000,3.295048,0.135294,0,1,1.792414
cmp-01417,0.250000,15898000.000000,16.581704,85,FLEXIBLE,PRIVATE_LINK,2,3,0.250000,0.690351,206,178,0.003351,0.023070,0.032487,0.004857,2.761404,0.130802,0,1,1.792414
cmp-01417,0.500000,15898000.000000,16.581704,85,FLEXIBLE,PRIVATE_LINK,2,3,0.500000,0.993653,296,233,0.003357,0.015509,0.023380,0.000149,1.987307,0.108434,0,1,1.792414
cmp-01418,0.150000,6232000.000000,15.645208,61,STRICT,PUBLIC,1,3,0.150000,0.111152,10,10,0.011115,0.007431,0.012148,0.017143,0.741014,0.000000,0,0,0.445828
cmp-01418,0.250000,6232000.000000,15.645208,61,STRICT,PUBLIC,1,3,0.250000,0.155761,12,12,0.012980,0.007313,0.010214,0.018453,0.623042,0.000000,0,0,0.445828
cmp-01418,0.500000,6232000.000000,15.645208,61,STRICT,PUBLIC,1,3,0.500000,0.313206,19,18,0.016485,0.019405,0.010269,0.022518,0.626412,0.000000,0,0,0.445828
cmp-01419,0.150000,5704000.000000,15.556678,59,CLOSE_ON_TARGET,PUBLIC,1,1,0.150000,0.099229,6,6,0.016538,0.007378,0.011212,0.017962,0.661524,0.250000,0,0,0.268426
cmp-01419,0.250000,5704000.000000,15.556678,59,CLOSE_ON_TARGET,PUBLIC,1,1,0.250000,0.099229,6,6,0.016538,0.000000,0.006727,0.020356,0.396914,0.333333,0,0,0.268426
cmp-01419,0.500000,5704000.000000,15.556678,59,CLOSE_ON_TARGET,PUBLIC,1,1,0.500000,0.108994,8,8,0.013624,0.000719,0.003695,0.030204,0.217987,0.272727,0,0,0.268426
cmp-01420,0.150000,2465000.000000,14.717702,39,FLEXIBLE,PRIVATE_LINK,3,2,0.150000,0.209696,15,15,0.013980,0.032309,0.035845,0.023840,1.397972,0.062500,0,1,1.093915
cmp-01420,0.250000,2465000.000000,14.717702,39,FLEXIBLE,PRIVATE_LINK,3,2,0.250000,0.328276,20,19,0.016414,0.030405,0.033669,0.022965,1.313103,0.090909,0,1,1.093915
cmp-01420,0.500000,2465000.000000,14.717702,39,FLEXIBLE,PRIVATE_LINK,3,2,0.500000,0.541339,30,28,0.018045,0.028824,0.027761,0.023521,1.082677,0.090909,0,1,1.093915
cmp-01421,0.150000,3461000.000000,15.057068,90,STRICT,PUBLIC,5,1,0.150000,0.281306,5,5,0.056261,0.031256,0.020837,0.009395,1.875373,0.166667,0,0,0.709275
cmp-01421,0.250000,3461000.000000,15.057068,90,STRICT,PUBLIC,5,1,0.250000,0.290494,6,6,0.048416,0.001021,0.012911,0.010511,1.161976,0.142857,0,0,0.709275
cmp-01421,0.500000,3461000.000000,15.057068,90,STRICT,PUBLIC,5,1,0.500000,0.629818,11,7,0.057256,0.000000,0.013996,0.008226,1.259636,0.214286,0,0,0.709275
cmp-01422,0.150000,1283000.000000,14.064712,27,FLEXIBLE,PUBLIC,5,2,0.150000,2.285659,10,7,0.228566,0.102018,0.564360,0.000000,15.237724,0.000000,1,1,4.130242
cmp-01422,0.250000,1283000.000000,14.064712,27,FLEXIBLE,PUBLIC,5,2,0.250000,2.423071,13,10,0.186390,0.050893,0.358973,0.000000,9.692284,0.000000,1,1,4.130242
cmp-01422,0.500000,1283000.000000,14.064712,27,FLEXIBLE,PUBLIC,5,2,0.500000,2.826033,18,12,0.157002,0.007794,0.209336,0.000000,5.652065,0.000000,1,1,4.130242
cmp-01423,0.150000,26926000.000000,17.108603,68,FLEXIBLE,PRIVATE_LINK,6,1,0.150000,0.263173,74,72,0.003556,0.018379,0.025801,0.012748,1.754488,0.063291,0,0,0.798533
cmp-01423,0.250000,26926000.000000,17.108603,68,FLEXIBLE,PRIVATE_LINK,6,1,0.250000,0.362397,100,96,0.003624,0.014592,0.021317,0.012502,1.449588,0.065421,0,0,0.798533
cmp-01423,0.500000,26926000.000000,17.108603,68,FLEXIBLE,PRIVATE_LINK,6,1,0.500000,0.499885,138,129,0.003622,0.006522,0.014702,0.014709,0.999770,0.054795,0,0,0.798533
cmp-01424,0.150000,23542000.000000,16.974297,64,CLOSE_ON_TARGET,PUBLIC,0,3,0.150000,0.396020,87,81,0.004552,0.033738,0.041252,0.011103,2.640133,0.103093,0,1,1.002086
cmp-01424,0.250000,23542000.000000,16.974297,64,CLOSE_ON_TARGET,PUBLIC,0,3,0.250000,0.484364,113,103,0.004286,0.013804,0.030273,0.010742,1.937456,0.103175,0,1,1.002086
cmp-01424,0.500000,23542000.000000,16.974297,64,CLOSE_ON_TARGET,PUBLIC,0,3,0.500000,0.672967,163,141,0.004129,0.006421,0.021030,0.010220,1.345935,0.099448,0,1,1.002086
cmp-01425,0.150000,5768000.000000,15.567836,86,FLEXIBLE,PUBLIC,2,3,0.150000,0.841904,70,60,0.012027,0.043780,0.065264,0.002163,5.612691,0.146341,0,1,2.281345
cmp-01425,0.250000,5768000.000000,15.567836,86,FLEXIBLE,PUBLIC,2,3,0.250000,1.178363,104,83,0.011330,0.039123,0.054808,0.000000,4.713454,0.111111,1,1,2.281345
cmp-01425,0.500000,5768000.000000,15.567836,86,FLEXIBLE,PUBLIC,2,3,0.500000,1.437205,133,99,0.010806,0.006382,0.033423,0.000000,2.874411,0.113333,1,1,2.281345
cmp-01426,0.150000,15846000.000000,16.578428,42,STRICT,PUBLIC,0,2,0.150000,0.214780,52,50,0.004130,0.028583,0.034092,0.021995,1.431865,0.133333,0,0,0.742118
cmp-01426,0.250000,15846000.000000,16.578428,42,STRICT,PUBLIC,0,2,0.250000,0.266282,68,66,0.003916,0.012262,0.025360,0.023293,1.065127,0.128205,0,0,0.742118
cmp-01426,0.500000,15846000.000000,16.578428,42,STRICT,PUBLIC,0,2,0.500000,0.454329,109,103,0.004168,0.012805,0.021635,0.025984,0.908658,0.120968,0,0,0.742118
cmp-01427,0.150000,8968000.000000,16.009173,59,FLEXIBLE,PUBLIC,6,2,0.150000,0.918053,192,156,0.004782,0.085642,0.103735,0.001634,6.120354,0.142857,0,1,2.886887
cmp-01427,0.250000,8968000.000000,16.009173,59,FLEXIBLE,PUBLIC,6,2,0.250000,1.234144,264,204,0.004675,0.053575,0.083671,0.000000,4.936574,0.145631,1,1,2.886887
cmp-01427,0.500000,8968000.000000,16.009173,59,FLEXIBLE,PUBLIC,6,2,0.500000,1.771777,381,266,0.004650,0.036557,0.060060,0.000000,3.543555,0.130137,1,1,2.886887
cmp-01428,0.150000,5255000.000000,15.474691,37,FLEXIBLE,PUBLIC,2,1,0.150000,0.115109,11,9,0.010464,0.009047,0.020740,0.028136,0.767396,0.083333,0,0,0.452179
cmp-01428,0.250000,5255000.000000,15.474691,37,FLEXIBLE,PUBLIC,2,1,0.250000,0.137260,14,11,0.009804,0.005987,0.014839,0.031090,0.549039,0.066667,0,0,0.452179
cmp-01428,0.500000,5255000.000000,15.474691,37,FLEXIBLE,PUBLIC,2,1,0.500000,0.210885,20,16,0.010544,0.009371,0.011399,0.042655,0.421770,0.130435,0,0,0.452179
cmp-01429,0.150000,17703000.000000,16.689245,58,FLEXIBLE,PRIVATE_LINK,0,3,0.150000,0.455019,152,131,0.002994,0.043319,0.052301,0.011054,3.033459,0.111111,0,1,1.621957
cmp-01429,0.250000,17703000.000000,16.689245,58,FLEXIBLE,PRIVATE_LINK,0,3,0.250000,0.613732,200,169,0.003069,0.027364,0.042326,0.008880,2.454929,0.126638,0,1,1.621957
cmp-01429,0.500000,17703000.000000,16.689245,58,FLEXIBLE,PRIVATE_LINK,0,3,0.500000,0.866605,277,221,0.003129,0.014150,0.029883,0.004600,1.733209,0.126183,0,1,1.621957
cmp-01430,0.150000,3679000.000000,15.118152,88,CLOSE_ON_TARGET,PUBLIC,4,1,0.150000,0.948138,63,51,0.015050,0.066112,0.071829,0.000693,6.320921,0.086957,0,1,1.084072
cmp-01431,0.150000,4822000.000000,15.388699,71,STRICT,PUBLIC,3,1,0.150000,0.056989,4,4,0.014247,0.005932,0.005351,0.015626,0.379925,0.000000,0,0,0.405475
cmp-01431,0.250000,4822000.000000,15.388699,71,STRICT,PUBLIC,3,1,0.250000,0.111987,7,6,0.015998,0.007746,0.006309,0.016676,0.447947,0.300000,0,0,0.405475
cmp-01431,0.500000,4822000.000000,15.388699,71,STRICT,PUBLIC,3,1,0.500000,0.233617,10,9,0.023362,0.007378,0.006581,0.021588,0.467234,0.285714,0,0,0.405475
cmp-01432,0.150000,749000.000000,13.526494,66,STRICT,PUBLIC,4,1,0.150000,0.497864,5,5,0.099573,0.070296,0.050289,0.008951,3.319092,0.000000,0,0,0.659146
cmp-01432,0.250000,749000.000000,13.526494,66,STRICT,PUBLIC,4,1,0.250000,0.628972,7,6,0.089853,0.019865,0.038120,0.007496,2.515888,0.000000,0,0,0.659146
cmp-01432,0.500000,749000.000000,13.526494,66,STRICT,PUBLIC,4,1,0.500000,0.659146,8,6,0.082393,0.004572,0.019974,0.010329,1.318291,0.000000,0,0,0.659146
cmp-01433,0.150000,11648000.000000,16.270645,63,FLEXIBLE,PRIVATE_LINK,2,2,0.150000,0.155297,38,35,0.004087,0.012406,0.016434,0.015774,1.035314,0.116279,0,0,0.596626
cmp-01433,0.250000,11648000.000000,16.270645,63,FLEXIBLE,PRIVATE_LINK,2,2,0.250000,0.203743,50,46,0.004075,0.007690,0.012936,0.016852,0.814973,0.137931,0,0,0.596626
cmp-01433,0.500000,11648000.000000,16.270645,63,FLEXIBLE,PRIVATE_LINK,2,2,0.500000,0.392153,77,69,0.005093,0.017228,0.012449,0.019297,0.784306,0.114943,0,0,0.596626
cmp-01434,0.150000,3538000.000000,15.079072,74,FLEXIBLE,PRIVATE_LINK,5,1,0.150000,0.337875,23,22,0.014690,0.016829,0.030439,0.010527,2.252497,0.233333,0,0,0.894375
cmp-01434,0.250000,3538000.000000,15.079072,74,FLEXIBLE,PRIVATE_LINK,5,1,0.250000,0.434511,31,26,0.014016,0.013059,0.023487,0.010189,1.738044,0.184211,0,0,0.894375
cmp-01434,0.500000,3538000.000000,15.079072,74,FLEXIBLE,PRIVATE_LINK,5,1,0.500000,0.568344,38,32,0.014956,0.008342,0.015361,0.011666,1.136687,0.173913,0,0,0.894375
cmp-01436,0.150000,25209000.000000,17.042712,31,STRICT,PRIVATE_LINK,5,1,0.150000,0.365782,108,101,0.003387,0.069676,0.078663,0.024069,2.438547,0.092437,0,0,0.999861
cmp-01436,0.250000,25209000.000000,17.042712,31,STRICT,PRIVATE_LINK,5,1,0.250000,0.501591,144,136,0.003483,0.043809,0.064721,0.021437,2.006363,0.082803,0,0,0.999861
cmp-01436,0.500000,25209000.000000,17.042712,31,STRICT,PRIVATE_LINK,5,1,0.500000,0.761692,210,189,0.003627,0.025999,0.049141,0.015375,1.523385,0.074890,0,0,0.999861
cmp-01437,0.150000,2257000.000000,14.629547,18,CLOSE_ON_TARGET,PUBLIC,6,1,0.150000,0.990696,15,10,0.066046,0.231280,0.366924,0.000608,6.604637,0.166667,0,1,1.032122
cmp-01438,0.150000,2207000.000000,14.607145,32,FLEXIBLE,PUBLIC,2,2,0.150000,0.494155,26,24,0.019006,0.073573,0.102949,0.018597,3.294366,0.103448,0,1,1.889171
cmp-01438,0.250000,2207000.000000,14.607145,32,FLEXIBLE,PUBLIC,2,2,0.250000,0.667059,36,31,0.018529,0.054033,0.083382,0.013873,2.668237,0.100000,0,1,1.889171
cmp-01438,0.500000,2207000.000000,14.607145,32,FLEXIBLE,PUBLIC,2,2,0.500000,0.935886,47,39,0.019912,0.021310,0.058493,0.004007,1.871772,0.096154,0,1,1.889171
cmp-01439,0.150000,4751000.000000,15.373866,68,STRICT,PUBLIC,1,1,0.150000,0.316228,21,20,0.015058,0.035640,0.031003,0.011830,2.108188,0.160000,0,0,0.993307
cmp-01439,0.250000,4751000.000000,15.373866,68,STRICT,PUBLIC,1,1,0.250000,0.575100,34,31,0.016915,0.038069,0.033829,0.008331,2.300400,0.105263,0,0,0.993307
cmp-01439,0.500000,4751000.000000,15.373866,68,STRICT,PUBLIC,1,1,0.500000,0.701284,39,33,0.017982,0.015501,0.020626,0.008786,1.402568,0.113636,0,0,0.993307
cmp-01440,0.150000,4905000.000000,15.405766,80,FLEXIBLE,PUBLIC,2,3,0.150000,0.575474,60,51,0.009591,0.036567,0.047956,0.006243,3.836493,0.117647,0,1,2.057125
cmp-01440,0.250000,4905000.000000,15.405766,80,FLEXIBLE,PUBLIC,2,3,0.250000,0.833313,87,70,0.009578,0.032230,0.041666,0.002778,3.333252,0.112245,0,1,2.057125
cmp-01440,0.500000,4905000.000000,15.405766,80,FLEXIBLE,PUBLIC,2,3,0.500000,1.231213,128,92,0.009619,0.018379,0.030780,0.000000,2.462426,0.098592,1,1,2.057125
cmp-01441,0.150000,6866000.000000,15.742092,66,FLEXIBLE,PUBLIC,4,3,0.150000,1.373842,176,133,0.007806,0.126674,0.138772,0.000000,9.158947,0.149758,1,1,4.621614
cmp-01441,0.250000,6866000.000000,15.742092,66,FLEXIBLE,PUBLIC,4,3,0.250000,1.974090,251,166,0.007865,0.090947,0.119642,0.000000,7.896359,0.152027,1,1,4.621614
cmp-01441,0.500000,6866000.000000,15.742092,66,FLEXIBLE,PUBLIC,4,3,0.500000,2.521366,328,193,0.007687,0.029888,0.076405,0.000000,5.042732,0.154639,1,1,4.621614
cmp-01442,0.150000,13051000.000000,16.384375,78,FLEXIBLE,PUBLIC,0,1,0.150000,0.279971,54,50,0.005185,0.025020,0.023929,0.010860,1.866473,0.114754,0,1,1.160777
cmp-01442,0.250000,13051000.000000,16.384375,78,FLEXIBLE,PUBLIC,0,1,0.250000,0.456180,79,70,0.005774,0.022591,0.023394,0.009296,1.824718,0.081395,0,1,1.160777
cmp-01442,0.500000,13051000.000000,16.384375,78,FLEXIBLE,PUBLIC,0,1,0.500000,0.649498,111,95,0.005851,0.009045,0.016654,0.008987,1.298996,0.097561,0,1,1.160777
cmp-01443,0.150000,6367000.000000,15.666639,48,FLEXIBLE,PUBLIC,6,2,0.150000,0.113633,11,11,0.010330,0.010094,0.015782,0.021725,0.757552,0.083333,0,0,0.439343
cmp-01443,0.250000,6367000.000000,15.666639,48,FLEXIBLE,PUBLIC,6,2,0.250000,0.113633,11,11,0.010330,0.000000,0.009469,0.024621,0.454531,0.083333,0,0,0.439343
cmp-01443,0.500000,6367000.000000,15.666639,48,FLEXIBLE,PUBLIC,6,2,0.500000,0.137820,13,13,0.010602,0.000000,0.005743,0.035924,0.275640,0.133333,0,0,0.439343
cmp-01444,0.150000,5201000.000000,15.464361,48,STRICT,PUBLIC,6,3,0.150000,0.406979,42,41,0.009690,0.045784,0.056525,0.014535,2.713196,0.222222,0,0,0.999212
cmp-01444,0.250000,5201000.000000,15.464361,48,STRICT,PUBLIC,6,3,0.250000,0.650644,63,58,0.010328,0.050763,0.054220,0.009704,2.602576,0.181818,0,0,0.999212
cmp-01444,0.500000,5201000.000000,15.464361,48,STRICT,PUBLIC,6,3,0.500000,0.968275,90,79,0.010759,0.015145,0.040345,0.001322,1.936551,0.157407,0,0,0.999212
cmp-01445,0.150000,9218000.000000,16.036669,86,CLOSE_ON_TARGET,PUBLIC,4,3,0.150000,0.205869,25,25,0.008235,0.017796,0.015959,0.010864,1.372460,0.166667,0,0,0.734943
cmp-01445,0.250000,9218000.000000,16.036669,86,CLOSE_ON_TARGET,PUBLIC,4,3,0.250000,0.318008,33,31,0.009637,0.013039,0.014791,0.010574,1.272033,0.175000,0,0,0.734943
cmp-01445,0.500000,9218000.000000,16.036669,86,CLOSE_ON_TARGET,PUBLIC,4,3,0.500000,0.438089,47,41,0.009321,0.003904,0.010188,0.013068,0.876177,0.160714,0,0,0.734943
cmp-01446,0.150000,1632000.000000,14.305317,88,STRICT,PUBLIC,2,2,0.150000,0.296017,2,2,0.148009,0.025171,0.022426,0.009412,1.973448,0.000000,0,0,0.347855
cmp-01446,0.250000,1632000.000000,14.305317,88,STRICT,PUBLIC,2,2,0.250000,0.320404,3,3,0.106801,0.002771,0.014564,0.010297,1.281618,0.000000,0,0,0.347855
cmp-01446,0.500000,1632000.000000,14.305317,88,STRICT,PUBLIC,2,2,0.500000,0.347855,4,4,0.086964,0.000000,0.007906,0.014821,0.695711,0.000000,0,0,0.347855
cmp-01447,0.150000,16546000.000000,16.621655,85,STRICT,PUBLIC,6,3,0.150000,0.543382,114,105,0.004767,0.035606,0.042618,0.006320,3.622547,0.095238,0,0,0.999788
cmp-01447,0.250000,16546000.000000,16.621655,85,STRICT,PUBLIC,6,3,0.250000,0.699178,151,133,0.004630,0.018329,0.032902,0.004719,2.796712,0.095808,0,0,0.999788
cmp-01447,0.500000,16546000.000000,16.621655,85,STRICT,PUBLIC,6,3,0.500000,0.999788,199,167,0.005024,0.000070,0.023524,0.000005,1.999577,0.087137,0,0,0.999788
cmp-01448,0.150000,9777000.000000,16.095543,55,STRICT,PUBLIC,2,2,0.150000,0.999560,58,48,0.017234,0.087763,0.121159,0.000009,6.663735,0.160494,0,0,0.999560
cmp-01448,0.250000,9777000.000000,16.095543,55,STRICT,PUBLIC,2,2,0.250000,0.999560,58,48,0.017234,0.000000,0.072695,0.000011,3.998241,0.122642,0,0,0.999560
cmp-01448,0.500000,9777000.000000,16.095543,55,STRICT,PUBLIC,2,2,0.500000,0.999560,58,48,0.017234,0.000000,0.036348,0.000016,1.999120,0.130435,0,0,0.999560
cmp-01449,0.150000,8517000.000000,15.957575,20,FLEXIBLE,PUBLIC,1,2,0.150000,0.658976,119,103,0.005538,0.199249,0.219659,0.020060,4.393174,0.125000,0,1,1.905248
cmp-01449,0.250000,8517000.000000,15.957575,20,FLEXIBLE,PUBLIC,1,2,0.250000,0.795726,148,123,0.005377,0.068375,0.159145,0.013618,3.182905,0.144509,0,1,1.905248
cmp-01449,0.500000,8517000.000000,15.957575,20,FLEXIBLE,PUBLIC,1,2,0.500000,1.083821,214,171,0.005065,0.053499,0.108382,0.000000,2.167641,0.126531,1,1,1.905248
cmp-01450,0.150000,19762000.000000,16.799271,25,FLEXIBLE,PUBLIC,1,3,0.150000,0.319897,49,45,0.006529,0.075413,0.085306,0.032005,2.132645,0.092593,0,0,0.855075
cmp-01450,0.250000,19762000.000000,16.799271,25,FLEXIBLE,PUBLIC,1,3,0.250000,0.392470,65,59,0.006038,0.029029,0.062795,0.032402,1.569882,0.121622,0,0,0.855075
cmp-01450,0.500000,19762000.000000,16.799271,25,FLEXIBLE,PUBLIC,1,3,0.500000,0.490978,84,73,0.005845,0.020000,0.039278,0.040722,0.981955,0.125000,0,0,0.855075
cmp-01452,0.150000,7225000.000000,15.793058,28,CLOSE_ON_TARGET,PUBLIC,3,1,0.150000,0.338090,9,9,0.037566,0.014409,0.080498,0.027811,2.253933,0.100000,0,0,0.710436
cmp-01452,0.250000,7225000.000000,15.793058,28,CLOSE_ON_TARGET,PUBLIC,3,1,0.250000,0.379336,13,13,0.029180,0.014731,0.054191,0.029555,1.517343,0.133333,0,0,0.710436
cmp-01452,0.500000,7225000.000000,15.793058,28,CLOSE_ON_TARGET,PUBLIC,3,1,0.500000,0.459294,21,21,0.021871,0.000000,0.032807,0.038622,0.918588,0.086957,0,0,0.710436
cmp-01453,0.150000,13739000.000000,16.435749,80,FLEXIBLE,PRIVATE_LINK,3,3,0.150000,0.248694,28,28,0.008882,0.014106,0.020724,0.011049,1.657957,0.151515,0,1,1.480108
cmp-01453,0.250000,13739000.000000,16.435749,80,FLEXIBLE,PRIVATE_LINK,3,3,0.250000,0.512970,39,37,0.013153,0.033035,0.025649,0.008117,2.051882,0.170213,0,1,1.480108
cmp-01453,0.500000,13739000.000000,16.435749,80,FLEXIBLE,PRIVATE_LINK,3,3,0.500000,0.700873,51,48,0.013743,0.003362,0.017522,0.007478,1.401747,0.177419,0,1,1.480108
cmp-01454,0.150000,7144000.000000,15.781783,87,FLEXIBLE,PUBLIC,3,2,0.150000,0.481915,20,19,0.024096,0.032303,0.036928,0.007006,3.212766,0.090909,0,0,0.981187
cmp-01454,0.250000,7144000.000000,15.781783,87,FLEXIBLE,PUBLIC,3,2,0.250000,0.510190,23,21,0.022182,0.003250,0.023457,0.007507,2.040761,0.115385,0,0,0.981187
cmp-01454,0.500000,7144000.000000,15.781783,87,FLEXIBLE,PUBLIC,3,2,0.500000,0.636898,34,30,0.018732,0.004573,0.014641,0.008347,1.273796,0.105263,0,0,0.981187
cmp-01455,0.150000,12834000.000000,16.367608,51,FLEXIBLE,PUBLIC,2,3,0.150000,0.351441,43,40,0.008173,0.041756,0.045940,0.014961,2.342943,0.122449,0,0,0.901862
cmp-01455,0.250000,12834000.000000,16.367608,51,FLEXIBLE,PUBLIC,2,3,0.250000,0.441047,55,51,0.008019,0.017570,0.034592,0.014613,1.764189,0.112903,0,0,0.901862
cmp-01455,0.500000,12834000.000000,16.367608,51,FLEXIBLE,PUBLIC,2,3,0.500000,0.543852,72,65,0.007554,0.005085,0.021328,0.017888,1.087705,0.132530,0,0,0.901862
cmp-01456,0.150000,11444000.000000,16.252976,18,CLOSE_ON_TARGET,PUBLIC,5,3,0.150000,0.537504,75,67,0.007167,0.166574,0.199076,0.030228,3.583362,0.157303,0,1,1.006300
cmp-01456,0.250000,11444000.000000,16.252976,18,CLOSE_ON_TARGET,PUBLIC,5,3,0.250000,0.739374,113,94,0.006543,0.112150,0.164305,0.019306,2.957497,0.124031,0,1,1.006300
cmp-01457,0.150000,9245000.000000,16.039593,27,FLEXIBLE,PRIVATE_LINK,2,3,0.150000,0.631260,48,42,0.013151,0.150099,0.155867,0.016067,4.208401,0.058824,0,1,1.379751
cmp-01457,0.250000,9245000.000000,16.039593,27,FLEXIBLE,PRIVATE_LINK,2,3,0.250000,0.737880,61,52,0.012096,0.039489,0.109316,0.012944,2.951520,0.061538,0,1,1.379751
cmp-01457,0.500000,9245000.000000,16.039593,27,FLEXIBLE,PRIVATE_LINK,2,3,0.500000,0.968783,79,65,0.012263,0.051263,0.071762,0.002312,1.937566,0.070588,0,1,1.379751
cmp-01458,0.150000,2825000.000000,14.854019,32,FLEXIBLE,PUBLIC,0,3,0.150000,0.375150,11,11,0.034105,0.036162,0.078156,0.022972,2.501003,0.153846,0,1,1.170938
cmp-01458,0.250000,2825000.000000,14.854019,32,FLEXIBLE,PUBLIC,0,3,0.250000,0.390053,12,12,0.032504,0.004657,0.048757,0.025414,1.560212,0.142857,0,1,1.170938
cmp-01458,0.500000,2825000.000000,14.854019,32,FLEXIBLE,PUBLIC,0,3,0.500000,0.458018,14,14,0.032716,0.000000,0.028626,0.033874,0.916035,0.176471,0,1,1.170938
cmp-01459,0.150000,4743000.000000,15.372180,90,FLEXIBLE,PRIVATE_LINK,4,2,0.150000,0.191271,8,8,0.023909,0.011013,0.014168,0.010572,1.275142,0.000000,0,0,0.517036
cmp-01459,0.250000,4743000.000000,15.372180,90,FLEXIBLE,PRIVATE_LINK,4,2,0.250000,0.191271,8,8,0.023909,0.000000,0.008501,0.011981,0.765085,0.111111,0,0,0.517036
cmp-01459,0.500000,4743000.000000,15.372180,90,FLEXIBLE,PRIVATE_LINK,4,2,0.500000,0.240164,13,12,0.018474,0.001403,0.005337,0.016885,0.480329,0.071429,0,0,0.517036
cmp-01460,0.150000,9942000.000000,16.112279,18,FLEXIBLE,PRIVATE_LINK,2,3,0.150000,0.058228,9,9,0.006470,0.021452,0.021566,0.061554,0.388185,0.100000,0,0,0.297284
cmp-01460,0.250000,9942000.000000,16.112279,18,FLEXIBLE,PRIVATE_LINK,2,3,0.250000,0.094025,13,13,0.007233,0.019888,0.020895,0.067109,0.376101,0.071429,0,0,0.297284
cmp-01460,0.500000,9942000.000000,16.112279,18,FLEXIBLE,PRIVATE_LINK,2,3,0.500000,0.140072,19,19,0.007372,0.016758,0.015564,0.095548,0.280145,0.050000,0,0,0.297284
cmp-01461,0.150000,7419000.000000,15.819555,82,FLEXIBLE,PRIVATE_LINK,2,3,0.150000,0.301415,32,31,0.009419,0.019952,0.024505,0.010023,2.009435,0.111111,0,1,1.042715
cmp-01461,0.250000,7419000.000000,15.819555,82,FLEXIBLE,PRIVATE_LINK,2,3,0.250000,0.409368,46,43,0.008899,0.013165,0.019969,0.009604,1.637471,0.115385,0,1,1.042715
cmp-01461,0.500000,7419000.000000,15.819555,82,FLEXIBLE,PRIVATE_LINK,2,3,0.500000,0.598207,66,61,0.009064,0.006401,0.014590,0.009800,1.196415,0.083333,0,1,1.042715
cmp-01462,0.150000,6493000.000000,15.686235,63,FLEXIBLE,PUBLIC,4,1,0.150000,0.831372,37,34,0.022470,0.108464,0.087976,0.003149,5.542482,0.119048,0,1,2.085600
cmp-01462,0.250000,6493000.000000,15.686235,63,FLEXIBLE,PUBLIC,4,1,0.250000,0.932050,45,39,0.020712,0.015981,0.059178,0.001438,3.728200,0.134615,0,1,2.085600
cmp-01462,0.500000,6493000.000000,15.686235,63,FLEXIBLE,PUBLIC,4,1,0.500000,1.344509,71,54,0.018937,0.017902,0.042683,0.000000,2.689019,0.101266,1,1,2.085600
cmp-01463,0.150000,8604000.000000,15.967738,87,FLEXIBLE,PUBLIC,3,1,0.150000,0.529719,27,25,0.019619,0.047447,0.040591,0.006359,3.531458,0.156250,0,1,1.688924
cmp-01463,0.250000,8604000.000000,15.967738,87,FLEXIBLE,PUBLIC,3,1,0.250000,0.719677,34,30,0.021167,0.021834,0.033089,0.004296,2.878708,0.150000,0,1,1.688924
cmp-01463,0.500000,8604000.000000,15.967738,87,FLEXIBLE,PUBLIC,3,1,0.500000,1.004068,48,38,0.020918,0.008101,0.023082,0.000000,2.008136,0.157895,1,1,1.688924
cmp-01464,0.150000,9007000.000000,16.013513,77,FLEXIBLE,PUBLIC,3,3,0.150000,0.223360,50,47,0.004467,0.014344,0.019338,0.011866,1.489064,0.180328,0,0,0.697768
cmp-01464,0.250000,9007000.000000,16.013513,77,FLEXIBLE,PUBLIC,3,3,0.250000,0.287643,67,63,0.004293,0.008348,0.014942,0.012335,1.150572,0.151899,0,0,0.697768
cmp-01464,0.500000,9007000.000000,16.013513,77,FLEXIBLE,PUBLIC,3,3,0.500000,0.430365,96,86,0.004483,0.004166,0.011178,0.014796,0.860731,0.142857,0,0,0.697768
cmp-01465,0.150000,11307000.000000,16.240933,33,STRICT,PUBLIC,4,3,0.150000,0.305961,27,24,0.011332,0.057044,0.061810,0.024743,2.039739,0.129032,0,0,0.684019
cmp-01465,0.250000,11307000.000000,16.240933,33,STRICT,PUBLIC,4,3,0.250000,0.374414,34,31,0.011012,0.020743,0.045384,0.025276,1.497656,0.128205,0,0,0.684019
cmp-01465,0.500000,11307000.000000,16.240933,33,STRICT,PUBLIC,4,3,0.500000,0.481843,44,38,0.010951,0.007359,0.029203,0.031403,0.963686,0.153846,0,0,0.684019
cmp-01466,0.150000,8624000.000000,15.970060,70,STRICT,PUBLIC,3,2,0.150000,0.073052,8,8,0.009131,0.003137,0.006957,0.015579,0.487013,0.111111,0,0,0.417231
cmp-01466,0.250000,8624000.000000,15.970060,70,STRICT,PUBLIC,3,2,0.250000,0.131366,11,10,0.011942,0.008331,0.007507,0.016545,0.525464,0.083333,0,0,0.417231
cmp-01466,0.500000,8624000.000000,15.970060,70,STRICT,PUBLIC,3,2,0.500000,0.251751,20,18,0.012588,0.002745,0.007193,0.021379,0.503502,0.130435,0,0,0.417231
cmp-01467,0.150000,14172000.000000,16.466779,24,STRICT,PUBLIC,1,1,0.150000,0.514889,105,91,0.004904,0.136102,0.143025,0.023780,3.432590,0.146341,0,0,0.999873
cmp-01467,0.250000,14172000.000000,16.466779,24,STRICT,PUBLIC,1,1,0.250000,0.742288,145,124,0.005119,0.094750,0.123715,0.014317,2.969150,0.156977,0,0,0.999873
cmp-01467,0.500000,14172000.000000,16.466779,24,STRICT,PUBLIC,1,1,0.500000,0.997763,204,160,0.004891,0.047611,0.083147,0.000186,1.995526,0.134454,0,0,0.999873
cmp-01468,0.150000,6101000.000000,15.623963,28,STRICT,PUBLIC,0,3,0.150000,0.174283,14,14,0.012449,0.023339,0.041496,0.034694,1.161886,0.000000,0,0,0.792378
cmp-01468,0.250000,6101000.000000,15.623963,28,STRICT,PUBLIC,0,3,0.250000,0.307376,24,22,0.012807,0.047533,0.043911,0.032982,1.229503,0.040000,0,0,0.792378
cmp-01468,0.500000,6101000.000000,15.623963,28,STRICT,PUBLIC,0,3,0.500000,0.392100,31,28,0.012648,0.016198,0.028007,0.043421,0.784199,0.088235,0,0,0.792378
cmp-01469,0.150000,10516000.000000,16.168408,34,CLOSE_ON_TARGET,PUBLIC,2,3,0.150000,0.561915,46,44,0.012216,0.057053,0.110179,0.015159,3.746101,0.163636,0,1,1.004859
cmp-01469,0.250000,10516000.000000,16.168408,34,CLOSE_ON_TARGET,PUBLIC,2,3,0.250000,0.795645,62,57,0.012833,0.068744,0.093605,0.008014,3.182579,0.173333,0,1,1.004859
cmp-01470,0.150000,9647000.000000,16.082158,54,STRICT,PRIVATE_LINK,5,1,0.150000,0.279900,39,38,0.007177,0.017672,0.034556,0.015688,1.866003,0.133333,0,0,0.818928
cmp-01470,0.250000,9647000.000000,16.082158,54,STRICT,PRIVATE_LINK,5,1,0.250000,0.299243,47,44,0.006367,0.003582,0.022166,0.017303,1.196973,0.129630,0,0,0.818928
cmp-01470,0.500000,9647000.000000,16.082158,54,STRICT,PRIVATE_LINK,5,1,0.500000,0.531004,81,69,0.006556,0.019258,0.019667,0.017370,1.062009,0.089888,0,0,0.818928
cmp-01471,0.150000,4343000.000000,15.284076,22,FLEXIBLE,PUBLIC,1,2,0.150000,1.277412,25,23,0.051096,0.434712,0.387095,0.000000,8.516080,0.107143,1,1,2.819595
cmp-01471,0.250000,4343000.000000,15.284076,22,FLEXIBLE,PUBLIC,1,2,0.250000,1.492125,28,25,0.053290,0.097597,0.271296,0.000000,5.968501,0.151515,1,1,2.819595
cmp-01471,0.500000,4343000.000000,15.284076,22,FLEXIBLE,PUBLIC,1,2,0.500000,1.832305,36,30,0.050897,0.033869,0.166573,0.000000,3.664610,0.181818,1,1,2.819595
cmp-01472,0.150000,10123000.000000,16.130321,26,FLEXIBLE,PUBLIC,1,1,0.150000,0.403882,27,27,0.014959,0.070088,0.103560,0.026974,2.692548,0.100000,0,0,0.998726
cmp-01472,0.250000,10123000.000000,16.130321,26,FLEXIBLE,PUBLIC,1,1,0.250000,0.486417,37,37,0.013146,0.031744,0.074833,0.026338,1.945668,0.097561,0,0,0.998726
cmp-01472,0.500000,10123000.000000,16.130321,26,FLEXIBLE,PUBLIC,1,1,0.500000,0.621456,50,46,0.012429,0.024066,0.047804,0.029119,1.242912,0.090909,0,0,0.998726
cmp-01473,0.150000,7686000.000000,15.854911,16,FLEXIBLE,PUBLIC,5,3,0.150000,0.385207,22,20,0.017509,0.095937,0.160503,0.045205,2.568046,0.120000,0,1,1.597359
cmp-01473,0.250000,7686000.000000,15.854911,16,FLEXIBLE,PUBLIC,5,3,0.250000,0.594340,33,30,0.018010,0.130708,0.148585,0.033805,2.377361,0.083333,0,1,1.597359
cmp-01473,0.500000,7686000.000000,15.854911,16,FLEXIBLE,PUBLIC,5,3,0.500000,0.801848,47,37,0.017061,0.030575,0.100231,0.024769,1.603695,0.113208,0,1,1.597359
cmp-01474,0.150000,4955000.000000,15.415908,54,FLEXIBLE,PUBLIC,3,1,0.150000,0.300363,17,17,0.017668,0.032810,0.037082,0.015243,2.002422,0.055556,0,1,1.216852
cmp-01474,0.250000,4955000.000000,15.415908,54,FLEXIBLE,PUBLIC,3,1,0.250000,0.514490,22,21,0.023386,0.039653,0.038110,0.011988,2.057962,0.083333,0,1,1.216852
cmp-01474,0.500000,4955000.000000,15.415908,54,FLEXIBLE,PUBLIC,3,1,0.500000,0.734733,31,27,0.023701,0.023015,0.027212,0.009825,1.469465,0.114286,0,1,1.216852
cmp-01475,0.150000,21514000.000000,16.884214,28,FLEXIBLE,PUBLIC,1,2,0.150000,0.501009,97,79,0.005165,0.105755,0.119288,0.020966,3.340058,0.110092,0,1,1.829055
cmp-01475,0.250000,21514000.000000,16.884214,28,FLEXIBLE,PUBLIC,1,2,0.250000,0.711407,126,101,0.005646,0.075142,0.101630,0.013743,2.845626,0.100000,0,1,1.829055
cmp-01475,0.500000,21514000.000000,16.884214,28,FLEXIBLE,PUBLIC,1,2,0.500000,1.097564,181,140,0.006064,0.049199,0.078397,0.000000,2.195129,0.085859,1,1,1.829055
cmp-01476,0.150000,13292000.000000,16.402673,52,STRICT,PUBLIC,4,3,0.150000,0.847615,80,65,0.010595,0.104327,0.108669,0.003448,5.650767,0.101124,0,0,0.999722
cmp-01476,0.250000,13292000.000000,16.402673,52,STRICT,PUBLIC,4,3,0.250000,0.999112,95,77,0.010517,0.029134,0.076855,0.000023,3.996449,0.105691,0,0,0.999722
cmp-01476,0.500000,13292000.000000,16.402673,52,STRICT,PUBLIC,4,3,0.500000,0.999112,95,77,0.010517,0.000000,0.038427,0.000034,1.998224,0.116279,0,0,0.999722
cmp-01477,0.150000,18501000.000000,16.733335,85,FLEXIBLE,PUBLIC,7,3,0.150000,0.338674,39,38,0.008684,0.022685,0.026563,0.009153,2.257824,0.093023,0,0,0.942100
cmp-01477,0.250000,18501000.000000,16.733335,85,FLEXIBLE,PUBLIC,7,3,0.250000,0.411183,50,47,0.008224,0.008531,0.019350,0.009236,1.644733,0.122807,0,0,0.942100
cmp-01477,0.500000,18501000.000000,16.733335,85,FLEXIBLE,PUBLIC,7,3,0.500000,0.551192,67,60,0.008227,0.001983,0.012969,0.010560,1.102384,0.118421,0,0,0.942100
cmp-01478,0.150000,28985000.000000,17.182289,39,STRICT,PUBLIC,5,2,0.150000,0.172372,102,99,0.001690,0.029274,0.029465,0.024966,1.149146,0.170732,0,0,0.626410
cmp-01478,0.250000,28985000.000000,17.182289,39,STRICT,PUBLIC,5,2,0.250000,0.242450,144,136,0.001684,0.017969,0.024867,0.025899,0.969798,0.167630,0,0,0.626410
cmp-01478,0.500000,28985000.000000,17.182289,39,STRICT,PUBLIC,5,2,0.500000,0.369253,203,191,0.001819,0.009066,0.018936,0.032346,0.738506,0.154167,0,0,0.626410
cmp-01479,0.150000,7322000.000000,15.806394,68,FLEXIBLE,PUBLIC,1,3,0.150000,0.344701,28,24,0.012311,0.033242,0.033794,0.011337,2.298006,0.000000,0,1,1.016457
cmp-01479,0.250000,7322000.000000,15.806394,68,FLEXIBLE,PUBLIC,1,3,0.250000,0.489839,39,34,0.012560,0.021344,0.028814,0.010003,1.959355,0.000000,0,1,1.016457
cmp-01479,0.500000,7322000.000000,15.806394,68,FLEXIBLE,PUBLIC,1,3,0.500000,0.668465,48,39,0.013926,0.003246,0.019661,0.009751,1.336930,0.040000,0,1,1.016457
cmp-01480,0.150000,6963000.000000,15.756121,17,STRICT,PUBLIC,3,3,0.150000,0.408775,35,31,0.011679,0.153610,0.160304,0.040915,2.725166,0.027778,0,0,0.999569
cmp-01480,0.250000,6963000.000000,15.756121,17,STRICT,PUBLIC,3,3,0.250000,0.546115,48,43,0.011377,0.080788,0.128498,0.035599,2.184461,0.111111,0,0,0.999569
cmp-01480,0.500000,6963000.000000,15.756121,17,STRICT,PUBLIC,3,3,0.500000,0.731581,67,55,0.010919,0.032407,0.086068,0.031579,1.463162,0.141026,0,0,0.999569
cmp-01481,0.150000,18021000.000000,16.707048,42,FLEXIBLE,PRIVATE_LINK,3,1,0.150000,0.812474,100,83,0.008125,0.111008,0.128964,0.005253,5.416496,0.130435,0,1,2.396271
cmp-01481,0.250000,18021000.000000,16.707048,42,FLEXIBLE,PRIVATE_LINK,3,1,0.250000,1.022418,125,96,0.008179,0.049987,0.097373,0.000000,4.089673,0.131944,1,1,2.396271
cmp-01481,0.500000,18021000.000000,16.707048,42,FLEXIBLE,PRIVATE_LINK,3,1,0.500000,1.535065,173,132,0.008873,0.054879,0.073098,0.000000,3.070129,0.117347,1,1,2.396271
cmp-01482,0.150000,2893000.000000,14.877805,26,FLEXIBLE,PRIVATE_LINK,0,1,0.150000,0.320740,7,6,0.045820,0.019756,0.082241,0.030736,2.138265,0.000000,0,1,1.219979
cmp-01482,0.250000,2893000.000000,14.877805,26,FLEXIBLE,PRIVATE_LINK,0,1,0.250000,0.479364,13,11,0.036874,0.061009,0.073748,0.026699,1.917456,0.000000,0,1,1.219979
cmp-01482,0.500000,2893000.000000,14.877805,26,FLEXIBLE,PRIVATE_LINK,0,1,0.500000,0.587729,18,15,0.032652,0.018067,0.045210,0.031713,1.175458,0.100000,0,1,1.219979
cmp-01483,0.150000,47048000.000000,17.666679,33,FLEXIBLE,PUBLIC,2,2,0.150000,0.616341,301,260,0.002048,0.104697,0.124513,0.013678,4.108938,0.122449,0,1,1.947086
cmp-01483,0.250000,47048000.000000,17.666679,33,FLEXIBLE,PUBLIC,2,2,0.250000,0.781876,394,331,0.001984,0.050162,0.094773,0.008813,3.127504,0.132159,0,1,1.947086
cmp-01483,0.500000,47048000.000000,17.666679,33,FLEXIBLE,PUBLIC,2,2,0.500000,1.098195,579,457,0.001897,0.033564,0.066557,0.000000,2.196391,0.120061,1,1,1.947086
cmp-01484,0.150000,12439000.000000,16.336347,57,FLEXIBLE,PUBLIC,3,2,0.150000,0.138387,23,22,0.006017,0.013647,0.016186,0.017784,0.922582,0.206897,0,0,0.577812
cmp-01484,0.250000,12439000.000000,16.336347,57,FLEXIBLE,PUBLIC,3,2,0.250000,0.201093,36,34,0.005586,0.011001,0.014112,0.018688,0.804373,0.162791,0,0,0.577812
cmp-01484,0.500000,12439000.000000,16.336347,57,FLEXIBLE,PUBLIC,3,2,0.500000,0.264740,51,46,0.005191,0.003340,0.009289,0.025799,0.529480,0.120690,0,0,0.577812
cmp-01485,0.150000,1257000.000000,14.044238,86,STRICT,PUBLIC,1,1,0.150000,0.048290,2,2,0.024145,0.005615,0.003743,0.013019,0.321931,0.333333,0,0,0.376611
cmp-01485,0.250000,1257000.000000,14.044238,86,STRICT,PUBLIC,1,1,0.250000,0.085044,4,4,0.021261,0.004274,0.003956,0.014185,0.340175,0.333333,0,0,0.376611
cmp-01485,0.500000,1257000.000000,14.044238,86,STRICT,PUBLIC,1,1,0.500000,0.256484,11,11,0.023317,0.001388,0.005965,0.017291,0.512967,0.214286,0,0,0.376611
cmp-01486,0.150000,34869000.000000,17.367109,47,FLEXIBLE,PUBLIC,0,2,0.150000,0.368832,175,160,0.002108,0.048903,0.052317,0.015799,2.458879,0.133663,0,1,1.447036
cmp-01486,0.250000,34869000.000000,17.367109,47,FLEXIBLE,PUBLIC,0,2,0.250000,0.511245,250,217,0.002045,0.030301,0.043510,0.013865,2.044980,0.116608,0,1,1.447036
cmp-01486,0.500000,34869000.000000,17.367109,47,FLEXIBLE,PUBLIC,0,2,0.500000,0.808650,369,296,0.002191,0.023365,0.034411,0.008143,1.617299,0.115108,0,1,1.447036
cmp-01487,0.150000,4125000.000000,15.232577,57,FLEXIBLE,PUBLIC,4,3,0.150000,0.079733,5,5,0.015947,0.004836,0.009326,0.018994,0.531556,0.166667,0,0,0.667370
cmp-01487,0.250000,4125000.000000,15.232577,57,FLEXIBLE,PUBLIC,4,3,0.250000,0.203394,12,12,0.016949,0.021695,0.014273,0.018634,0.813576,0.142857,0,0,0.667370
cmp-01487,0.500000,4125000.000000,15.232577,57,FLEXIBLE,PUBLIC,4,3,0.500000,0.515006,20,20,0.025750,0.013253,0.018070,0.017017,1.030012,0.090909,0,0,0.667370
cmp-01488,0.150000,7490000.000000,15.829079,73,STRICT,PUBLIC,3,3,0.150000,0.988505,87,68,0.011362,0.063023,0.090274,0.000185,6.590031,0.103093,0,0,0.999973
cmp-01488,0.250000,7490000.000000,15.829079,73,STRICT,PUBLIC,3,3,0.250000,0.999973,89,69,0.011236,0.001571,0.054793,0.000000,3.999893,0.081481,0,0,0.999973
cmp-01488,0.500000,7490000.000000,15.829079,73,STRICT,PUBLIC,3,3,0.500000,0.999973,89,69,0.011236,0.000000,0.027397,0.000001,1.999947,0.100529,0,0,0.999973
cmp-01489,0.150000,22029000.000000,16.907870,67,STRICT,PUBLIC,2,1,0.150000,0.419719,58,51,0.007237,0.036937,0.041763,0.010189,2.798130,0.134328,0,0,0.999800
cmp-01489,0.250000,22029000.000000,16.907870,67,STRICT,PUBLIC,2,1,0.250000,0.478351,71,62,0.006737,0.008751,0.028558,0.010381,1.913405,0.123457,0,0,0.999800
cmp-01489,0.500000,22029000.000000,16.907870,67,STRICT,PUBLIC,2,1,0.500000,0.685188,100,86,0.006852,0.010106,0.020453,0.009397,1.370375,0.137931,0,0,0.999800
cmp-01490,0.150000,3990000.000000,15.199302,73,STRICT,PUBLIC,3,3,0.150000,0.410576,33,29,0.012442,0.020847,0.037496,0.009499,2.737176,0.057143,0,0,0.998396
cmp-01490,0.250000,3990000.000000,15.199302,73,STRICT,PUBLIC,3,3,0.250000,0.741153,43,37,0.017236,0.045284,0.040611,0.004728,2.964612,0.065217,0,0,0.998396
cmp-01490,0.500000,3990000.000000,15.199302,73,STRICT,PUBLIC,3,3,0.500000,0.998396,55,47,0.018153,0.008920,0.027353,0.000044,1.996792,0.096774,0,0,0.998396
cmp-01491,0.150000,1931000.000000,14.473549,17,STRICT,PUBLIC,3,2,0.150000,0.318850,16,15,0.019928,0.130320,0.125039,0.047138,2.125669,0.157895,0,0,0.998187
cmp-01491,0.250000,1931000.000000,14.473549,17,STRICT,PUBLIC,3,2,0.250000,0.397929,20,18,0.019896,0.046517,0.093630,0.047221,1.591714,0.200000,0,0,0.998187
cmp-01491,0.500000,1931000.000000,14.473549,17,STRICT,PUBLIC,3,2,0.500000,0.652512,30,26,0.021750,0.095348,0.076766,0.040881,1.305023,0.166667,0,0,0.998187
cmp-01492,0.150000,2478000.000000,14.722962,55,FLEXIBLE,PUBLIC,1,1,0.150000,0.267111,12,11,0.022259,0.028432,0.032377,0.015677,1.780737,0.076923,0,1,1.155327
cmp-01492,0.250000,2478000.000000,14.722962,55,FLEXIBLE,PUBLIC,1,1,0.250000,0.472437,19,17,0.024865,0.037332,0.034359,0.012789,1.889750,0.095238,0,1,1.155327
cmp-01492,0.500000,2478000.000000,14.722962,55,FLEXIBLE,PUBLIC,1,1,0.500000,0.603713,23,20,0.026248,0.013934,0.021953,0.014410,1.207425,0.115385,0,1,1.155327
cmp-01493,0.150000,6343000.000000,15.662862,26,CLOSE_ON_TARGET,PRIVATE_LINK,1,2,0.150000,0.046855,3,3,0.015618,0.008835,0.012014,0.043129,0.312365,0.250000,0,0,0.274980
cmp-01493,0.250000,6343000.000000,15.662862,26,CLOSE_ON_TARGET,PRIVATE_LINK,1,2,0.250000,0.091361,5,5,0.018272,0.017118,0.014055,0.046597,0.365442,0.166667,0,0,0.274980
cmp-01493,0.500000,6343000.000000,15.662862,26,CLOSE_ON_TARGET,PRIVATE_LINK,1,2,0.500000,0.130459,10,10,0.013046,0.008804,0.010035,0.066888,0.260918,0.166667,0,0,0.274980
cmp-01494,0.150000,14996000.000000,16.523294,66,FLEXIBLE,PUBLIC,3,2,0.150000,0.248453,31,29,0.008015,0.016158,0.025096,0.013397,1.656353,0.000000,0,1,1.002174
cmp-01494,0.250000,14996000.000000,16.523294,66,FLEXIBLE,PUBLIC,3,2,0.250000,0.318725,42,38,0.007589,0.010647,0.019317,0.013763,1.274900,0.023256,0,1,1.002174
cmp-01494,0.500000,14996000.000000,16.523294,66,FLEXIBLE,PUBLIC,3,2,0.500000,0.476247,60,52,0.007937,0.008474,0.014432,0.015871,0.952494,0.076923,0,1,1.002174
cmp-01495,0.150000,4832000.000000,15.390771,26,FLEXIBLE,PUBLIC,4,1,0.150000,0.460079,28,28,0.016431,0.122580,0.117969,0.024431,3.067191,0.176471,0,1,1.261941
cmp-01495,0.250000,4832000.000000,15.390771,26,FLEXIBLE,PUBLIC,4,1,0.250000,0.521523,36,33,0.014487,0.023633,0.080234,0.024537,2.086093,0.142857,0,1,1.261941
cmp-01495,0.500000,4832000.000000,15.390771,26,FLEXIBLE,PUBLIC,4,1,0.500000,0.876490,52,44,0.016856,0.015267,0.067422,0.009501,1.752980,0.147541,0,1,1.261941
cmp-01496,0.150000,19143000.000000,16.767448,62,STRICT,PUBLIC,2,3,0.150000,0.148681,20,19,0.007434,0.010284,0.015987,0.016154,0.991207,0.230769,0,0,0.402048
cmp-01496,0.250000,19143000.000000,16.767448,62,STRICT,PUBLIC,2,3,0.250000,0.252202,33,32,0.007642,0.016697,0.016271,0.016082,1.008807,0.153846,0,0,0.402048
cmp-01496,0.500000,19143000.000000,16.767448,62,STRICT,PUBLIC,2,3,0.500000,0.288952,39,38,0.007409,0.003195,0.009321,0.022937,0.577903,0.187500,0,0,0.402048
cmp-01497,0.150000,2607000.000000,14.773711,26,STRICT,PUBLIC,4,1,0.150000,0.694170,24,21,0.028924,0.144183,0.177992,0.013838,4.627797,0.200000,0,0,0.997890
cmp-01497,0.250000,2607000.000000,14.773711,26,STRICT,PUBLIC,4,1,0.250000,0.882048,30,25,0.029402,0.072261,0.135700,0.006049,3.528193,0.166667,0,0,0.997890
cmp-01497,0.500000,2607000.000000,14.773711,26,STRICT,PUBLIC,4,1,0.500000,0.996624,37,30,0.026936,0.000000,0.076663,0.000260,1.993249,0.145455,0,0,0.997890
cmp-01498,0.150000,12595000.000000,16.348810,47,STRICT,PUBLIC,3,1,0.150000,0.371743,86,77,0.004323,0.037061,0.052729,0.015726,2.478285,0.085106,0,0,0.999627
cmp-01498,0.250000,12595000.000000,16.348810,47,STRICT,PUBLIC,3,1,0.250000,0.445177,110,93,0.004047,0.015624,0.037887,0.015740,1.780707,0.112903,0,0,0.999627
cmp-01498,0.500000,12595000.000000,16.348810,47,STRICT,PUBLIC,3,1,0.500000,0.673235,160,127,0.004208,0.013391,0.028648,0.013905,1.346471,0.106145,0,0,0.999627
cmp-01499,0.150000,9401000.000000,16.056327,28,FLEXIBLE,PUBLIC,6,3,0.150000,0.393309,33,29,0.011918,0.079042,0.093645,0.025491,2.622061,0.153846,0,1,1.065855
cmp-01499,0.250000,9401000.000000,16.056327,28,FLEXIBLE,PUBLIC,6,3,0.250000,0.534975,45,40,0.011888,0.050595,0.076425,0.022144,2.139900,0.117647,0,1,1.065855
cmp-01499,0.500000,9401000.000000,16.056327,28,FLEXIBLE,PUBLIC,6,3,0.500000,0.701925,62,51,0.011321,0.007655,0.050138,0.021291,1.403851,0.126761,0,1,1.065855
