[INFO] Scanning for projects...
[WARNING] 
[WARNING] Some problems were encountered while building the effective model for com.traceability:app:jar:1.0.0-SNAPSHOT
[WARNING] 'build.plugins.plugin.version' for org.springframework.boot:spring-boot-maven-plugin is missing. @ line 79, column 21
[WARNING] 
[WARNING] It is highly recommended to fix these problems because they threaten the stability of your build.
[WARNING] 
[WARNING] For this reason, future Maven versions might no longer support building such malformed projects.
[WARNING] 
[INFO] ------------------------------------------------------------------------
[INFO] Reactor Build Order:
[INFO] 
[INFO] core                                                               [jar]
[INFO] crypto                                                             [jar]
[INFO] app                                                                [jar]
[INFO] 
[INFO] -----------------------< com.traceability:core >------------------------
[INFO] Building core 1.0.0-SNAPSHOT                                       [1/3]
[INFO]   from pom.xml
[INFO] --------------------------------[ jar ]---------------------------------
[INFO] 
[INFO] --- clean:3.2.0:clean (default-clean) @ core ---
[INFO] Deleting /home/carlos/Proyectos/Donaciones/core/target
[INFO] 
[INFO] --- resources:3.4.0:resources (default-resources) @ core ---
[WARNING] Using platform encoding (UTF-8 actually) to copy filtered resources, i.e. build is platform dependent!
[INFO] skip non existing resourceDirectory /home/carlos/Proyectos/Donaciones/core/src/main/resources
[INFO] 
[INFO] --- compiler:3.15.0:compile (default-compile) @ core ---
[INFO] Recompiling the module because of changed source code.
[WARNING] File encoding has not been set, using platform encoding UTF-8, i.e. build is platform dependent!
[INFO] Compiling 137 source files with javac [debug target 21] to target/classes
[INFO] Annotation processing is enabled because one or more processors were found
  on the class path. A future release of javac may disable annotation processing
  unless at least one processor is specified by name (-processor), or a search
  path is specified (--processor-path, --processor-module-path), or annotation
  processing is enabled explicitly (-proc:only, -proc:full).
  Use -Xlint:-options to suppress this message.
  Use -proc:none to disable annotation processing.
[WARNING] /home/carlos/Proyectos/Donaciones/core/src/main/java/com/traceability/core/infrastructure/security/mongo/RevokedTrackingCodeDocument.java:[14,14] expireAfterSeconds() in org.springframework.data.mongodb.core.index.Indexed has been deprecated and marked for removal
[WARNING] /home/carlos/Proyectos/Donaciones/core/src/main/java/com/traceability/core/infrastructure/security/mongo/RevokedTrackingCodeDocument.java:[14,14] expireAfterSeconds() in org.springframework.data.mongodb.core.index.Indexed has been deprecated and marked for removal
[WARNING] /home/carlos/Proyectos/Donaciones/core/src/main/java/com/traceability/core/infrastructure/security/mongo/RevokedTrackingCodeDocument.java:[14,14] expireAfterSeconds() in org.springframework.data.mongodb.core.index.Indexed has been deprecated and marked for removal
[WARNING] /home/carlos/Proyectos/Donaciones/core/src/main/java/com/traceability/core/infrastructure/security/mongo/RevokedTrackingCodeDocument.java:[14,14] expireAfterSeconds() in org.springframework.data.mongodb.core.index.Indexed has been deprecated and marked for removal
[WARNING] /home/carlos/Proyectos/Donaciones/core/src/main/java/com/traceability/core/infrastructure/security/mongo/RevokedTrackingCodeDocument.java:[14,14] expireAfterSeconds() in org.springframework.data.mongodb.core.index.Indexed has been deprecated and marked for removal
[INFO] 
[INFO] --- resources:3.4.0:testResources (default-testResources) @ core ---
[WARNING] Using platform encoding (UTF-8 actually) to copy filtered resources, i.e. build is platform dependent!
[INFO] Copying 3 resources from src/test/resources to target/test-classes
[INFO] 
[INFO] --- compiler:3.15.0:testCompile (default-testCompile) @ core ---
[INFO] Recompiling the module because of changed dependency.
[WARNING] File encoding has not been set, using platform encoding UTF-8, i.e. build is platform dependent!
[INFO] Compiling 36 source files with javac [debug target 21] to target/test-classes
[INFO] Annotation processing is enabled because one or more processors were found
  on the class path. A future release of javac may disable annotation processing
  unless at least one processor is specified by name (-processor), or a search
  path is specified (--processor-path, --processor-module-path), or annotation
  processing is enabled explicitly (-proc:only, -proc:full).
  Use -Xlint:-options to suppress this message.
  Use -proc:none to disable annotation processing.
[WARNING] /home/carlos/Proyectos/Donaciones/core/src/test/java/com/traceability/core/application/command/FundCommandServiceAllocationIntegrationTest.java:[45,6] org.springframework.boot.test.mock.mockito.MockBean in org.springframework.boot.test.mock.mockito has been deprecated and marked for removal
[WARNING] /home/carlos/Proyectos/Donaciones/core/src/test/java/com/traceability/core/application/command/FundCommandServiceAllocationIntegrationTest.java:[45,6] org.springframework.boot.test.mock.mockito.MockBean in org.springframework.boot.test.mock.mockito has been deprecated and marked for removal
[WARNING] /home/carlos/Proyectos/Donaciones/core/src/test/java/com/traceability/core/application/command/FundCommandServiceAllocationIntegrationTest.java:[45,6] org.springframework.boot.test.mock.mockito.MockBean in org.springframework.boot.test.mock.mockito has been deprecated and marked for removal
[WARNING] /home/carlos/Proyectos/Donaciones/core/src/test/java/com/traceability/core/application/command/FundCommandServiceAllocationIntegrationTest.java:[45,6] org.springframework.boot.test.mock.mockito.MockBean in org.springframework.boot.test.mock.mockito has been deprecated and marked for removal
[WARNING] /home/carlos/Proyectos/Donaciones/core/src/test/java/com/traceability/core/application/command/FundCommandServiceAllocationIntegrationTest.java:[45,6] org.springframework.boot.test.mock.mockito.MockBean in org.springframework.boot.test.mock.mockito has been deprecated and marked for removal
[WARNING] /home/carlos/Proyectos/Donaciones/core/src/test/java/com/traceability/core/application/command/FundCommandServiceAllocationIntegrationTest.java:[50,6] org.springframework.boot.test.mock.mockito.MockBean in org.springframework.boot.test.mock.mockito has been deprecated and marked for removal
[WARNING] /home/carlos/Proyectos/Donaciones/core/src/test/java/com/traceability/core/application/command/FundCommandServiceAllocationIntegrationTest.java:[50,6] org.springframework.boot.test.mock.mockito.MockBean in org.springframework.boot.test.mock.mockito has been deprecated and marked for removal
[WARNING] /home/carlos/Proyectos/Donaciones/core/src/test/java/com/traceability/core/application/command/FundCommandServiceAllocationIntegrationTest.java:[50,6] org.springframework.boot.test.mock.mockito.MockBean in org.springframework.boot.test.mock.mockito has been deprecated and marked for removal
[WARNING] /home/carlos/Proyectos/Donaciones/core/src/test/java/com/traceability/core/application/command/FundCommandServiceAllocationIntegrationTest.java:[50,6] org.springframework.boot.test.mock.mockito.MockBean in org.springframework.boot.test.mock.mockito has been deprecated and marked for removal
[WARNING] /home/carlos/Proyectos/Donaciones/core/src/test/java/com/traceability/core/application/command/FundCommandServiceAllocationIntegrationTest.java:[50,6] org.springframework.boot.test.mock.mockito.MockBean in org.springframework.boot.test.mock.mockito has been deprecated and marked for removal
[WARNING] /home/carlos/Proyectos/Donaciones/core/src/test/java/com/traceability/core/application/command/FundCommandServiceAllocationIntegrationTest.java:[53,6] org.springframework.boot.test.mock.mockito.MockBean in org.springframework.boot.test.mock.mockito has been deprecated and marked for removal
[WARNING] /home/carlos/Proyectos/Donaciones/core/src/test/java/com/traceability/core/application/command/FundCommandServiceAllocationIntegrationTest.java:[53,6] org.springframework.boot.test.mock.mockito.MockBean in org.springframework.boot.test.mock.mockito has been deprecated and marked for removal
[WARNING] /home/carlos/Proyectos/Donaciones/core/src/test/java/com/traceability/core/application/command/FundCommandServiceAllocationIntegrationTest.java:[53,6] org.springframework.boot.test.mock.mockito.MockBean in org.springframework.boot.test.mock.mockito has been deprecated and marked for removal
[WARNING] /home/carlos/Proyectos/Donaciones/core/src/test/java/com/traceability/core/application/command/FundCommandServiceAllocationIntegrationTest.java:[53,6] org.springframework.boot.test.mock.mockito.MockBean in org.springframework.boot.test.mock.mockito has been deprecated and marked for removal
[WARNING] /home/carlos/Proyectos/Donaciones/core/src/test/java/com/traceability/core/application/command/FundCommandServiceAllocationIntegrationTest.java:[53,6] org.springframework.boot.test.mock.mockito.MockBean in org.springframework.boot.test.mock.mockito has been deprecated and marked for removal
[WARNING] /home/carlos/Proyectos/Donaciones/core/src/test/java/com/traceability/core/application/command/FundCommandServiceClearFundsForPledgeIntegrationTest.java:[42,6] org.springframework.boot.test.mock.mockito.MockBean in org.springframework.boot.test.mock.mockito has been deprecated and marked for removal
[WARNING] /home/carlos/Proyectos/Donaciones/core/src/test/java/com/traceability/core/application/command/FundCommandServiceClearFundsForPledgeIntegrationTest.java:[42,6] org.springframework.boot.test.mock.mockito.MockBean in org.springframework.boot.test.mock.mockito has been deprecated and marked for removal
[WARNING] /home/carlos/Proyectos/Donaciones/core/src/test/java/com/traceability/core/application/command/FundCommandServiceClearFundsForPledgeIntegrationTest.java:[42,6] org.springframework.boot.test.mock.mockito.MockBean in org.springframework.boot.test.mock.mockito has been deprecated and marked for removal
[WARNING] /home/carlos/Proyectos/Donaciones/core/src/test/java/com/traceability/core/application/command/FundCommandServiceClearFundsForPledgeIntegrationTest.java:[42,6] org.springframework.boot.test.mock.mockito.MockBean in org.springframework.boot.test.mock.mockito has been deprecated and marked for removal
[WARNING] /home/carlos/Proyectos/Donaciones/core/src/test/java/com/traceability/core/application/command/FundCommandServiceClearFundsForPledgeIntegrationTest.java:[42,6] org.springframework.boot.test.mock.mockito.MockBean in org.springframework.boot.test.mock.mockito has been deprecated and marked for removal
[WARNING] /home/carlos/Proyectos/Donaciones/core/src/test/java/com/traceability/core/application/command/FundCommandServiceClearFundsForPledgeIntegrationTest.java:[47,6] org.springframework.boot.test.mock.mockito.MockBean in org.springframework.boot.test.mock.mockito has been deprecated and marked for removal
[WARNING] /home/carlos/Proyectos/Donaciones/core/src/test/java/com/traceability/core/application/command/FundCommandServiceClearFundsForPledgeIntegrationTest.java:[47,6] org.springframework.boot.test.mock.mockito.MockBean in org.springframework.boot.test.mock.mockito has been deprecated and marked for removal
[WARNING] /home/carlos/Proyectos/Donaciones/core/src/test/java/com/traceability/core/application/command/FundCommandServiceClearFundsForPledgeIntegrationTest.java:[47,6] org.springframework.boot.test.mock.mockito.MockBean in org.springframework.boot.test.mock.mockito has been deprecated and marked for removal
[WARNING] /home/carlos/Proyectos/Donaciones/core/src/test/java/com/traceability/core/application/command/FundCommandServiceClearFundsForPledgeIntegrationTest.java:[47,6] org.springframework.boot.test.mock.mockito.MockBean in org.springframework.boot.test.mock.mockito has been deprecated and marked for removal
[WARNING] /home/carlos/Proyectos/Donaciones/core/src/test/java/com/traceability/core/application/command/FundCommandServiceClearFundsForPledgeIntegrationTest.java:[47,6] org.springframework.boot.test.mock.mockito.MockBean in org.springframework.boot.test.mock.mockito has been deprecated and marked for removal
[WARNING] /home/carlos/Proyectos/Donaciones/core/src/test/java/com/traceability/core/application/command/FundCommandServiceClearFundsForPledgeIntegrationTest.java:[50,6] org.springframework.boot.test.mock.mockito.MockBean in org.springframework.boot.test.mock.mockito has been deprecated and marked for removal
[WARNING] /home/carlos/Proyectos/Donaciones/core/src/test/java/com/traceability/core/application/command/FundCommandServiceClearFundsForPledgeIntegrationTest.java:[50,6] org.springframework.boot.test.mock.mockito.MockBean in org.springframework.boot.test.mock.mockito has been deprecated and marked for removal
[WARNING] /home/carlos/Proyectos/Donaciones/core/src/test/java/com/traceability/core/application/command/FundCommandServiceClearFundsForPledgeIntegrationTest.java:[50,6] org.springframework.boot.test.mock.mockito.MockBean in org.springframework.boot.test.mock.mockito has been deprecated and marked for removal
[WARNING] /home/carlos/Proyectos/Donaciones/core/src/test/java/com/traceability/core/application/command/FundCommandServiceClearFundsForPledgeIntegrationTest.java:[50,6] org.springframework.boot.test.mock.mockito.MockBean in org.springframework.boot.test.mock.mockito has been deprecated and marked for removal
[WARNING] /home/carlos/Proyectos/Donaciones/core/src/test/java/com/traceability/core/application/command/FundCommandServiceClearFundsForPledgeIntegrationTest.java:[50,6] org.springframework.boot.test.mock.mockito.MockBean in org.springframework.boot.test.mock.mockito has been deprecated and marked for removal
[WARNING] /home/carlos/Proyectos/Donaciones/core/src/test/java/com/traceability/core/application/command/FundCommandServiceGenesisIntegrationTest.java:[41,6] org.springframework.boot.test.mock.mockito.MockBean in org.springframework.boot.test.mock.mockito has been deprecated and marked for removal
[WARNING] /home/carlos/Proyectos/Donaciones/core/src/test/java/com/traceability/core/application/command/FundCommandServiceGenesisIntegrationTest.java:[41,6] org.springframework.boot.test.mock.mockito.MockBean in org.springframework.boot.test.mock.mockito has been deprecated and marked for removal
[WARNING] /home/carlos/Proyectos/Donaciones/core/src/test/java/com/traceability/core/application/command/FundCommandServiceGenesisIntegrationTest.java:[41,6] org.springframework.boot.test.mock.mockito.MockBean in org.springframework.boot.test.mock.mockito has been deprecated and marked for removal
[WARNING] /home/carlos/Proyectos/Donaciones/core/src/test/java/com/traceability/core/application/command/FundCommandServiceGenesisIntegrationTest.java:[41,6] org.springframework.boot.test.mock.mockito.MockBean in org.springframework.boot.test.mock.mockito has been deprecated and marked for removal
[WARNING] /home/carlos/Proyectos/Donaciones/core/src/test/java/com/traceability/core/application/command/FundCommandServiceGenesisIntegrationTest.java:[41,6] org.springframework.boot.test.mock.mockito.MockBean in org.springframework.boot.test.mock.mockito has been deprecated and marked for removal
[WARNING] /home/carlos/Proyectos/Donaciones/core/src/test/java/com/traceability/core/application/command/FundCommandServiceGenesisIntegrationTest.java:[46,6] org.springframework.boot.test.mock.mockito.MockBean in org.springframework.boot.test.mock.mockito has been deprecated and marked for removal
[WARNING] /home/carlos/Proyectos/Donaciones/core/src/test/java/com/traceability/core/application/command/FundCommandServiceGenesisIntegrationTest.java:[46,6] org.springframework.boot.test.mock.mockito.MockBean in org.springframework.boot.test.mock.mockito has been deprecated and marked for removal
[WARNING] /home/carlos/Proyectos/Donaciones/core/src/test/java/com/traceability/core/application/command/FundCommandServiceGenesisIntegrationTest.java:[46,6] org.springframework.boot.test.mock.mockito.MockBean in org.springframework.boot.test.mock.mockito has been deprecated and marked for removal
[WARNING] /home/carlos/Proyectos/Donaciones/core/src/test/java/com/traceability/core/application/command/FundCommandServiceGenesisIntegrationTest.java:[46,6] org.springframework.boot.test.mock.mockito.MockBean in org.springframework.boot.test.mock.mockito has been deprecated and marked for removal
[WARNING] /home/carlos/Proyectos/Donaciones/core/src/test/java/com/traceability/core/application/command/FundCommandServiceGenesisIntegrationTest.java:[46,6] org.springframework.boot.test.mock.mockito.MockBean in org.springframework.boot.test.mock.mockito has been deprecated and marked for removal
[WARNING] /home/carlos/Proyectos/Donaciones/core/src/test/java/com/traceability/core/application/command/FundCommandServiceGenesisIntegrationTest.java:[49,6] org.springframework.boot.test.mock.mockito.MockBean in org.springframework.boot.test.mock.mockito has been deprecated and marked for removal
[WARNING] /home/carlos/Proyectos/Donaciones/core/src/test/java/com/traceability/core/application/command/FundCommandServiceGenesisIntegrationTest.java:[49,6] org.springframework.boot.test.mock.mockito.MockBean in org.springframework.boot.test.mock.mockito has been deprecated and marked for removal
[WARNING] /home/carlos/Proyectos/Donaciones/core/src/test/java/com/traceability/core/application/command/FundCommandServiceGenesisIntegrationTest.java:[49,6] org.springframework.boot.test.mock.mockito.MockBean in org.springframework.boot.test.mock.mockito has been deprecated and marked for removal
[WARNING] /home/carlos/Proyectos/Donaciones/core/src/test/java/com/traceability/core/application/command/FundCommandServiceGenesisIntegrationTest.java:[49,6] org.springframework.boot.test.mock.mockito.MockBean in org.springframework.boot.test.mock.mockito has been deprecated and marked for removal
[WARNING] /home/carlos/Proyectos/Donaciones/core/src/test/java/com/traceability/core/application/command/FundCommandServiceGenesisIntegrationTest.java:[49,6] org.springframework.boot.test.mock.mockito.MockBean in org.springframework.boot.test.mock.mockito has been deprecated and marked for removal
[WARNING] /home/carlos/Proyectos/Donaciones/core/src/test/java/com/traceability/core/application/command/HumanActorAuthorizationIntegrationTest.java:[56,6] org.springframework.boot.test.mock.mockito.SpyBean in org.springframework.boot.test.mock.mockito has been deprecated and marked for removal
[WARNING] /home/carlos/Proyectos/Donaciones/core/src/test/java/com/traceability/core/application/command/HumanActorAuthorizationIntegrationTest.java:[56,6] org.springframework.boot.test.mock.mockito.SpyBean in org.springframework.boot.test.mock.mockito has been deprecated and marked for removal
[WARNING] /home/carlos/Proyectos/Donaciones/core/src/test/java/com/traceability/core/application/command/HumanActorAuthorizationIntegrationTest.java:[56,6] org.springframework.boot.test.mock.mockito.SpyBean in org.springframework.boot.test.mock.mockito has been deprecated and marked for removal
[WARNING] /home/carlos/Proyectos/Donaciones/core/src/test/java/com/traceability/core/application/command/HumanActorAuthorizationIntegrationTest.java:[56,6] org.springframework.boot.test.mock.mockito.SpyBean in org.springframework.boot.test.mock.mockito has been deprecated and marked for removal
[WARNING] /home/carlos/Proyectos/Donaciones/core/src/test/java/com/traceability/core/application/command/HumanActorAuthorizationIntegrationTest.java:[56,6] org.springframework.boot.test.mock.mockito.SpyBean in org.springframework.boot.test.mock.mockito has been deprecated and marked for removal
[WARNING] /home/carlos/Proyectos/Donaciones/core/src/test/java/com/traceability/core/application/command/HumanActorAuthorizationIntegrationTest.java:[59,6] org.springframework.boot.test.mock.mockito.SpyBean in org.springframework.boot.test.mock.mockito has been deprecated and marked for removal
[WARNING] /home/carlos/Proyectos/Donaciones/core/src/test/java/com/traceability/core/application/command/HumanActorAuthorizationIntegrationTest.java:[59,6] org.springframework.boot.test.mock.mockito.SpyBean in org.springframework.boot.test.mock.mockito has been deprecated and marked for removal
[WARNING] /home/carlos/Proyectos/Donaciones/core/src/test/java/com/traceability/core/application/command/HumanActorAuthorizationIntegrationTest.java:[59,6] org.springframework.boot.test.mock.mockito.SpyBean in org.springframework.boot.test.mock.mockito has been deprecated and marked for removal
[WARNING] /home/carlos/Proyectos/Donaciones/core/src/test/java/com/traceability/core/application/command/HumanActorAuthorizationIntegrationTest.java:[59,6] org.springframework.boot.test.mock.mockito.SpyBean in org.springframework.boot.test.mock.mockito has been deprecated and marked for removal
[WARNING] /home/carlos/Proyectos/Donaciones/core/src/test/java/com/traceability/core/application/command/HumanActorAuthorizationIntegrationTest.java:[59,6] org.springframework.boot.test.mock.mockito.SpyBean in org.springframework.boot.test.mock.mockito has been deprecated and marked for removal
[WARNING] /home/carlos/Proyectos/Donaciones/core/src/test/java/com/traceability/core/application/command/HumanActorAuthorizationIntegrationTest.java:[62,6] org.springframework.boot.test.mock.mockito.SpyBean in org.springframework.boot.test.mock.mockito has been deprecated and marked for removal
[WARNING] /home/carlos/Proyectos/Donaciones/core/src/test/java/com/traceability/core/application/command/HumanActorAuthorizationIntegrationTest.java:[62,6] org.springframework.boot.test.mock.mockito.SpyBean in org.springframework.boot.test.mock.mockito has been deprecated and marked for removal
[WARNING] /home/carlos/Proyectos/Donaciones/core/src/test/java/com/traceability/core/application/command/HumanActorAuthorizationIntegrationTest.java:[62,6] org.springframework.boot.test.mock.mockito.SpyBean in org.springframework.boot.test.mock.mockito has been deprecated and marked for removal
[WARNING] /home/carlos/Proyectos/Donaciones/core/src/test/java/com/traceability/core/application/command/HumanActorAuthorizationIntegrationTest.java:[62,6] org.springframework.boot.test.mock.mockito.SpyBean in org.springframework.boot.test.mock.mockito has been deprecated and marked for removal
[WARNING] /home/carlos/Proyectos/Donaciones/core/src/test/java/com/traceability/core/application/command/HumanActorAuthorizationIntegrationTest.java:[62,6] org.springframework.boot.test.mock.mockito.SpyBean in org.springframework.boot.test.mock.mockito has been deprecated and marked for removal
[WARNING] /home/carlos/Proyectos/Donaciones/core/src/test/java/com/traceability/core/application/command/HumanActorAuthorizationIntegrationTest.java:[65,6] org.springframework.boot.test.mock.mockito.MockBean in org.springframework.boot.test.mock.mockito has been deprecated and marked for removal
[WARNING] /home/carlos/Proyectos/Donaciones/core/src/test/java/com/traceability/core/application/command/HumanActorAuthorizationIntegrationTest.java:[65,6] org.springframework.boot.test.mock.mockito.MockBean in org.springframework.boot.test.mock.mockito has been deprecated and marked for removal
[WARNING] /home/carlos/Proyectos/Donaciones/core/src/test/java/com/traceability/core/application/command/HumanActorAuthorizationIntegrationTest.java:[65,6] org.springframework.boot.test.mock.mockito.MockBean in org.springframework.boot.test.mock.mockito has been deprecated and marked for removal
[WARNING] /home/carlos/Proyectos/Donaciones/core/src/test/java/com/traceability/core/application/command/HumanActorAuthorizationIntegrationTest.java:[65,6] org.springframework.boot.test.mock.mockito.MockBean in org.springframework.boot.test.mock.mockito has been deprecated and marked for removal
[WARNING] /home/carlos/Proyectos/Donaciones/core/src/test/java/com/traceability/core/application/command/HumanActorAuthorizationIntegrationTest.java:[65,6] org.springframework.boot.test.mock.mockito.MockBean in org.springframework.boot.test.mock.mockito has been deprecated and marked for removal
[WARNING] /home/carlos/Proyectos/Donaciones/core/src/test/java/com/traceability/core/application/command/HumanActorAuthorizationIntegrationTest.java:[68,6] org.springframework.boot.test.mock.mockito.MockBean in org.springframework.boot.test.mock.mockito has been deprecated and marked for removal
[WARNING] /home/carlos/Proyectos/Donaciones/core/src/test/java/com/traceability/core/application/command/HumanActorAuthorizationIntegrationTest.java:[68,6] org.springframework.boot.test.mock.mockito.MockBean in org.springframework.boot.test.mock.mockito has been deprecated and marked for removal
[WARNING] /home/carlos/Proyectos/Donaciones/core/src/test/java/com/traceability/core/application/command/HumanActorAuthorizationIntegrationTest.java:[68,6] org.springframework.boot.test.mock.mockito.MockBean in org.springframework.boot.test.mock.mockito has been deprecated and marked for removal
[WARNING] /home/carlos/Proyectos/Donaciones/core/src/test/java/com/traceability/core/application/command/HumanActorAuthorizationIntegrationTest.java:[68,6] org.springframework.boot.test.mock.mockito.MockBean in org.springframework.boot.test.mock.mockito has been deprecated and marked for removal
[WARNING] /home/carlos/Proyectos/Donaciones/core/src/test/java/com/traceability/core/application/command/HumanActorAuthorizationIntegrationTest.java:[68,6] org.springframework.boot.test.mock.mockito.MockBean in org.springframework.boot.test.mock.mockito has been deprecated and marked for removal
[WARNING] /home/carlos/Proyectos/Donaciones/core/src/test/java/com/traceability/core/application/command/Phase5EndToEndIntegrationTest.java:[48,6] org.springframework.boot.test.mock.mockito.MockBean in org.springframework.boot.test.mock.mockito has been deprecated and marked for removal
[WARNING] /home/carlos/Proyectos/Donaciones/core/src/test/java/com/traceability/core/application/command/Phase5EndToEndIntegrationTest.java:[48,6] org.springframework.boot.test.mock.mockito.MockBean in org.springframework.boot.test.mock.mockito has been deprecated and marked for removal
[WARNING] /home/carlos/Proyectos/Donaciones/core/src/test/java/com/traceability/core/application/command/Phase5EndToEndIntegrationTest.java:[48,6] org.springframework.boot.test.mock.mockito.MockBean in org.springframework.boot.test.mock.mockito has been deprecated and marked for removal
[WARNING] /home/carlos/Proyectos/Donaciones/core/src/test/java/com/traceability/core/application/command/Phase5EndToEndIntegrationTest.java:[48,6] org.springframework.boot.test.mock.mockito.MockBean in org.springframework.boot.test.mock.mockito has been deprecated and marked for removal
[WARNING] /home/carlos/Proyectos/Donaciones/core/src/test/java/com/traceability/core/application/command/Phase5EndToEndIntegrationTest.java:[48,6] org.springframework.boot.test.mock.mockito.MockBean in org.springframework.boot.test.mock.mockito has been deprecated and marked for removal
[WARNING] /home/carlos/Proyectos/Donaciones/core/src/test/java/com/traceability/core/application/command/Phase5EndToEndIntegrationTest.java:[82,6] org.springframework.boot.test.mock.mockito.SpyBean in org.springframework.boot.test.mock.mockito has been deprecated and marked for removal
[WARNING] /home/carlos/Proyectos/Donaciones/core/src/test/java/com/traceability/core/application/command/Phase5EndToEndIntegrationTest.java:[82,6] org.springframework.boot.test.mock.mockito.SpyBean in org.springframework.boot.test.mock.mockito has been deprecated and marked for removal
[WARNING] /home/carlos/Proyectos/Donaciones/core/src/test/java/com/traceability/core/application/command/Phase5EndToEndIntegrationTest.java:[82,6] org.springframework.boot.test.mock.mockito.SpyBean in org.springframework.boot.test.mock.mockito has been deprecated and marked for removal
[WARNING] /home/carlos/Proyectos/Donaciones/core/src/test/java/com/traceability/core/application/command/Phase5EndToEndIntegrationTest.java:[82,6] org.springframework.boot.test.mock.mockito.SpyBean in org.springframework.boot.test.mock.mockito has been deprecated and marked for removal
[WARNING] /home/carlos/Proyectos/Donaciones/core/src/test/java/com/traceability/core/application/command/Phase5EndToEndIntegrationTest.java:[82,6] org.springframework.boot.test.mock.mockito.SpyBean in org.springframework.boot.test.mock.mockito has been deprecated and marked for removal
[WARNING] /home/carlos/Proyectos/Donaciones/core/src/test/java/com/traceability/core/application/command/Phase5EndToEndIntegrationTest.java:[85,6] org.springframework.boot.test.mock.mockito.SpyBean in org.springframework.boot.test.mock.mockito has been deprecated and marked for removal
[WARNING] /home/carlos/Proyectos/Donaciones/core/src/test/java/com/traceability/core/application/command/Phase5EndToEndIntegrationTest.java:[85,6] org.springframework.boot.test.mock.mockito.SpyBean in org.springframework.boot.test.mock.mockito has been deprecated and marked for removal
[WARNING] /home/carlos/Proyectos/Donaciones/core/src/test/java/com/traceability/core/application/command/Phase5EndToEndIntegrationTest.java:[85,6] org.springframework.boot.test.mock.mockito.SpyBean in org.springframework.boot.test.mock.mockito has been deprecated and marked for removal
[WARNING] /home/carlos/Proyectos/Donaciones/core/src/test/java/com/traceability/core/application/command/Phase5EndToEndIntegrationTest.java:[85,6] org.springframework.boot.test.mock.mockito.SpyBean in org.springframework.boot.test.mock.mockito has been deprecated and marked for removal
[WARNING] /home/carlos/Proyectos/Donaciones/core/src/test/java/com/traceability/core/application/command/Phase5EndToEndIntegrationTest.java:[85,6] org.springframework.boot.test.mock.mockito.SpyBean in org.springframework.boot.test.mock.mockito has been deprecated and marked for removal
[WARNING] /home/carlos/Proyectos/Donaciones/core/src/test/java/com/traceability/core/application/command/Phase5EndToEndIntegrationTest.java:[88,48] org.springframework.boot.test.mock.mockito.MockBean in org.springframework.boot.test.mock.mockito has been deprecated and marked for removal
[WARNING] /home/carlos/Proyectos/Donaciones/core/src/test/java/com/traceability/core/application/command/Phase5EndToEndIntegrationTest.java:[88,48] org.springframework.boot.test.mock.mockito.MockBean in org.springframework.boot.test.mock.mockito has been deprecated and marked for removal
[WARNING] /home/carlos/Proyectos/Donaciones/core/src/test/java/com/traceability/core/application/command/Phase5EndToEndIntegrationTest.java:[88,48] org.springframework.boot.test.mock.mockito.MockBean in org.springframework.boot.test.mock.mockito has been deprecated and marked for removal
[WARNING] /home/carlos/Proyectos/Donaciones/core/src/test/java/com/traceability/core/application/command/Phase5EndToEndIntegrationTest.java:[88,48] org.springframework.boot.test.mock.mockito.MockBean in org.springframework.boot.test.mock.mockito has been deprecated and marked for removal
[WARNING] /home/carlos/Proyectos/Donaciones/core/src/test/java/com/traceability/core/application/command/Phase5EndToEndIntegrationTest.java:[88,48] org.springframework.boot.test.mock.mockito.MockBean in org.springframework.boot.test.mock.mockito has been deprecated and marked for removal
[WARNING] /home/carlos/Proyectos/Donaciones/core/src/test/java/com/traceability/core/application/command/PhysicalAssetCommandServiceIntegrationTest.java:[41,6] org.springframework.boot.test.mock.mockito.MockBean in org.springframework.boot.test.mock.mockito has been deprecated and marked for removal
[WARNING] /home/carlos/Proyectos/Donaciones/core/src/test/java/com/traceability/core/application/command/PhysicalAssetCommandServiceIntegrationTest.java:[41,6] org.springframework.boot.test.mock.mockito.MockBean in org.springframework.boot.test.mock.mockito has been deprecated and marked for removal
[WARNING] /home/carlos/Proyectos/Donaciones/core/src/test/java/com/traceability/core/application/command/PhysicalAssetCommandServiceIntegrationTest.java:[41,6] org.springframework.boot.test.mock.mockito.MockBean in org.springframework.boot.test.mock.mockito has been deprecated and marked for removal
[WARNING] /home/carlos/Proyectos/Donaciones/core/src/test/java/com/traceability/core/application/command/PhysicalAssetCommandServiceIntegrationTest.java:[41,6] org.springframework.boot.test.mock.mockito.MockBean in org.springframework.boot.test.mock.mockito has been deprecated and marked for removal
[WARNING] /home/carlos/Proyectos/Donaciones/core/src/test/java/com/traceability/core/application/command/PhysicalAssetCommandServiceIntegrationTest.java:[41,6] org.springframework.boot.test.mock.mockito.MockBean in org.springframework.boot.test.mock.mockito has been deprecated and marked for removal
[WARNING] /home/carlos/Proyectos/Donaciones/core/src/test/java/com/traceability/core/application/command/PhysicalAssetCommandServiceIntegrationTest.java:[46,6] org.springframework.boot.test.mock.mockito.MockBean in org.springframework.boot.test.mock.mockito has been deprecated and marked for removal
[WARNING] /home/carlos/Proyectos/Donaciones/core/src/test/java/com/traceability/core/application/command/PhysicalAssetCommandServiceIntegrationTest.java:[46,6] org.springframework.boot.test.mock.mockito.MockBean in org.springframework.boot.test.mock.mockito has been deprecated and marked for removal
[WARNING] /home/carlos/Proyectos/Donaciones/core/src/test/java/com/traceability/core/application/command/PhysicalAssetCommandServiceIntegrationTest.java:[46,6] org.springframework.boot.test.mock.mockito.MockBean in org.springframework.boot.test.mock.mockito has been deprecated and marked for removal
[WARNING] /home/carlos/Proyectos/Donaciones/core/src/test/java/com/traceability/core/application/command/PhysicalAssetCommandServiceIntegrationTest.java:[46,6] org.springframework.boot.test.mock.mockito.MockBean in org.springframework.boot.test.mock.mockito has been deprecated and marked for removal
[WARNING] /home/carlos/Proyectos/Donaciones/core/src/test/java/com/traceability/core/application/command/PhysicalAssetCommandServiceIntegrationTest.java:[46,6] org.springframework.boot.test.mock.mockito.MockBean in org.springframework.boot.test.mock.mockito has been deprecated and marked for removal
[INFO] /home/carlos/Proyectos/Donaciones/core/src/test/java/com/traceability/core/application/command/PhysicalAssetCommandServiceIntegrationTest.java: Some input files additionally use or override a deprecated API that is marked for removal.
[INFO] 
[INFO] --- surefire:3.5.4:test (default-test) @ core ---
[INFO] Using auto detected provider org.apache.maven.surefire.junitplatform.JUnitPlatformProvider
[INFO] 
[INFO] -------------------------------------------------------
[INFO]  T E S T S
[INFO] -------------------------------------------------------
[INFO] Running com.traceability.core.application.authorization.OrganizationBoundaryPolicyTest
[INFO] Tests run: 5, Failures: 0, Errors: 0, Skipped: 0, Time elapsed: 0.046 s -- in com.traceability.core.application.authorization.OrganizationBoundaryPolicyTest
[INFO] Running com.traceability.core.application.authorization.RoleAuthorizationPolicyTest
[INFO] Tests run: 6, Failures: 0, Errors: 0, Skipped: 0, Time elapsed: 0.018 s -- in com.traceability.core.application.authorization.RoleAuthorizationPolicyTest
[INFO] Running com.traceability.core.application.command.CommandRetryTemplateTest
[INFO] Tests run: 5, Failures: 0, Errors: 0, Skipped: 0, Time elapsed: 0.120 s -- in com.traceability.core.application.command.CommandRetryTemplateTest
[INFO] Running com.traceability.core.application.command.ExternalActorBypassTest
Mockito is currently self-attaching to enable the inline-mock-maker. This will no longer work in future releases of the JDK. Please add Mockito as an agent to your build what is described in Mockito's documentation: https://javadoc.io/doc/org.mockito/mockito-core/latest/org/mockito/Mockito.html#0.3
WARNING: A Java agent has been loaded dynamically (/home/carlos/.m2/repository/net/bytebuddy/byte-buddy-agent/1.15.11/byte-buddy-agent-1.15.11.jar)
WARNING: If a serviceability tool is in use, please run with -XX:+EnableDynamicAgentLoading to hide this warning
WARNING: If a serviceability tool is not in use, please run with -Djdk.instrument.traceUsage for more information
WARNING: Dynamic loading of agents will be disallowed by default in a future release
OpenJDK 64-Bit Server VM warning: Sharing is only supported for boot loader classes because bootstrap classpath has been appended
[INFO] Tests run: 1, Failures: 0, Errors: 0, Skipped: 0, Time elapsed: 0.810 s -- in com.traceability.core.application.command.ExternalActorBypassTest
[INFO] Running com.traceability.core.application.command.FundCommandServiceAllocationIntegrationTest
23:39:55.733 [main] INFO org.testcontainers.images.PullPolicy -- Image pull policy will be performed by: DefaultPullPolicy()
23:39:55.737 [main] INFO org.testcontainers.utility.ImageNameSubstitutor -- Image name substitution will be performed by: DefaultImageNameSubstitutor (composite of 'ConfigurationFileImageNameSubstitutor' and 'PrefixingImageNameSubstitutor')
23:39:55.746 [main] INFO org.testcontainers.DockerClientFactory -- Testcontainers version: 1.20.6
23:39:55.862 [main] INFO org.testcontainers.dockerclient.DockerClientProviderStrategy -- Loaded org.testcontainers.dockerclient.UnixSocketClientProviderStrategy from ~/.testcontainers.properties, will try it first
23:39:56.050 [main] INFO org.testcontainers.dockerclient.DockerClientProviderStrategy -- Found Docker environment with local Unix socket (unix:///var/run/docker.sock)
23:39:56.051 [main] INFO org.testcontainers.DockerClientFactory -- Docker host IP address is localhost
23:39:56.062 [main] INFO org.testcontainers.DockerClientFactory -- Connected to docker: 
  Server Version: 29.8.1
  API Version: 1.56
  Operating System: CachyOS
  Total Memory: 15379 MB
23:39:56.104 [main] INFO tc.testcontainers/ryuk:0.11.0 -- Creating container for image: testcontainers/ryuk:0.11.0
23:39:56.108 [main] INFO org.testcontainers.utility.RegistryAuthLocator -- Failure when attempting to lookup auth config. Please ignore if you don't have images in an authenticated registry. Details: (dockerImageName: testcontainers/ryuk:0.11.0, configFile: /home/carlos/.docker/config.json, configEnv: DOCKER_AUTH_CONFIG). Falling back to docker-java default behaviour. Exception message: Status 404: No config supplied. Checked in order: /home/carlos/.docker/config.json (file not found), DOCKER_AUTH_CONFIG (not set)
23:39:56.554 [main] INFO tc.testcontainers/ryuk:0.11.0 -- Container testcontainers/ryuk:0.11.0 is starting: afb2657c839d89d4359c40d8904481ef047fa3708d9b3448023d9db81872f767
23:39:56.872 [main] INFO tc.testcontainers/ryuk:0.11.0 -- Container testcontainers/ryuk:0.11.0 started in PT0.768278513S
23:39:56.877 [main] INFO org.testcontainers.utility.RyukResourceReaper -- Ryuk started - will monitor and terminate Testcontainers containers on JVM exit
23:39:56.877 [main] INFO org.testcontainers.DockerClientFactory -- Checking the system...
23:39:56.878 [main] INFO org.testcontainers.DockerClientFactory -- ✔︎ Docker server version should be at least 1.6.0
23:39:56.879 [main] INFO tc.mongo:6.0 -- Creating container for image: mongo:6.0
23:39:57.040 [main] INFO tc.mongo:6.0 -- Container mongo:6.0 is starting: c99822e0e826c9e5fa64f2f18d72ea7cddd358194dfaa5fa57c07f8312d58b6e
23:39:57.552 [main] INFO tc.mongo:6.0 -- Container mongo:6.0 started in PT0.673670227S

  .   ____          _            __ _ _
 /\\ / ___'_ __ _ _(_)_ __  __ _ \ \ \ \
( ( )\___ | '_ | '_| | '_ \/ _` | \ \ \ \
 \\/  ___)| |_)| | | | | || (_| |  ) ) ) )
  '  |____| .__|_| |_|_| |_\__, | / / / /
 =========|_|==============|___/=/_/_/_/

 :: Spring Boot ::                (v3.4.4)

2026-09-22T23:39:58.569-05:00  INFO 90916 --- [           main] dCommandServiceAllocationIntegrationTest : Starting FundCommandServiceAllocationIntegrationTest using Java 21.0.12 with PID 90916 (started by carlos in /home/carlos/Proyectos/Donaciones/core)
2026-09-22T23:39:58.570-05:00  INFO 90916 --- [           main] dCommandServiceAllocationIntegrationTest : No active profile set, falling back to 1 default profile: "default"
2026-09-22T23:39:58.812-05:00  INFO 90916 --- [           main] .s.d.r.c.RepositoryConfigurationDelegate : Bootstrapping Spring Data MongoDB repositories in DEFAULT mode.
2026-09-22T23:39:58.857-05:00  INFO 90916 --- [           main] .s.d.r.c.RepositoryConfigurationDelegate : Finished Spring Data repository scanning in 41 ms. Found 9 MongoDB repository interfaces.
2026-09-22T23:39:59.198-05:00  INFO 90916 --- [           main] org.mongodb.driver.client                : MongoClient with metadata {"driver": {"name": "mongo-java-driver|sync|spring-boot", "version": "5.2.1"}, "os": {"type": "Linux", "name": "Linux", "architecture": "amd64", "version": "7.2.6-1-cachyos"}, "platform": "Java/Arch Linux/21.0.12+8"} created with settings MongoClientSettings{readPreference=primary, writeConcern=WriteConcern{w=null, wTimeout=null ms, journal=null}, retryWrites=true, retryReads=true, readConcern=ReadConcern{level=null}, credential=null, transportSettings=null, commandListeners=[], codecRegistry=ProvidersCodecRegistry{codecProviders=[ValueCodecProvider{}, BsonValueCodecProvider{}, DBRefCodecProvider{}, DBObjectCodecProvider{}, DocumentCodecProvider{}, CollectionCodecProvider{}, IterableCodecProvider{}, MapCodecProvider{}, GeoJsonCodecProvider{}, GridFSFileCodecProvider{}, Jsr310CodecProvider{}, JsonObjectCodecProvider{}, BsonCodecProvider{}, EnumCodecProvider{}, com.mongodb.client.model.mql.ExpressionCodecProvider@310f8a05, com.mongodb.Jep395RecordCodecProvider@4f98ac31, com.mongodb.KotlinCodecProvider@5cb6abc8]}, loggerSettings=LoggerSettings{maxDocumentLength=1000}, clusterSettings={hosts=[localhost:32856], srvServiceName=mongodb, mode=SINGLE, requiredClusterType=UNKNOWN, requiredReplicaSetName='null', serverSelector='null', clusterListeners='[]', serverSelectionTimeout='30000 ms', localThreshold='15 ms'}, socketSettings=SocketSettings{connectTimeoutMS=10000, readTimeoutMS=0, receiveBufferSize=0, proxySettings=ProxySettings{host=null, port=null, username=null, password=null}}, heartbeatSocketSettings=SocketSettings{connectTimeoutMS=10000, readTimeoutMS=10000, receiveBufferSize=0, proxySettings=ProxySettings{host=null, port=null, username=null, password=null}}, connectionPoolSettings=ConnectionPoolSettings{maxSize=100, minSize=0, maxWaitTimeMS=120000, maxConnectionLifeTimeMS=0, maxConnectionIdleTimeMS=0, maintenanceInitialDelayMS=0, maintenanceFrequencyMS=60000, connectionPoolListeners=[], maxConnecting=2}, serverSettings=ServerSettings{heartbeatFrequencyMS=10000, minHeartbeatFrequencyMS=500, serverMonitoringMode=AUTO, serverListeners='[]', serverMonitorListeners='[]'}, sslSettings=SslSettings{enabled=false, invalidHostNameAllowed=false, context=null}, applicationName='null', compressorList=[], uuidRepresentation=JAVA_LEGACY, serverApi=null, autoEncryptionSettings=null, dnsClient=null, inetAddressResolver=null, contextProvider=null, timeoutMS=null}
2026-09-22T23:39:59.217-05:00  INFO 90916 --- [localhost:32856] org.mongodb.driver.cluster               : Monitor thread successfully connected to server with description ServerDescription{address=localhost:32856, type=REPLICA_SET_PRIMARY, cryptd=false, state=CONNECTED, ok=true, minWireVersion=0, maxWireVersion=17, maxDocumentSize=16777216, logicalSessionTimeoutMinutes=30, roundTripTimeNanos=14029159, minRoundTripTimeNanos=0, setName='rs0', canonicalAddress=c99822e0e826:27017, hosts=[c99822e0e826:27017], passives=[], arbiters=[], primary='c99822e0e826:27017', tagSet=TagSet{[]}, electionId=7fffffff0000000000000001, setVersion=1, topologyVersion=TopologyVersion{processId=6ab3581d083b9c0014aa30ba, counter=6}, lastWriteDate=Tue Sep 22 23:39:58 COT 2026, lastUpdateTimeNanos=5096055581477}
2026-09-22T23:39:59.675-05:00  INFO 90916 --- [           main] dCommandServiceAllocationIntegrationTest : Started FundCommandServiceAllocationIntegrationTest in 1.331 seconds (process running for 5.82)
2026-09-22T23:40:00.375-05:00  INFO 90916 --- [localhost:32856] org.mongodb.driver.cluster               : Exception in monitor thread while connecting to server localhost:32856

com.mongodb.MongoSocketReadException: Prematurely reached end of stream
	at com.mongodb.internal.connection.SocketStream.read(SocketStream.java:184) ~[mongodb-driver-core-5.2.1.jar:na]
	at com.mongodb.internal.connection.InternalStreamConnection.receiveResponseBuffers(InternalStreamConnection.java:829) ~[mongodb-driver-core-5.2.1.jar:na]
	at com.mongodb.internal.connection.InternalStreamConnection.receiveCommandMessageResponse(InternalStreamConnection.java:517) ~[mongodb-driver-core-5.2.1.jar:na]
	at com.mongodb.internal.connection.InternalStreamConnection.receive(InternalStreamConnection.java:469) ~[mongodb-driver-core-5.2.1.jar:na]
	at com.mongodb.internal.connection.DefaultServerMonitor$ServerMonitor.lookupServerDescription(DefaultServerMonitor.java:249) ~[mongodb-driver-core-5.2.1.jar:na]
	at com.mongodb.internal.connection.DefaultServerMonitor$ServerMonitor.run(DefaultServerMonitor.java:176) ~[mongodb-driver-core-5.2.1.jar:na]

2026-09-22T23:40:00.380-05:00  INFO 90916 --- [localhost:32856] org.mongodb.driver.cluster               : Exception in monitor thread while connecting to server localhost:32856

com.mongodb.MongoSocketReadException: Exception receiving message
	at com.mongodb.internal.connection.InternalStreamConnection.translateReadException(InternalStreamConnection.java:814) ~[mongodb-driver-core-5.2.1.jar:na]
	at com.mongodb.internal.connection.InternalStreamConnection.receiveResponseBuffers(InternalStreamConnection.java:862) ~[mongodb-driver-core-5.2.1.jar:na]
	at com.mongodb.internal.connection.InternalStreamConnection.receiveCommandMessageResponse(InternalStreamConnection.java:517) ~[mongodb-driver-core-5.2.1.jar:na]
	at com.mongodb.internal.connection.InternalStreamConnection.sendAndReceiveInternal(InternalStreamConnection.java:448) ~[mongodb-driver-core-5.2.1.jar:na]
	at com.mongodb.internal.connection.InternalStreamConnection.lambda$sendAndReceive$0(InternalStreamConnection.java:375) ~[mongodb-driver-core-5.2.1.jar:na]
	at com.mongodb.internal.connection.InternalStreamConnection.sendAndReceive(InternalStreamConnection.java:378) ~[mongodb-driver-core-5.2.1.jar:na]
	at com.mongodb.internal.connection.CommandHelper.sendAndReceive(CommandHelper.java:100) ~[mongodb-driver-core-5.2.1.jar:na]
	at com.mongodb.internal.connection.CommandHelper.executeCommand(CommandHelper.java:49) ~[mongodb-driver-core-5.2.1.jar:na]
	at com.mongodb.internal.connection.InternalStreamConnectionInitializer.initializeConnectionDescription(InternalStreamConnectionInitializer.java:144) ~[mongodb-driver-core-5.2.1.jar:na]
	at com.mongodb.internal.connection.InternalStreamConnectionInitializer.startHandshake(InternalStreamConnectionInitializer.java:79) ~[mongodb-driver-core-5.2.1.jar:na]
	at com.mongodb.internal.connection.InternalStreamConnection.open(InternalStreamConnection.java:235) ~[mongodb-driver-core-5.2.1.jar:na]
	at com.mongodb.internal.connection.DefaultServerMonitor$ServerMonitor.lookupServerDescription(DefaultServerMonitor.java:219) ~[mongodb-driver-core-5.2.1.jar:na]
	at com.mongodb.internal.connection.DefaultServerMonitor$ServerMonitor.run(DefaultServerMonitor.java:176) ~[mongodb-driver-core-5.2.1.jar:na]
Caused by: java.net.SocketException: Connection reset
	at java.base/sun.nio.ch.NioSocketImpl.implRead(NioSocketImpl.java:318) ~[na:na]
	at java.base/sun.nio.ch.NioSocketImpl.read(NioSocketImpl.java:346) ~[na:na]
	at java.base/sun.nio.ch.NioSocketImpl$1.read(NioSocketImpl.java:796) ~[na:na]
	at java.base/java.net.Socket$SocketInputStream.read(Socket.java:1099) ~[na:na]
	at com.mongodb.internal.connection.SocketStream.read(SocketStream.java:182) ~[mongodb-driver-core-5.2.1.jar:na]
	at com.mongodb.internal.connection.InternalStreamConnection.receiveResponseBuffers(InternalStreamConnection.java:829) ~[mongodb-driver-core-5.2.1.jar:na]
	... 11 common frames omitted

2026-09-22T23:40:00.441-05:00  INFO 90916 --- [   scheduling-1] org.mongodb.driver.cluster               : Waiting for server to become available for operation with ID 128. Remaining time: 29998 ms. Selector: WritableServerSelector, topology description: {type=UNKNOWN, servers=[{address=localhost:32856, type=UNKNOWN, state=CONNECTING, exception={com.mongodb.MongoSocketReadException: Exception receiving message}, caused by {java.net.SocketException: Connection reset}}].
[INFO] Tests run: 7, Failures: 0, Errors: 0, Skipped: 0, Time elapsed: 5.143 s -- in com.traceability.core.application.command.FundCommandServiceAllocationIntegrationTest
[INFO] Running com.traceability.core.application.command.FundCommandServiceClearFundsForPledgeIntegrationTest
2026-09-22T23:40:00.634-05:00  INFO 90916 --- [           main] tc.mongo:6.0                             : Creating container for image: mongo:6.0
2026-09-22T23:40:00.766-05:00  INFO 90916 --- [           main] tc.mongo:6.0                             : Container mongo:6.0 is starting: d3e3261eeeb82d76c1c1d141285baf9d5a5cbb855ad5fa055b9832db4025043b
2026-09-22T23:40:00.881-05:00  INFO 90916 --- [localhost:32856] org.mongodb.driver.cluster               : Exception in monitor thread while connecting to server localhost:32856

com.mongodb.MongoSocketOpenException: Exception opening socket
	at com.mongodb.internal.connection.SocketStream.lambda$open$0(SocketStream.java:85) ~[mongodb-driver-core-5.2.1.jar:na]
	at java.base/java.util.Optional.orElseThrow(Optional.java:403) ~[na:na]
	at com.mongodb.internal.connection.SocketStream.open(SocketStream.java:85) ~[mongodb-driver-core-5.2.1.jar:na]
	at com.mongodb.internal.connection.InternalStreamConnection.open(InternalStreamConnection.java:233) ~[mongodb-driver-core-5.2.1.jar:na]
	at com.mongodb.internal.connection.DefaultServerMonitor$ServerMonitor.lookupServerDescription(DefaultServerMonitor.java:219) ~[mongodb-driver-core-5.2.1.jar:na]
	at com.mongodb.internal.connection.DefaultServerMonitor$ServerMonitor.run(DefaultServerMonitor.java:176) ~[mongodb-driver-core-5.2.1.jar:na]
Caused by: java.net.ConnectException: Conexión rehusada
	at java.base/sun.nio.ch.Net.pollConnect(Native Method) ~[na:na]
	at java.base/sun.nio.ch.Net.pollConnectNow(Net.java:694) ~[na:na]
	at java.base/sun.nio.ch.NioSocketImpl.timedFinishConnect(NioSocketImpl.java:542) ~[na:na]
	at java.base/sun.nio.ch.NioSocketImpl.connect(NioSocketImpl.java:592) ~[na:na]
	at java.base/java.net.SocksSocketImpl.connect(SocksSocketImpl.java:327) ~[na:na]
	at java.base/java.net.Socket.connect(Socket.java:751) ~[na:na]
	at com.mongodb.internal.connection.SocketStreamHelper.initialize(SocketStreamHelper.java:76) ~[mongodb-driver-core-5.2.1.jar:na]
	at com.mongodb.internal.connection.SocketStream.initializeSocket(SocketStream.java:104) ~[mongodb-driver-core-5.2.1.jar:na]
	at com.mongodb.internal.connection.SocketStream.open(SocketStream.java:79) ~[mongodb-driver-core-5.2.1.jar:na]
	... 3 common frames omitted

2026-09-22T23:40:01.253-05:00  INFO 90916 --- [           main] tc.mongo:6.0                             : Container mongo:6.0 started in PT0.619206064S

  .   ____          _            __ _ _
 /\\ / ___'_ __ _ _(_)_ __  __ _ \ \ \ \
( ( )\___ | '_ | '_| | '_ \/ _` | \ \ \ \
 \\/  ___)| |_)| | | | | || (_| |  ) ) ) )
  '  |____| .__|_| |_|_| |_\__, | / / / /
 =========|_|==============|___/=/_/_/_/

 :: Spring Boot ::                (v3.4.4)

2026-09-22T23:40:02.066-05:00  INFO 90916 --- [           main] erviceClearFundsForPledgeIntegrationTest : Starting FundCommandServiceClearFundsForPledgeIntegrationTest using Java 21.0.12 with PID 90916 (started by carlos in /home/carlos/Proyectos/Donaciones/core)
2026-09-22T23:40:02.066-05:00  INFO 90916 --- [           main] erviceClearFundsForPledgeIntegrationTest : No active profile set, falling back to 1 default profile: "default"
2026-09-22T23:40:02.129-05:00  INFO 90916 --- [           main] .s.d.r.c.RepositoryConfigurationDelegate : Bootstrapping Spring Data MongoDB repositories in DEFAULT mode.
2026-09-22T23:40:02.143-05:00  INFO 90916 --- [           main] .s.d.r.c.RepositoryConfigurationDelegate : Finished Spring Data repository scanning in 13 ms. Found 9 MongoDB repository interfaces.
2026-09-22T23:40:02.190-05:00  INFO 90916 --- [           main] org.mongodb.driver.client                : MongoClient with metadata {"driver": {"name": "mongo-java-driver|sync|spring-boot", "version": "5.2.1"}, "os": {"type": "Linux", "name": "Linux", "architecture": "amd64", "version": "7.2.6-1-cachyos"}, "platform": "Java/Arch Linux/21.0.12+8"} created with settings MongoClientSettings{readPreference=primary, writeConcern=WriteConcern{w=null, wTimeout=null ms, journal=null}, retryWrites=true, retryReads=true, readConcern=ReadConcern{level=null}, credential=null, transportSettings=null, commandListeners=[], codecRegistry=ProvidersCodecRegistry{codecProviders=[ValueCodecProvider{}, BsonValueCodecProvider{}, DBRefCodecProvider{}, DBObjectCodecProvider{}, DocumentCodecProvider{}, CollectionCodecProvider{}, IterableCodecProvider{}, MapCodecProvider{}, GeoJsonCodecProvider{}, GridFSFileCodecProvider{}, Jsr310CodecProvider{}, JsonObjectCodecProvider{}, BsonCodecProvider{}, EnumCodecProvider{}, com.mongodb.client.model.mql.ExpressionCodecProvider@310f8a05, com.mongodb.Jep395RecordCodecProvider@4f98ac31, com.mongodb.KotlinCodecProvider@5cb6abc8]}, loggerSettings=LoggerSettings{maxDocumentLength=1000}, clusterSettings={hosts=[localhost:32857], srvServiceName=mongodb, mode=SINGLE, requiredClusterType=UNKNOWN, requiredReplicaSetName='null', serverSelector='null', clusterListeners='[]', serverSelectionTimeout='30000 ms', localThreshold='15 ms'}, socketSettings=SocketSettings{connectTimeoutMS=10000, readTimeoutMS=0, receiveBufferSize=0, proxySettings=ProxySettings{host=null, port=null, username=null, password=null}}, heartbeatSocketSettings=SocketSettings{connectTimeoutMS=10000, readTimeoutMS=10000, receiveBufferSize=0, proxySettings=ProxySettings{host=null, port=null, username=null, password=null}}, connectionPoolSettings=ConnectionPoolSettings{maxSize=100, minSize=0, maxWaitTimeMS=120000, maxConnectionLifeTimeMS=0, maxConnectionIdleTimeMS=0, maintenanceInitialDelayMS=0, maintenanceFrequencyMS=60000, connectionPoolListeners=[], maxConnecting=2}, serverSettings=ServerSettings{heartbeatFrequencyMS=10000, minHeartbeatFrequencyMS=500, serverMonitoringMode=AUTO, serverListeners='[]', serverMonitorListeners='[]'}, sslSettings=SslSettings{enabled=false, invalidHostNameAllowed=false, context=null}, applicationName='null', compressorList=[], uuidRepresentation=JAVA_LEGACY, serverApi=null, autoEncryptionSettings=null, dnsClient=null, inetAddressResolver=null, contextProvider=null, timeoutMS=null}
2026-09-22T23:40:02.192-05:00  INFO 90916 --- [localhost:32857] org.mongodb.driver.cluster               : Monitor thread successfully connected to server with description ServerDescription{address=localhost:32857, type=REPLICA_SET_PRIMARY, cryptd=false, state=CONNECTED, ok=true, minWireVersion=0, maxWireVersion=17, maxDocumentSize=16777216, logicalSessionTimeoutMinutes=30, roundTripTimeNanos=1338662, minRoundTripTimeNanos=0, setName='rs0', canonicalAddress=d3e3261eeeb8:27017, hosts=[d3e3261eeeb8:27017], passives=[], arbiters=[], primary='d3e3261eeeb8:27017', tagSet=TagSet{[]}, electionId=7fffffff0000000000000001, setVersion=1, topologyVersion=TopologyVersion{processId=6ab358205870fd2251e21682, counter=6}, lastWriteDate=Tue Sep 22 23:40:01 COT 2026, lastUpdateTimeNanos=5099038869446}
2026-09-22T23:40:02.316-05:00  INFO 90916 --- [           main] erviceClearFundsForPledgeIntegrationTest : Started FundCommandServiceClearFundsForPledgeIntegrationTest in 0.262 seconds (process running for 8.46)
2026-09-22T23:40:02.817-05:00  INFO 90916 --- [localhost:32857] org.mongodb.driver.cluster               : Exception in monitor thread while connecting to server localhost:32857

com.mongodb.MongoSocketReadException: Prematurely reached end of stream
	at com.mongodb.internal.connection.SocketStream.read(SocketStream.java:184) ~[mongodb-driver-core-5.2.1.jar:na]
	at com.mongodb.internal.connection.InternalStreamConnection.receiveResponseBuffers(InternalStreamConnection.java:829) ~[mongodb-driver-core-5.2.1.jar:na]
	at com.mongodb.internal.connection.InternalStreamConnection.receiveCommandMessageResponse(InternalStreamConnection.java:517) ~[mongodb-driver-core-5.2.1.jar:na]
	at com.mongodb.internal.connection.InternalStreamConnection.receive(InternalStreamConnection.java:469) ~[mongodb-driver-core-5.2.1.jar:na]
	at com.mongodb.internal.connection.DefaultServerMonitor$ServerMonitor.lookupServerDescription(DefaultServerMonitor.java:249) ~[mongodb-driver-core-5.2.1.jar:na]
	at com.mongodb.internal.connection.DefaultServerMonitor$ServerMonitor.run(DefaultServerMonitor.java:176) ~[mongodb-driver-core-5.2.1.jar:na]

2026-09-22T23:40:02.847-05:00  INFO 90916 --- [   scheduling-1] org.mongodb.driver.cluster               : Waiting for server to become available for operation with ID 239. Remaining time: 29999 ms. Selector: WritableServerSelector, topology description: {type=UNKNOWN, servers=[{address=localhost:32857, type=UNKNOWN, state=CONNECTING, exception={com.mongodb.MongoSocketReadException: Prematurely reached end of stream}}].
[INFO] Tests run: 5, Failures: 0, Errors: 0, Skipped: 0, Time elapsed: 2.430 s -- in com.traceability.core.application.command.FundCommandServiceClearFundsForPledgeIntegrationTest
[INFO] Running com.traceability.core.application.command.FundCommandServiceGenesisIntegrationTest
2026-09-22T23:40:03.065-05:00  INFO 90916 --- [           main] tc.mongo:6.0                             : Creating container for image: mongo:6.0
2026-09-22T23:40:03.202-05:00  INFO 90916 --- [           main] tc.mongo:6.0                             : Container mongo:6.0 is starting: 5f0e2c6b46708cffb80ee900f4651396bfe444b877aa43f6abaa6caaae0f4429
2026-09-22T23:40:03.318-05:00  INFO 90916 --- [localhost:32857] org.mongodb.driver.cluster               : Exception in monitor thread while connecting to server localhost:32857

com.mongodb.MongoSocketOpenException: Exception opening socket
	at com.mongodb.internal.connection.SocketStream.lambda$open$0(SocketStream.java:85) ~[mongodb-driver-core-5.2.1.jar:na]
	at java.base/java.util.Optional.orElseThrow(Optional.java:403) ~[na:na]
	at com.mongodb.internal.connection.SocketStream.open(SocketStream.java:85) ~[mongodb-driver-core-5.2.1.jar:na]
	at com.mongodb.internal.connection.InternalStreamConnection.open(InternalStreamConnection.java:233) ~[mongodb-driver-core-5.2.1.jar:na]
	at com.mongodb.internal.connection.DefaultServerMonitor$ServerMonitor.lookupServerDescription(DefaultServerMonitor.java:219) ~[mongodb-driver-core-5.2.1.jar:na]
	at com.mongodb.internal.connection.DefaultServerMonitor$ServerMonitor.run(DefaultServerMonitor.java:176) ~[mongodb-driver-core-5.2.1.jar:na]
Caused by: java.net.ConnectException: Conexión rehusada
	at java.base/sun.nio.ch.Net.pollConnect(Native Method) ~[na:na]
	at java.base/sun.nio.ch.Net.pollConnectNow(Net.java:694) ~[na:na]
	at java.base/sun.nio.ch.NioSocketImpl.timedFinishConnect(NioSocketImpl.java:542) ~[na:na]
	at java.base/sun.nio.ch.NioSocketImpl.connect(NioSocketImpl.java:592) ~[na:na]
	at java.base/java.net.SocksSocketImpl.connect(SocksSocketImpl.java:327) ~[na:na]
	at java.base/java.net.Socket.connect(Socket.java:751) ~[na:na]
	at com.mongodb.internal.connection.SocketStreamHelper.initialize(SocketStreamHelper.java:76) ~[mongodb-driver-core-5.2.1.jar:na]
	at com.mongodb.internal.connection.SocketStream.initializeSocket(SocketStream.java:104) ~[mongodb-driver-core-5.2.1.jar:na]
	at com.mongodb.internal.connection.SocketStream.open(SocketStream.java:79) ~[mongodb-driver-core-5.2.1.jar:na]
	... 3 common frames omitted

2026-09-22T23:40:03.680-05:00  INFO 90916 --- [           main] tc.mongo:6.0                             : Container mongo:6.0 started in PT0.615130375S

  .   ____          _            __ _ _
 /\\ / ___'_ __ _ _(_)_ __  __ _ \ \ \ \
( ( )\___ | '_ | '_| | '_ \/ _` | \ \ \ \
 \\/  ___)| |_)| | | | | || (_| |  ) ) ) )
  '  |____| .__|_| |_|_| |_\__, | / / / /
 =========|_|==============|___/=/_/_/_/

 :: Spring Boot ::                (v3.4.4)

2026-09-22T23:40:04.483-05:00  INFO 90916 --- [           main] FundCommandServiceGenesisIntegrationTest : Starting FundCommandServiceGenesisIntegrationTest using Java 21.0.12 with PID 90916 (started by carlos in /home/carlos/Proyectos/Donaciones/core)
2026-09-22T23:40:04.483-05:00  INFO 90916 --- [           main] FundCommandServiceGenesisIntegrationTest : No active profile set, falling back to 1 default profile: "default"
2026-09-22T23:40:04.548-05:00  INFO 90916 --- [           main] .s.d.r.c.RepositoryConfigurationDelegate : Bootstrapping Spring Data MongoDB repositories in DEFAULT mode.
2026-09-22T23:40:04.562-05:00  INFO 90916 --- [           main] .s.d.r.c.RepositoryConfigurationDelegate : Finished Spring Data repository scanning in 13 ms. Found 9 MongoDB repository interfaces.
2026-09-22T23:40:04.608-05:00  INFO 90916 --- [           main] org.mongodb.driver.client                : MongoClient with metadata {"driver": {"name": "mongo-java-driver|sync|spring-boot", "version": "5.2.1"}, "os": {"type": "Linux", "name": "Linux", "architecture": "amd64", "version": "7.2.6-1-cachyos"}, "platform": "Java/Arch Linux/21.0.12+8"} created with settings MongoClientSettings{readPreference=primary, writeConcern=WriteConcern{w=null, wTimeout=null ms, journal=null}, retryWrites=true, retryReads=true, readConcern=ReadConcern{level=null}, credential=null, transportSettings=null, commandListeners=[], codecRegistry=ProvidersCodecRegistry{codecProviders=[ValueCodecProvider{}, BsonValueCodecProvider{}, DBRefCodecProvider{}, DBObjectCodecProvider{}, DocumentCodecProvider{}, CollectionCodecProvider{}, IterableCodecProvider{}, MapCodecProvider{}, GeoJsonCodecProvider{}, GridFSFileCodecProvider{}, Jsr310CodecProvider{}, JsonObjectCodecProvider{}, BsonCodecProvider{}, EnumCodecProvider{}, com.mongodb.client.model.mql.ExpressionCodecProvider@310f8a05, com.mongodb.Jep395RecordCodecProvider@4f98ac31, com.mongodb.KotlinCodecProvider@5cb6abc8]}, loggerSettings=LoggerSettings{maxDocumentLength=1000}, clusterSettings={hosts=[localhost:32858], srvServiceName=mongodb, mode=SINGLE, requiredClusterType=UNKNOWN, requiredReplicaSetName='null', serverSelector='null', clusterListeners='[]', serverSelectionTimeout='30000 ms', localThreshold='15 ms'}, socketSettings=SocketSettings{connectTimeoutMS=10000, readTimeoutMS=0, receiveBufferSize=0, proxySettings=ProxySettings{host=null, port=null, username=null, password=null}}, heartbeatSocketSettings=SocketSettings{connectTimeoutMS=10000, readTimeoutMS=10000, receiveBufferSize=0, proxySettings=ProxySettings{host=null, port=null, username=null, password=null}}, connectionPoolSettings=ConnectionPoolSettings{maxSize=100, minSize=0, maxWaitTimeMS=120000, maxConnectionLifeTimeMS=0, maxConnectionIdleTimeMS=0, maintenanceInitialDelayMS=0, maintenanceFrequencyMS=60000, connectionPoolListeners=[], maxConnecting=2}, serverSettings=ServerSettings{heartbeatFrequencyMS=10000, minHeartbeatFrequencyMS=500, serverMonitoringMode=AUTO, serverListeners='[]', serverMonitorListeners='[]'}, sslSettings=SslSettings{enabled=false, invalidHostNameAllowed=false, context=null}, applicationName='null', compressorList=[], uuidRepresentation=JAVA_LEGACY, serverApi=null, autoEncryptionSettings=null, dnsClient=null, inetAddressResolver=null, contextProvider=null, timeoutMS=null}
2026-09-22T23:40:04.609-05:00  INFO 90916 --- [localhost:32858] org.mongodb.driver.cluster               : Monitor thread successfully connected to server with description ServerDescription{address=localhost:32858, type=REPLICA_SET_PRIMARY, cryptd=false, state=CONNECTED, ok=true, minWireVersion=0, maxWireVersion=17, maxDocumentSize=16777216, logicalSessionTimeoutMinutes=30, roundTripTimeNanos=991912, minRoundTripTimeNanos=0, setName='rs0', canonicalAddress=5f0e2c6b4670:27017, hosts=[5f0e2c6b4670:27017], passives=[], arbiters=[], primary='5f0e2c6b4670:27017', tagSet=TagSet{[]}, electionId=7fffffff0000000000000001, setVersion=1, topologyVersion=TopologyVersion{processId=6ab358237c02b30ed76b8f8c, counter=6}, lastWriteDate=Tue Sep 22 23:40:04 COT 2026, lastUpdateTimeNanos=5101456429854}
2026-09-22T23:40:04.699-05:00  INFO 90916 --- [           main] FundCommandServiceGenesisIntegrationTest : Started FundCommandServiceGenesisIntegrationTest in 0.229 seconds (process running for 10.843)
2026-09-22T23:40:04.931-05:00  INFO 90916 --- [localhost:32858] org.mongodb.driver.cluster               : Exception in monitor thread while connecting to server localhost:32858

com.mongodb.MongoSocketReadException: Prematurely reached end of stream
	at com.mongodb.internal.connection.SocketStream.read(SocketStream.java:184) ~[mongodb-driver-core-5.2.1.jar:na]
	at com.mongodb.internal.connection.InternalStreamConnection.receiveResponseBuffers(InternalStreamConnection.java:829) ~[mongodb-driver-core-5.2.1.jar:na]
	at com.mongodb.internal.connection.InternalStreamConnection.receiveCommandMessageResponse(InternalStreamConnection.java:517) ~[mongodb-driver-core-5.2.1.jar:na]
	at com.mongodb.internal.connection.InternalStreamConnection.receive(InternalStreamConnection.java:469) ~[mongodb-driver-core-5.2.1.jar:na]
	at com.mongodb.internal.connection.DefaultServerMonitor$ServerMonitor.lookupServerDescription(DefaultServerMonitor.java:249) ~[mongodb-driver-core-5.2.1.jar:na]
	at com.mongodb.internal.connection.DefaultServerMonitor$ServerMonitor.run(DefaultServerMonitor.java:176) ~[mongodb-driver-core-5.2.1.jar:na]

2026-09-22T23:40:04.935-05:00  INFO 90916 --- [localhost:32858] org.mongodb.driver.cluster               : Exception in monitor thread while connecting to server localhost:32858

com.mongodb.MongoSocketReadException: Exception receiving message
	at com.mongodb.internal.connection.InternalStreamConnection.translateReadException(InternalStreamConnection.java:814) ~[mongodb-driver-core-5.2.1.jar:na]
	at com.mongodb.internal.connection.InternalStreamConnection.receiveResponseBuffers(InternalStreamConnection.java:862) ~[mongodb-driver-core-5.2.1.jar:na]
	at com.mongodb.internal.connection.InternalStreamConnection.receiveCommandMessageResponse(InternalStreamConnection.java:517) ~[mongodb-driver-core-5.2.1.jar:na]
	at com.mongodb.internal.connection.InternalStreamConnection.sendAndReceiveInternal(InternalStreamConnection.java:448) ~[mongodb-driver-core-5.2.1.jar:na]
	at com.mongodb.internal.connection.InternalStreamConnection.lambda$sendAndReceive$0(InternalStreamConnection.java:375) ~[mongodb-driver-core-5.2.1.jar:na]
	at com.mongodb.internal.connection.InternalStreamConnection.sendAndReceive(InternalStreamConnection.java:378) ~[mongodb-driver-core-5.2.1.jar:na]
	at com.mongodb.internal.connection.CommandHelper.sendAndReceive(CommandHelper.java:100) ~[mongodb-driver-core-5.2.1.jar:na]
	at com.mongodb.internal.connection.CommandHelper.executeCommand(CommandHelper.java:49) ~[mongodb-driver-core-5.2.1.jar:na]
	at com.mongodb.internal.connection.InternalStreamConnectionInitializer.initializeConnectionDescription(InternalStreamConnectionInitializer.java:144) ~[mongodb-driver-core-5.2.1.jar:na]
	at com.mongodb.internal.connection.InternalStreamConnectionInitializer.startHandshake(InternalStreamConnectionInitializer.java:79) ~[mongodb-driver-core-5.2.1.jar:na]
	at com.mongodb.internal.connection.InternalStreamConnection.open(InternalStreamConnection.java:235) ~[mongodb-driver-core-5.2.1.jar:na]
	at com.mongodb.internal.connection.DefaultServerMonitor$ServerMonitor.lookupServerDescription(DefaultServerMonitor.java:219) ~[mongodb-driver-core-5.2.1.jar:na]
	at com.mongodb.internal.connection.DefaultServerMonitor$ServerMonitor.run(DefaultServerMonitor.java:176) ~[mongodb-driver-core-5.2.1.jar:na]
Caused by: java.net.SocketException: Connection reset
	at java.base/sun.nio.ch.NioSocketImpl.implRead(NioSocketImpl.java:318) ~[na:na]
	at java.base/sun.nio.ch.NioSocketImpl.read(NioSocketImpl.java:346) ~[na:na]
	at java.base/sun.nio.ch.NioSocketImpl$1.read(NioSocketImpl.java:796) ~[na:na]
	at java.base/java.net.Socket$SocketInputStream.read(Socket.java:1099) ~[na:na]
	at com.mongodb.internal.connection.SocketStream.read(SocketStream.java:182) ~[mongodb-driver-core-5.2.1.jar:na]
	at com.mongodb.internal.connection.InternalStreamConnection.receiveResponseBuffers(InternalStreamConnection.java:829) ~[mongodb-driver-core-5.2.1.jar:na]
	... 11 common frames omitted

2026-09-22T23:40:05.002-05:00  INFO 90916 --- [   scheduling-1] org.mongodb.driver.cluster               : Waiting for server to become available for operation with ID 289. Remaining time: 29999 ms. Selector: WritableServerSelector, topology description: {type=UNKNOWN, servers=[{address=localhost:32858, type=UNKNOWN, state=CONNECTING, exception={com.mongodb.MongoSocketReadException: Exception receiving message}, caused by {java.net.SocketException: Connection reset}}].
[INFO] Tests run: 2, Failures: 0, Errors: 0, Skipped: 0, Time elapsed: 2.124 s -- in com.traceability.core.application.command.FundCommandServiceGenesisIntegrationTest
[INFO] Running com.traceability.core.application.command.HumanActorAuthorizationIntegrationTest
2026-09-22T23:40:05.191-05:00  INFO 90916 --- [           main] tc.mongo:6.0                             : Creating container for image: mongo:6.0
2026-09-22T23:40:05.330-05:00  INFO 90916 --- [           main] tc.mongo:6.0                             : Container mongo:6.0 is starting: 2214b62877e962e234c5d3f7c61b6ecedf5a1fb6e710f0723dfe2a5f26fd8bf4
2026-09-22T23:40:05.436-05:00  INFO 90916 --- [localhost:32858] org.mongodb.driver.cluster               : Exception in monitor thread while connecting to server localhost:32858

com.mongodb.MongoSocketOpenException: Exception opening socket
	at com.mongodb.internal.connection.SocketStream.lambda$open$0(SocketStream.java:85) ~[mongodb-driver-core-5.2.1.jar:na]
	at java.base/java.util.Optional.orElseThrow(Optional.java:403) ~[na:na]
	at com.mongodb.internal.connection.SocketStream.open(SocketStream.java:85) ~[mongodb-driver-core-5.2.1.jar:na]
	at com.mongodb.internal.connection.InternalStreamConnection.open(InternalStreamConnection.java:233) ~[mongodb-driver-core-5.2.1.jar:na]
	at com.mongodb.internal.connection.DefaultServerMonitor$ServerMonitor.lookupServerDescription(DefaultServerMonitor.java:219) ~[mongodb-driver-core-5.2.1.jar:na]
	at com.mongodb.internal.connection.DefaultServerMonitor$ServerMonitor.run(DefaultServerMonitor.java:176) ~[mongodb-driver-core-5.2.1.jar:na]
Caused by: java.net.ConnectException: Conexión rehusada
	at java.base/sun.nio.ch.Net.pollConnect(Native Method) ~[na:na]
	at java.base/sun.nio.ch.Net.pollConnectNow(Net.java:694) ~[na:na]
	at java.base/sun.nio.ch.NioSocketImpl.timedFinishConnect(NioSocketImpl.java:542) ~[na:na]
	at java.base/sun.nio.ch.NioSocketImpl.connect(NioSocketImpl.java:592) ~[na:na]
	at java.base/java.net.SocksSocketImpl.connect(SocksSocketImpl.java:327) ~[na:na]
	at java.base/java.net.Socket.connect(Socket.java:751) ~[na:na]
	at com.mongodb.internal.connection.SocketStreamHelper.initialize(SocketStreamHelper.java:76) ~[mongodb-driver-core-5.2.1.jar:na]
	at com.mongodb.internal.connection.SocketStream.initializeSocket(SocketStream.java:104) ~[mongodb-driver-core-5.2.1.jar:na]
	at com.mongodb.internal.connection.SocketStream.open(SocketStream.java:79) ~[mongodb-driver-core-5.2.1.jar:na]
	... 3 common frames omitted

2026-09-22T23:40:05.818-05:00  INFO 90916 --- [           main] tc.mongo:6.0                             : Container mongo:6.0 started in PT0.627096853S

  .   ____          _            __ _ _
 /\\ / ___'_ __ _ _(_)_ __  __ _ \ \ \ \
( ( )\___ | '_ | '_| | '_ \/ _` | \ \ \ \
 \\/  ___)| |_)| | | | | || (_| |  ) ) ) )
  '  |____| .__|_| |_|_| |_\__, | / / / /
 =========|_|==============|___/=/_/_/_/

 :: Spring Boot ::                (v3.4.4)

2026-09-22T23:40:06.637-05:00  INFO 90916 --- [           main] c.HumanActorAuthorizationIntegrationTest : Starting HumanActorAuthorizationIntegrationTest using Java 21.0.12 with PID 90916 (started by carlos in /home/carlos/Proyectos/Donaciones/core)
2026-09-22T23:40:06.638-05:00  INFO 90916 --- [           main] c.HumanActorAuthorizationIntegrationTest : No active profile set, falling back to 1 default profile: "default"
2026-09-22T23:40:06.679-05:00  INFO 90916 --- [           main] .s.d.r.c.RepositoryConfigurationDelegate : Bootstrapping Spring Data MongoDB repositories in DEFAULT mode.
2026-09-22T23:40:06.692-05:00  INFO 90916 --- [           main] .s.d.r.c.RepositoryConfigurationDelegate : Finished Spring Data repository scanning in 12 ms. Found 9 MongoDB repository interfaces.
2026-09-22T23:40:06.736-05:00  INFO 90916 --- [           main] org.mongodb.driver.client                : MongoClient with metadata {"driver": {"name": "mongo-java-driver|sync|spring-boot", "version": "5.2.1"}, "os": {"type": "Linux", "name": "Linux", "architecture": "amd64", "version": "7.2.6-1-cachyos"}, "platform": "Java/Arch Linux/21.0.12+8"} created with settings MongoClientSettings{readPreference=primary, writeConcern=WriteConcern{w=null, wTimeout=null ms, journal=null}, retryWrites=true, retryReads=true, readConcern=ReadConcern{level=null}, credential=null, transportSettings=null, commandListeners=[], codecRegistry=ProvidersCodecRegistry{codecProviders=[ValueCodecProvider{}, BsonValueCodecProvider{}, DBRefCodecProvider{}, DBObjectCodecProvider{}, DocumentCodecProvider{}, CollectionCodecProvider{}, IterableCodecProvider{}, MapCodecProvider{}, GeoJsonCodecProvider{}, GridFSFileCodecProvider{}, Jsr310CodecProvider{}, JsonObjectCodecProvider{}, BsonCodecProvider{}, EnumCodecProvider{}, com.mongodb.client.model.mql.ExpressionCodecProvider@310f8a05, com.mongodb.Jep395RecordCodecProvider@4f98ac31, com.mongodb.KotlinCodecProvider@5cb6abc8]}, loggerSettings=LoggerSettings{maxDocumentLength=1000}, clusterSettings={hosts=[localhost:32859], srvServiceName=mongodb, mode=SINGLE, requiredClusterType=UNKNOWN, requiredReplicaSetName='null', serverSelector='null', clusterListeners='[]', serverSelectionTimeout='30000 ms', localThreshold='15 ms'}, socketSettings=SocketSettings{connectTimeoutMS=10000, readTimeoutMS=0, receiveBufferSize=0, proxySettings=ProxySettings{host=null, port=null, username=null, password=null}}, heartbeatSocketSettings=SocketSettings{connectTimeoutMS=10000, readTimeoutMS=10000, receiveBufferSize=0, proxySettings=ProxySettings{host=null, port=null, username=null, password=null}}, connectionPoolSettings=ConnectionPoolSettings{maxSize=100, minSize=0, maxWaitTimeMS=120000, maxConnectionLifeTimeMS=0, maxConnectionIdleTimeMS=0, maintenanceInitialDelayMS=0, maintenanceFrequencyMS=60000, connectionPoolListeners=[], maxConnecting=2}, serverSettings=ServerSettings{heartbeatFrequencyMS=10000, minHeartbeatFrequencyMS=500, serverMonitoringMode=AUTO, serverListeners='[]', serverMonitorListeners='[]'}, sslSettings=SslSettings{enabled=false, invalidHostNameAllowed=false, context=null}, applicationName='null', compressorList=[], uuidRepresentation=JAVA_LEGACY, serverApi=null, autoEncryptionSettings=null, dnsClient=null, inetAddressResolver=null, contextProvider=null, timeoutMS=null}
2026-09-22T23:40:06.738-05:00  INFO 90916 --- [localhost:32859] org.mongodb.driver.cluster               : Monitor thread successfully connected to server with description ServerDescription{address=localhost:32859, type=REPLICA_SET_PRIMARY, cryptd=false, state=CONNECTED, ok=true, minWireVersion=0, maxWireVersion=17, maxDocumentSize=16777216, logicalSessionTimeoutMinutes=30, roundTripTimeNanos=1058629, minRoundTripTimeNanos=0, setName='rs0', canonicalAddress=2214b62877e9:27017, hosts=[2214b62877e9:27017], passives=[], arbiters=[], primary='2214b62877e9:27017', tagSet=TagSet{[]}, electionId=7fffffff0000000000000001, setVersion=1, topologyVersion=TopologyVersion{processId=6ab35825b5fb4f3a55b29d27, counter=6}, lastWriteDate=Tue Sep 22 23:40:06 COT 2026, lastUpdateTimeNanos=5103585140054}
2026-09-22T23:40:06.883-05:00  INFO 90916 --- [           main] c.HumanActorAuthorizationIntegrationTest : Started HumanActorAuthorizationIntegrationTest in 0.261 seconds (process running for 13.028)
2026-09-22T23:40:07.141-05:00  INFO 90916 --- [localhost:32859] org.mongodb.driver.cluster               : Exception in monitor thread while connecting to server localhost:32859

com.mongodb.MongoSocketReadException: Prematurely reached end of stream
	at com.mongodb.internal.connection.SocketStream.read(SocketStream.java:184) ~[mongodb-driver-core-5.2.1.jar:na]
	at com.mongodb.internal.connection.InternalStreamConnection.receiveResponseBuffers(InternalStreamConnection.java:829) ~[mongodb-driver-core-5.2.1.jar:na]
	at com.mongodb.internal.connection.InternalStreamConnection.receiveCommandMessageResponse(InternalStreamConnection.java:517) ~[mongodb-driver-core-5.2.1.jar:na]
	at com.mongodb.internal.connection.InternalStreamConnection.receive(InternalStreamConnection.java:469) ~[mongodb-driver-core-5.2.1.jar:na]
	at com.mongodb.internal.connection.DefaultServerMonitor$ServerMonitor.lookupServerDescription(DefaultServerMonitor.java:249) ~[mongodb-driver-core-5.2.1.jar:na]
	at com.mongodb.internal.connection.DefaultServerMonitor$ServerMonitor.run(DefaultServerMonitor.java:176) ~[mongodb-driver-core-5.2.1.jar:na]

2026-09-22T23:40:07.142-05:00  INFO 90916 --- [localhost:32859] org.mongodb.driver.cluster               : Exception in monitor thread while connecting to server localhost:32859

com.mongodb.MongoSocketReadException: Exception receiving message
	at com.mongodb.internal.connection.InternalStreamConnection.translateReadException(InternalStreamConnection.java:814) ~[mongodb-driver-core-5.2.1.jar:na]
	at com.mongodb.internal.connection.InternalStreamConnection.receiveResponseBuffers(InternalStreamConnection.java:862) ~[mongodb-driver-core-5.2.1.jar:na]
	at com.mongodb.internal.connection.InternalStreamConnection.receiveCommandMessageResponse(InternalStreamConnection.java:517) ~[mongodb-driver-core-5.2.1.jar:na]
	at com.mongodb.internal.connection.InternalStreamConnection.sendAndReceiveInternal(InternalStreamConnection.java:448) ~[mongodb-driver-core-5.2.1.jar:na]
	at com.mongodb.internal.connection.InternalStreamConnection.lambda$sendAndReceive$0(InternalStreamConnection.java:375) ~[mongodb-driver-core-5.2.1.jar:na]
	at com.mongodb.internal.connection.InternalStreamConnection.sendAndReceive(InternalStreamConnection.java:378) ~[mongodb-driver-core-5.2.1.jar:na]
	at com.mongodb.internal.connection.CommandHelper.sendAndReceive(CommandHelper.java:100) ~[mongodb-driver-core-5.2.1.jar:na]
	at com.mongodb.internal.connection.CommandHelper.executeCommand(CommandHelper.java:49) ~[mongodb-driver-core-5.2.1.jar:na]
	at com.mongodb.internal.connection.InternalStreamConnectionInitializer.initializeConnectionDescription(InternalStreamConnectionInitializer.java:144) ~[mongodb-driver-core-5.2.1.jar:na]
	at com.mongodb.internal.connection.InternalStreamConnectionInitializer.startHandshake(InternalStreamConnectionInitializer.java:79) ~[mongodb-driver-core-5.2.1.jar:na]
	at com.mongodb.internal.connection.InternalStreamConnection.open(InternalStreamConnection.java:235) ~[mongodb-driver-core-5.2.1.jar:na]
	at com.mongodb.internal.connection.DefaultServerMonitor$ServerMonitor.lookupServerDescription(DefaultServerMonitor.java:219) ~[mongodb-driver-core-5.2.1.jar:na]
	at com.mongodb.internal.connection.DefaultServerMonitor$ServerMonitor.run(DefaultServerMonitor.java:176) ~[mongodb-driver-core-5.2.1.jar:na]
Caused by: java.net.SocketException: Connection reset
	at java.base/sun.nio.ch.NioSocketImpl.implRead(NioSocketImpl.java:318) ~[na:na]
	at java.base/sun.nio.ch.NioSocketImpl.read(NioSocketImpl.java:346) ~[na:na]
	at java.base/sun.nio.ch.NioSocketImpl$1.read(NioSocketImpl.java:796) ~[na:na]
	at java.base/java.net.Socket$SocketInputStream.read(Socket.java:1099) ~[na:na]
	at com.mongodb.internal.connection.SocketStream.read(SocketStream.java:182) ~[mongodb-driver-core-5.2.1.jar:na]
	at com.mongodb.internal.connection.InternalStreamConnection.receiveResponseBuffers(InternalStreamConnection.java:829) ~[mongodb-driver-core-5.2.1.jar:na]
	... 11 common frames omitted

2026-09-22T23:40:07.236-05:00  INFO 90916 --- [   scheduling-1] org.mongodb.driver.cluster               : Waiting for server to become available for operation with ID 357. Remaining time: 29999 ms. Selector: WritableServerSelector, topology description: {type=UNKNOWN, servers=[{address=localhost:32859, type=UNKNOWN, state=CONNECTING, exception={com.mongodb.MongoSocketReadException: Exception receiving message}, caused by {java.net.SocketException: Connection reset}}].
[INFO] Tests run: 5, Failures: 0, Errors: 0, Skipped: 0, Time elapsed: 2.218 s -- in com.traceability.core.application.command.HumanActorAuthorizationIntegrationTest
[INFO] Running com.traceability.core.application.command.Phase5EndToEndIntegrationTest
2026-09-22T23:40:07.408-05:00  INFO 90916 --- [           main] tc.mongo:6.0.4                           : Creating container for image: mongo:6.0.4
2026-09-22T23:40:07.541-05:00  INFO 90916 --- [           main] tc.mongo:6.0.4                           : Container mongo:6.0.4 is starting: ecbc3399b3ffdce64fb38a57a95e0034d36404773652b559c09febbd4e1db5d6
2026-09-22T23:40:07.643-05:00  INFO 90916 --- [localhost:32859] org.mongodb.driver.cluster               : Exception in monitor thread while connecting to server localhost:32859

com.mongodb.MongoSocketOpenException: Exception opening socket
	at com.mongodb.internal.connection.SocketStream.lambda$open$0(SocketStream.java:85) ~[mongodb-driver-core-5.2.1.jar:na]
	at java.base/java.util.Optional.orElseThrow(Optional.java:403) ~[na:na]
	at com.mongodb.internal.connection.SocketStream.open(SocketStream.java:85) ~[mongodb-driver-core-5.2.1.jar:na]
	at com.mongodb.internal.connection.InternalStreamConnection.open(InternalStreamConnection.java:233) ~[mongodb-driver-core-5.2.1.jar:na]
	at com.mongodb.internal.connection.DefaultServerMonitor$ServerMonitor.lookupServerDescription(DefaultServerMonitor.java:219) ~[mongodb-driver-core-5.2.1.jar:na]
	at com.mongodb.internal.connection.DefaultServerMonitor$ServerMonitor.run(DefaultServerMonitor.java:176) ~[mongodb-driver-core-5.2.1.jar:na]
Caused by: java.net.ConnectException: Conexión rehusada
	at java.base/sun.nio.ch.Net.pollConnect(Native Method) ~[na:na]
	at java.base/sun.nio.ch.Net.pollConnectNow(Net.java:694) ~[na:na]
	at java.base/sun.nio.ch.NioSocketImpl.timedFinishConnect(NioSocketImpl.java:542) ~[na:na]
	at java.base/sun.nio.ch.NioSocketImpl.connect(NioSocketImpl.java:592) ~[na:na]
	at java.base/java.net.SocksSocketImpl.connect(SocksSocketImpl.java:327) ~[na:na]
	at java.base/java.net.Socket.connect(Socket.java:751) ~[na:na]
	at com.mongodb.internal.connection.SocketStreamHelper.initialize(SocketStreamHelper.java:76) ~[mongodb-driver-core-5.2.1.jar:na]
	at com.mongodb.internal.connection.SocketStream.initializeSocket(SocketStream.java:104) ~[mongodb-driver-core-5.2.1.jar:na]
	at com.mongodb.internal.connection.SocketStream.open(SocketStream.java:79) ~[mongodb-driver-core-5.2.1.jar:na]
	... 3 common frames omitted

2026-09-22T23:40:08.067-05:00  INFO 90916 --- [           main] tc.mongo:6.0.4                           : Container mongo:6.0.4 started in PT0.659636037S

  .   ____          _            __ _ _
 /\\ / ___'_ __ _ _(_)_ __  __ _ \ \ \ \
( ( )\___ | '_ | '_| | '_ \/ _` | \ \ \ \
 \\/  ___)| |_)| | | | | || (_| |  ) ) ) )
  '  |____| .__|_| |_|_| |_\__, | / / / /
 =========|_|==============|___/=/_/_/_/

 :: Spring Boot ::                (v3.4.4)

2026-09-22T23:40:09.242-05:00  INFO 90916 --- [           main] c.t.c.a.c.Phase5EndToEndIntegrationTest  : Starting Phase5EndToEndIntegrationTest using Java 21.0.12 with PID 90916 (started by carlos in /home/carlos/Proyectos/Donaciones/core)
2026-09-22T23:40:09.243-05:00  INFO 90916 --- [           main] c.t.c.a.c.Phase5EndToEndIntegrationTest  : No active profile set, falling back to 1 default profile: "default"
2026-09-22T23:40:09.285-05:00  INFO 90916 --- [           main] .s.d.r.c.RepositoryConfigurationDelegate : Bootstrapping Spring Data MongoDB repositories in DEFAULT mode.
2026-09-22T23:40:09.293-05:00  INFO 90916 --- [           main] .s.d.r.c.RepositoryConfigurationDelegate : Finished Spring Data repository scanning in 6 ms. Found 9 MongoDB repository interfaces.
2026-09-22T23:40:09.325-05:00  INFO 90916 --- [           main] org.mongodb.driver.client                : MongoClient with metadata {"driver": {"name": "mongo-java-driver|sync|spring-boot", "version": "5.2.1"}, "os": {"type": "Linux", "name": "Linux", "architecture": "amd64", "version": "7.2.6-1-cachyos"}, "platform": "Java/Arch Linux/21.0.12+8"} created with settings MongoClientSettings{readPreference=primary, writeConcern=WriteConcern{w=null, wTimeout=null ms, journal=null}, retryWrites=true, retryReads=true, readConcern=ReadConcern{level=null}, credential=null, transportSettings=null, commandListeners=[], codecRegistry=ProvidersCodecRegistry{codecProviders=[ValueCodecProvider{}, BsonValueCodecProvider{}, DBRefCodecProvider{}, DBObjectCodecProvider{}, DocumentCodecProvider{}, CollectionCodecProvider{}, IterableCodecProvider{}, MapCodecProvider{}, GeoJsonCodecProvider{}, GridFSFileCodecProvider{}, Jsr310CodecProvider{}, JsonObjectCodecProvider{}, BsonCodecProvider{}, EnumCodecProvider{}, com.mongodb.client.model.mql.ExpressionCodecProvider@310f8a05, com.mongodb.Jep395RecordCodecProvider@4f98ac31, com.mongodb.KotlinCodecProvider@5cb6abc8]}, loggerSettings=LoggerSettings{maxDocumentLength=1000}, clusterSettings={hosts=[localhost:32860], srvServiceName=mongodb, mode=SINGLE, requiredClusterType=UNKNOWN, requiredReplicaSetName='null', serverSelector='null', clusterListeners='[]', serverSelectionTimeout='30000 ms', localThreshold='15 ms'}, socketSettings=SocketSettings{connectTimeoutMS=10000, readTimeoutMS=0, receiveBufferSize=0, proxySettings=ProxySettings{host=null, port=null, username=null, password=null}}, heartbeatSocketSettings=SocketSettings{connectTimeoutMS=10000, readTimeoutMS=10000, receiveBufferSize=0, proxySettings=ProxySettings{host=null, port=null, username=null, password=null}}, connectionPoolSettings=ConnectionPoolSettings{maxSize=100, minSize=0, maxWaitTimeMS=120000, maxConnectionLifeTimeMS=0, maxConnectionIdleTimeMS=0, maintenanceInitialDelayMS=0, maintenanceFrequencyMS=60000, connectionPoolListeners=[], maxConnecting=2}, serverSettings=ServerSettings{heartbeatFrequencyMS=10000, minHeartbeatFrequencyMS=500, serverMonitoringMode=AUTO, serverListeners='[]', serverMonitorListeners='[]'}, sslSettings=SslSettings{enabled=false, invalidHostNameAllowed=false, context=null}, applicationName='null', compressorList=[], uuidRepresentation=JAVA_LEGACY, serverApi=null, autoEncryptionSettings=null, dnsClient=null, inetAddressResolver=null, contextProvider=null, timeoutMS=null}
2026-09-22T23:40:09.327-05:00  INFO 90916 --- [localhost:32860] org.mongodb.driver.cluster               : Monitor thread successfully connected to server with description ServerDescription{address=localhost:32860, type=REPLICA_SET_PRIMARY, cryptd=false, state=CONNECTED, ok=true, minWireVersion=0, maxWireVersion=17, maxDocumentSize=16777216, logicalSessionTimeoutMinutes=30, roundTripTimeNanos=1330267, minRoundTripTimeNanos=0, setName='docker-rs', canonicalAddress=ecbc3399b3ff:27017, hosts=[ecbc3399b3ff:27017], passives=[], arbiters=[], primary='ecbc3399b3ff:27017', tagSet=TagSet{[]}, electionId=7fffffff0000000000000001, setVersion=1, topologyVersion=TopologyVersion{processId=6ab358271577e681bf0aed8d, counter=6}, lastWriteDate=Tue Sep 22 23:40:08 COT 2026, lastUpdateTimeNanos=5106174124297}
2026-09-22T23:40:09.401-05:00  INFO 90916 --- [           main] c.t.c.a.c.Phase5EndToEndIntegrationTest  : Started Phase5EndToEndIntegrationTest in 0.169 seconds (process running for 15.546)
2026-09-22T23:40:09.998-05:00  INFO 90916 --- [localhost:32860] org.mongodb.driver.cluster               : Exception in monitor thread while connecting to server localhost:32860

com.mongodb.MongoSocketReadException: Prematurely reached end of stream
	at com.mongodb.internal.connection.SocketStream.read(SocketStream.java:184) ~[mongodb-driver-core-5.2.1.jar:na]
	at com.mongodb.internal.connection.InternalStreamConnection.receiveResponseBuffers(InternalStreamConnection.java:829) ~[mongodb-driver-core-5.2.1.jar:na]
	at com.mongodb.internal.connection.InternalStreamConnection.receiveCommandMessageResponse(InternalStreamConnection.java:517) ~[mongodb-driver-core-5.2.1.jar:na]
	at com.mongodb.internal.connection.InternalStreamConnection.receive(InternalStreamConnection.java:469) ~[mongodb-driver-core-5.2.1.jar:na]
	at com.mongodb.internal.connection.DefaultServerMonitor$ServerMonitor.lookupServerDescription(DefaultServerMonitor.java:249) ~[mongodb-driver-core-5.2.1.jar:na]
	at com.mongodb.internal.connection.DefaultServerMonitor$ServerMonitor.run(DefaultServerMonitor.java:176) ~[mongodb-driver-core-5.2.1.jar:na]

2026-09-22T23:40:09.999-05:00  INFO 90916 --- [localhost:32860] org.mongodb.driver.cluster               : Exception in monitor thread while connecting to server localhost:32860

com.mongodb.MongoSocketReadException: Exception receiving message
	at com.mongodb.internal.connection.InternalStreamConnection.translateReadException(InternalStreamConnection.java:814) ~[mongodb-driver-core-5.2.1.jar:na]
	at com.mongodb.internal.connection.InternalStreamConnection.receiveResponseBuffers(InternalStreamConnection.java:862) ~[mongodb-driver-core-5.2.1.jar:na]
	at com.mongodb.internal.connection.InternalStreamConnection.receiveCommandMessageResponse(InternalStreamConnection.java:517) ~[mongodb-driver-core-5.2.1.jar:na]
	at com.mongodb.internal.connection.InternalStreamConnection.sendAndReceiveInternal(InternalStreamConnection.java:448) ~[mongodb-driver-core-5.2.1.jar:na]
	at com.mongodb.internal.connection.InternalStreamConnection.lambda$sendAndReceive$0(InternalStreamConnection.java:375) ~[mongodb-driver-core-5.2.1.jar:na]
	at com.mongodb.internal.connection.InternalStreamConnection.sendAndReceive(InternalStreamConnection.java:378) ~[mongodb-driver-core-5.2.1.jar:na]
	at com.mongodb.internal.connection.CommandHelper.sendAndReceive(CommandHelper.java:100) ~[mongodb-driver-core-5.2.1.jar:na]
	at com.mongodb.internal.connection.CommandHelper.executeCommand(CommandHelper.java:49) ~[mongodb-driver-core-5.2.1.jar:na]
	at com.mongodb.internal.connection.InternalStreamConnectionInitializer.initializeConnectionDescription(InternalStreamConnectionInitializer.java:144) ~[mongodb-driver-core-5.2.1.jar:na]
	at com.mongodb.internal.connection.InternalStreamConnectionInitializer.startHandshake(InternalStreamConnectionInitializer.java:79) ~[mongodb-driver-core-5.2.1.jar:na]
	at com.mongodb.internal.connection.InternalStreamConnection.open(InternalStreamConnection.java:235) ~[mongodb-driver-core-5.2.1.jar:na]
	at com.mongodb.internal.connection.DefaultServerMonitor$ServerMonitor.lookupServerDescription(DefaultServerMonitor.java:219) ~[mongodb-driver-core-5.2.1.jar:na]
	at com.mongodb.internal.connection.DefaultServerMonitor$ServerMonitor.run(DefaultServerMonitor.java:176) ~[mongodb-driver-core-5.2.1.jar:na]
Caused by: java.net.SocketException: Connection reset
	at java.base/sun.nio.ch.NioSocketImpl.implRead(NioSocketImpl.java:318) ~[na:na]
	at java.base/sun.nio.ch.NioSocketImpl.read(NioSocketImpl.java:346) ~[na:na]
	at java.base/sun.nio.ch.NioSocketImpl$1.read(NioSocketImpl.java:796) ~[na:na]
	at java.base/java.net.Socket$SocketInputStream.read(Socket.java:1099) ~[na:na]
	at com.mongodb.internal.connection.SocketStream.read(SocketStream.java:182) ~[mongodb-driver-core-5.2.1.jar:na]
	at com.mongodb.internal.connection.InternalStreamConnection.receiveResponseBuffers(InternalStreamConnection.java:829) ~[mongodb-driver-core-5.2.1.jar:na]
	... 11 common frames omitted

[INFO] Tests run: 6, Failures: 0, Errors: 0, Skipped: 0, Time elapsed: 2.845 s -- in com.traceability.core.application.command.Phase5EndToEndIntegrationTest
[INFO] Running com.traceability.core.application.command.PhysicalAssetCommandServiceIntegrationTest
2026-09-22T23:40:10.254-05:00  INFO 90916 --- [           main] tc.mongo:6.0                             : Creating container for image: mongo:6.0
2026-09-22T23:40:10.389-05:00  INFO 90916 --- [           main] tc.mongo:6.0                             : Container mongo:6.0 is starting: 869ead0150c2b790143da9cec72fb33056a84ed1f47425149ccc111131de175a
2026-09-22T23:40:10.877-05:00  INFO 90916 --- [           main] tc.mongo:6.0                             : Container mongo:6.0 started in PT0.623233741S

  .   ____          _            __ _ _
 /\\ / ___'_ __ _ _(_)_ __  __ _ \ \ \ \
( ( )\___ | '_ | '_| | '_ \/ _` | \ \ \ \
 \\/  ___)| |_)| | | | | || (_| |  ) ) ) )
  '  |____| .__|_| |_|_| |_\__, | / / / /
 =========|_|==============|___/=/_/_/_/

 :: Spring Boot ::                (v3.4.4)

2026-09-22T23:40:11.668-05:00  INFO 90916 --- [           main] ysicalAssetCommandServiceIntegrationTest : Starting PhysicalAssetCommandServiceIntegrationTest using Java 21.0.12 with PID 90916 (started by carlos in /home/carlos/Proyectos/Donaciones/core)
2026-09-22T23:40:11.668-05:00  INFO 90916 --- [           main] ysicalAssetCommandServiceIntegrationTest : No active profile set, falling back to 1 default profile: "default"
2026-09-22T23:40:11.706-05:00  INFO 90916 --- [           main] .s.d.r.c.RepositoryConfigurationDelegate : Bootstrapping Spring Data MongoDB repositories in DEFAULT mode.
2026-09-22T23:40:11.718-05:00  INFO 90916 --- [           main] .s.d.r.c.RepositoryConfigurationDelegate : Finished Spring Data repository scanning in 11 ms. Found 9 MongoDB repository interfaces.
2026-09-22T23:40:11.770-05:00  INFO 90916 --- [           main] org.mongodb.driver.client                : MongoClient with metadata {"driver": {"name": "mongo-java-driver|sync|spring-boot", "version": "5.2.1"}, "os": {"type": "Linux", "name": "Linux", "architecture": "amd64", "version": "7.2.6-1-cachyos"}, "platform": "Java/Arch Linux/21.0.12+8"} created with settings MongoClientSettings{readPreference=primary, writeConcern=WriteConcern{w=null, wTimeout=null ms, journal=null}, retryWrites=true, retryReads=true, readConcern=ReadConcern{level=null}, credential=null, transportSettings=null, commandListeners=[], codecRegistry=ProvidersCodecRegistry{codecProviders=[ValueCodecProvider{}, BsonValueCodecProvider{}, DBRefCodecProvider{}, DBObjectCodecProvider{}, DocumentCodecProvider{}, CollectionCodecProvider{}, IterableCodecProvider{}, MapCodecProvider{}, GeoJsonCodecProvider{}, GridFSFileCodecProvider{}, Jsr310CodecProvider{}, JsonObjectCodecProvider{}, BsonCodecProvider{}, EnumCodecProvider{}, com.mongodb.client.model.mql.ExpressionCodecProvider@310f8a05, com.mongodb.Jep395RecordCodecProvider@4f98ac31, com.mongodb.KotlinCodecProvider@5cb6abc8]}, loggerSettings=LoggerSettings{maxDocumentLength=1000}, clusterSettings={hosts=[localhost:32861], srvServiceName=mongodb, mode=SINGLE, requiredClusterType=UNKNOWN, requiredReplicaSetName='null', serverSelector='null', clusterListeners='[]', serverSelectionTimeout='30000 ms', localThreshold='15 ms'}, socketSettings=SocketSettings{connectTimeoutMS=10000, readTimeoutMS=0, receiveBufferSize=0, proxySettings=ProxySettings{host=null, port=null, username=null, password=null}}, heartbeatSocketSettings=SocketSettings{connectTimeoutMS=10000, readTimeoutMS=10000, receiveBufferSize=0, proxySettings=ProxySettings{host=null, port=null, username=null, password=null}}, connectionPoolSettings=ConnectionPoolSettings{maxSize=100, minSize=0, maxWaitTimeMS=120000, maxConnectionLifeTimeMS=0, maxConnectionIdleTimeMS=0, maintenanceInitialDelayMS=0, maintenanceFrequencyMS=60000, connectionPoolListeners=[], maxConnecting=2}, serverSettings=ServerSettings{heartbeatFrequencyMS=10000, minHeartbeatFrequencyMS=500, serverMonitoringMode=AUTO, serverListeners='[]', serverMonitorListeners='[]'}, sslSettings=SslSettings{enabled=false, invalidHostNameAllowed=false, context=null}, applicationName='null', compressorList=[], uuidRepresentation=JAVA_LEGACY, serverApi=null, autoEncryptionSettings=null, dnsClient=null, inetAddressResolver=null, contextProvider=null, timeoutMS=null}
2026-09-22T23:40:11.772-05:00  INFO 90916 --- [localhost:32861] org.mongodb.driver.cluster               : Monitor thread successfully connected to server with description ServerDescription{address=localhost:32861, type=REPLICA_SET_PRIMARY, cryptd=false, state=CONNECTED, ok=true, minWireVersion=0, maxWireVersion=17, maxDocumentSize=16777216, logicalSessionTimeoutMinutes=30, roundTripTimeNanos=1390992, minRoundTripTimeNanos=0, setName='rs0', canonicalAddress=869ead0150c2:27017, hosts=[869ead0150c2:27017], passives=[], arbiters=[], primary='869ead0150c2:27017', tagSet=TagSet{[]}, electionId=7fffffff0000000000000001, setVersion=1, topologyVersion=TopologyVersion{processId=6ab3582a5454de2842926c15, counter=6}, lastWriteDate=Tue Sep 22 23:40:11 COT 2026, lastUpdateTimeNanos=5108618833762}
2026-09-22T23:40:11.840-05:00  INFO 90916 --- [           main] ysicalAssetCommandServiceIntegrationTest : Started PhysicalAssetCommandServiceIntegrationTest in 0.18 seconds (process running for 17.984)
2026-09-22T23:40:12.059-05:00  INFO 90916 --- [localhost:32861] org.mongodb.driver.cluster               : Exception in monitor thread while connecting to server localhost:32861

com.mongodb.MongoSocketReadException: Prematurely reached end of stream
	at com.mongodb.internal.connection.SocketStream.read(SocketStream.java:184) ~[mongodb-driver-core-5.2.1.jar:na]
	at com.mongodb.internal.connection.InternalStreamConnection.receiveResponseBuffers(InternalStreamConnection.java:829) ~[mongodb-driver-core-5.2.1.jar:na]
	at com.mongodb.internal.connection.InternalStreamConnection.receiveCommandMessageResponse(InternalStreamConnection.java:517) ~[mongodb-driver-core-5.2.1.jar:na]
	at com.mongodb.internal.connection.InternalStreamConnection.receive(InternalStreamConnection.java:469) ~[mongodb-driver-core-5.2.1.jar:na]
	at com.mongodb.internal.connection.DefaultServerMonitor$ServerMonitor.lookupServerDescription(DefaultServerMonitor.java:249) ~[mongodb-driver-core-5.2.1.jar:na]
	at com.mongodb.internal.connection.DefaultServerMonitor$ServerMonitor.run(DefaultServerMonitor.java:176) ~[mongodb-driver-core-5.2.1.jar:na]

2026-09-22T23:40:12.060-05:00  INFO 90916 --- [   scheduling-1] org.mongodb.driver.cluster               : Waiting for server to become available for operation with ID 565. Remaining time: 29999 ms. Selector: WritableServerSelector, topology description: {type=UNKNOWN, servers=[{address=localhost:32861, type=UNKNOWN, state=CONNECTING, exception={com.mongodb.MongoSocketReadException: Prematurely reached end of stream}}].
2026-09-22T23:40:12.060-05:00  INFO 90916 --- [localhost:32861] org.mongodb.driver.cluster               : Exception in monitor thread while connecting to server localhost:32861

com.mongodb.MongoSocketReadException: Exception receiving message
	at com.mongodb.internal.connection.InternalStreamConnection.translateReadException(InternalStreamConnection.java:814) ~[mongodb-driver-core-5.2.1.jar:na]
	at com.mongodb.internal.connection.InternalStreamConnection.receiveResponseBuffers(InternalStreamConnection.java:862) ~[mongodb-driver-core-5.2.1.jar:na]
	at com.mongodb.internal.connection.InternalStreamConnection.receiveCommandMessageResponse(InternalStreamConnection.java:517) ~[mongodb-driver-core-5.2.1.jar:na]
	at com.mongodb.internal.connection.InternalStreamConnection.sendAndReceiveInternal(InternalStreamConnection.java:448) ~[mongodb-driver-core-5.2.1.jar:na]
	at com.mongodb.internal.connection.InternalStreamConnection.lambda$sendAndReceive$0(InternalStreamConnection.java:375) ~[mongodb-driver-core-5.2.1.jar:na]
	at com.mongodb.internal.connection.InternalStreamConnection.sendAndReceive(InternalStreamConnection.java:378) ~[mongodb-driver-core-5.2.1.jar:na]
	at com.mongodb.internal.connection.CommandHelper.sendAndReceive(CommandHelper.java:100) ~[mongodb-driver-core-5.2.1.jar:na]
	at com.mongodb.internal.connection.CommandHelper.executeCommand(CommandHelper.java:49) ~[mongodb-driver-core-5.2.1.jar:na]
	at com.mongodb.internal.connection.InternalStreamConnectionInitializer.initializeConnectionDescription(InternalStreamConnectionInitializer.java:144) ~[mongodb-driver-core-5.2.1.jar:na]
	at com.mongodb.internal.connection.InternalStreamConnectionInitializer.startHandshake(InternalStreamConnectionInitializer.java:79) ~[mongodb-driver-core-5.2.1.jar:na]
	at com.mongodb.internal.connection.InternalStreamConnection.open(InternalStreamConnection.java:235) ~[mongodb-driver-core-5.2.1.jar:na]
	at com.mongodb.internal.connection.DefaultServerMonitor$ServerMonitor.lookupServerDescription(DefaultServerMonitor.java:219) ~[mongodb-driver-core-5.2.1.jar:na]
	at com.mongodb.internal.connection.DefaultServerMonitor$ServerMonitor.run(DefaultServerMonitor.java:176) ~[mongodb-driver-core-5.2.1.jar:na]
Caused by: java.net.SocketException: Connection reset
	at java.base/sun.nio.ch.NioSocketImpl.implRead(NioSocketImpl.java:318) ~[na:na]
	at java.base/sun.nio.ch.NioSocketImpl.read(NioSocketImpl.java:346) ~[na:na]
	at java.base/sun.nio.ch.NioSocketImpl$1.read(NioSocketImpl.java:796) ~[na:na]
	at java.base/java.net.Socket$SocketInputStream.read(Socket.java:1099) ~[na:na]
	at com.mongodb.internal.connection.SocketStream.read(SocketStream.java:182) ~[mongodb-driver-core-5.2.1.jar:na]
	at com.mongodb.internal.connection.InternalStreamConnection.receiveResponseBuffers(InternalStreamConnection.java:829) ~[mongodb-driver-core-5.2.1.jar:na]
	... 11 common frames omitted

[INFO] Tests run: 2, Failures: 0, Errors: 0, Skipped: 0, Time elapsed: 2.049 s -- in com.traceability.core.application.command.PhysicalAssetCommandServiceIntegrationTest
[INFO] Running com.traceability.core.application.command.ProcessedCommandIdempotencyIntegrationTest
2026-09-22T23:40:12.304-05:00  INFO 90916 --- [           main] tc.mongo:6.0                             : Creating container for image: mongo:6.0
2026-09-22T23:40:12.439-05:00  INFO 90916 --- [           main] tc.mongo:6.0                             : Container mongo:6.0 is starting: 8491d7bb469052b3f71edfb978401d95acbb6177e912ba0bd019b29536121f60
2026-09-22T23:40:12.560-05:00  INFO 90916 --- [localhost:32861] org.mongodb.driver.cluster               : Exception in monitor thread while connecting to server localhost:32861

com.mongodb.MongoSocketOpenException: Exception opening socket
	at com.mongodb.internal.connection.SocketStream.lambda$open$0(SocketStream.java:85) ~[mongodb-driver-core-5.2.1.jar:na]
	at java.base/java.util.Optional.orElseThrow(Optional.java:403) ~[na:na]
	at com.mongodb.internal.connection.SocketStream.open(SocketStream.java:85) ~[mongodb-driver-core-5.2.1.jar:na]
	at com.mongodb.internal.connection.InternalStreamConnection.open(InternalStreamConnection.java:233) ~[mongodb-driver-core-5.2.1.jar:na]
	at com.mongodb.internal.connection.DefaultServerMonitor$ServerMonitor.lookupServerDescription(DefaultServerMonitor.java:219) ~[mongodb-driver-core-5.2.1.jar:na]
	at com.mongodb.internal.connection.DefaultServerMonitor$ServerMonitor.run(DefaultServerMonitor.java:176) ~[mongodb-driver-core-5.2.1.jar:na]
Caused by: java.net.ConnectException: Conexión rehusada
	at java.base/sun.nio.ch.Net.pollConnect(Native Method) ~[na:na]
	at java.base/sun.nio.ch.Net.pollConnectNow(Net.java:694) ~[na:na]
	at java.base/sun.nio.ch.NioSocketImpl.timedFinishConnect(NioSocketImpl.java:542) ~[na:na]
	at java.base/sun.nio.ch.NioSocketImpl.connect(NioSocketImpl.java:592) ~[na:na]
	at java.base/java.net.SocksSocketImpl.connect(SocksSocketImpl.java:327) ~[na:na]
	at java.base/java.net.Socket.connect(Socket.java:751) ~[na:na]
	at com.mongodb.internal.connection.SocketStreamHelper.initialize(SocketStreamHelper.java:76) ~[mongodb-driver-core-5.2.1.jar:na]
	at com.mongodb.internal.connection.SocketStream.initializeSocket(SocketStream.java:104) ~[mongodb-driver-core-5.2.1.jar:na]
	at com.mongodb.internal.connection.SocketStream.open(SocketStream.java:79) ~[mongodb-driver-core-5.2.1.jar:na]
	... 3 common frames omitted

2026-09-22T23:40:12.922-05:00  INFO 90916 --- [           main] tc.mongo:6.0                             : Container mongo:6.0 started in PT0.618287592S

  .   ____          _            __ _ _
 /\\ / ___'_ __ _ _(_)_ __  __ _ \ \ \ \
( ( )\___ | '_ | '_| | '_ \/ _` | \ \ \ \
 \\/  ___)| |_)| | | | | || (_| |  ) ) ) )
  '  |____| .__|_| |_|_| |_\__, | / / / /
 =========|_|==============|___/=/_/_/_/

 :: Spring Boot ::                (v3.4.4)

2026-09-22T23:40:13.713-05:00  INFO 90916 --- [           main] ocessedCommandIdempotencyIntegrationTest : Starting ProcessedCommandIdempotencyIntegrationTest using Java 21.0.12 with PID 90916 (started by carlos in /home/carlos/Proyectos/Donaciones/core)
2026-09-22T23:40:13.713-05:00  INFO 90916 --- [           main] ocessedCommandIdempotencyIntegrationTest : No active profile set, falling back to 1 default profile: "default"
2026-09-22T23:40:13.747-05:00  INFO 90916 --- [           main] .s.d.r.c.RepositoryConfigurationDelegate : Bootstrapping Spring Data MongoDB repositories in DEFAULT mode.
2026-09-22T23:40:13.757-05:00  INFO 90916 --- [           main] .s.d.r.c.RepositoryConfigurationDelegate : Finished Spring Data repository scanning in 9 ms. Found 9 MongoDB repository interfaces.
2026-09-22T23:40:13.803-05:00  INFO 90916 --- [           main] org.mongodb.driver.client                : MongoClient with metadata {"driver": {"name": "mongo-java-driver|sync|spring-boot", "version": "5.2.1"}, "os": {"type": "Linux", "name": "Linux", "architecture": "amd64", "version": "7.2.6-1-cachyos"}, "platform": "Java/Arch Linux/21.0.12+8"} created with settings MongoClientSettings{readPreference=primary, writeConcern=WriteConcern{w=null, wTimeout=null ms, journal=null}, retryWrites=true, retryReads=true, readConcern=ReadConcern{level=null}, credential=null, transportSettings=null, commandListeners=[], codecRegistry=ProvidersCodecRegistry{codecProviders=[ValueCodecProvider{}, BsonValueCodecProvider{}, DBRefCodecProvider{}, DBObjectCodecProvider{}, DocumentCodecProvider{}, CollectionCodecProvider{}, IterableCodecProvider{}, MapCodecProvider{}, GeoJsonCodecProvider{}, GridFSFileCodecProvider{}, Jsr310CodecProvider{}, JsonObjectCodecProvider{}, BsonCodecProvider{}, EnumCodecProvider{}, com.mongodb.client.model.mql.ExpressionCodecProvider@310f8a05, com.mongodb.Jep395RecordCodecProvider@4f98ac31, com.mongodb.KotlinCodecProvider@5cb6abc8]}, loggerSettings=LoggerSettings{maxDocumentLength=1000}, clusterSettings={hosts=[localhost:32862], srvServiceName=mongodb, mode=SINGLE, requiredClusterType=UNKNOWN, requiredReplicaSetName='null', serverSelector='null', clusterListeners='[]', serverSelectionTimeout='30000 ms', localThreshold='15 ms'}, socketSettings=SocketSettings{connectTimeoutMS=10000, readTimeoutMS=0, receiveBufferSize=0, proxySettings=ProxySettings{host=null, port=null, username=null, password=null}}, heartbeatSocketSettings=SocketSettings{connectTimeoutMS=10000, readTimeoutMS=10000, receiveBufferSize=0, proxySettings=ProxySettings{host=null, port=null, username=null, password=null}}, connectionPoolSettings=ConnectionPoolSettings{maxSize=100, minSize=0, maxWaitTimeMS=120000, maxConnectionLifeTimeMS=0, maxConnectionIdleTimeMS=0, maintenanceInitialDelayMS=0, maintenanceFrequencyMS=60000, connectionPoolListeners=[], maxConnecting=2}, serverSettings=ServerSettings{heartbeatFrequencyMS=10000, minHeartbeatFrequencyMS=500, serverMonitoringMode=AUTO, serverListeners='[]', serverMonitorListeners='[]'}, sslSettings=SslSettings{enabled=false, invalidHostNameAllowed=false, context=null}, applicationName='null', compressorList=[], uuidRepresentation=JAVA_LEGACY, serverApi=null, autoEncryptionSettings=null, dnsClient=null, inetAddressResolver=null, contextProvider=null, timeoutMS=null}
2026-09-22T23:40:13.804-05:00  INFO 90916 --- [localhost:32862] org.mongodb.driver.cluster               : Monitor thread successfully connected to server with description ServerDescription{address=localhost:32862, type=REPLICA_SET_PRIMARY, cryptd=false, state=CONNECTED, ok=true, minWireVersion=0, maxWireVersion=17, maxDocumentSize=16777216, logicalSessionTimeoutMinutes=30, roundTripTimeNanos=1103394, minRoundTripTimeNanos=0, setName='rs0', canonicalAddress=8491d7bb4690:27017, hosts=[8491d7bb4690:27017], passives=[], arbiters=[], primary='8491d7bb4690:27017', tagSet=TagSet{[]}, electionId=7fffffff0000000000000001, setVersion=1, topologyVersion=TopologyVersion{processId=6ab3582c1c3a43a27ce46275, counter=6}, lastWriteDate=Tue Sep 22 23:40:13 COT 2026, lastUpdateTimeNanos=5110651265959}
2026-09-22T23:40:13.903-05:00  INFO 90916 --- [           main] ocessedCommandIdempotencyIntegrationTest : Started ProcessedCommandIdempotencyIntegrationTest in 0.201 seconds (process running for 20.048)
2026-09-22T23:40:14.439-05:00  INFO 90916 --- [localhost:32862] org.mongodb.driver.cluster               : Exception in monitor thread while connecting to server localhost:32862

com.mongodb.MongoSocketReadException: Prematurely reached end of stream
	at com.mongodb.internal.connection.SocketStream.read(SocketStream.java:184) ~[mongodb-driver-core-5.2.1.jar:na]
	at com.mongodb.internal.connection.InternalStreamConnection.receiveResponseBuffers(InternalStreamConnection.java:829) ~[mongodb-driver-core-5.2.1.jar:na]
	at com.mongodb.internal.connection.InternalStreamConnection.receiveCommandMessageResponse(InternalStreamConnection.java:517) ~[mongodb-driver-core-5.2.1.jar:na]
	at com.mongodb.internal.connection.InternalStreamConnection.receive(InternalStreamConnection.java:469) ~[mongodb-driver-core-5.2.1.jar:na]
	at com.mongodb.internal.connection.DefaultServerMonitor$ServerMonitor.lookupServerDescription(DefaultServerMonitor.java:249) ~[mongodb-driver-core-5.2.1.jar:na]
	at com.mongodb.internal.connection.DefaultServerMonitor$ServerMonitor.run(DefaultServerMonitor.java:176) ~[mongodb-driver-core-5.2.1.jar:na]

2026-09-22T23:40:14.441-05:00  INFO 90916 --- [localhost:32862] org.mongodb.driver.cluster               : Exception in monitor thread while connecting to server localhost:32862

com.mongodb.MongoSocketReadException: Exception receiving message
	at com.mongodb.internal.connection.InternalStreamConnection.translateReadException(InternalStreamConnection.java:814) ~[mongodb-driver-core-5.2.1.jar:na]
	at com.mongodb.internal.connection.InternalStreamConnection.receiveResponseBuffers(InternalStreamConnection.java:862) ~[mongodb-driver-core-5.2.1.jar:na]
	at com.mongodb.internal.connection.InternalStreamConnection.receiveCommandMessageResponse(InternalStreamConnection.java:517) ~[mongodb-driver-core-5.2.1.jar:na]
	at com.mongodb.internal.connection.InternalStreamConnection.sendAndReceiveInternal(InternalStreamConnection.java:448) ~[mongodb-driver-core-5.2.1.jar:na]
	at com.mongodb.internal.connection.InternalStreamConnection.lambda$sendAndReceive$0(InternalStreamConnection.java:375) ~[mongodb-driver-core-5.2.1.jar:na]
	at com.mongodb.internal.connection.InternalStreamConnection.sendAndReceive(InternalStreamConnection.java:378) ~[mongodb-driver-core-5.2.1.jar:na]
	at com.mongodb.internal.connection.CommandHelper.sendAndReceive(CommandHelper.java:100) ~[mongodb-driver-core-5.2.1.jar:na]
	at com.mongodb.internal.connection.CommandHelper.executeCommand(CommandHelper.java:49) ~[mongodb-driver-core-5.2.1.jar:na]
	at com.mongodb.internal.connection.InternalStreamConnectionInitializer.initializeConnectionDescription(InternalStreamConnectionInitializer.java:144) ~[mongodb-driver-core-5.2.1.jar:na]
	at com.mongodb.internal.connection.InternalStreamConnectionInitializer.startHandshake(InternalStreamConnectionInitializer.java:79) ~[mongodb-driver-core-5.2.1.jar:na]
	at com.mongodb.internal.connection.InternalStreamConnection.open(InternalStreamConnection.java:235) ~[mongodb-driver-core-5.2.1.jar:na]
	at com.mongodb.internal.connection.DefaultServerMonitor$ServerMonitor.lookupServerDescription(DefaultServerMonitor.java:219) ~[mongodb-driver-core-5.2.1.jar:na]
	at com.mongodb.internal.connection.DefaultServerMonitor$ServerMonitor.run(DefaultServerMonitor.java:176) ~[mongodb-driver-core-5.2.1.jar:na]
Caused by: java.net.SocketException: Connection reset
	at java.base/sun.nio.ch.NioSocketImpl.implRead(NioSocketImpl.java:318) ~[na:na]
	at java.base/sun.nio.ch.NioSocketImpl.read(NioSocketImpl.java:346) ~[na:na]
	at java.base/sun.nio.ch.NioSocketImpl$1.read(NioSocketImpl.java:796) ~[na:na]
	at java.base/java.net.Socket$SocketInputStream.read(Socket.java:1099) ~[na:na]
	at com.mongodb.internal.connection.SocketStream.read(SocketStream.java:182) ~[mongodb-driver-core-5.2.1.jar:na]
	at com.mongodb.internal.connection.InternalStreamConnection.receiveResponseBuffers(InternalStreamConnection.java:829) ~[mongodb-driver-core-5.2.1.jar:na]
	... 11 common frames omitted

2026-09-22T23:40:14.455-05:00  INFO 90916 --- [   scheduling-1] org.mongodb.driver.cluster               : Waiting for server to become available for operation with ID 744. Remaining time: 29999 ms. Selector: WritableServerSelector, topology description: {type=UNKNOWN, servers=[{address=localhost:32862, type=UNKNOWN, state=CONNECTING, exception={com.mongodb.MongoSocketReadException: Exception receiving message}, caused by {java.net.SocketException: Connection reset}}].
[INFO] Tests run: 4, Failures: 0, Errors: 0, Skipped: 0, Time elapsed: 2.377 s -- in com.traceability.core.application.command.ProcessedCommandIdempotencyIntegrationTest
[INFO] Running com.traceability.core.application.command.RegisterPhysicalAssetFromDonationIntegrationTest
2026-09-22T23:40:14.682-05:00  INFO 90916 --- [           main] tc.mongo:6.0                             : Creating container for image: mongo:6.0
2026-09-22T23:40:14.815-05:00  INFO 90916 --- [           main] tc.mongo:6.0                             : Container mongo:6.0 is starting: fdb3f766209f942da47c87c78c88d5bb5e371aec7acea7a17d74bc0e19c5d508
2026-09-22T23:40:14.941-05:00  INFO 90916 --- [localhost:32862] org.mongodb.driver.cluster               : Exception in monitor thread while connecting to server localhost:32862

com.mongodb.MongoSocketOpenException: Exception opening socket
	at com.mongodb.internal.connection.SocketStream.lambda$open$0(SocketStream.java:85) ~[mongodb-driver-core-5.2.1.jar:na]
	at java.base/java.util.Optional.orElseThrow(Optional.java:403) ~[na:na]
	at com.mongodb.internal.connection.SocketStream.open(SocketStream.java:85) ~[mongodb-driver-core-5.2.1.jar:na]
	at com.mongodb.internal.connection.InternalStreamConnection.open(InternalStreamConnection.java:233) ~[mongodb-driver-core-5.2.1.jar:na]
	at com.mongodb.internal.connection.DefaultServerMonitor$ServerMonitor.lookupServerDescription(DefaultServerMonitor.java:219) ~[mongodb-driver-core-5.2.1.jar:na]
	at com.mongodb.internal.connection.DefaultServerMonitor$ServerMonitor.run(DefaultServerMonitor.java:176) ~[mongodb-driver-core-5.2.1.jar:na]
Caused by: java.net.ConnectException: Conexión rehusada
	at java.base/sun.nio.ch.Net.pollConnect(Native Method) ~[na:na]
	at java.base/sun.nio.ch.Net.pollConnectNow(Net.java:694) ~[na:na]
	at java.base/sun.nio.ch.NioSocketImpl.timedFinishConnect(NioSocketImpl.java:542) ~[na:na]
	at java.base/sun.nio.ch.NioSocketImpl.connect(NioSocketImpl.java:592) ~[na:na]
	at java.base/java.net.SocksSocketImpl.connect(SocksSocketImpl.java:327) ~[na:na]
	at java.base/java.net.Socket.connect(Socket.java:751) ~[na:na]
	at com.mongodb.internal.connection.SocketStreamHelper.initialize(SocketStreamHelper.java:76) ~[mongodb-driver-core-5.2.1.jar:na]
	at com.mongodb.internal.connection.SocketStream.initializeSocket(SocketStream.java:104) ~[mongodb-driver-core-5.2.1.jar:na]
	at com.mongodb.internal.connection.SocketStream.open(SocketStream.java:79) ~[mongodb-driver-core-5.2.1.jar:na]
	... 3 common frames omitted

2026-09-22T23:40:15.287-05:00  INFO 90916 --- [           main] tc.mongo:6.0                             : Container mongo:6.0 started in PT0.605212523S

  .   ____          _            __ _ _
 /\\ / ___'_ __ _ _(_)_ __  __ _ \ \ \ \
( ( )\___ | '_ | '_| | '_ \/ _` | \ \ \ \
 \\/  ___)| |_)| | | | | || (_| |  ) ) ) )
  '  |____| .__|_| |_|_| |_\__, | / / / /
 =========|_|==============|___/=/_/_/_/

 :: Spring Boot ::                (v3.4.4)

2026-09-22T23:40:16.083-05:00  INFO 90916 --- [           main] PhysicalAssetFromDonationIntegrationTest : Starting RegisterPhysicalAssetFromDonationIntegrationTest using Java 21.0.12 with PID 90916 (started by carlos in /home/carlos/Proyectos/Donaciones/core)
2026-09-22T23:40:16.084-05:00  INFO 90916 --- [           main] PhysicalAssetFromDonationIntegrationTest : No active profile set, falling back to 1 default profile: "default"
2026-09-22T23:40:16.127-05:00  INFO 90916 --- [           main] .s.d.r.c.RepositoryConfigurationDelegate : Bootstrapping Spring Data MongoDB repositories in DEFAULT mode.
2026-09-22T23:40:16.141-05:00  INFO 90916 --- [           main] .s.d.r.c.RepositoryConfigurationDelegate : Finished Spring Data repository scanning in 13 ms. Found 9 MongoDB repository interfaces.
2026-09-22T23:40:16.175-05:00  INFO 90916 --- [           main] org.mongodb.driver.client                : MongoClient with metadata {"driver": {"name": "mongo-java-driver|sync|spring-boot", "version": "5.2.1"}, "os": {"type": "Linux", "name": "Linux", "architecture": "amd64", "version": "7.2.6-1-cachyos"}, "platform": "Java/Arch Linux/21.0.12+8"} created with settings MongoClientSettings{readPreference=primary, writeConcern=WriteConcern{w=null, wTimeout=null ms, journal=null}, retryWrites=true, retryReads=true, readConcern=ReadConcern{level=null}, credential=null, transportSettings=null, commandListeners=[], codecRegistry=ProvidersCodecRegistry{codecProviders=[ValueCodecProvider{}, BsonValueCodecProvider{}, DBRefCodecProvider{}, DBObjectCodecProvider{}, DocumentCodecProvider{}, CollectionCodecProvider{}, IterableCodecProvider{}, MapCodecProvider{}, GeoJsonCodecProvider{}, GridFSFileCodecProvider{}, Jsr310CodecProvider{}, JsonObjectCodecProvider{}, BsonCodecProvider{}, EnumCodecProvider{}, com.mongodb.client.model.mql.ExpressionCodecProvider@310f8a05, com.mongodb.Jep395RecordCodecProvider@4f98ac31, com.mongodb.KotlinCodecProvider@5cb6abc8]}, loggerSettings=LoggerSettings{maxDocumentLength=1000}, clusterSettings={hosts=[localhost:32863], srvServiceName=mongodb, mode=SINGLE, requiredClusterType=UNKNOWN, requiredReplicaSetName='null', serverSelector='null', clusterListeners='[]', serverSelectionTimeout='30000 ms', localThreshold='15 ms'}, socketSettings=SocketSettings{connectTimeoutMS=10000, readTimeoutMS=0, receiveBufferSize=0, proxySettings=ProxySettings{host=null, port=null, username=null, password=null}}, heartbeatSocketSettings=SocketSettings{connectTimeoutMS=10000, readTimeoutMS=10000, receiveBufferSize=0, proxySettings=ProxySettings{host=null, port=null, username=null, password=null}}, connectionPoolSettings=ConnectionPoolSettings{maxSize=100, minSize=0, maxWaitTimeMS=120000, maxConnectionLifeTimeMS=0, maxConnectionIdleTimeMS=0, maintenanceInitialDelayMS=0, maintenanceFrequencyMS=60000, connectionPoolListeners=[], maxConnecting=2}, serverSettings=ServerSettings{heartbeatFrequencyMS=10000, minHeartbeatFrequencyMS=500, serverMonitoringMode=AUTO, serverListeners='[]', serverMonitorListeners='[]'}, sslSettings=SslSettings{enabled=false, invalidHostNameAllowed=false, context=null}, applicationName='null', compressorList=[], uuidRepresentation=JAVA_LEGACY, serverApi=null, autoEncryptionSettings=null, dnsClient=null, inetAddressResolver=null, contextProvider=null, timeoutMS=null}
2026-09-22T23:40:16.178-05:00  INFO 90916 --- [localhost:32863] org.mongodb.driver.cluster               : Monitor thread successfully connected to server with description ServerDescription{address=localhost:32863, type=REPLICA_SET_PRIMARY, cryptd=false, state=CONNECTED, ok=true, minWireVersion=0, maxWireVersion=17, maxDocumentSize=16777216, logicalSessionTimeoutMinutes=30, roundTripTimeNanos=1875737, minRoundTripTimeNanos=0, setName='rs0', canonicalAddress=fdb3f766209f:27017, hosts=[fdb3f766209f:27017], passives=[], arbiters=[], primary='fdb3f766209f:27017', tagSet=TagSet{[]}, electionId=7fffffff0000000000000001, setVersion=1, topologyVersion=TopologyVersion{processId=6ab3582e3a5f7343637a6004, counter=6}, lastWriteDate=Tue Sep 22 23:40:15 COT 2026, lastUpdateTimeNanos=5113024751995}
2026-09-22T23:40:16.251-05:00  INFO 90916 --- [           main] PhysicalAssetFromDonationIntegrationTest : Started RegisterPhysicalAssetFromDonationIntegrationTest in 0.176 seconds (process running for 22.396)
2026-09-22T23:40:16.483-05:00  INFO 90916 --- [localhost:32863] org.mongodb.driver.cluster               : Exception in monitor thread while connecting to server localhost:32863

com.mongodb.MongoSocketReadException: Prematurely reached end of stream
	at com.mongodb.internal.connection.SocketStream.read(SocketStream.java:184) ~[mongodb-driver-core-5.2.1.jar:na]
	at com.mongodb.internal.connection.InternalStreamConnection.receiveResponseBuffers(InternalStreamConnection.java:829) ~[mongodb-driver-core-5.2.1.jar:na]
	at com.mongodb.internal.connection.InternalStreamConnection.receiveCommandMessageResponse(InternalStreamConnection.java:517) ~[mongodb-driver-core-5.2.1.jar:na]
	at com.mongodb.internal.connection.InternalStreamConnection.receive(InternalStreamConnection.java:469) ~[mongodb-driver-core-5.2.1.jar:na]
	at com.mongodb.internal.connection.DefaultServerMonitor$ServerMonitor.lookupServerDescription(DefaultServerMonitor.java:249) ~[mongodb-driver-core-5.2.1.jar:na]
	at com.mongodb.internal.connection.DefaultServerMonitor$ServerMonitor.run(DefaultServerMonitor.java:176) ~[mongodb-driver-core-5.2.1.jar:na]

2026-09-22T23:40:16.484-05:00  INFO 90916 --- [localhost:32863] org.mongodb.driver.cluster               : Exception in monitor thread while connecting to server localhost:32863

com.mongodb.MongoSocketReadException: Exception receiving message
	at com.mongodb.internal.connection.InternalStreamConnection.translateReadException(InternalStreamConnection.java:814) ~[mongodb-driver-core-5.2.1.jar:na]
	at com.mongodb.internal.connection.InternalStreamConnection.receiveResponseBuffers(InternalStreamConnection.java:862) ~[mongodb-driver-core-5.2.1.jar:na]
	at com.mongodb.internal.connection.InternalStreamConnection.receiveCommandMessageResponse(InternalStreamConnection.java:517) ~[mongodb-driver-core-5.2.1.jar:na]
	at com.mongodb.internal.connection.InternalStreamConnection.sendAndReceiveInternal(InternalStreamConnection.java:448) ~[mongodb-driver-core-5.2.1.jar:na]
	at com.mongodb.internal.connection.InternalStreamConnection.lambda$sendAndReceive$0(InternalStreamConnection.java:375) ~[mongodb-driver-core-5.2.1.jar:na]
	at com.mongodb.internal.connection.InternalStreamConnection.sendAndReceive(InternalStreamConnection.java:378) ~[mongodb-driver-core-5.2.1.jar:na]
	at com.mongodb.internal.connection.CommandHelper.sendAndReceive(CommandHelper.java:100) ~[mongodb-driver-core-5.2.1.jar:na]
	at com.mongodb.internal.connection.CommandHelper.executeCommand(CommandHelper.java:49) ~[mongodb-driver-core-5.2.1.jar:na]
	at com.mongodb.internal.connection.InternalStreamConnectionInitializer.initializeConnectionDescription(InternalStreamConnectionInitializer.java:144) ~[mongodb-driver-core-5.2.1.jar:na]
	at com.mongodb.internal.connection.InternalStreamConnectionInitializer.startHandshake(InternalStreamConnectionInitializer.java:79) ~[mongodb-driver-core-5.2.1.jar:na]
	at com.mongodb.internal.connection.InternalStreamConnection.open(InternalStreamConnection.java:235) ~[mongodb-driver-core-5.2.1.jar:na]
	at com.mongodb.internal.connection.DefaultServerMonitor$ServerMonitor.lookupServerDescription(DefaultServerMonitor.java:219) ~[mongodb-driver-core-5.2.1.jar:na]
	at com.mongodb.internal.connection.DefaultServerMonitor$ServerMonitor.run(DefaultServerMonitor.java:176) ~[mongodb-driver-core-5.2.1.jar:na]
Caused by: java.net.SocketException: Connection reset
	at java.base/sun.nio.ch.NioSocketImpl.implRead(NioSocketImpl.java:318) ~[na:na]
	at java.base/sun.nio.ch.NioSocketImpl.read(NioSocketImpl.java:346) ~[na:na]
	at java.base/sun.nio.ch.NioSocketImpl$1.read(NioSocketImpl.java:796) ~[na:na]
	at java.base/java.net.Socket$SocketInputStream.read(Socket.java:1099) ~[na:na]
	at com.mongodb.internal.connection.SocketStream.read(SocketStream.java:182) ~[mongodb-driver-core-5.2.1.jar:na]
	at com.mongodb.internal.connection.InternalStreamConnection.receiveResponseBuffers(InternalStreamConnection.java:829) ~[mongodb-driver-core-5.2.1.jar:na]
	... 11 common frames omitted

2026-09-22T23:40:16.486-05:00  INFO 90916 --- [   scheduling-1] org.mongodb.driver.cluster               : Waiting for server to become available for operation with ID 839. Remaining time: 29999 ms. Selector: WritableServerSelector, topology description: {type=UNKNOWN, servers=[{address=localhost:32863, type=UNKNOWN, state=CONNECTING, exception={com.mongodb.MongoSocketReadException: Exception receiving message}, caused by {java.net.SocketException: Connection reset}}].
[INFO] Tests run: 5, Failures: 0, Errors: 0, Skipped: 0, Time elapsed: 2.055 s -- in com.traceability.core.application.command.RegisterPhysicalAssetFromDonationIntegrationTest
[INFO] Running com.traceability.core.application.command.ReverseAllocationAdministrativelyIntegrationTest
2026-09-22T23:40:16.738-05:00  INFO 90916 --- [           main] tc.mongo:6.0                             : Creating container for image: mongo:6.0
2026-09-22T23:40:16.891-05:00  INFO 90916 --- [           main] tc.mongo:6.0                             : Container mongo:6.0 is starting: 5ae44985c913b869b4d6adbaa3965cb2d4a9d291c1074b9fafdf0e5c28d4d36d
2026-09-22T23:40:16.984-05:00  INFO 90916 --- [localhost:32863] org.mongodb.driver.cluster               : Exception in monitor thread while connecting to server localhost:32863

com.mongodb.MongoSocketOpenException: Exception opening socket
	at com.mongodb.internal.connection.SocketStream.lambda$open$0(SocketStream.java:85) ~[mongodb-driver-core-5.2.1.jar:na]
	at java.base/java.util.Optional.orElseThrow(Optional.java:403) ~[na:na]
	at com.mongodb.internal.connection.SocketStream.open(SocketStream.java:85) ~[mongodb-driver-core-5.2.1.jar:na]
	at com.mongodb.internal.connection.InternalStreamConnection.open(InternalStreamConnection.java:233) ~[mongodb-driver-core-5.2.1.jar:na]
	at com.mongodb.internal.connection.DefaultServerMonitor$ServerMonitor.lookupServerDescription(DefaultServerMonitor.java:219) ~[mongodb-driver-core-5.2.1.jar:na]
	at com.mongodb.internal.connection.DefaultServerMonitor$ServerMonitor.run(DefaultServerMonitor.java:176) ~[mongodb-driver-core-5.2.1.jar:na]
Caused by: java.net.ConnectException: Conexión rehusada
	at java.base/sun.nio.ch.Net.pollConnect(Native Method) ~[na:na]
	at java.base/sun.nio.ch.Net.pollConnectNow(Net.java:694) ~[na:na]
	at java.base/sun.nio.ch.NioSocketImpl.timedFinishConnect(NioSocketImpl.java:542) ~[na:na]
	at java.base/sun.nio.ch.NioSocketImpl.connect(NioSocketImpl.java:592) ~[na:na]
	at java.base/java.net.SocksSocketImpl.connect(SocksSocketImpl.java:327) ~[na:na]
	at java.base/java.net.Socket.connect(Socket.java:751) ~[na:na]
	at com.mongodb.internal.connection.SocketStreamHelper.initialize(SocketStreamHelper.java:76) ~[mongodb-driver-core-5.2.1.jar:na]
	at com.mongodb.internal.connection.SocketStream.initializeSocket(SocketStream.java:104) ~[mongodb-driver-core-5.2.1.jar:na]
	at com.mongodb.internal.connection.SocketStream.open(SocketStream.java:79) ~[mongodb-driver-core-5.2.1.jar:na]
	... 3 common frames omitted

2026-09-22T23:40:17.373-05:00  INFO 90916 --- [           main] tc.mongo:6.0                             : Container mongo:6.0 started in PT0.63584923S

  .   ____          _            __ _ _
 /\\ / ___'_ __ _ _(_)_ __  __ _ \ \ \ \
( ( )\___ | '_ | '_| | '_ \/ _` | \ \ \ \
 \\/  ___)| |_)| | | | | || (_| |  ) ) ) )
  '  |____| .__|_| |_|_| |_\__, | / / / /
 =========|_|==============|___/=/_/_/_/

 :: Spring Boot ::                (v3.4.4)

2026-09-22T23:40:18.178-05:00  INFO 90916 --- [           main] llocationAdministrativelyIntegrationTest : Starting ReverseAllocationAdministrativelyIntegrationTest using Java 21.0.12 with PID 90916 (started by carlos in /home/carlos/Proyectos/Donaciones/core)
2026-09-22T23:40:18.178-05:00  INFO 90916 --- [           main] llocationAdministrativelyIntegrationTest : No active profile set, falling back to 1 default profile: "default"
2026-09-22T23:40:18.211-05:00  INFO 90916 --- [           main] .s.d.r.c.RepositoryConfigurationDelegate : Bootstrapping Spring Data MongoDB repositories in DEFAULT mode.
2026-09-22T23:40:18.222-05:00  INFO 90916 --- [           main] .s.d.r.c.RepositoryConfigurationDelegate : Finished Spring Data repository scanning in 10 ms. Found 9 MongoDB repository interfaces.
2026-09-22T23:40:18.245-05:00  INFO 90916 --- [           main] org.mongodb.driver.client                : MongoClient with metadata {"driver": {"name": "mongo-java-driver|sync|spring-boot", "version": "5.2.1"}, "os": {"type": "Linux", "name": "Linux", "architecture": "amd64", "version": "7.2.6-1-cachyos"}, "platform": "Java/Arch Linux/21.0.12+8"} created with settings MongoClientSettings{readPreference=primary, writeConcern=WriteConcern{w=null, wTimeout=null ms, journal=null}, retryWrites=true, retryReads=true, readConcern=ReadConcern{level=null}, credential=null, transportSettings=null, commandListeners=[], codecRegistry=ProvidersCodecRegistry{codecProviders=[ValueCodecProvider{}, BsonValueCodecProvider{}, DBRefCodecProvider{}, DBObjectCodecProvider{}, DocumentCodecProvider{}, CollectionCodecProvider{}, IterableCodecProvider{}, MapCodecProvider{}, GeoJsonCodecProvider{}, GridFSFileCodecProvider{}, Jsr310CodecProvider{}, JsonObjectCodecProvider{}, BsonCodecProvider{}, EnumCodecProvider{}, com.mongodb.client.model.mql.ExpressionCodecProvider@310f8a05, com.mongodb.Jep395RecordCodecProvider@4f98ac31, com.mongodb.KotlinCodecProvider@5cb6abc8]}, loggerSettings=LoggerSettings{maxDocumentLength=1000}, clusterSettings={hosts=[localhost:32865], srvServiceName=mongodb, mode=SINGLE, requiredClusterType=UNKNOWN, requiredReplicaSetName='null', serverSelector='null', clusterListeners='[]', serverSelectionTimeout='30000 ms', localThreshold='15 ms'}, socketSettings=SocketSettings{connectTimeoutMS=10000, readTimeoutMS=0, receiveBufferSize=0, proxySettings=ProxySettings{host=null, port=null, username=null, password=null}}, heartbeatSocketSettings=SocketSettings{connectTimeoutMS=10000, readTimeoutMS=10000, receiveBufferSize=0, proxySettings=ProxySettings{host=null, port=null, username=null, password=null}}, connectionPoolSettings=ConnectionPoolSettings{maxSize=100, minSize=0, maxWaitTimeMS=120000, maxConnectionLifeTimeMS=0, maxConnectionIdleTimeMS=0, maintenanceInitialDelayMS=0, maintenanceFrequencyMS=60000, connectionPoolListeners=[], maxConnecting=2}, serverSettings=ServerSettings{heartbeatFrequencyMS=10000, minHeartbeatFrequencyMS=500, serverMonitoringMode=AUTO, serverListeners='[]', serverMonitorListeners='[]'}, sslSettings=SslSettings{enabled=false, invalidHostNameAllowed=false, context=null}, applicationName='null', compressorList=[], uuidRepresentation=JAVA_LEGACY, serverApi=null, autoEncryptionSettings=null, dnsClient=null, inetAddressResolver=null, contextProvider=null, timeoutMS=null}
2026-09-22T23:40:18.247-05:00  INFO 90916 --- [localhost:32865] org.mongodb.driver.cluster               : Monitor thread successfully connected to server with description ServerDescription{address=localhost:32865, type=REPLICA_SET_PRIMARY, cryptd=false, state=CONNECTED, ok=true, minWireVersion=0, maxWireVersion=17, maxDocumentSize=16777216, logicalSessionTimeoutMinutes=30, roundTripTimeNanos=1149963, minRoundTripTimeNanos=0, setName='rs0', canonicalAddress=5ae44985c913:27017, hosts=[5ae44985c913:27017], passives=[], arbiters=[], primary='5ae44985c913:27017', tagSet=TagSet{[]}, electionId=7fffffff0000000000000001, setVersion=1, topologyVersion=TopologyVersion{processId=6ab3583191a5b14f2747ac11, counter=6}, lastWriteDate=Tue Sep 22 23:40:18 COT 2026, lastUpdateTimeNanos=5115093818454}
2026-09-22T23:40:18.362-05:00  INFO 90916 --- [           main] llocationAdministrativelyIntegrationTest : Started ReverseAllocationAdministrativelyIntegrationTest in 0.192 seconds (process running for 24.507)
[INFO] Tests run: 6, Failures: 0, Errors: 0, Skipped: 0, Time elapsed: 2.084 s -- in com.traceability.core.application.command.ReverseAllocationAdministrativelyIntegrationTest
[INFO] Running com.traceability.core.application.event.EventCanonicalMapperTest
[INFO] Tests run: 1, Failures: 0, Errors: 0, Skipped: 0, Time elapsed: 0.002 s -- in com.traceability.core.application.event.EventCanonicalMapperTest
[INFO] Running com.traceability.core.application.projection.DonationAuditFactsIntegrationTest
2026-09-22T23:40:18.823-05:00  INFO 90916 --- [           main] t.c.s.AnnotationConfigContextLoaderUtils : Could not detect default configuration classes for test class [com.traceability.core.application.projection.DonationAuditFactsIntegrationTest]: DonationAuditFactsIntegrationTest does not declare any static, non-private, non-final, nested classes annotated with @Configuration.
2026-09-22T23:40:18.828-05:00  INFO 90916 --- [           main] .b.t.c.SpringBootTestContextBootstrapper : Found @SpringBootConfiguration com.traceability.core.application.projection.DonationProjectionIntegrationTest$TestConfig for test class com.traceability.core.application.projection.DonationAuditFactsIntegrationTest
2026-09-22T23:40:18.831-05:00  INFO 90916 --- [           main] tc.mongo:6.0                             : Creating container for image: mongo:6.0
2026-09-22T23:40:18.984-05:00  INFO 90916 --- [           main] tc.mongo:6.0                             : Container mongo:6.0 is starting: e5112e9fa7f170c4d8233d2f93ecfcab980d94163ff378eaedb6abeb0c1c4696
2026-09-22T23:40:19.468-05:00  INFO 90916 --- [           main] tc.mongo:6.0                             : Container mongo:6.0 started in PT0.636581458S
2026-09-22T23:40:20.000-05:00  INFO 90916 --- [localhost:32860] org.mongodb.driver.cluster               : Exception in monitor thread while connecting to server localhost:32860

com.mongodb.MongoSocketOpenException: Exception opening socket
	at com.mongodb.internal.connection.SocketStream.lambda$open$0(SocketStream.java:85) ~[mongodb-driver-core-5.2.1.jar:na]
	at java.base/java.util.Optional.orElseThrow(Optional.java:403) ~[na:na]
	at com.mongodb.internal.connection.SocketStream.open(SocketStream.java:85) ~[mongodb-driver-core-5.2.1.jar:na]
	at com.mongodb.internal.connection.InternalStreamConnection.open(InternalStreamConnection.java:233) ~[mongodb-driver-core-5.2.1.jar:na]
	at com.mongodb.internal.connection.DefaultServerMonitor$ServerMonitor.lookupServerDescription(DefaultServerMonitor.java:219) ~[mongodb-driver-core-5.2.1.jar:na]
	at com.mongodb.internal.connection.DefaultServerMonitor$ServerMonitor.run(DefaultServerMonitor.java:176) ~[mongodb-driver-core-5.2.1.jar:na]
Caused by: java.net.ConnectException: Conexión rehusada
	at java.base/sun.nio.ch.Net.pollConnect(Native Method) ~[na:na]
	at java.base/sun.nio.ch.Net.pollConnectNow(Net.java:694) ~[na:na]
	at java.base/sun.nio.ch.NioSocketImpl.timedFinishConnect(NioSocketImpl.java:542) ~[na:na]
	at java.base/sun.nio.ch.NioSocketImpl.connect(NioSocketImpl.java:592) ~[na:na]
	at java.base/java.net.SocksSocketImpl.connect(SocksSocketImpl.java:327) ~[na:na]
	at java.base/java.net.Socket.connect(Socket.java:751) ~[na:na]
	at com.mongodb.internal.connection.SocketStreamHelper.initialize(SocketStreamHelper.java:76) ~[mongodb-driver-core-5.2.1.jar:na]
	at com.mongodb.internal.connection.SocketStream.initializeSocket(SocketStream.java:104) ~[mongodb-driver-core-5.2.1.jar:na]
	at com.mongodb.internal.connection.SocketStream.open(SocketStream.java:79) ~[mongodb-driver-core-5.2.1.jar:na]
	... 3 common frames omitted


  .   ____          _            __ _ _
 /\\ / ___'_ __ _ _(_)_ __  __ _ \ \ \ \
( ( )\___ | '_ | '_| | '_ \/ _` | \ \ \ \
 \\/  ___)| |_)| | | | | || (_| |  ) ) ) )
  '  |____| .__|_| |_|_| |_\__, | / / / /
 =========|_|==============|___/=/_/_/_/

 :: Spring Boot ::                (v3.4.4)

2026-09-22T23:40:20.259-05:00  INFO 90916 --- [           main] .c.a.p.DonationAuditFactsIntegrationTest : Starting DonationAuditFactsIntegrationTest using Java 21.0.12 with PID 90916 (started by carlos in /home/carlos/Proyectos/Donaciones/core)
2026-09-22T23:40:20.259-05:00  INFO 90916 --- [           main] .c.a.p.DonationAuditFactsIntegrationTest : No active profile set, falling back to 1 default profile: "default"
2026-09-22T23:40:20.289-05:00  INFO 90916 --- [           main] .s.d.r.c.RepositoryConfigurationDelegate : Bootstrapping Spring Data MongoDB repositories in DEFAULT mode.
2026-09-22T23:40:20.298-05:00  INFO 90916 --- [           main] .s.d.r.c.RepositoryConfigurationDelegate : Finished Spring Data repository scanning in 8 ms. Found 9 MongoDB repository interfaces.
2026-09-22T23:40:20.321-05:00  INFO 90916 --- [           main] org.mongodb.driver.client                : MongoClient with metadata {"driver": {"name": "mongo-java-driver|sync|spring-boot", "version": "5.2.1"}, "os": {"type": "Linux", "name": "Linux", "architecture": "amd64", "version": "7.2.6-1-cachyos"}, "platform": "Java/Arch Linux/21.0.12+8"} created with settings MongoClientSettings{readPreference=primary, writeConcern=WriteConcern{w=null, wTimeout=null ms, journal=null}, retryWrites=true, retryReads=true, readConcern=ReadConcern{level=null}, credential=null, transportSettings=null, commandListeners=[], codecRegistry=ProvidersCodecRegistry{codecProviders=[ValueCodecProvider{}, BsonValueCodecProvider{}, DBRefCodecProvider{}, DBObjectCodecProvider{}, DocumentCodecProvider{}, CollectionCodecProvider{}, IterableCodecProvider{}, MapCodecProvider{}, GeoJsonCodecProvider{}, GridFSFileCodecProvider{}, Jsr310CodecProvider{}, JsonObjectCodecProvider{}, BsonCodecProvider{}, EnumCodecProvider{}, com.mongodb.client.model.mql.ExpressionCodecProvider@310f8a05, com.mongodb.Jep395RecordCodecProvider@4f98ac31, com.mongodb.KotlinCodecProvider@5cb6abc8]}, loggerSettings=LoggerSettings{maxDocumentLength=1000}, clusterSettings={hosts=[localhost:32866], srvServiceName=mongodb, mode=SINGLE, requiredClusterType=UNKNOWN, requiredReplicaSetName='null', serverSelector='null', clusterListeners='[]', serverSelectionTimeout='30000 ms', localThreshold='15 ms'}, socketSettings=SocketSettings{connectTimeoutMS=10000, readTimeoutMS=0, receiveBufferSize=0, proxySettings=ProxySettings{host=null, port=null, username=null, password=null}}, heartbeatSocketSettings=SocketSettings{connectTimeoutMS=10000, readTimeoutMS=10000, receiveBufferSize=0, proxySettings=ProxySettings{host=null, port=null, username=null, password=null}}, connectionPoolSettings=ConnectionPoolSettings{maxSize=100, minSize=0, maxWaitTimeMS=120000, maxConnectionLifeTimeMS=0, maxConnectionIdleTimeMS=0, maintenanceInitialDelayMS=0, maintenanceFrequencyMS=60000, connectionPoolListeners=[], maxConnecting=2}, serverSettings=ServerSettings{heartbeatFrequencyMS=10000, minHeartbeatFrequencyMS=500, serverMonitoringMode=AUTO, serverListeners='[]', serverMonitorListeners='[]'}, sslSettings=SslSettings{enabled=false, invalidHostNameAllowed=false, context=null}, applicationName='null', compressorList=[], uuidRepresentation=JAVA_LEGACY, serverApi=null, autoEncryptionSettings=null, dnsClient=null, inetAddressResolver=null, contextProvider=null, timeoutMS=null}
2026-09-22T23:40:20.322-05:00  INFO 90916 --- [localhost:32866] org.mongodb.driver.cluster               : Monitor thread successfully connected to server with description ServerDescription{address=localhost:32866, type=REPLICA_SET_PRIMARY, cryptd=false, state=CONNECTED, ok=true, minWireVersion=0, maxWireVersion=17, maxDocumentSize=16777216, logicalSessionTimeoutMinutes=30, roundTripTimeNanos=818330, minRoundTripTimeNanos=0, setName='rs0', canonicalAddress=e5112e9fa7f1:27017, hosts=[e5112e9fa7f1:27017], passives=[], arbiters=[], primary='e5112e9fa7f1:27017', tagSet=TagSet{[]}, electionId=7fffffff0000000000000001, setVersion=1, topologyVersion=TopologyVersion{processId=6ab35833dae804f7e32fa760, counter=6}, lastWriteDate=Tue Sep 22 23:40:20 COT 2026, lastUpdateTimeNanos=5117169636831}
2026-09-22T23:40:20.372-05:00  INFO 90916 --- [           main] .c.a.p.DonationAuditFactsIntegrationTest : Started DonationAuditFactsIntegrationTest in 0.123 seconds (process running for 26.517)
2026-09-22T23:40:20.800-05:00  INFO 90916 --- [localhost:32866] org.mongodb.driver.cluster               : Exception in monitor thread while connecting to server localhost:32866

com.mongodb.MongoSocketReadException: Prematurely reached end of stream
	at com.mongodb.internal.connection.SocketStream.read(SocketStream.java:184) ~[mongodb-driver-core-5.2.1.jar:na]
	at com.mongodb.internal.connection.InternalStreamConnection.receiveResponseBuffers(InternalStreamConnection.java:829) ~[mongodb-driver-core-5.2.1.jar:na]
	at com.mongodb.internal.connection.InternalStreamConnection.receiveCommandMessageResponse(InternalStreamConnection.java:517) ~[mongodb-driver-core-5.2.1.jar:na]
	at com.mongodb.internal.connection.InternalStreamConnection.receive(InternalStreamConnection.java:469) ~[mongodb-driver-core-5.2.1.jar:na]
	at com.mongodb.internal.connection.DefaultServerMonitor$ServerMonitor.lookupServerDescription(DefaultServerMonitor.java:249) ~[mongodb-driver-core-5.2.1.jar:na]
	at com.mongodb.internal.connection.DefaultServerMonitor$ServerMonitor.run(DefaultServerMonitor.java:176) ~[mongodb-driver-core-5.2.1.jar:na]

2026-09-22T23:40:20.801-05:00  INFO 90916 --- [localhost:32866] org.mongodb.driver.cluster               : Exception in monitor thread while connecting to server localhost:32866

com.mongodb.MongoSocketReadException: Exception receiving message
	at com.mongodb.internal.connection.InternalStreamConnection.translateReadException(InternalStreamConnection.java:814) ~[mongodb-driver-core-5.2.1.jar:na]
	at com.mongodb.internal.connection.InternalStreamConnection.receiveResponseBuffers(InternalStreamConnection.java:862) ~[mongodb-driver-core-5.2.1.jar:na]
	at com.mongodb.internal.connection.InternalStreamConnection.receiveCommandMessageResponse(InternalStreamConnection.java:517) ~[mongodb-driver-core-5.2.1.jar:na]
	at com.mongodb.internal.connection.InternalStreamConnection.sendAndReceiveInternal(InternalStreamConnection.java:448) ~[mongodb-driver-core-5.2.1.jar:na]
	at com.mongodb.internal.connection.InternalStreamConnection.lambda$sendAndReceive$0(InternalStreamConnection.java:375) ~[mongodb-driver-core-5.2.1.jar:na]
	at com.mongodb.internal.connection.InternalStreamConnection.sendAndReceive(InternalStreamConnection.java:378) ~[mongodb-driver-core-5.2.1.jar:na]
	at com.mongodb.internal.connection.CommandHelper.sendAndReceive(CommandHelper.java:100) ~[mongodb-driver-core-5.2.1.jar:na]
	at com.mongodb.internal.connection.CommandHelper.executeCommand(CommandHelper.java:49) ~[mongodb-driver-core-5.2.1.jar:na]
	at com.mongodb.internal.connection.InternalStreamConnectionInitializer.initializeConnectionDescription(InternalStreamConnectionInitializer.java:144) ~[mongodb-driver-core-5.2.1.jar:na]
	at com.mongodb.internal.connection.InternalStreamConnectionInitializer.startHandshake(InternalStreamConnectionInitializer.java:79) ~[mongodb-driver-core-5.2.1.jar:na]
	at com.mongodb.internal.connection.InternalStreamConnection.open(InternalStreamConnection.java:235) ~[mongodb-driver-core-5.2.1.jar:na]
	at com.mongodb.internal.connection.DefaultServerMonitor$ServerMonitor.lookupServerDescription(DefaultServerMonitor.java:219) ~[mongodb-driver-core-5.2.1.jar:na]
	at com.mongodb.internal.connection.DefaultServerMonitor$ServerMonitor.run(DefaultServerMonitor.java:176) ~[mongodb-driver-core-5.2.1.jar:na]
Caused by: java.net.SocketException: Connection reset
	at java.base/sun.nio.ch.NioSocketImpl.implRead(NioSocketImpl.java:318) ~[na:na]
	at java.base/sun.nio.ch.NioSocketImpl.read(NioSocketImpl.java:346) ~[na:na]
	at java.base/sun.nio.ch.NioSocketImpl$1.read(NioSocketImpl.java:796) ~[na:na]
	at java.base/java.net.Socket$SocketInputStream.read(Socket.java:1099) ~[na:na]
	at com.mongodb.internal.connection.SocketStream.read(SocketStream.java:182) ~[mongodb-driver-core-5.2.1.jar:na]
	at com.mongodb.internal.connection.InternalStreamConnection.receiveResponseBuffers(InternalStreamConnection.java:829) ~[mongodb-driver-core-5.2.1.jar:na]
	... 11 common frames omitted

2026-09-22T23:40:20.802-05:00  INFO 90916 --- [cTaskExecutor-1] org.mongodb.driver.cluster               : Waiting for server to become available for operation with ID 1059. Remaining time: 29999 ms. Selector: ReadPreferenceServerSelector{readPreference=primary}, topology description: {type=UNKNOWN, servers=[{address=localhost:32866, type=UNKNOWN, state=CONNECTING, exception={com.mongodb.MongoSocketReadException: Exception receiving message}, caused by {java.net.SocketException: Connection reset}}].
[INFO] Tests run: 9, Failures: 0, Errors: 0, Skipped: 0, Time elapsed: 2.232 s -- in com.traceability.core.application.projection.DonationAuditFactsIntegrationTest
[INFO] Running com.traceability.core.application.projection.DonationProjectionIntegrationTest
2026-09-22T23:40:21.058-05:00  INFO 90916 --- [           main] tc.mongo:6.0                             : Creating container for image: mongo:6.0
2026-09-22T23:40:21.196-05:00  INFO 90916 --- [           main] tc.mongo:6.0                             : Container mongo:6.0 is starting: de71e216fdac079351804d2bf08d8775b0f9ebd49a99234f4065667858ad488f
2026-09-22T23:40:21.302-05:00  INFO 90916 --- [localhost:32866] org.mongodb.driver.cluster               : Exception in monitor thread while connecting to server localhost:32866

com.mongodb.MongoSocketOpenException: Exception opening socket
	at com.mongodb.internal.connection.SocketStream.lambda$open$0(SocketStream.java:85) ~[mongodb-driver-core-5.2.1.jar:na]
	at java.base/java.util.Optional.orElseThrow(Optional.java:403) ~[na:na]
	at com.mongodb.internal.connection.SocketStream.open(SocketStream.java:85) ~[mongodb-driver-core-5.2.1.jar:na]
	at com.mongodb.internal.connection.InternalStreamConnection.open(InternalStreamConnection.java:233) ~[mongodb-driver-core-5.2.1.jar:na]
	at com.mongodb.internal.connection.DefaultServerMonitor$ServerMonitor.lookupServerDescription(DefaultServerMonitor.java:219) ~[mongodb-driver-core-5.2.1.jar:na]
	at com.mongodb.internal.connection.DefaultServerMonitor$ServerMonitor.run(DefaultServerMonitor.java:176) ~[mongodb-driver-core-5.2.1.jar:na]
Caused by: java.net.ConnectException: Conexión rehusada
	at java.base/sun.nio.ch.Net.pollConnect(Native Method) ~[na:na]
	at java.base/sun.nio.ch.Net.pollConnectNow(Net.java:694) ~[na:na]
	at java.base/sun.nio.ch.NioSocketImpl.timedFinishConnect(NioSocketImpl.java:542) ~[na:na]
	at java.base/sun.nio.ch.NioSocketImpl.connect(NioSocketImpl.java:592) ~[na:na]
	at java.base/java.net.SocksSocketImpl.connect(SocksSocketImpl.java:327) ~[na:na]
	at java.base/java.net.Socket.connect(Socket.java:751) ~[na:na]
	at com.mongodb.internal.connection.SocketStreamHelper.initialize(SocketStreamHelper.java:76) ~[mongodb-driver-core-5.2.1.jar:na]
	at com.mongodb.internal.connection.SocketStream.initializeSocket(SocketStream.java:104) ~[mongodb-driver-core-5.2.1.jar:na]
	at com.mongodb.internal.connection.SocketStream.open(SocketStream.java:79) ~[mongodb-driver-core-5.2.1.jar:na]
	... 3 common frames omitted

2026-09-22T23:40:21.679-05:00  INFO 90916 --- [           main] tc.mongo:6.0                             : Container mongo:6.0 started in PT0.621640972S

  .   ____          _            __ _ _
 /\\ / ___'_ __ _ _(_)_ __  __ _ \ \ \ \
( ( )\___ | '_ | '_| | '_ \/ _` | \ \ \ \
 \\/  ___)| |_)| | | | | || (_| |  ) ) ) )
  '  |____| .__|_| |_|_| |_\__, | / / / /
 =========|_|==============|___/=/_/_/_/

 :: Spring Boot ::                (v3.4.4)

2026-09-22T23:40:22.479-05:00  INFO 90916 --- [           main] .c.a.p.DonationProjectionIntegrationTest : Starting DonationProjectionIntegrationTest using Java 21.0.12 with PID 90916 (started by carlos in /home/carlos/Proyectos/Donaciones/core)
2026-09-22T23:40:22.479-05:00  INFO 90916 --- [           main] .c.a.p.DonationProjectionIntegrationTest : No active profile set, falling back to 1 default profile: "default"
2026-09-22T23:40:22.526-05:00  INFO 90916 --- [           main] .s.d.r.c.RepositoryConfigurationDelegate : Bootstrapping Spring Data MongoDB repositories in DEFAULT mode.
2026-09-22T23:40:22.537-05:00  INFO 90916 --- [           main] .s.d.r.c.RepositoryConfigurationDelegate : Finished Spring Data repository scanning in 10 ms. Found 9 MongoDB repository interfaces.
2026-09-22T23:40:22.561-05:00  INFO 90916 --- [           main] org.mongodb.driver.client                : MongoClient with metadata {"driver": {"name": "mongo-java-driver|sync|spring-boot", "version": "5.2.1"}, "os": {"type": "Linux", "name": "Linux", "architecture": "amd64", "version": "7.2.6-1-cachyos"}, "platform": "Java/Arch Linux/21.0.12+8"} created with settings MongoClientSettings{readPreference=primary, writeConcern=WriteConcern{w=null, wTimeout=null ms, journal=null}, retryWrites=true, retryReads=true, readConcern=ReadConcern{level=null}, credential=null, transportSettings=null, commandListeners=[], codecRegistry=ProvidersCodecRegistry{codecProviders=[ValueCodecProvider{}, BsonValueCodecProvider{}, DBRefCodecProvider{}, DBObjectCodecProvider{}, DocumentCodecProvider{}, CollectionCodecProvider{}, IterableCodecProvider{}, MapCodecProvider{}, GeoJsonCodecProvider{}, GridFSFileCodecProvider{}, Jsr310CodecProvider{}, JsonObjectCodecProvider{}, BsonCodecProvider{}, EnumCodecProvider{}, com.mongodb.client.model.mql.ExpressionCodecProvider@310f8a05, com.mongodb.Jep395RecordCodecProvider@4f98ac31, com.mongodb.KotlinCodecProvider@5cb6abc8]}, loggerSettings=LoggerSettings{maxDocumentLength=1000}, clusterSettings={hosts=[localhost:32867], srvServiceName=mongodb, mode=SINGLE, requiredClusterType=UNKNOWN, requiredReplicaSetName='null', serverSelector='null', clusterListeners='[]', serverSelectionTimeout='30000 ms', localThreshold='15 ms'}, socketSettings=SocketSettings{connectTimeoutMS=10000, readTimeoutMS=0, receiveBufferSize=0, proxySettings=ProxySettings{host=null, port=null, username=null, password=null}}, heartbeatSocketSettings=SocketSettings{connectTimeoutMS=10000, readTimeoutMS=10000, receiveBufferSize=0, proxySettings=ProxySettings{host=null, port=null, username=null, password=null}}, connectionPoolSettings=ConnectionPoolSettings{maxSize=100, minSize=0, maxWaitTimeMS=120000, maxConnectionLifeTimeMS=0, maxConnectionIdleTimeMS=0, maintenanceInitialDelayMS=0, maintenanceFrequencyMS=60000, connectionPoolListeners=[], maxConnecting=2}, serverSettings=ServerSettings{heartbeatFrequencyMS=10000, minHeartbeatFrequencyMS=500, serverMonitoringMode=AUTO, serverListeners='[]', serverMonitorListeners='[]'}, sslSettings=SslSettings{enabled=false, invalidHostNameAllowed=false, context=null}, applicationName='null', compressorList=[], uuidRepresentation=JAVA_LEGACY, serverApi=null, autoEncryptionSettings=null, dnsClient=null, inetAddressResolver=null, contextProvider=null, timeoutMS=null}
2026-09-22T23:40:22.562-05:00  INFO 90916 --- [localhost:32867] org.mongodb.driver.cluster               : Monitor thread successfully connected to server with description ServerDescription{address=localhost:32867, type=REPLICA_SET_PRIMARY, cryptd=false, state=CONNECTED, ok=true, minWireVersion=0, maxWireVersion=17, maxDocumentSize=16777216, logicalSessionTimeoutMinutes=30, roundTripTimeNanos=1232500, minRoundTripTimeNanos=0, setName='rs0', canonicalAddress=de71e216fdac:27017, hosts=[de71e216fdac:27017], passives=[], arbiters=[], primary='de71e216fdac:27017', tagSet=TagSet{[]}, electionId=7fffffff0000000000000001, setVersion=1, topologyVersion=TopologyVersion{processId=6ab3583523460b41ce56658f, counter=6}, lastWriteDate=Tue Sep 22 23:40:22 COT 2026, lastUpdateTimeNanos=5119409583437}
2026-09-22T23:40:22.619-05:00  INFO 90916 --- [           main] .c.a.p.DonationProjectionIntegrationTest : Started DonationProjectionIntegrationTest in 0.149 seconds (process running for 28.764)
2026-09-22T23:40:22.889-05:00  WARN 90916 --- [           main] c.t.c.a.p.DonationProjectionHandler      : AllocationConfirmed for non-existent allocationId: A-INVALID
2026-09-22T23:40:22.897-05:00  WARN 90916 --- [           main] c.t.c.a.p.DonationProjectionHandler      : AllocationReversed for non-existent allocationId: A-INVALID
2026-09-22T23:40:30.442-05:00 ERROR 90916 --- [   scheduling-1] o.s.s.s.TaskUtils$LoggingErrorHandler    : Unexpected error occurred in scheduled task

org.springframework.dao.DataAccessResourceFailureException: Timed out while waiting for a server that matches WritableServerSelector. Client view of cluster state is {type=UNKNOWN, servers=[{address=localhost:32856, type=UNKNOWN, state=CONNECTING, exception={com.mongodb.MongoSocketOpenException: Exception opening socket}, caused by {java.net.ConnectException: Conexión rehusada}}]
	at org.springframework.data.mongodb.core.MongoExceptionTranslator.doTranslateException(MongoExceptionTranslator.java:97) ~[spring-data-mongodb-4.4.4.jar:4.4.4]
	at org.springframework.data.mongodb.core.MongoExceptionTranslator.translateExceptionIfPossible(MongoExceptionTranslator.java:74) ~[spring-data-mongodb-4.4.4.jar:4.4.4]
	at org.springframework.data.mongodb.core.MongoTemplate.potentiallyConvertRuntimeException(MongoTemplate.java:3017) ~[spring-data-mongodb-4.4.4.jar:4.4.4]
	at org.springframework.data.mongodb.core.MongoTemplate.executeFindOneInternal(MongoTemplate.java:2895) ~[spring-data-mongodb-4.4.4.jar:4.4.4]
	at org.springframework.data.mongodb.core.MongoTemplate.doFindAndModify(MongoTemplate.java:2750) ~[spring-data-mongodb-4.4.4.jar:4.4.4]
	at org.springframework.data.mongodb.core.MongoTemplate.findAndModify(MongoTemplate.java:1091) ~[spring-data-mongodb-4.4.4.jar:4.4.4]
	at org.springframework.data.mongodb.core.MongoTemplate.findAndModify(MongoTemplate.java:1066) ~[spring-data-mongodb-4.4.4.jar:4.4.4]
	at com.traceability.core.infrastructure.projection.mongo.repositories.ProjectionRetryRepositoryImpl.claimNextPendingRetry(ProjectionRetryRepositoryImpl.java:45) ~[classes/:na]
	at java.base/jdk.internal.reflect.DirectMethodHandleAccessor.invoke(DirectMethodHandleAccessor.java:103) ~[na:na]
	at java.base/java.lang.reflect.Method.invoke(Method.java:580) ~[na:na]
	at org.springframework.aop.support.AopUtils.invokeJoinpointUsingReflection(AopUtils.java:359) ~[spring-aop-6.2.5.jar:6.2.5]
	at org.springframework.aop.framework.ReflectiveMethodInvocation.invokeJoinpoint(ReflectiveMethodInvocation.java:196) ~[spring-aop-6.2.5.jar:6.2.5]
	at org.springframework.aop.framework.ReflectiveMethodInvocation.proceed(ReflectiveMethodInvocation.java:163) ~[spring-aop-6.2.5.jar:6.2.5]
	at org.springframework.dao.support.PersistenceExceptionTranslationInterceptor.invoke(PersistenceExceptionTranslationInterceptor.java:138) ~[spring-tx-6.2.5.jar:6.2.5]
	at org.springframework.aop.framework.ReflectiveMethodInvocation.proceed(ReflectiveMethodInvocation.java:184) ~[spring-aop-6.2.5.jar:6.2.5]
	at org.springframework.aop.framework.CglibAopProxy$DynamicAdvisedInterceptor.intercept(CglibAopProxy.java:727) ~[spring-aop-6.2.5.jar:6.2.5]
	at com.traceability.core.infrastructure.projection.mongo.repositories.ProjectionRetryRepositoryImpl$$SpringCGLIB$$0.claimNextPendingRetry(<generated>) ~[classes/:na]
	at java.base/jdk.internal.reflect.DirectMethodHandleAccessor.invoke(DirectMethodHandleAccessor.java:103) ~[na:na]
	at java.base/java.lang.reflect.Method.invoke(Method.java:580) ~[na:na]
	at org.springframework.aop.support.AopUtils.invokeJoinpointUsingReflection(AopUtils.java:359) ~[spring-aop-6.2.5.jar:6.2.5]
	at org.springframework.data.repository.core.support.RepositoryMethodInvoker$RepositoryFragmentMethodInvoker.lambda$new$0(RepositoryMethodInvoker.java:277) ~[spring-data-commons-3.4.4.jar:3.4.4]
	at org.springframework.data.repository.core.support.RepositoryMethodInvoker.doInvoke(RepositoryMethodInvoker.java:170) ~[spring-data-commons-3.4.4.jar:3.4.4]
	at org.springframework.data.repository.core.support.RepositoryMethodInvoker.invoke(RepositoryMethodInvoker.java:158) ~[spring-data-commons-3.4.4.jar:3.4.4]
	at org.springframework.data.repository.core.support.RepositoryComposition$RepositoryFragments.invoke(RepositoryComposition.java:515) ~[spring-data-commons-3.4.4.jar:3.4.4]
	at org.springframework.data.repository.core.support.RepositoryComposition.invoke(RepositoryComposition.java:284) ~[spring-data-commons-3.4.4.jar:3.4.4]
	at org.springframework.data.repository.core.support.RepositoryFactorySupport$ImplementationMethodExecutionInterceptor.invoke(RepositoryFactorySupport.java:731) ~[spring-data-commons-3.4.4.jar:3.4.4]
	at org.springframework.aop.framework.ReflectiveMethodInvocation.proceed(ReflectiveMethodInvocation.java:184) ~[spring-aop-6.2.5.jar:6.2.5]
	at org.springframework.data.repository.core.support.QueryExecutorMethodInterceptor.doInvoke(QueryExecutorMethodInterceptor.java:174) ~[spring-data-commons-3.4.4.jar:3.4.4]
	at org.springframework.data.repository.core.support.QueryExecutorMethodInterceptor.invoke(QueryExecutorMethodInterceptor.java:149) ~[spring-data-commons-3.4.4.jar:3.4.4]
	at org.springframework.aop.framework.ReflectiveMethodInvocation.proceed(ReflectiveMethodInvocation.java:184) ~[spring-aop-6.2.5.jar:6.2.5]
	at org.springframework.data.projection.DefaultMethodInvokingMethodInterceptor.invoke(DefaultMethodInvokingMethodInterceptor.java:69) ~[spring-data-commons-3.4.4.jar:3.4.4]
	at org.springframework.aop.framework.ReflectiveMethodInvocation.proceed(ReflectiveMethodInvocation.java:184) ~[spring-aop-6.2.5.jar:6.2.5]
	at org.springframework.data.mongodb.repository.support.CrudMethodMetadataPostProcessor$CrudMethodMetadataPopulatingMethodInterceptor.invoke(CrudMethodMetadataPostProcessor.java:158) ~[spring-data-mongodb-4.4.4.jar:4.4.4]
	at org.springframework.aop.framework.ReflectiveMethodInvocation.proceed(ReflectiveMethodInvocation.java:184) ~[spring-aop-6.2.5.jar:6.2.5]
	at org.springframework.aop.framework.JdkDynamicAopProxy.invoke(JdkDynamicAopProxy.java:223) ~[spring-aop-6.2.5.jar:6.2.5]
	at jdk.proxy2/jdk.proxy2.$Proxy151.claimNextPendingRetry(Unknown Source) ~[na:na]
	at java.base/jdk.internal.reflect.DirectMethodHandleAccessor.invoke(DirectMethodHandleAccessor.java:103) ~[na:na]
	at java.base/java.lang.reflect.Method.invoke(Method.java:580) ~[na:na]
	at org.springframework.aop.support.AopUtils.invokeJoinpointUsingReflection(AopUtils.java:359) ~[spring-aop-6.2.5.jar:6.2.5]
	at org.springframework.aop.framework.ReflectiveMethodInvocation.invokeJoinpoint(ReflectiveMethodInvocation.java:196) ~[spring-aop-6.2.5.jar:6.2.5]
	at org.springframework.aop.framework.ReflectiveMethodInvocation.proceed(ReflectiveMethodInvocation.java:163) ~[spring-aop-6.2.5.jar:6.2.5]
	at org.springframework.dao.support.PersistenceExceptionTranslationInterceptor.invoke(PersistenceExceptionTranslationInterceptor.java:138) ~[spring-tx-6.2.5.jar:6.2.5]
	at org.springframework.aop.framework.ReflectiveMethodInvocation.proceed(ReflectiveMethodInvocation.java:184) ~[spring-aop-6.2.5.jar:6.2.5]
	at org.springframework.aop.framework.JdkDynamicAopProxy.invoke(JdkDynamicAopProxy.java:223) ~[spring-aop-6.2.5.jar:6.2.5]
	at jdk.proxy2/jdk.proxy2.$Proxy151.claimNextPendingRetry(Unknown Source) ~[na:na]
	at com.traceability.core.application.projection.ProjectionRetryScheduler.processRetries(ProjectionRetryScheduler.java:47) ~[classes/:na]
	at java.base/jdk.internal.reflect.DirectMethodHandleAccessor.invoke(DirectMethodHandleAccessor.java:103) ~[na:na]
	at java.base/java.lang.reflect.Method.invoke(Method.java:580) ~[na:na]
	at org.springframework.scheduling.support.ScheduledMethodRunnable.runInternal(ScheduledMethodRunnable.java:130) ~[spring-context-6.2.5.jar:6.2.5]
	at org.springframework.scheduling.support.ScheduledMethodRunnable.lambda$run$2(ScheduledMethodRunnable.java:124) ~[spring-context-6.2.5.jar:6.2.5]
	at io.micrometer.observation.Observation.observe(Observation.java:498) ~[micrometer-observation-1.14.5.jar:1.14.5]
	at org.springframework.scheduling.support.ScheduledMethodRunnable.run(ScheduledMethodRunnable.java:124) ~[spring-context-6.2.5.jar:6.2.5]
	at org.springframework.scheduling.config.Task$OutcomeTrackingRunnable.run(Task.java:85) ~[spring-context-6.2.5.jar:6.2.5]
	at org.springframework.scheduling.support.DelegatingErrorHandlingRunnable.run(DelegatingErrorHandlingRunnable.java:54) ~[spring-context-6.2.5.jar:6.2.5]
	at java.base/java.util.concurrent.Executors$RunnableAdapter.call(Executors.java:572) ~[na:na]
	at java.base/java.util.concurrent.FutureTask.runAndReset(FutureTask.java:358) ~[na:na]
	at java.base/java.util.concurrent.ScheduledThreadPoolExecutor$ScheduledFutureTask.run(ScheduledThreadPoolExecutor.java:305) ~[na:na]
	at java.base/java.util.concurrent.ThreadPoolExecutor.runWorker(ThreadPoolExecutor.java:1144) ~[na:na]
	at java.base/java.util.concurrent.ThreadPoolExecutor$Worker.run(ThreadPoolExecutor.java:642) ~[na:na]
	at java.base/java.lang.Thread.run(Thread.java:1583) ~[na:na]
Caused by: com.mongodb.MongoTimeoutException: Timed out while waiting for a server that matches WritableServerSelector. Client view of cluster state is {type=UNKNOWN, servers=[{address=localhost:32856, type=UNKNOWN, state=CONNECTING, exception={com.mongodb.MongoSocketOpenException: Exception opening socket}, caused by {java.net.ConnectException: Conexión rehusada}}]
	at com.mongodb.internal.connection.BaseCluster.logAndThrowTimeoutException(BaseCluster.java:427) ~[mongodb-driver-core-5.2.1.jar:na]
	at com.mongodb.internal.connection.BaseCluster.lambda$selectServer$0(BaseCluster.java:154) ~[mongodb-driver-core-5.2.1.jar:na]
	at com.mongodb.internal.time.Timeout.lambda$onExistsAndExpired$16(Timeout.java:236) ~[mongodb-driver-core-5.2.1.jar:na]
	at com.mongodb.internal.time.Timeout.lambda$run$10(Timeout.java:201) ~[mongodb-driver-core-5.2.1.jar:na]
	at com.mongodb.internal.time.TimePoint.checkedCall(TimePoint.java:98) ~[mongodb-driver-core-5.2.1.jar:na]
	at com.mongodb.internal.time.Timeout.call(Timeout.java:174) ~[mongodb-driver-core-5.2.1.jar:na]
	at com.mongodb.internal.time.Timeout.run(Timeout.java:194) ~[mongodb-driver-core-5.2.1.jar:na]
	at com.mongodb.internal.time.Timeout.onExistsAndExpired(Timeout.java:233) ~[mongodb-driver-core-5.2.1.jar:na]
	at com.mongodb.internal.time.Timeout.onExpired(Timeout.java:226) ~[mongodb-driver-core-5.2.1.jar:na]
	at com.mongodb.internal.connection.BaseCluster.selectServer(BaseCluster.java:153) ~[mongodb-driver-core-5.2.1.jar:na]
	at com.mongodb.internal.connection.SingleServerCluster.selectServer(SingleServerCluster.java:47) ~[mongodb-driver-core-5.2.1.jar:na]
	at com.mongodb.internal.binding.ClusterBinding.getWriteConnectionSource(ClusterBinding.java:100) ~[mongodb-driver-core-5.2.1.jar:na]
	at com.mongodb.client.internal.ClientSessionBinding.getConnectionSource(ClientSessionBinding.java:108) ~[mongodb-driver-sync-5.2.1.jar:na]
	at com.mongodb.client.internal.ClientSessionBinding.getWriteConnectionSource(ClientSessionBinding.java:98) ~[mongodb-driver-sync-5.2.1.jar:na]
	at com.mongodb.internal.operation.SyncOperationHelper.withSuppliedResource(SyncOperationHelper.java:148) ~[mongodb-driver-core-5.2.1.jar:na]
	at com.mongodb.internal.operation.SyncOperationHelper.withSourceAndConnection(SyncOperationHelper.java:129) ~[mongodb-driver-core-5.2.1.jar:na]
	at com.mongodb.internal.operation.SyncOperationHelper.lambda$executeRetryableWrite$11(SyncOperationHelper.java:252) ~[mongodb-driver-core-5.2.1.jar:na]
	at com.mongodb.internal.operation.SyncOperationHelper.lambda$decorateWriteWithRetries$12(SyncOperationHelper.java:308) ~[mongodb-driver-core-5.2.1.jar:na]
	at com.mongodb.internal.async.function.RetryingSyncSupplier.get(RetryingSyncSupplier.java:67) ~[mongodb-driver-core-5.2.1.jar:na]
	at com.mongodb.internal.operation.SyncOperationHelper.executeRetryableWrite(SyncOperationHelper.java:279) ~[mongodb-driver-core-5.2.1.jar:na]
	at com.mongodb.internal.operation.BaseFindAndModifyOperation.execute(BaseFindAndModifyOperation.java:73) ~[mongodb-driver-core-5.2.1.jar:na]
	at com.mongodb.client.internal.MongoClusterImpl$OperationExecutorImpl.execute(MongoClusterImpl.java:379) ~[mongodb-driver-sync-5.2.1.jar:na]
	at com.mongodb.client.internal.MongoCollectionImpl.executeFindOneAndUpdate(MongoCollectionImpl.java:786) ~[mongodb-driver-sync-5.2.1.jar:na]
	at com.mongodb.client.internal.MongoCollectionImpl.findOneAndUpdate(MongoCollectionImpl.java:765) ~[mongodb-driver-sync-5.2.1.jar:na]
	at org.springframework.data.mongodb.core.MongoTemplate$FindAndModifyCallback.doInCollection(MongoTemplate.java:3207) ~[spring-data-mongodb-4.4.4.jar:4.4.4]
	at org.springframework.data.mongodb.core.MongoTemplate$FindAndModifyCallback.doInCollection(MongoTemplate.java:3165) ~[spring-data-mongodb-4.4.4.jar:4.4.4]
	at org.springframework.data.mongodb.core.MongoTemplate.executeFindOneInternal(MongoTemplate.java:2892) ~[spring-data-mongodb-4.4.4.jar:4.4.4]
	... 56 common frames omitted

2026-09-22T23:40:30.543-05:00  INFO 90916 --- [   scheduling-1] org.mongodb.driver.cluster               : Waiting for server to become available for operation with ID 1803. Remaining time: 29999 ms. Selector: WritableServerSelector, topology description: {type=UNKNOWN, servers=[{address=localhost:32856, type=UNKNOWN, state=CONNECTING, exception={com.mongodb.MongoSocketOpenException: Exception opening socket}, caused by {java.net.ConnectException: Conexión rehusada}}].
2026-09-22T23:40:32.847-05:00 ERROR 90916 --- [   scheduling-1] o.s.s.s.TaskUtils$LoggingErrorHandler    : Unexpected error occurred in scheduled task

org.springframework.dao.DataAccessResourceFailureException: Timed out while waiting for a server that matches WritableServerSelector. Client view of cluster state is {type=UNKNOWN, servers=[{address=localhost:32857, type=UNKNOWN, state=CONNECTING, exception={com.mongodb.MongoSocketOpenException: Exception opening socket}, caused by {java.net.ConnectException: Conexión rehusada}}]
	at org.springframework.data.mongodb.core.MongoExceptionTranslator.doTranslateException(MongoExceptionTranslator.java:97) ~[spring-data-mongodb-4.4.4.jar:4.4.4]
	at org.springframework.data.mongodb.core.MongoExceptionTranslator.translateExceptionIfPossible(MongoExceptionTranslator.java:74) ~[spring-data-mongodb-4.4.4.jar:4.4.4]
	at org.springframework.data.mongodb.core.MongoTemplate.potentiallyConvertRuntimeException(MongoTemplate.java:3017) ~[spring-data-mongodb-4.4.4.jar:4.4.4]
	at org.springframework.data.mongodb.core.MongoTemplate.executeFindOneInternal(MongoTemplate.java:2895) ~[spring-data-mongodb-4.4.4.jar:4.4.4]
	at org.springframework.data.mongodb.core.MongoTemplate.doFindAndModify(MongoTemplate.java:2750) ~[spring-data-mongodb-4.4.4.jar:4.4.4]
	at org.springframework.data.mongodb.core.MongoTemplate.findAndModify(MongoTemplate.java:1091) ~[spring-data-mongodb-4.4.4.jar:4.4.4]
	at org.springframework.data.mongodb.core.MongoTemplate.findAndModify(MongoTemplate.java:1066) ~[spring-data-mongodb-4.4.4.jar:4.4.4]
	at com.traceability.core.infrastructure.projection.mongo.repositories.ProjectionRetryRepositoryImpl.claimNextPendingRetry(ProjectionRetryRepositoryImpl.java:45) ~[classes/:na]
	at java.base/jdk.internal.reflect.DirectMethodHandleAccessor.invoke(DirectMethodHandleAccessor.java:103) ~[na:na]
	at java.base/java.lang.reflect.Method.invoke(Method.java:580) ~[na:na]
	at org.springframework.aop.support.AopUtils.invokeJoinpointUsingReflection(AopUtils.java:359) ~[spring-aop-6.2.5.jar:6.2.5]
	at org.springframework.aop.framework.ReflectiveMethodInvocation.invokeJoinpoint(ReflectiveMethodInvocation.java:196) ~[spring-aop-6.2.5.jar:6.2.5]
	at org.springframework.aop.framework.ReflectiveMethodInvocation.proceed(ReflectiveMethodInvocation.java:163) ~[spring-aop-6.2.5.jar:6.2.5]
	at org.springframework.dao.support.PersistenceExceptionTranslationInterceptor.invoke(PersistenceExceptionTranslationInterceptor.java:138) ~[spring-tx-6.2.5.jar:6.2.5]
	at org.springframework.aop.framework.ReflectiveMethodInvocation.proceed(ReflectiveMethodInvocation.java:184) ~[spring-aop-6.2.5.jar:6.2.5]
	at org.springframework.aop.framework.CglibAopProxy$DynamicAdvisedInterceptor.intercept(CglibAopProxy.java:727) ~[spring-aop-6.2.5.jar:6.2.5]
	at com.traceability.core.infrastructure.projection.mongo.repositories.ProjectionRetryRepositoryImpl$$SpringCGLIB$$0.claimNextPendingRetry(<generated>) ~[classes/:na]
	at java.base/jdk.internal.reflect.DirectMethodHandleAccessor.invoke(DirectMethodHandleAccessor.java:103) ~[na:na]
	at java.base/java.lang.reflect.Method.invoke(Method.java:580) ~[na:na]
	at org.springframework.aop.support.AopUtils.invokeJoinpointUsingReflection(AopUtils.java:359) ~[spring-aop-6.2.5.jar:6.2.5]
	at org.springframework.data.repository.core.support.RepositoryMethodInvoker$RepositoryFragmentMethodInvoker.lambda$new$0(RepositoryMethodInvoker.java:277) ~[spring-data-commons-3.4.4.jar:3.4.4]
	at org.springframework.data.repository.core.support.RepositoryMethodInvoker.doInvoke(RepositoryMethodInvoker.java:170) ~[spring-data-commons-3.4.4.jar:3.4.4]
	at org.springframework.data.repository.core.support.RepositoryMethodInvoker.invoke(RepositoryMethodInvoker.java:158) ~[spring-data-commons-3.4.4.jar:3.4.4]
	at org.springframework.data.repository.core.support.RepositoryComposition$RepositoryFragments.invoke(RepositoryComposition.java:515) ~[spring-data-commons-3.4.4.jar:3.4.4]
	at org.springframework.data.repository.core.support.RepositoryComposition.invoke(RepositoryComposition.java:284) ~[spring-data-commons-3.4.4.jar:3.4.4]
	at org.springframework.data.repository.core.support.RepositoryFactorySupport$ImplementationMethodExecutionInterceptor.invoke(RepositoryFactorySupport.java:731) ~[spring-data-commons-3.4.4.jar:3.4.4]
	at org.springframework.aop.framework.ReflectiveMethodInvocation.proceed(ReflectiveMethodInvocation.java:184) ~[spring-aop-6.2.5.jar:6.2.5]
	at org.springframework.data.repository.core.support.QueryExecutorMethodInterceptor.doInvoke(QueryExecutorMethodInterceptor.java:174) ~[spring-data-commons-3.4.4.jar:3.4.4]
	at org.springframework.data.repository.core.support.QueryExecutorMethodInterceptor.invoke(QueryExecutorMethodInterceptor.java:149) ~[spring-data-commons-3.4.4.jar:3.4.4]
	at org.springframework.aop.framework.ReflectiveMethodInvocation.proceed(ReflectiveMethodInvocation.java:184) ~[spring-aop-6.2.5.jar:6.2.5]
	at org.springframework.data.projection.DefaultMethodInvokingMethodInterceptor.invoke(DefaultMethodInvokingMethodInterceptor.java:69) ~[spring-data-commons-3.4.4.jar:3.4.4]
	at org.springframework.aop.framework.ReflectiveMethodInvocation.proceed(ReflectiveMethodInvocation.java:184) ~[spring-aop-6.2.5.jar:6.2.5]
	at org.springframework.data.mongodb.repository.support.CrudMethodMetadataPostProcessor$CrudMethodMetadataPopulatingMethodInterceptor.invoke(CrudMethodMetadataPostProcessor.java:158) ~[spring-data-mongodb-4.4.4.jar:4.4.4]
	at org.springframework.aop.framework.ReflectiveMethodInvocation.proceed(ReflectiveMethodInvocation.java:184) ~[spring-aop-6.2.5.jar:6.2.5]
	at org.springframework.aop.framework.JdkDynamicAopProxy.invoke(JdkDynamicAopProxy.java:223) ~[spring-aop-6.2.5.jar:6.2.5]
	at jdk.proxy2/jdk.proxy2.$Proxy151.claimNextPendingRetry(Unknown Source) ~[na:na]
	at java.base/jdk.internal.reflect.DirectMethodHandleAccessor.invoke(DirectMethodHandleAccessor.java:103) ~[na:na]
	at java.base/java.lang.reflect.Method.invoke(Method.java:580) ~[na:na]
	at org.springframework.aop.support.AopUtils.invokeJoinpointUsingReflection(AopUtils.java:359) ~[spring-aop-6.2.5.jar:6.2.5]
	at org.springframework.aop.framework.ReflectiveMethodInvocation.invokeJoinpoint(ReflectiveMethodInvocation.java:196) ~[spring-aop-6.2.5.jar:6.2.5]
	at org.springframework.aop.framework.ReflectiveMethodInvocation.proceed(ReflectiveMethodInvocation.java:163) ~[spring-aop-6.2.5.jar:6.2.5]
	at org.springframework.dao.support.PersistenceExceptionTranslationInterceptor.invoke(PersistenceExceptionTranslationInterceptor.java:138) ~[spring-tx-6.2.5.jar:6.2.5]
	at org.springframework.aop.framework.ReflectiveMethodInvocation.proceed(ReflectiveMethodInvocation.java:184) ~[spring-aop-6.2.5.jar:6.2.5]
	at org.springframework.aop.framework.JdkDynamicAopProxy.invoke(JdkDynamicAopProxy.java:223) ~[spring-aop-6.2.5.jar:6.2.5]
	at jdk.proxy2/jdk.proxy2.$Proxy151.claimNextPendingRetry(Unknown Source) ~[na:na]
	at com.traceability.core.application.projection.ProjectionRetryScheduler.processRetries(ProjectionRetryScheduler.java:47) ~[classes/:na]
	at java.base/jdk.internal.reflect.DirectMethodHandleAccessor.invoke(DirectMethodHandleAccessor.java:103) ~[na:na]
	at java.base/java.lang.reflect.Method.invoke(Method.java:580) ~[na:na]
	at org.springframework.scheduling.support.ScheduledMethodRunnable.runInternal(ScheduledMethodRunnable.java:130) ~[spring-context-6.2.5.jar:6.2.5]
	at org.springframework.scheduling.support.ScheduledMethodRunnable.lambda$run$2(ScheduledMethodRunnable.java:124) ~[spring-context-6.2.5.jar:6.2.5]
	at io.micrometer.observation.Observation.observe(Observation.java:498) ~[micrometer-observation-1.14.5.jar:1.14.5]
	at org.springframework.scheduling.support.ScheduledMethodRunnable.run(ScheduledMethodRunnable.java:124) ~[spring-context-6.2.5.jar:6.2.5]
	at org.springframework.scheduling.config.Task$OutcomeTrackingRunnable.run(Task.java:85) ~[spring-context-6.2.5.jar:6.2.5]
	at org.springframework.scheduling.support.DelegatingErrorHandlingRunnable.run(DelegatingErrorHandlingRunnable.java:54) ~[spring-context-6.2.5.jar:6.2.5]
	at java.base/java.util.concurrent.Executors$RunnableAdapter.call(Executors.java:572) ~[na:na]
	at java.base/java.util.concurrent.FutureTask.runAndReset(FutureTask.java:358) ~[na:na]
	at java.base/java.util.concurrent.ScheduledThreadPoolExecutor$ScheduledFutureTask.run(ScheduledThreadPoolExecutor.java:305) ~[na:na]
	at java.base/java.util.concurrent.ThreadPoolExecutor.runWorker(ThreadPoolExecutor.java:1144) ~[na:na]
	at java.base/java.util.concurrent.ThreadPoolExecutor$Worker.run(ThreadPoolExecutor.java:642) ~[na:na]
	at java.base/java.lang.Thread.run(Thread.java:1583) ~[na:na]
Caused by: com.mongodb.MongoTimeoutException: Timed out while waiting for a server that matches WritableServerSelector. Client view of cluster state is {type=UNKNOWN, servers=[{address=localhost:32857, type=UNKNOWN, state=CONNECTING, exception={com.mongodb.MongoSocketOpenException: Exception opening socket}, caused by {java.net.ConnectException: Conexión rehusada}}]
	at com.mongodb.internal.connection.BaseCluster.logAndThrowTimeoutException(BaseCluster.java:427) ~[mongodb-driver-core-5.2.1.jar:na]
	at com.mongodb.internal.connection.BaseCluster.lambda$selectServer$0(BaseCluster.java:154) ~[mongodb-driver-core-5.2.1.jar:na]
	at com.mongodb.internal.time.Timeout.lambda$onExistsAndExpired$16(Timeout.java:236) ~[mongodb-driver-core-5.2.1.jar:na]
	at com.mongodb.internal.time.Timeout.lambda$run$10(Timeout.java:201) ~[mongodb-driver-core-5.2.1.jar:na]
	at com.mongodb.internal.time.TimePoint.checkedCall(TimePoint.java:98) ~[mongodb-driver-core-5.2.1.jar:na]
	at com.mongodb.internal.time.Timeout.call(Timeout.java:174) ~[mongodb-driver-core-5.2.1.jar:na]
	at com.mongodb.internal.time.Timeout.run(Timeout.java:194) ~[mongodb-driver-core-5.2.1.jar:na]
	at com.mongodb.internal.time.Timeout.onExistsAndExpired(Timeout.java:233) ~[mongodb-driver-core-5.2.1.jar:na]
	at com.mongodb.internal.time.Timeout.onExpired(Timeout.java:226) ~[mongodb-driver-core-5.2.1.jar:na]
	at com.mongodb.internal.connection.BaseCluster.selectServer(BaseCluster.java:153) ~[mongodb-driver-core-5.2.1.jar:na]
	at com.mongodb.internal.connection.SingleServerCluster.selectServer(SingleServerCluster.java:47) ~[mongodb-driver-core-5.2.1.jar:na]
	at com.mongodb.internal.binding.ClusterBinding.getWriteConnectionSource(ClusterBinding.java:100) ~[mongodb-driver-core-5.2.1.jar:na]
	at com.mongodb.client.internal.ClientSessionBinding.getConnectionSource(ClientSessionBinding.java:108) ~[mongodb-driver-sync-5.2.1.jar:na]
	at com.mongodb.client.internal.ClientSessionBinding.getWriteConnectionSource(ClientSessionBinding.java:98) ~[mongodb-driver-sync-5.2.1.jar:na]
	at com.mongodb.internal.operation.SyncOperationHelper.withSuppliedResource(SyncOperationHelper.java:148) ~[mongodb-driver-core-5.2.1.jar:na]
	at com.mongodb.internal.operation.SyncOperationHelper.withSourceAndConnection(SyncOperationHelper.java:129) ~[mongodb-driver-core-5.2.1.jar:na]
	at com.mongodb.internal.operation.SyncOperationHelper.lambda$executeRetryableWrite$11(SyncOperationHelper.java:252) ~[mongodb-driver-core-5.2.1.jar:na]
	at com.mongodb.internal.operation.SyncOperationHelper.lambda$decorateWriteWithRetries$12(SyncOperationHelper.java:308) ~[mongodb-driver-core-5.2.1.jar:na]
	at com.mongodb.internal.async.function.RetryingSyncSupplier.get(RetryingSyncSupplier.java:67) ~[mongodb-driver-core-5.2.1.jar:na]
	at com.mongodb.internal.operation.SyncOperationHelper.executeRetryableWrite(SyncOperationHelper.java:279) ~[mongodb-driver-core-5.2.1.jar:na]
	at com.mongodb.internal.operation.BaseFindAndModifyOperation.execute(BaseFindAndModifyOperation.java:73) ~[mongodb-driver-core-5.2.1.jar:na]
	at com.mongodb.client.internal.MongoClusterImpl$OperationExecutorImpl.execute(MongoClusterImpl.java:379) ~[mongodb-driver-sync-5.2.1.jar:na]
	at com.mongodb.client.internal.MongoCollectionImpl.executeFindOneAndUpdate(MongoCollectionImpl.java:786) ~[mongodb-driver-sync-5.2.1.jar:na]
	at com.mongodb.client.internal.MongoCollectionImpl.findOneAndUpdate(MongoCollectionImpl.java:765) ~[mongodb-driver-sync-5.2.1.jar:na]
	at org.springframework.data.mongodb.core.MongoTemplate$FindAndModifyCallback.doInCollection(MongoTemplate.java:3207) ~[spring-data-mongodb-4.4.4.jar:4.4.4]
	at org.springframework.data.mongodb.core.MongoTemplate$FindAndModifyCallback.doInCollection(MongoTemplate.java:3165) ~[spring-data-mongodb-4.4.4.jar:4.4.4]
	at org.springframework.data.mongodb.core.MongoTemplate.executeFindOneInternal(MongoTemplate.java:2892) ~[spring-data-mongodb-4.4.4.jar:4.4.4]
	... 56 common frames omitted

2026-09-22T23:40:32.948-05:00  INFO 90916 --- [   scheduling-1] org.mongodb.driver.cluster               : Waiting for server to become available for operation with ID 2322. Remaining time: 29999 ms. Selector: WritableServerSelector, topology description: {type=UNKNOWN, servers=[{address=localhost:32857, type=UNKNOWN, state=CONNECTING, exception={com.mongodb.MongoSocketOpenException: Exception opening socket}, caused by {java.net.ConnectException: Conexión rehusada}}].
2026-09-22T23:40:35.002-05:00 ERROR 90916 --- [   scheduling-1] o.s.s.s.TaskUtils$LoggingErrorHandler    : Unexpected error occurred in scheduled task

org.springframework.dao.DataAccessResourceFailureException: Timed out while waiting for a server that matches WritableServerSelector. Client view of cluster state is {type=UNKNOWN, servers=[{address=localhost:32858, type=UNKNOWN, state=CONNECTING, exception={com.mongodb.MongoSocketOpenException: Exception opening socket}, caused by {java.net.ConnectException: Conexión rehusada}}]
	at org.springframework.data.mongodb.core.MongoExceptionTranslator.doTranslateException(MongoExceptionTranslator.java:97) ~[spring-data-mongodb-4.4.4.jar:4.4.4]
	at org.springframework.data.mongodb.core.MongoExceptionTranslator.translateExceptionIfPossible(MongoExceptionTranslator.java:74) ~[spring-data-mongodb-4.4.4.jar:4.4.4]
	at org.springframework.data.mongodb.core.MongoTemplate.potentiallyConvertRuntimeException(MongoTemplate.java:3017) ~[spring-data-mongodb-4.4.4.jar:4.4.4]
	at org.springframework.data.mongodb.core.MongoTemplate.executeFindOneInternal(MongoTemplate.java:2895) ~[spring-data-mongodb-4.4.4.jar:4.4.4]
	at org.springframework.data.mongodb.core.MongoTemplate.doFindAndModify(MongoTemplate.java:2750) ~[spring-data-mongodb-4.4.4.jar:4.4.4]
	at org.springframework.data.mongodb.core.MongoTemplate.findAndModify(MongoTemplate.java:1091) ~[spring-data-mongodb-4.4.4.jar:4.4.4]
	at org.springframework.data.mongodb.core.MongoTemplate.findAndModify(MongoTemplate.java:1066) ~[spring-data-mongodb-4.4.4.jar:4.4.4]
	at com.traceability.core.infrastructure.projection.mongo.repositories.ProjectionRetryRepositoryImpl.claimNextPendingRetry(ProjectionRetryRepositoryImpl.java:45) ~[classes/:na]
	at java.base/jdk.internal.reflect.DirectMethodHandleAccessor.invoke(DirectMethodHandleAccessor.java:103) ~[na:na]
	at java.base/java.lang.reflect.Method.invoke(Method.java:580) ~[na:na]
	at org.springframework.aop.support.AopUtils.invokeJoinpointUsingReflection(AopUtils.java:359) ~[spring-aop-6.2.5.jar:6.2.5]
	at org.springframework.aop.framework.ReflectiveMethodInvocation.invokeJoinpoint(ReflectiveMethodInvocation.java:196) ~[spring-aop-6.2.5.jar:6.2.5]
	at org.springframework.aop.framework.ReflectiveMethodInvocation.proceed(ReflectiveMethodInvocation.java:163) ~[spring-aop-6.2.5.jar:6.2.5]
	at org.springframework.dao.support.PersistenceExceptionTranslationInterceptor.invoke(PersistenceExceptionTranslationInterceptor.java:138) ~[spring-tx-6.2.5.jar:6.2.5]
	at org.springframework.aop.framework.ReflectiveMethodInvocation.proceed(ReflectiveMethodInvocation.java:184) ~[spring-aop-6.2.5.jar:6.2.5]
	at org.springframework.aop.framework.CglibAopProxy$DynamicAdvisedInterceptor.intercept(CglibAopProxy.java:727) ~[spring-aop-6.2.5.jar:6.2.5]
	at com.traceability.core.infrastructure.projection.mongo.repositories.ProjectionRetryRepositoryImpl$$SpringCGLIB$$0.claimNextPendingRetry(<generated>) ~[classes/:na]
	at java.base/jdk.internal.reflect.DirectMethodHandleAccessor.invoke(DirectMethodHandleAccessor.java:103) ~[na:na]
	at java.base/java.lang.reflect.Method.invoke(Method.java:580) ~[na:na]
	at org.springframework.aop.support.AopUtils.invokeJoinpointUsingReflection(AopUtils.java:359) ~[spring-aop-6.2.5.jar:6.2.5]
	at org.springframework.data.repository.core.support.RepositoryMethodInvoker$RepositoryFragmentMethodInvoker.lambda$new$0(RepositoryMethodInvoker.java:277) ~[spring-data-commons-3.4.4.jar:3.4.4]
	at org.springframework.data.repository.core.support.RepositoryMethodInvoker.doInvoke(RepositoryMethodInvoker.java:170) ~[spring-data-commons-3.4.4.jar:3.4.4]
	at org.springframework.data.repository.core.support.RepositoryMethodInvoker.invoke(RepositoryMethodInvoker.java:158) ~[spring-data-commons-3.4.4.jar:3.4.4]
	at org.springframework.data.repository.core.support.RepositoryComposition$RepositoryFragments.invoke(RepositoryComposition.java:515) ~[spring-data-commons-3.4.4.jar:3.4.4]
	at org.springframework.data.repository.core.support.RepositoryComposition.invoke(RepositoryComposition.java:284) ~[spring-data-commons-3.4.4.jar:3.4.4]
	at org.springframework.data.repository.core.support.RepositoryFactorySupport$ImplementationMethodExecutionInterceptor.invoke(RepositoryFactorySupport.java:731) ~[spring-data-commons-3.4.4.jar:3.4.4]
	at org.springframework.aop.framework.ReflectiveMethodInvocation.proceed(ReflectiveMethodInvocation.java:184) ~[spring-aop-6.2.5.jar:6.2.5]
	at org.springframework.data.repository.core.support.QueryExecutorMethodInterceptor.doInvoke(QueryExecutorMethodInterceptor.java:174) ~[spring-data-commons-3.4.4.jar:3.4.4]
	at org.springframework.data.repository.core.support.QueryExecutorMethodInterceptor.invoke(QueryExecutorMethodInterceptor.java:149) ~[spring-data-commons-3.4.4.jar:3.4.4]
	at org.springframework.aop.framework.ReflectiveMethodInvocation.proceed(ReflectiveMethodInvocation.java:184) ~[spring-aop-6.2.5.jar:6.2.5]
	at org.springframework.data.projection.DefaultMethodInvokingMethodInterceptor.invoke(DefaultMethodInvokingMethodInterceptor.java:69) ~[spring-data-commons-3.4.4.jar:3.4.4]
	at org.springframework.aop.framework.ReflectiveMethodInvocation.proceed(ReflectiveMethodInvocation.java:184) ~[spring-aop-6.2.5.jar:6.2.5]
	at org.springframework.data.mongodb.repository.support.CrudMethodMetadataPostProcessor$CrudMethodMetadataPopulatingMethodInterceptor.invoke(CrudMethodMetadataPostProcessor.java:158) ~[spring-data-mongodb-4.4.4.jar:4.4.4]
	at org.springframework.aop.framework.ReflectiveMethodInvocation.proceed(ReflectiveMethodInvocation.java:184) ~[spring-aop-6.2.5.jar:6.2.5]
	at org.springframework.aop.framework.JdkDynamicAopProxy.invoke(JdkDynamicAopProxy.java:223) ~[spring-aop-6.2.5.jar:6.2.5]
	at jdk.proxy2/jdk.proxy2.$Proxy151.claimNextPendingRetry(Unknown Source) ~[na:na]
	at java.base/jdk.internal.reflect.DirectMethodHandleAccessor.invoke(DirectMethodHandleAccessor.java:103) ~[na:na]
	at java.base/java.lang.reflect.Method.invoke(Method.java:580) ~[na:na]
	at org.springframework.aop.support.AopUtils.invokeJoinpointUsingReflection(AopUtils.java:359) ~[spring-aop-6.2.5.jar:6.2.5]
	at org.springframework.aop.framework.ReflectiveMethodInvocation.invokeJoinpoint(ReflectiveMethodInvocation.java:196) ~[spring-aop-6.2.5.jar:6.2.5]
	at org.springframework.aop.framework.ReflectiveMethodInvocation.proceed(ReflectiveMethodInvocation.java:163) ~[spring-aop-6.2.5.jar:6.2.5]
	at org.springframework.dao.support.PersistenceExceptionTranslationInterceptor.invoke(PersistenceExceptionTranslationInterceptor.java:138) ~[spring-tx-6.2.5.jar:6.2.5]
	at org.springframework.aop.framework.ReflectiveMethodInvocation.proceed(ReflectiveMethodInvocation.java:184) ~[spring-aop-6.2.5.jar:6.2.5]
	at org.springframework.aop.framework.JdkDynamicAopProxy.invoke(JdkDynamicAopProxy.java:223) ~[spring-aop-6.2.5.jar:6.2.5]
	at jdk.proxy2/jdk.proxy2.$Proxy151.claimNextPendingRetry(Unknown Source) ~[na:na]
	at com.traceability.core.application.projection.ProjectionRetryScheduler.processRetries(ProjectionRetryScheduler.java:47) ~[classes/:na]
	at java.base/jdk.internal.reflect.DirectMethodHandleAccessor.invoke(DirectMethodHandleAccessor.java:103) ~[na:na]
	at java.base/java.lang.reflect.Method.invoke(Method.java:580) ~[na:na]
	at org.springframework.scheduling.support.ScheduledMethodRunnable.runInternal(ScheduledMethodRunnable.java:130) ~[spring-context-6.2.5.jar:6.2.5]
	at org.springframework.scheduling.support.ScheduledMethodRunnable.lambda$run$2(ScheduledMethodRunnable.java:124) ~[spring-context-6.2.5.jar:6.2.5]
	at io.micrometer.observation.Observation.observe(Observation.java:498) ~[micrometer-observation-1.14.5.jar:1.14.5]
	at org.springframework.scheduling.support.ScheduledMethodRunnable.run(ScheduledMethodRunnable.java:124) ~[spring-context-6.2.5.jar:6.2.5]
	at org.springframework.scheduling.config.Task$OutcomeTrackingRunnable.run(Task.java:85) ~[spring-context-6.2.5.jar:6.2.5]
	at org.springframework.scheduling.support.DelegatingErrorHandlingRunnable.run(DelegatingErrorHandlingRunnable.java:54) ~[spring-context-6.2.5.jar:6.2.5]
	at java.base/java.util.concurrent.Executors$RunnableAdapter.call(Executors.java:572) ~[na:na]
	at java.base/java.util.concurrent.FutureTask.runAndReset(FutureTask.java:358) ~[na:na]
	at java.base/java.util.concurrent.ScheduledThreadPoolExecutor$ScheduledFutureTask.run(ScheduledThreadPoolExecutor.java:305) ~[na:na]
	at java.base/java.util.concurrent.ThreadPoolExecutor.runWorker(ThreadPoolExecutor.java:1144) ~[na:na]
	at java.base/java.util.concurrent.ThreadPoolExecutor$Worker.run(ThreadPoolExecutor.java:642) ~[na:na]
	at java.base/java.lang.Thread.run(Thread.java:1583) ~[na:na]
Caused by: com.mongodb.MongoTimeoutException: Timed out while waiting for a server that matches WritableServerSelector. Client view of cluster state is {type=UNKNOWN, servers=[{address=localhost:32858, type=UNKNOWN, state=CONNECTING, exception={com.mongodb.MongoSocketOpenException: Exception opening socket}, caused by {java.net.ConnectException: Conexión rehusada}}]
	at com.mongodb.internal.connection.BaseCluster.logAndThrowTimeoutException(BaseCluster.java:427) ~[mongodb-driver-core-5.2.1.jar:na]
	at com.mongodb.internal.connection.BaseCluster.lambda$selectServer$0(BaseCluster.java:154) ~[mongodb-driver-core-5.2.1.jar:na]
	at com.mongodb.internal.time.Timeout.lambda$onExistsAndExpired$16(Timeout.java:236) ~[mongodb-driver-core-5.2.1.jar:na]
	at com.mongodb.internal.time.Timeout.lambda$run$10(Timeout.java:201) ~[mongodb-driver-core-5.2.1.jar:na]
	at com.mongodb.internal.time.TimePoint.checkedCall(TimePoint.java:98) ~[mongodb-driver-core-5.2.1.jar:na]
	at com.mongodb.internal.time.Timeout.call(Timeout.java:174) ~[mongodb-driver-core-5.2.1.jar:na]
	at com.mongodb.internal.time.Timeout.run(Timeout.java:194) ~[mongodb-driver-core-5.2.1.jar:na]
	at com.mongodb.internal.time.Timeout.onExistsAndExpired(Timeout.java:233) ~[mongodb-driver-core-5.2.1.jar:na]
	at com.mongodb.internal.time.Timeout.onExpired(Timeout.java:226) ~[mongodb-driver-core-5.2.1.jar:na]
	at com.mongodb.internal.connection.BaseCluster.selectServer(BaseCluster.java:153) ~[mongodb-driver-core-5.2.1.jar:na]
	at com.mongodb.internal.connection.SingleServerCluster.selectServer(SingleServerCluster.java:47) ~[mongodb-driver-core-5.2.1.jar:na]
	at com.mongodb.internal.binding.ClusterBinding.getWriteConnectionSource(ClusterBinding.java:100) ~[mongodb-driver-core-5.2.1.jar:na]
	at com.mongodb.client.internal.ClientSessionBinding.getConnectionSource(ClientSessionBinding.java:108) ~[mongodb-driver-sync-5.2.1.jar:na]
	at com.mongodb.client.internal.ClientSessionBinding.getWriteConnectionSource(ClientSessionBinding.java:98) ~[mongodb-driver-sync-5.2.1.jar:na]
	at com.mongodb.internal.operation.SyncOperationHelper.withSuppliedResource(SyncOperationHelper.java:148) ~[mongodb-driver-core-5.2.1.jar:na]
	at com.mongodb.internal.operation.SyncOperationHelper.withSourceAndConnection(SyncOperationHelper.java:129) ~[mongodb-driver-core-5.2.1.jar:na]
	at com.mongodb.internal.operation.SyncOperationHelper.lambda$executeRetryableWrite$11(SyncOperationHelper.java:252) ~[mongodb-driver-core-5.2.1.jar:na]
	at com.mongodb.internal.operation.SyncOperationHelper.lambda$decorateWriteWithRetries$12(SyncOperationHelper.java:308) ~[mongodb-driver-core-5.2.1.jar:na]
	at com.mongodb.internal.async.function.RetryingSyncSupplier.get(RetryingSyncSupplier.java:67) ~[mongodb-driver-core-5.2.1.jar:na]
	at com.mongodb.internal.operation.SyncOperationHelper.executeRetryableWrite(SyncOperationHelper.java:279) ~[mongodb-driver-core-5.2.1.jar:na]
	at com.mongodb.internal.operation.BaseFindAndModifyOperation.execute(BaseFindAndModifyOperation.java:73) ~[mongodb-driver-core-5.2.1.jar:na]
	at com.mongodb.client.internal.MongoClusterImpl$OperationExecutorImpl.execute(MongoClusterImpl.java:379) ~[mongodb-driver-sync-5.2.1.jar:na]
	at com.mongodb.client.internal.MongoCollectionImpl.executeFindOneAndUpdate(MongoCollectionImpl.java:786) ~[mongodb-driver-sync-5.2.1.jar:na]
	at com.mongodb.client.internal.MongoCollectionImpl.findOneAndUpdate(MongoCollectionImpl.java:765) ~[mongodb-driver-sync-5.2.1.jar:na]
	at org.springframework.data.mongodb.core.MongoTemplate$FindAndModifyCallback.doInCollection(MongoTemplate.java:3207) ~[spring-data-mongodb-4.4.4.jar:4.4.4]
	at org.springframework.data.mongodb.core.MongoTemplate$FindAndModifyCallback.doInCollection(MongoTemplate.java:3165) ~[spring-data-mongodb-4.4.4.jar:4.4.4]
	at org.springframework.data.mongodb.core.MongoTemplate.executeFindOneInternal(MongoTemplate.java:2892) ~[spring-data-mongodb-4.4.4.jar:4.4.4]
	... 56 common frames omitted

2026-09-22T23:40:35.103-05:00  INFO 90916 --- [   scheduling-1] org.mongodb.driver.cluster               : Waiting for server to become available for operation with ID 2400. Remaining time: 29999 ms. Selector: WritableServerSelector, topology description: {type=UNKNOWN, servers=[{address=localhost:32858, type=UNKNOWN, state=CONNECTING, exception={com.mongodb.MongoSocketOpenException: Exception opening socket}, caused by {java.net.ConnectException: Conexión rehusada}}].
2026-09-22T23:40:37.237-05:00 ERROR 90916 --- [   scheduling-1] o.s.s.s.TaskUtils$LoggingErrorHandler    : Unexpected error occurred in scheduled task

org.springframework.dao.DataAccessResourceFailureException: Timed out while waiting for a server that matches WritableServerSelector. Client view of cluster state is {type=UNKNOWN, servers=[{address=localhost:32859, type=UNKNOWN, state=CONNECTING, exception={com.mongodb.MongoSocketOpenException: Exception opening socket}, caused by {java.net.ConnectException: Conexión rehusada}}]
	at org.springframework.data.mongodb.core.MongoExceptionTranslator.doTranslateException(MongoExceptionTranslator.java:97) ~[spring-data-mongodb-4.4.4.jar:4.4.4]
	at org.springframework.data.mongodb.core.MongoExceptionTranslator.translateExceptionIfPossible(MongoExceptionTranslator.java:74) ~[spring-data-mongodb-4.4.4.jar:4.4.4]
	at org.springframework.data.mongodb.core.MongoTemplate.potentiallyConvertRuntimeException(MongoTemplate.java:3017) ~[spring-data-mongodb-4.4.4.jar:4.4.4]
	at org.springframework.data.mongodb.core.MongoTemplate.executeFindOneInternal(MongoTemplate.java:2895) ~[spring-data-mongodb-4.4.4.jar:4.4.4]
	at org.springframework.data.mongodb.core.MongoTemplate.doFindAndModify(MongoTemplate.java:2750) ~[spring-data-mongodb-4.4.4.jar:4.4.4]
	at org.springframework.data.mongodb.core.MongoTemplate.findAndModify(MongoTemplate.java:1091) ~[spring-data-mongodb-4.4.4.jar:4.4.4]
	at org.springframework.data.mongodb.core.MongoTemplate.findAndModify(MongoTemplate.java:1066) ~[spring-data-mongodb-4.4.4.jar:4.4.4]
	at com.traceability.core.infrastructure.projection.mongo.repositories.ProjectionRetryRepositoryImpl.claimNextPendingRetry(ProjectionRetryRepositoryImpl.java:45) ~[classes/:na]
	at java.base/jdk.internal.reflect.DirectMethodHandleAccessor.invoke(DirectMethodHandleAccessor.java:103) ~[na:na]
	at java.base/java.lang.reflect.Method.invoke(Method.java:580) ~[na:na]
	at org.springframework.aop.support.AopUtils.invokeJoinpointUsingReflection(AopUtils.java:359) ~[spring-aop-6.2.5.jar:6.2.5]
	at org.springframework.aop.framework.ReflectiveMethodInvocation.invokeJoinpoint(ReflectiveMethodInvocation.java:196) ~[spring-aop-6.2.5.jar:6.2.5]
	at org.springframework.aop.framework.ReflectiveMethodInvocation.proceed(ReflectiveMethodInvocation.java:163) ~[spring-aop-6.2.5.jar:6.2.5]
	at org.springframework.dao.support.PersistenceExceptionTranslationInterceptor.invoke(PersistenceExceptionTranslationInterceptor.java:138) ~[spring-tx-6.2.5.jar:6.2.5]
	at org.springframework.aop.framework.ReflectiveMethodInvocation.proceed(ReflectiveMethodInvocation.java:184) ~[spring-aop-6.2.5.jar:6.2.5]
	at org.springframework.aop.framework.CglibAopProxy$DynamicAdvisedInterceptor.intercept(CglibAopProxy.java:727) ~[spring-aop-6.2.5.jar:6.2.5]
	at com.traceability.core.infrastructure.projection.mongo.repositories.ProjectionRetryRepositoryImpl$$SpringCGLIB$$0.claimNextPendingRetry(<generated>) ~[classes/:na]
	at java.base/jdk.internal.reflect.DirectMethodHandleAccessor.invoke(DirectMethodHandleAccessor.java:103) ~[na:na]
	at java.base/java.lang.reflect.Method.invoke(Method.java:580) ~[na:na]
	at org.springframework.aop.support.AopUtils.invokeJoinpointUsingReflection(AopUtils.java:359) ~[spring-aop-6.2.5.jar:6.2.5]
	at org.springframework.data.repository.core.support.RepositoryMethodInvoker$RepositoryFragmentMethodInvoker.lambda$new$0(RepositoryMethodInvoker.java:277) ~[spring-data-commons-3.4.4.jar:3.4.4]
	at org.springframework.data.repository.core.support.RepositoryMethodInvoker.doInvoke(RepositoryMethodInvoker.java:170) ~[spring-data-commons-3.4.4.jar:3.4.4]
	at org.springframework.data.repository.core.support.RepositoryMethodInvoker.invoke(RepositoryMethodInvoker.java:158) ~[spring-data-commons-3.4.4.jar:3.4.4]
	at org.springframework.data.repository.core.support.RepositoryComposition$RepositoryFragments.invoke(RepositoryComposition.java:515) ~[spring-data-commons-3.4.4.jar:3.4.4]
	at org.springframework.data.repository.core.support.RepositoryComposition.invoke(RepositoryComposition.java:284) ~[spring-data-commons-3.4.4.jar:3.4.4]
	at org.springframework.data.repository.core.support.RepositoryFactorySupport$ImplementationMethodExecutionInterceptor.invoke(RepositoryFactorySupport.java:731) ~[spring-data-commons-3.4.4.jar:3.4.4]
	at org.springframework.aop.framework.ReflectiveMethodInvocation.proceed(ReflectiveMethodInvocation.java:184) ~[spring-aop-6.2.5.jar:6.2.5]
	at org.springframework.data.repository.core.support.QueryExecutorMethodInterceptor.doInvoke(QueryExecutorMethodInterceptor.java:174) ~[spring-data-commons-3.4.4.jar:3.4.4]
	at org.springframework.data.repository.core.support.QueryExecutorMethodInterceptor.invoke(QueryExecutorMethodInterceptor.java:149) ~[spring-data-commons-3.4.4.jar:3.4.4]
	at org.springframework.aop.framework.ReflectiveMethodInvocation.proceed(ReflectiveMethodInvocation.java:184) ~[spring-aop-6.2.5.jar:6.2.5]
	at org.springframework.data.projection.DefaultMethodInvokingMethodInterceptor.invoke(DefaultMethodInvokingMethodInterceptor.java:69) ~[spring-data-commons-3.4.4.jar:3.4.4]
	at org.springframework.aop.framework.ReflectiveMethodInvocation.proceed(ReflectiveMethodInvocation.java:184) ~[spring-aop-6.2.5.jar:6.2.5]
	at org.springframework.data.mongodb.repository.support.CrudMethodMetadataPostProcessor$CrudMethodMetadataPopulatingMethodInterceptor.invoke(CrudMethodMetadataPostProcessor.java:158) ~[spring-data-mongodb-4.4.4.jar:4.4.4]
	at org.springframework.aop.framework.ReflectiveMethodInvocation.proceed(ReflectiveMethodInvocation.java:184) ~[spring-aop-6.2.5.jar:6.2.5]
	at org.springframework.aop.framework.JdkDynamicAopProxy.invoke(JdkDynamicAopProxy.java:223) ~[spring-aop-6.2.5.jar:6.2.5]
	at jdk.proxy2/jdk.proxy2.$Proxy151.claimNextPendingRetry(Unknown Source) ~[na:na]
	at java.base/jdk.internal.reflect.DirectMethodHandleAccessor.invoke(DirectMethodHandleAccessor.java:103) ~[na:na]
	at java.base/java.lang.reflect.Method.invoke(Method.java:580) ~[na:na]
	at org.springframework.aop.support.AopUtils.invokeJoinpointUsingReflection(AopUtils.java:359) ~[spring-aop-6.2.5.jar:6.2.5]
	at org.springframework.aop.framework.ReflectiveMethodInvocation.invokeJoinpoint(ReflectiveMethodInvocation.java:196) ~[spring-aop-6.2.5.jar:6.2.5]
	at org.springframework.aop.framework.ReflectiveMethodInvocation.proceed(ReflectiveMethodInvocation.java:163) ~[spring-aop-6.2.5.jar:6.2.5]
	at org.springframework.dao.support.PersistenceExceptionTranslationInterceptor.invoke(PersistenceExceptionTranslationInterceptor.java:138) ~[spring-tx-6.2.5.jar:6.2.5]
	at org.springframework.aop.framework.ReflectiveMethodInvocation.proceed(ReflectiveMethodInvocation.java:184) ~[spring-aop-6.2.5.jar:6.2.5]
	at org.springframework.aop.framework.JdkDynamicAopProxy.invoke(JdkDynamicAopProxy.java:223) ~[spring-aop-6.2.5.jar:6.2.5]
	at jdk.proxy2/jdk.proxy2.$Proxy151.claimNextPendingRetry(Unknown Source) ~[na:na]
	at com.traceability.core.application.projection.ProjectionRetryScheduler.processRetries(ProjectionRetryScheduler.java:47) ~[classes/:na]
	at java.base/jdk.internal.reflect.DirectMethodHandleAccessor.invoke(DirectMethodHandleAccessor.java:103) ~[na:na]
	at java.base/java.lang.reflect.Method.invoke(Method.java:580) ~[na:na]
	at org.springframework.scheduling.support.ScheduledMethodRunnable.runInternal(ScheduledMethodRunnable.java:130) ~[spring-context-6.2.5.jar:6.2.5]
	at org.springframework.scheduling.support.ScheduledMethodRunnable.lambda$run$2(ScheduledMethodRunnable.java:124) ~[spring-context-6.2.5.jar:6.2.5]
	at io.micrometer.observation.Observation.observe(Observation.java:498) ~[micrometer-observation-1.14.5.jar:1.14.5]
	at org.springframework.scheduling.support.ScheduledMethodRunnable.run(ScheduledMethodRunnable.java:124) ~[spring-context-6.2.5.jar:6.2.5]
	at org.springframework.scheduling.config.Task$OutcomeTrackingRunnable.run(Task.java:85) ~[spring-context-6.2.5.jar:6.2.5]
	at org.springframework.scheduling.support.DelegatingErrorHandlingRunnable.run(DelegatingErrorHandlingRunnable.java:54) ~[spring-context-6.2.5.jar:6.2.5]
	at java.base/java.util.concurrent.Executors$RunnableAdapter.call(Executors.java:572) ~[na:na]
	at java.base/java.util.concurrent.FutureTask.runAndReset(FutureTask.java:358) ~[na:na]
	at java.base/java.util.concurrent.ScheduledThreadPoolExecutor$ScheduledFutureTask.run(ScheduledThreadPoolExecutor.java:305) ~[na:na]
	at java.base/java.util.concurrent.ThreadPoolExecutor.runWorker(ThreadPoolExecutor.java:1144) ~[na:na]
	at java.base/java.util.concurrent.ThreadPoolExecutor$Worker.run(ThreadPoolExecutor.java:642) ~[na:na]
	at java.base/java.lang.Thread.run(Thread.java:1583) ~[na:na]
Caused by: com.mongodb.MongoTimeoutException: Timed out while waiting for a server that matches WritableServerSelector. Client view of cluster state is {type=UNKNOWN, servers=[{address=localhost:32859, type=UNKNOWN, state=CONNECTING, exception={com.mongodb.MongoSocketOpenException: Exception opening socket}, caused by {java.net.ConnectException: Conexión rehusada}}]
	at com.mongodb.internal.connection.BaseCluster.logAndThrowTimeoutException(BaseCluster.java:427) ~[mongodb-driver-core-5.2.1.jar:na]
	at com.mongodb.internal.connection.BaseCluster.lambda$selectServer$0(BaseCluster.java:154) ~[mongodb-driver-core-5.2.1.jar:na]
	at com.mongodb.internal.time.Timeout.lambda$onExistsAndExpired$16(Timeout.java:236) ~[mongodb-driver-core-5.2.1.jar:na]
	at com.mongodb.internal.time.Timeout.lambda$run$10(Timeout.java:201) ~[mongodb-driver-core-5.2.1.jar:na]
	at com.mongodb.internal.time.TimePoint.checkedCall(TimePoint.java:98) ~[mongodb-driver-core-5.2.1.jar:na]
	at com.mongodb.internal.time.Timeout.call(Timeout.java:174) ~[mongodb-driver-core-5.2.1.jar:na]
	at com.mongodb.internal.time.Timeout.run(Timeout.java:194) ~[mongodb-driver-core-5.2.1.jar:na]
	at com.mongodb.internal.time.Timeout.onExistsAndExpired(Timeout.java:233) ~[mongodb-driver-core-5.2.1.jar:na]
	at com.mongodb.internal.time.Timeout.onExpired(Timeout.java:226) ~[mongodb-driver-core-5.2.1.jar:na]
	at com.mongodb.internal.connection.BaseCluster.selectServer(BaseCluster.java:153) ~[mongodb-driver-core-5.2.1.jar:na]
	at com.mongodb.internal.connection.SingleServerCluster.selectServer(SingleServerCluster.java:47) ~[mongodb-driver-core-5.2.1.jar:na]
	at com.mongodb.internal.binding.ClusterBinding.getWriteConnectionSource(ClusterBinding.java:100) ~[mongodb-driver-core-5.2.1.jar:na]
	at com.mongodb.client.internal.ClientSessionBinding.getConnectionSource(ClientSessionBinding.java:108) ~[mongodb-driver-sync-5.2.1.jar:na]
	at com.mongodb.client.internal.ClientSessionBinding.getWriteConnectionSource(ClientSessionBinding.java:98) ~[mongodb-driver-sync-5.2.1.jar:na]
	at com.mongodb.internal.operation.SyncOperationHelper.withSuppliedResource(SyncOperationHelper.java:148) ~[mongodb-driver-core-5.2.1.jar:na]
	at com.mongodb.internal.operation.SyncOperationHelper.withSourceAndConnection(SyncOperationHelper.java:129) ~[mongodb-driver-core-5.2.1.jar:na]
	at com.mongodb.internal.operation.SyncOperationHelper.lambda$executeRetryableWrite$11(SyncOperationHelper.java:252) ~[mongodb-driver-core-5.2.1.jar:na]
	at com.mongodb.internal.operation.SyncOperationHelper.lambda$decorateWriteWithRetries$12(SyncOperationHelper.java:308) ~[mongodb-driver-core-5.2.1.jar:na]
	at com.mongodb.internal.async.function.RetryingSyncSupplier.get(RetryingSyncSupplier.java:67) ~[mongodb-driver-core-5.2.1.jar:na]
	at com.mongodb.internal.operation.SyncOperationHelper.executeRetryableWrite(SyncOperationHelper.java:279) ~[mongodb-driver-core-5.2.1.jar:na]
	at com.mongodb.internal.operation.BaseFindAndModifyOperation.execute(BaseFindAndModifyOperation.java:73) ~[mongodb-driver-core-5.2.1.jar:na]
	at com.mongodb.client.internal.MongoClusterImpl$OperationExecutorImpl.execute(MongoClusterImpl.java:379) ~[mongodb-driver-sync-5.2.1.jar:na]
	at com.mongodb.client.internal.MongoCollectionImpl.executeFindOneAndUpdate(MongoCollectionImpl.java:786) ~[mongodb-driver-sync-5.2.1.jar:na]
	at com.mongodb.client.internal.MongoCollectionImpl.findOneAndUpdate(MongoCollectionImpl.java:765) ~[mongodb-driver-sync-5.2.1.jar:na]
	at org.springframework.data.mongodb.core.MongoTemplate$FindAndModifyCallback.doInCollection(MongoTemplate.java:3207) ~[spring-data-mongodb-4.4.4.jar:4.4.4]
	at org.springframework.data.mongodb.core.MongoTemplate$FindAndModifyCallback.doInCollection(MongoTemplate.java:3165) ~[spring-data-mongodb-4.4.4.jar:4.4.4]
	at org.springframework.data.mongodb.core.MongoTemplate.executeFindOneInternal(MongoTemplate.java:2892) ~[spring-data-mongodb-4.4.4.jar:4.4.4]
	... 56 common frames omitted

2026-09-22T23:40:37.338-05:00  INFO 90916 --- [   scheduling-1] org.mongodb.driver.cluster               : Waiting for server to become available for operation with ID 2522. Remaining time: 29999 ms. Selector: WritableServerSelector, topology description: {type=UNKNOWN, servers=[{address=localhost:32859, type=UNKNOWN, state=CONNECTING, exception={com.mongodb.MongoSocketOpenException: Exception opening socket}, caused by {java.net.ConnectException: Conexión rehusada}}].
2026-09-22T23:40:39.145-05:00  INFO 90916 --- [localhost:32867] org.mongodb.driver.cluster               : Exception in monitor thread while connecting to server localhost:32867

com.mongodb.MongoSocketReadException: Prematurely reached end of stream
	at com.mongodb.internal.connection.SocketStream.read(SocketStream.java:184) ~[mongodb-driver-core-5.2.1.jar:na]
	at com.mongodb.internal.connection.InternalStreamConnection.receiveResponseBuffers(InternalStreamConnection.java:829) ~[mongodb-driver-core-5.2.1.jar:na]
	at com.mongodb.internal.connection.InternalStreamConnection.receiveCommandMessageResponse(InternalStreamConnection.java:517) ~[mongodb-driver-core-5.2.1.jar:na]
	at com.mongodb.internal.connection.InternalStreamConnection.receive(InternalStreamConnection.java:469) ~[mongodb-driver-core-5.2.1.jar:na]
	at com.mongodb.internal.connection.DefaultServerMonitor$ServerMonitor.lookupServerDescription(DefaultServerMonitor.java:249) ~[mongodb-driver-core-5.2.1.jar:na]
	at com.mongodb.internal.connection.DefaultServerMonitor$ServerMonitor.run(DefaultServerMonitor.java:176) ~[mongodb-driver-core-5.2.1.jar:na]

2026-09-22T23:40:39.146-05:00  INFO 90916 --- [localhost:32867] org.mongodb.driver.cluster               : Exception in monitor thread while connecting to server localhost:32867

com.mongodb.MongoSocketReadException: Exception receiving message
	at com.mongodb.internal.connection.InternalStreamConnection.translateReadException(InternalStreamConnection.java:814) ~[mongodb-driver-core-5.2.1.jar:na]
	at com.mongodb.internal.connection.InternalStreamConnection.receiveResponseBuffers(InternalStreamConnection.java:862) ~[mongodb-driver-core-5.2.1.jar:na]
	at com.mongodb.internal.connection.InternalStreamConnection.receiveCommandMessageResponse(InternalStreamConnection.java:517) ~[mongodb-driver-core-5.2.1.jar:na]
	at com.mongodb.internal.connection.InternalStreamConnection.sendAndReceiveInternal(InternalStreamConnection.java:448) ~[mongodb-driver-core-5.2.1.jar:na]
	at com.mongodb.internal.connection.InternalStreamConnection.lambda$sendAndReceive$0(InternalStreamConnection.java:375) ~[mongodb-driver-core-5.2.1.jar:na]
	at com.mongodb.internal.connection.InternalStreamConnection.sendAndReceive(InternalStreamConnection.java:378) ~[mongodb-driver-core-5.2.1.jar:na]
	at com.mongodb.internal.connection.CommandHelper.sendAndReceive(CommandHelper.java:100) ~[mongodb-driver-core-5.2.1.jar:na]
	at com.mongodb.internal.connection.CommandHelper.executeCommand(CommandHelper.java:49) ~[mongodb-driver-core-5.2.1.jar:na]
	at com.mongodb.internal.connection.InternalStreamConnectionInitializer.initializeConnectionDescription(InternalStreamConnectionInitializer.java:144) ~[mongodb-driver-core-5.2.1.jar:na]
	at com.mongodb.internal.connection.InternalStreamConnectionInitializer.startHandshake(InternalStreamConnectionInitializer.java:79) ~[mongodb-driver-core-5.2.1.jar:na]
	at com.mongodb.internal.connection.InternalStreamConnection.open(InternalStreamConnection.java:235) ~[mongodb-driver-core-5.2.1.jar:na]
	at com.mongodb.internal.connection.DefaultServerMonitor$ServerMonitor.lookupServerDescription(DefaultServerMonitor.java:219) ~[mongodb-driver-core-5.2.1.jar:na]
	at com.mongodb.internal.connection.DefaultServerMonitor$ServerMonitor.run(DefaultServerMonitor.java:176) ~[mongodb-driver-core-5.2.1.jar:na]
Caused by: java.net.SocketException: Connection reset
	at java.base/sun.nio.ch.NioSocketImpl.implRead(NioSocketImpl.java:318) ~[na:na]
	at java.base/sun.nio.ch.NioSocketImpl.read(NioSocketImpl.java:346) ~[na:na]
	at java.base/sun.nio.ch.NioSocketImpl$1.read(NioSocketImpl.java:796) ~[na:na]
	at java.base/java.net.Socket$SocketInputStream.read(Socket.java:1099) ~[na:na]
	at com.mongodb.internal.connection.SocketStream.read(SocketStream.java:182) ~[mongodb-driver-core-5.2.1.jar:na]
	at com.mongodb.internal.connection.InternalStreamConnection.receiveResponseBuffers(InternalStreamConnection.java:829) ~[mongodb-driver-core-5.2.1.jar:na]
	... 11 common frames omitted

[INFO] Tests run: 30, Failures: 0, Errors: 0, Skipped: 0, Time elapsed: 18.44 s -- in com.traceability.core.application.projection.DonationProjectionIntegrationTest
[INFO] Running com.traceability.core.application.projection.PendingAllocationProjectionHandlerTest
2026-09-22T23:40:39.495-05:00  INFO 90916 --- [           main] t.c.s.AnnotationConfigContextLoaderUtils : Could not detect default configuration classes for test class [com.traceability.core.application.projection.PendingAllocationProjectionHandlerTest]: PendingAllocationProjectionHandlerTest does not declare any static, non-private, non-final, nested classes annotated with @Configuration.
2026-09-22T23:40:39.495-05:00  INFO 90916 --- [           main] .b.t.c.SpringBootTestContextBootstrapper : Found @SpringBootConfiguration com.traceability.core.application.projection.DonationProjectionIntegrationTest$TestConfig for test class com.traceability.core.application.projection.PendingAllocationProjectionHandlerTest
2026-09-22T23:40:39.496-05:00  INFO 90916 --- [           main] tc.mongo:6.0                             : Creating container for image: mongo:6.0
2026-09-22T23:40:39.639-05:00  INFO 90916 --- [           main] tc.mongo:6.0                             : Container mongo:6.0 is starting: 104a8217cea284ec302a75d580b0a69e8b1d6c2482324736c6e3b529f7d0e57e
2026-09-22T23:40:40.140-05:00  INFO 90916 --- [           main] tc.mongo:6.0                             : Container mongo:6.0 started in PT0.643251251S

  .   ____          _            __ _ _
 /\\ / ___'_ __ _ _(_)_ __  __ _ \ \ \ \
( ( )\___ | '_ | '_| | '_ \/ _` | \ \ \ \
 \\/  ___)| |_)| | | | | || (_| |  ) ) ) )
  '  |____| .__|_| |_|_| |_\__, | / / / /
 =========|_|==============|___/=/_/_/_/

 :: Spring Boot ::                (v3.4.4)

2026-09-22T23:40:40.933-05:00  INFO 90916 --- [           main] p.PendingAllocationProjectionHandlerTest : Starting PendingAllocationProjectionHandlerTest using Java 21.0.12 with PID 90916 (started by carlos in /home/carlos/Proyectos/Donaciones/core)
2026-09-22T23:40:40.933-05:00  INFO 90916 --- [           main] p.PendingAllocationProjectionHandlerTest : No active profile set, falling back to 1 default profile: "default"
2026-09-22T23:40:40.964-05:00  INFO 90916 --- [           main] .s.d.r.c.RepositoryConfigurationDelegate : Bootstrapping Spring Data MongoDB repositories in DEFAULT mode.
2026-09-22T23:40:40.972-05:00  INFO 90916 --- [           main] .s.d.r.c.RepositoryConfigurationDelegate : Finished Spring Data repository scanning in 7 ms. Found 9 MongoDB repository interfaces.
2026-09-22T23:40:40.992-05:00  INFO 90916 --- [           main] org.mongodb.driver.client                : MongoClient with metadata {"driver": {"name": "mongo-java-driver|sync|spring-boot", "version": "5.2.1"}, "os": {"type": "Linux", "name": "Linux", "architecture": "amd64", "version": "7.2.6-1-cachyos"}, "platform": "Java/Arch Linux/21.0.12+8"} created with settings MongoClientSettings{readPreference=primary, writeConcern=WriteConcern{w=null, wTimeout=null ms, journal=null}, retryWrites=true, retryReads=true, readConcern=ReadConcern{level=null}, credential=null, transportSettings=null, commandListeners=[], codecRegistry=ProvidersCodecRegistry{codecProviders=[ValueCodecProvider{}, BsonValueCodecProvider{}, DBRefCodecProvider{}, DBObjectCodecProvider{}, DocumentCodecProvider{}, CollectionCodecProvider{}, IterableCodecProvider{}, MapCodecProvider{}, GeoJsonCodecProvider{}, GridFSFileCodecProvider{}, Jsr310CodecProvider{}, JsonObjectCodecProvider{}, BsonCodecProvider{}, EnumCodecProvider{}, com.mongodb.client.model.mql.ExpressionCodecProvider@310f8a05, com.mongodb.Jep395RecordCodecProvider@4f98ac31, com.mongodb.KotlinCodecProvider@5cb6abc8]}, loggerSettings=LoggerSettings{maxDocumentLength=1000}, clusterSettings={hosts=[localhost:32868], srvServiceName=mongodb, mode=SINGLE, requiredClusterType=UNKNOWN, requiredReplicaSetName='null', serverSelector='null', clusterListeners='[]', serverSelectionTimeout='30000 ms', localThreshold='15 ms'}, socketSettings=SocketSettings{connectTimeoutMS=10000, readTimeoutMS=0, receiveBufferSize=0, proxySettings=ProxySettings{host=null, port=null, username=null, password=null}}, heartbeatSocketSettings=SocketSettings{connectTimeoutMS=10000, readTimeoutMS=10000, receiveBufferSize=0, proxySettings=ProxySettings{host=null, port=null, username=null, password=null}}, connectionPoolSettings=ConnectionPoolSettings{maxSize=100, minSize=0, maxWaitTimeMS=120000, maxConnectionLifeTimeMS=0, maxConnectionIdleTimeMS=0, maintenanceInitialDelayMS=0, maintenanceFrequencyMS=60000, connectionPoolListeners=[], maxConnecting=2}, serverSettings=ServerSettings{heartbeatFrequencyMS=10000, minHeartbeatFrequencyMS=500, serverMonitoringMode=AUTO, serverListeners='[]', serverMonitorListeners='[]'}, sslSettings=SslSettings{enabled=false, invalidHostNameAllowed=false, context=null}, applicationName='null', compressorList=[], uuidRepresentation=JAVA_LEGACY, serverApi=null, autoEncryptionSettings=null, dnsClient=null, inetAddressResolver=null, contextProvider=null, timeoutMS=null}
2026-09-22T23:40:40.994-05:00  INFO 90916 --- [localhost:32868] org.mongodb.driver.cluster               : Monitor thread successfully connected to server with description ServerDescription{address=localhost:32868, type=REPLICA_SET_PRIMARY, cryptd=false, state=CONNECTED, ok=true, minWireVersion=0, maxWireVersion=17, maxDocumentSize=16777216, logicalSessionTimeoutMinutes=30, roundTripTimeNanos=1240946, minRoundTripTimeNanos=0, setName='rs0', canonicalAddress=104a8217cea2:27017, hosts=[104a8217cea2:27017], passives=[], arbiters=[], primary='104a8217cea2:27017', tagSet=TagSet{[]}, electionId=7fffffff0000000000000001, setVersion=1, topologyVersion=TopologyVersion{processId=6ab35847398bf505c6098ba6, counter=6}, lastWriteDate=Tue Sep 22 23:40:40 COT 2026, lastUpdateTimeNanos=5137840596455}
2026-09-22T23:40:41.047-05:00  INFO 90916 --- [           main] p.PendingAllocationProjectionHandlerTest : Started PendingAllocationProjectionHandlerTest in 0.123 seconds (process running for 47.192)
2026-09-22T23:40:42.060-05:00 ERROR 90916 --- [   scheduling-1] o.s.s.s.TaskUtils$LoggingErrorHandler    : Unexpected error occurred in scheduled task

org.springframework.dao.DataAccessResourceFailureException: Prematurely reached end of stream
	at org.springframework.data.mongodb.core.MongoExceptionTranslator.doTranslateException(MongoExceptionTranslator.java:87) ~[spring-data-mongodb-4.4.4.jar:4.4.4]
	at org.springframework.data.mongodb.core.MongoExceptionTranslator.translateExceptionIfPossible(MongoExceptionTranslator.java:74) ~[spring-data-mongodb-4.4.4.jar:4.4.4]
	at org.springframework.data.mongodb.core.MongoTemplate.potentiallyConvertRuntimeException(MongoTemplate.java:3017) ~[spring-data-mongodb-4.4.4.jar:4.4.4]
	at org.springframework.data.mongodb.core.MongoTemplate.executeFindOneInternal(MongoTemplate.java:2895) ~[spring-data-mongodb-4.4.4.jar:4.4.4]
	at org.springframework.data.mongodb.core.MongoTemplate.doFindAndModify(MongoTemplate.java:2750) ~[spring-data-mongodb-4.4.4.jar:4.4.4]
	at org.springframework.data.mongodb.core.MongoTemplate.findAndModify(MongoTemplate.java:1091) ~[spring-data-mongodb-4.4.4.jar:4.4.4]
	at org.springframework.data.mongodb.core.MongoTemplate.findAndModify(MongoTemplate.java:1066) ~[spring-data-mongodb-4.4.4.jar:4.4.4]
	at com.traceability.core.infrastructure.projection.mongo.repositories.ProjectionRetryRepositoryImpl.claimNextPendingRetry(ProjectionRetryRepositoryImpl.java:45) ~[classes/:na]
	at java.base/jdk.internal.reflect.DirectMethodHandleAccessor.invoke(DirectMethodHandleAccessor.java:103) ~[na:na]
	at java.base/java.lang.reflect.Method.invoke(Method.java:580) ~[na:na]
	at org.springframework.aop.support.AopUtils.invokeJoinpointUsingReflection(AopUtils.java:359) ~[spring-aop-6.2.5.jar:6.2.5]
	at org.springframework.aop.framework.ReflectiveMethodInvocation.invokeJoinpoint(ReflectiveMethodInvocation.java:196) ~[spring-aop-6.2.5.jar:6.2.5]
	at org.springframework.aop.framework.ReflectiveMethodInvocation.proceed(ReflectiveMethodInvocation.java:163) ~[spring-aop-6.2.5.jar:6.2.5]
	at org.springframework.dao.support.PersistenceExceptionTranslationInterceptor.invoke(PersistenceExceptionTranslationInterceptor.java:138) ~[spring-tx-6.2.5.jar:6.2.5]
	at org.springframework.aop.framework.ReflectiveMethodInvocation.proceed(ReflectiveMethodInvocation.java:184) ~[spring-aop-6.2.5.jar:6.2.5]
	at org.springframework.aop.framework.CglibAopProxy$DynamicAdvisedInterceptor.intercept(CglibAopProxy.java:727) ~[spring-aop-6.2.5.jar:6.2.5]
	at com.traceability.core.infrastructure.projection.mongo.repositories.ProjectionRetryRepositoryImpl$$SpringCGLIB$$0.claimNextPendingRetry(<generated>) ~[classes/:na]
	at java.base/jdk.internal.reflect.DirectMethodHandleAccessor.invoke(DirectMethodHandleAccessor.java:103) ~[na:na]
	at java.base/java.lang.reflect.Method.invoke(Method.java:580) ~[na:na]
	at org.springframework.aop.support.AopUtils.invokeJoinpointUsingReflection(AopUtils.java:359) ~[spring-aop-6.2.5.jar:6.2.5]
	at org.springframework.data.repository.core.support.RepositoryMethodInvoker$RepositoryFragmentMethodInvoker.lambda$new$0(RepositoryMethodInvoker.java:277) ~[spring-data-commons-3.4.4.jar:3.4.4]
	at org.springframework.data.repository.core.support.RepositoryMethodInvoker.doInvoke(RepositoryMethodInvoker.java:170) ~[spring-data-commons-3.4.4.jar:3.4.4]
	at org.springframework.data.repository.core.support.RepositoryMethodInvoker.invoke(RepositoryMethodInvoker.java:158) ~[spring-data-commons-3.4.4.jar:3.4.4]
	at org.springframework.data.repository.core.support.RepositoryComposition$RepositoryFragments.invoke(RepositoryComposition.java:515) ~[spring-data-commons-3.4.4.jar:3.4.4]
	at org.springframework.data.repository.core.support.RepositoryComposition.invoke(RepositoryComposition.java:284) ~[spring-data-commons-3.4.4.jar:3.4.4]
	at org.springframework.data.repository.core.support.RepositoryFactorySupport$ImplementationMethodExecutionInterceptor.invoke(RepositoryFactorySupport.java:731) ~[spring-data-commons-3.4.4.jar:3.4.4]
	at org.springframework.aop.framework.ReflectiveMethodInvocation.proceed(ReflectiveMethodInvocation.java:184) ~[spring-aop-6.2.5.jar:6.2.5]
	at org.springframework.data.repository.core.support.QueryExecutorMethodInterceptor.doInvoke(QueryExecutorMethodInterceptor.java:174) ~[spring-data-commons-3.4.4.jar:3.4.4]
	at org.springframework.data.repository.core.support.QueryExecutorMethodInterceptor.invoke(QueryExecutorMethodInterceptor.java:149) ~[spring-data-commons-3.4.4.jar:3.4.4]
	at org.springframework.aop.framework.ReflectiveMethodInvocation.proceed(ReflectiveMethodInvocation.java:184) ~[spring-aop-6.2.5.jar:6.2.5]
	at org.springframework.data.projection.DefaultMethodInvokingMethodInterceptor.invoke(DefaultMethodInvokingMethodInterceptor.java:69) ~[spring-data-commons-3.4.4.jar:3.4.4]
	at org.springframework.aop.framework.ReflectiveMethodInvocation.proceed(ReflectiveMethodInvocation.java:184) ~[spring-aop-6.2.5.jar:6.2.5]
	at org.springframework.data.mongodb.repository.support.CrudMethodMetadataPostProcessor$CrudMethodMetadataPopulatingMethodInterceptor.invoke(CrudMethodMetadataPostProcessor.java:158) ~[spring-data-mongodb-4.4.4.jar:4.4.4]
	at org.springframework.aop.framework.ReflectiveMethodInvocation.proceed(ReflectiveMethodInvocation.java:184) ~[spring-aop-6.2.5.jar:6.2.5]
	at org.springframework.aop.framework.JdkDynamicAopProxy.invoke(JdkDynamicAopProxy.java:223) ~[spring-aop-6.2.5.jar:6.2.5]
	at jdk.proxy2/jdk.proxy2.$Proxy151.claimNextPendingRetry(Unknown Source) ~[na:na]
	at java.base/jdk.internal.reflect.DirectMethodHandleAccessor.invoke(DirectMethodHandleAccessor.java:103) ~[na:na]
	at java.base/java.lang.reflect.Method.invoke(Method.java:580) ~[na:na]
	at org.springframework.aop.support.AopUtils.invokeJoinpointUsingReflection(AopUtils.java:359) ~[spring-aop-6.2.5.jar:6.2.5]
	at org.springframework.aop.framework.ReflectiveMethodInvocation.invokeJoinpoint(ReflectiveMethodInvocation.java:196) ~[spring-aop-6.2.5.jar:6.2.5]
	at org.springframework.aop.framework.ReflectiveMethodInvocation.proceed(ReflectiveMethodInvocation.java:163) ~[spring-aop-6.2.5.jar:6.2.5]
	at org.springframework.dao.support.PersistenceExceptionTranslationInterceptor.invoke(PersistenceExceptionTranslationInterceptor.java:138) ~[spring-tx-6.2.5.jar:6.2.5]
	at org.springframework.aop.framework.ReflectiveMethodInvocation.proceed(ReflectiveMethodInvocation.java:184) ~[spring-aop-6.2.5.jar:6.2.5]
	at org.springframework.aop.framework.JdkDynamicAopProxy.invoke(JdkDynamicAopProxy.java:223) ~[spring-aop-6.2.5.jar:6.2.5]
	at jdk.proxy2/jdk.proxy2.$Proxy151.claimNextPendingRetry(Unknown Source) ~[na:na]
	at com.traceability.core.application.projection.ProjectionRetryScheduler.processRetries(ProjectionRetryScheduler.java:47) ~[classes/:na]
	at java.base/jdk.internal.reflect.DirectMethodHandleAccessor.invoke(DirectMethodHandleAccessor.java:103) ~[na:na]
	at java.base/java.lang.reflect.Method.invoke(Method.java:580) ~[na:na]
	at org.springframework.scheduling.support.ScheduledMethodRunnable.runInternal(ScheduledMethodRunnable.java:130) ~[spring-context-6.2.5.jar:6.2.5]
	at org.springframework.scheduling.support.ScheduledMethodRunnable.lambda$run$2(ScheduledMethodRunnable.java:124) ~[spring-context-6.2.5.jar:6.2.5]
	at io.micrometer.observation.Observation.observe(Observation.java:498) ~[micrometer-observation-1.14.5.jar:1.14.5]
	at org.springframework.scheduling.support.ScheduledMethodRunnable.run(ScheduledMethodRunnable.java:124) ~[spring-context-6.2.5.jar:6.2.5]
	at org.springframework.scheduling.config.Task$OutcomeTrackingRunnable.run(Task.java:85) ~[spring-context-6.2.5.jar:6.2.5]
	at org.springframework.scheduling.support.DelegatingErrorHandlingRunnable.run(DelegatingErrorHandlingRunnable.java:54) ~[spring-context-6.2.5.jar:6.2.5]
	at java.base/java.util.concurrent.Executors$RunnableAdapter.call(Executors.java:572) ~[na:na]
	at java.base/java.util.concurrent.FutureTask.runAndReset(FutureTask.java:358) ~[na:na]
	at java.base/java.util.concurrent.ScheduledThreadPoolExecutor$ScheduledFutureTask.run(ScheduledThreadPoolExecutor.java:305) ~[na:na]
	at java.base/java.util.concurrent.ThreadPoolExecutor.runWorker(ThreadPoolExecutor.java:1144) ~[na:na]
	at java.base/java.util.concurrent.ThreadPoolExecutor$Worker.run(ThreadPoolExecutor.java:642) ~[na:na]
	at java.base/java.lang.Thread.run(Thread.java:1583) ~[na:na]
Caused by: com.mongodb.MongoSocketReadException: Prematurely reached end of stream
	at com.mongodb.internal.connection.SocketStream.read(SocketStream.java:184) ~[mongodb-driver-core-5.2.1.jar:na]
	at com.mongodb.internal.connection.InternalStreamConnection.receiveResponseBuffers(InternalStreamConnection.java:829) ~[mongodb-driver-core-5.2.1.jar:na]
	at com.mongodb.internal.connection.InternalStreamConnection.receiveCommandMessageResponse(InternalStreamConnection.java:517) ~[mongodb-driver-core-5.2.1.jar:na]
	at com.mongodb.internal.connection.InternalStreamConnection.sendAndReceiveInternal(InternalStreamConnection.java:448) ~[mongodb-driver-core-5.2.1.jar:na]
	at com.mongodb.internal.connection.InternalStreamConnection.lambda$sendAndReceive$0(InternalStreamConnection.java:375) ~[mongodb-driver-core-5.2.1.jar:na]
	at com.mongodb.internal.connection.InternalStreamConnection.sendAndReceive(InternalStreamConnection.java:378) ~[mongodb-driver-core-5.2.1.jar:na]
	at com.mongodb.internal.connection.UsageTrackingInternalConnection.sendAndReceive(UsageTrackingInternalConnection.java:111) ~[mongodb-driver-core-5.2.1.jar:na]
	at com.mongodb.internal.connection.DefaultConnectionPool$PooledConnection.sendAndReceive(DefaultConnectionPool.java:748) ~[mongodb-driver-core-5.2.1.jar:na]
	at com.mongodb.internal.connection.CommandProtocolImpl.execute(CommandProtocolImpl.java:68) ~[mongodb-driver-core-5.2.1.jar:na]
	at com.mongodb.internal.connection.DefaultServer$DefaultServerProtocolExecutor.execute(DefaultServer.java:208) ~[mongodb-driver-core-5.2.1.jar:na]
	at com.mongodb.internal.connection.DefaultServerConnection.executeProtocol(DefaultServerConnection.java:113) ~[mongodb-driver-core-5.2.1.jar:na]
	at com.mongodb.internal.connection.DefaultServerConnection.command(DefaultServerConnection.java:82) ~[mongodb-driver-core-5.2.1.jar:na]
	at com.mongodb.internal.connection.DefaultServerConnection.command(DefaultServerConnection.java:73) ~[mongodb-driver-core-5.2.1.jar:na]
	at com.mongodb.internal.connection.DefaultServer$OperationCountTrackingConnection.command(DefaultServer.java:298) ~[mongodb-driver-core-5.2.1.jar:na]
	at com.mongodb.internal.operation.SyncOperationHelper.lambda$executeRetryableWrite$10(SyncOperationHelper.java:267) ~[mongodb-driver-core-5.2.1.jar:na]
	at com.mongodb.internal.operation.SyncOperationHelper.lambda$withSourceAndConnection$0(SyncOperationHelper.java:131) ~[mongodb-driver-core-5.2.1.jar:na]
	at com.mongodb.internal.operation.SyncOperationHelper.withSuppliedResource(SyncOperationHelper.java:156) ~[mongodb-driver-core-5.2.1.jar:na]
	at com.mongodb.internal.operation.SyncOperationHelper.lambda$withSourceAndConnection$1(SyncOperationHelper.java:130) ~[mongodb-driver-core-5.2.1.jar:na]
	at com.mongodb.internal.operation.SyncOperationHelper.withSuppliedResource(SyncOperationHelper.java:156) ~[mongodb-driver-core-5.2.1.jar:na]
	at com.mongodb.internal.operation.SyncOperationHelper.withSourceAndConnection(SyncOperationHelper.java:129) ~[mongodb-driver-core-5.2.1.jar:na]
	at com.mongodb.internal.operation.SyncOperationHelper.lambda$executeRetryableWrite$11(SyncOperationHelper.java:252) ~[mongodb-driver-core-5.2.1.jar:na]
	at com.mongodb.internal.operation.SyncOperationHelper.lambda$decorateWriteWithRetries$12(SyncOperationHelper.java:308) ~[mongodb-driver-core-5.2.1.jar:na]
	at com.mongodb.internal.async.function.RetryingSyncSupplier.get(RetryingSyncSupplier.java:67) ~[mongodb-driver-core-5.2.1.jar:na]
	at com.mongodb.internal.operation.SyncOperationHelper.executeRetryableWrite(SyncOperationHelper.java:279) ~[mongodb-driver-core-5.2.1.jar:na]
	at com.mongodb.internal.operation.BaseFindAndModifyOperation.execute(BaseFindAndModifyOperation.java:73) ~[mongodb-driver-core-5.2.1.jar:na]
	at com.mongodb.client.internal.MongoClusterImpl$OperationExecutorImpl.execute(MongoClusterImpl.java:379) ~[mongodb-driver-sync-5.2.1.jar:na]
	at com.mongodb.client.internal.MongoCollectionImpl.executeFindOneAndUpdate(MongoCollectionImpl.java:786) ~[mongodb-driver-sync-5.2.1.jar:na]
	at com.mongodb.client.internal.MongoCollectionImpl.findOneAndUpdate(MongoCollectionImpl.java:765) ~[mongodb-driver-sync-5.2.1.jar:na]
	at org.springframework.data.mongodb.core.MongoTemplate$FindAndModifyCallback.doInCollection(MongoTemplate.java:3207) ~[spring-data-mongodb-4.4.4.jar:4.4.4]
	at org.springframework.data.mongodb.core.MongoTemplate$FindAndModifyCallback.doInCollection(MongoTemplate.java:3165) ~[spring-data-mongodb-4.4.4.jar:4.4.4]
	at org.springframework.data.mongodb.core.MongoTemplate.executeFindOneInternal(MongoTemplate.java:2892) ~[spring-data-mongodb-4.4.4.jar:4.4.4]
	... 56 common frames omitted

2026-09-22T23:40:42.161-05:00  INFO 90916 --- [   scheduling-1] org.mongodb.driver.cluster               : Waiting for server to become available for operation with ID 2787. Remaining time: 29999 ms. Selector: WritableServerSelector, topology description: {type=UNKNOWN, servers=[{address=localhost:32861, type=UNKNOWN, state=CONNECTING, exception={com.mongodb.MongoSocketOpenException: Exception opening socket}, caused by {java.net.ConnectException: Conexión rehusada}}].
2026-09-22T23:40:44.264-05:00  INFO 90916 --- [localhost:32868] org.mongodb.driver.cluster               : Exception in monitor thread while connecting to server localhost:32868

com.mongodb.MongoSocketReadException: Prematurely reached end of stream
	at com.mongodb.internal.connection.SocketStream.read(SocketStream.java:184) ~[mongodb-driver-core-5.2.1.jar:na]
	at com.mongodb.internal.connection.InternalStreamConnection.receiveResponseBuffers(InternalStreamConnection.java:829) ~[mongodb-driver-core-5.2.1.jar:na]
	at com.mongodb.internal.connection.InternalStreamConnection.receiveCommandMessageResponse(InternalStreamConnection.java:517) ~[mongodb-driver-core-5.2.1.jar:na]
	at com.mongodb.internal.connection.InternalStreamConnection.receive(InternalStreamConnection.java:469) ~[mongodb-driver-core-5.2.1.jar:na]
	at com.mongodb.internal.connection.DefaultServerMonitor$ServerMonitor.lookupServerDescription(DefaultServerMonitor.java:249) ~[mongodb-driver-core-5.2.1.jar:na]
	at com.mongodb.internal.connection.DefaultServerMonitor$ServerMonitor.run(DefaultServerMonitor.java:176) ~[mongodb-driver-core-5.2.1.jar:na]

2026-09-22T23:40:44.265-05:00  INFO 90916 --- [localhost:32868] org.mongodb.driver.cluster               : Exception in monitor thread while connecting to server localhost:32868

com.mongodb.MongoSocketReadException: Exception receiving message
	at com.mongodb.internal.connection.InternalStreamConnection.translateReadException(InternalStreamConnection.java:814) ~[mongodb-driver-core-5.2.1.jar:na]
	at com.mongodb.internal.connection.InternalStreamConnection.receiveResponseBuffers(InternalStreamConnection.java:862) ~[mongodb-driver-core-5.2.1.jar:na]
	at com.mongodb.internal.connection.InternalStreamConnection.receiveCommandMessageResponse(InternalStreamConnection.java:517) ~[mongodb-driver-core-5.2.1.jar:na]
	at com.mongodb.internal.connection.InternalStreamConnection.sendAndReceiveInternal(InternalStreamConnection.java:448) ~[mongodb-driver-core-5.2.1.jar:na]
	at com.mongodb.internal.connection.InternalStreamConnection.lambda$sendAndReceive$0(InternalStreamConnection.java:375) ~[mongodb-driver-core-5.2.1.jar:na]
	at com.mongodb.internal.connection.InternalStreamConnection.sendAndReceive(InternalStreamConnection.java:378) ~[mongodb-driver-core-5.2.1.jar:na]
	at com.mongodb.internal.connection.CommandHelper.sendAndReceive(CommandHelper.java:100) ~[mongodb-driver-core-5.2.1.jar:na]
	at com.mongodb.internal.connection.CommandHelper.executeCommand(CommandHelper.java:49) ~[mongodb-driver-core-5.2.1.jar:na]
	at com.mongodb.internal.connection.InternalStreamConnectionInitializer.initializeConnectionDescription(InternalStreamConnectionInitializer.java:144) ~[mongodb-driver-core-5.2.1.jar:na]
	at com.mongodb.internal.connection.InternalStreamConnectionInitializer.startHandshake(InternalStreamConnectionInitializer.java:79) ~[mongodb-driver-core-5.2.1.jar:na]
	at com.mongodb.internal.connection.InternalStreamConnection.open(InternalStreamConnection.java:235) ~[mongodb-driver-core-5.2.1.jar:na]
	at com.mongodb.internal.connection.DefaultServerMonitor$ServerMonitor.lookupServerDescription(DefaultServerMonitor.java:219) ~[mongodb-driver-core-5.2.1.jar:na]
	at com.mongodb.internal.connection.DefaultServerMonitor$ServerMonitor.run(DefaultServerMonitor.java:176) ~[mongodb-driver-core-5.2.1.jar:na]
Caused by: java.net.SocketException: Connection reset
	at java.base/sun.nio.ch.NioSocketImpl.implRead(NioSocketImpl.java:318) ~[na:na]
	at java.base/sun.nio.ch.NioSocketImpl.read(NioSocketImpl.java:346) ~[na:na]
	at java.base/sun.nio.ch.NioSocketImpl$1.read(NioSocketImpl.java:796) ~[na:na]
	at java.base/java.net.Socket$SocketInputStream.read(Socket.java:1099) ~[na:na]
	at com.mongodb.internal.connection.SocketStream.read(SocketStream.java:182) ~[mongodb-driver-core-5.2.1.jar:na]
	at com.mongodb.internal.connection.InternalStreamConnection.receiveResponseBuffers(InternalStreamConnection.java:829) ~[mongodb-driver-core-5.2.1.jar:na]
	... 11 common frames omitted

2026-09-22T23:40:44.455-05:00 ERROR 90916 --- [   scheduling-1] o.s.s.s.TaskUtils$LoggingErrorHandler    : Unexpected error occurred in scheduled task

org.springframework.dao.DataAccessResourceFailureException: Timed out while waiting for a server that matches WritableServerSelector. Client view of cluster state is {type=UNKNOWN, servers=[{address=localhost:32862, type=UNKNOWN, state=CONNECTING, exception={com.mongodb.MongoSocketOpenException: Exception opening socket}, caused by {java.net.ConnectException: Conexión rehusada}}]
	at org.springframework.data.mongodb.core.MongoExceptionTranslator.doTranslateException(MongoExceptionTranslator.java:97) ~[spring-data-mongodb-4.4.4.jar:4.4.4]
	at org.springframework.data.mongodb.core.MongoExceptionTranslator.translateExceptionIfPossible(MongoExceptionTranslator.java:74) ~[spring-data-mongodb-4.4.4.jar:4.4.4]
	at org.springframework.data.mongodb.core.MongoTemplate.potentiallyConvertRuntimeException(MongoTemplate.java:3017) ~[spring-data-mongodb-4.4.4.jar:4.4.4]
	at org.springframework.data.mongodb.core.MongoTemplate.executeFindOneInternal(MongoTemplate.java:2895) ~[spring-data-mongodb-4.4.4.jar:4.4.4]
	at org.springframework.data.mongodb.core.MongoTemplate.doFindAndModify(MongoTemplate.java:2750) ~[spring-data-mongodb-4.4.4.jar:4.4.4]
	at org.springframework.data.mongodb.core.MongoTemplate.findAndModify(MongoTemplate.java:1091) ~[spring-data-mongodb-4.4.4.jar:4.4.4]
	at org.springframework.data.mongodb.core.MongoTemplate.findAndModify(MongoTemplate.java:1066) ~[spring-data-mongodb-4.4.4.jar:4.4.4]
	at com.traceability.core.infrastructure.projection.mongo.repositories.ProjectionRetryRepositoryImpl.claimNextPendingRetry(ProjectionRetryRepositoryImpl.java:45) ~[classes/:na]
	at java.base/jdk.internal.reflect.DirectMethodHandleAccessor.invoke(DirectMethodHandleAccessor.java:103) ~[na:na]
	at java.base/java.lang.reflect.Method.invoke(Method.java:580) ~[na:na]
	at org.springframework.aop.support.AopUtils.invokeJoinpointUsingReflection(AopUtils.java:359) ~[spring-aop-6.2.5.jar:6.2.5]
	at org.springframework.aop.framework.ReflectiveMethodInvocation.invokeJoinpoint(ReflectiveMethodInvocation.java:196) ~[spring-aop-6.2.5.jar:6.2.5]
	at org.springframework.aop.framework.ReflectiveMethodInvocation.proceed(ReflectiveMethodInvocation.java:163) ~[spring-aop-6.2.5.jar:6.2.5]
	at org.springframework.dao.support.PersistenceExceptionTranslationInterceptor.invoke(PersistenceExceptionTranslationInterceptor.java:138) ~[spring-tx-6.2.5.jar:6.2.5]
	at org.springframework.aop.framework.ReflectiveMethodInvocation.proceed(ReflectiveMethodInvocation.java:184) ~[spring-aop-6.2.5.jar:6.2.5]
	at org.springframework.aop.framework.CglibAopProxy$DynamicAdvisedInterceptor.intercept(CglibAopProxy.java:727) ~[spring-aop-6.2.5.jar:6.2.5]
	at com.traceability.core.infrastructure.projection.mongo.repositories.ProjectionRetryRepositoryImpl$$SpringCGLIB$$0.claimNextPendingRetry(<generated>) ~[classes/:na]
	at java.base/jdk.internal.reflect.DirectMethodHandleAccessor.invoke(DirectMethodHandleAccessor.java:103) ~[na:na]
	at java.base/java.lang.reflect.Method.invoke(Method.java:580) ~[na:na]
	at org.springframework.aop.support.AopUtils.invokeJoinpointUsingReflection(AopUtils.java:359) ~[spring-aop-6.2.5.jar:6.2.5]
	at org.springframework.data.repository.core.support.RepositoryMethodInvoker$RepositoryFragmentMethodInvoker.lambda$new$0(RepositoryMethodInvoker.java:277) ~[spring-data-commons-3.4.4.jar:3.4.4]
	at org.springframework.data.repository.core.support.RepositoryMethodInvoker.doInvoke(RepositoryMethodInvoker.java:170) ~[spring-data-commons-3.4.4.jar:3.4.4]
	at org.springframework.data.repository.core.support.RepositoryMethodInvoker.invoke(RepositoryMethodInvoker.java:158) ~[spring-data-commons-3.4.4.jar:3.4.4]
	at org.springframework.data.repository.core.support.RepositoryComposition$RepositoryFragments.invoke(RepositoryComposition.java:515) ~[spring-data-commons-3.4.4.jar:3.4.4]
	at org.springframework.data.repository.core.support.RepositoryComposition.invoke(RepositoryComposition.java:284) ~[spring-data-commons-3.4.4.jar:3.4.4]
	at org.springframework.data.repository.core.support.RepositoryFactorySupport$ImplementationMethodExecutionInterceptor.invoke(RepositoryFactorySupport.java:731) ~[spring-data-commons-3.4.4.jar:3.4.4]
	at org.springframework.aop.framework.ReflectiveMethodInvocation.proceed(ReflectiveMethodInvocation.java:184) ~[spring-aop-6.2.5.jar:6.2.5]
	at org.springframework.data.repository.core.support.QueryExecutorMethodInterceptor.doInvoke(QueryExecutorMethodInterceptor.java:174) ~[spring-data-commons-3.4.4.jar:3.4.4]
	at org.springframework.data.repository.core.support.QueryExecutorMethodInterceptor.invoke(QueryExecutorMethodInterceptor.java:149) ~[spring-data-commons-3.4.4.jar:3.4.4]
	at org.springframework.aop.framework.ReflectiveMethodInvocation.proceed(ReflectiveMethodInvocation.java:184) ~[spring-aop-6.2.5.jar:6.2.5]
	at org.springframework.data.projection.DefaultMethodInvokingMethodInterceptor.invoke(DefaultMethodInvokingMethodInterceptor.java:69) ~[spring-data-commons-3.4.4.jar:3.4.4]
	at org.springframework.aop.framework.ReflectiveMethodInvocation.proceed(ReflectiveMethodInvocation.java:184) ~[spring-aop-6.2.5.jar:6.2.5]
	at org.springframework.data.mongodb.repository.support.CrudMethodMetadataPostProcessor$CrudMethodMetadataPopulatingMethodInterceptor.invoke(CrudMethodMetadataPostProcessor.java:158) ~[spring-data-mongodb-4.4.4.jar:4.4.4]
	at org.springframework.aop.framework.ReflectiveMethodInvocation.proceed(ReflectiveMethodInvocation.java:184) ~[spring-aop-6.2.5.jar:6.2.5]
	at org.springframework.aop.framework.JdkDynamicAopProxy.invoke(JdkDynamicAopProxy.java:223) ~[spring-aop-6.2.5.jar:6.2.5]
	at jdk.proxy2/jdk.proxy2.$Proxy151.claimNextPendingRetry(Unknown Source) ~[na:na]
	at java.base/jdk.internal.reflect.DirectMethodHandleAccessor.invoke(DirectMethodHandleAccessor.java:103) ~[na:na]
	at java.base/java.lang.reflect.Method.invoke(Method.java:580) ~[na:na]
	at org.springframework.aop.support.AopUtils.invokeJoinpointUsingReflection(AopUtils.java:359) ~[spring-aop-6.2.5.jar:6.2.5]
	at org.springframework.aop.framework.ReflectiveMethodInvocation.invokeJoinpoint(ReflectiveMethodInvocation.java:196) ~[spring-aop-6.2.5.jar:6.2.5]
	at org.springframework.aop.framework.ReflectiveMethodInvocation.proceed(ReflectiveMethodInvocation.java:163) ~[spring-aop-6.2.5.jar:6.2.5]
	at org.springframework.dao.support.PersistenceExceptionTranslationInterceptor.invoke(PersistenceExceptionTranslationInterceptor.java:138) ~[spring-tx-6.2.5.jar:6.2.5]
	at org.springframework.aop.framework.ReflectiveMethodInvocation.proceed(ReflectiveMethodInvocation.java:184) ~[spring-aop-6.2.5.jar:6.2.5]
	at org.springframework.aop.framework.JdkDynamicAopProxy.invoke(JdkDynamicAopProxy.java:223) ~[spring-aop-6.2.5.jar:6.2.5]
	at jdk.proxy2/jdk.proxy2.$Proxy151.claimNextPendingRetry(Unknown Source) ~[na:na]
	at com.traceability.core.application.projection.ProjectionRetryScheduler.processRetries(ProjectionRetryScheduler.java:47) ~[classes/:na]
	at java.base/jdk.internal.reflect.DirectMethodHandleAccessor.invoke(DirectMethodHandleAccessor.java:103) ~[na:na]
	at java.base/java.lang.reflect.Method.invoke(Method.java:580) ~[na:na]
	at org.springframework.scheduling.support.ScheduledMethodRunnable.runInternal(ScheduledMethodRunnable.java:130) ~[spring-context-6.2.5.jar:6.2.5]
	at org.springframework.scheduling.support.ScheduledMethodRunnable.lambda$run$2(ScheduledMethodRunnable.java:124) ~[spring-context-6.2.5.jar:6.2.5]
	at io.micrometer.observation.Observation.observe(Observation.java:498) ~[micrometer-observation-1.14.5.jar:1.14.5]
	at org.springframework.scheduling.support.ScheduledMethodRunnable.run(ScheduledMethodRunnable.java:124) ~[spring-context-6.2.5.jar:6.2.5]
	at org.springframework.scheduling.config.Task$OutcomeTrackingRunnable.run(Task.java:85) ~[spring-context-6.2.5.jar:6.2.5]
	at org.springframework.scheduling.support.DelegatingErrorHandlingRunnable.run(DelegatingErrorHandlingRunnable.java:54) ~[spring-context-6.2.5.jar:6.2.5]
	at java.base/java.util.concurrent.Executors$RunnableAdapter.call(Executors.java:572) ~[na:na]
	at java.base/java.util.concurrent.FutureTask.runAndReset(FutureTask.java:358) ~[na:na]
	at java.base/java.util.concurrent.ScheduledThreadPoolExecutor$ScheduledFutureTask.run(ScheduledThreadPoolExecutor.java:305) ~[na:na]
	at java.base/java.util.concurrent.ThreadPoolExecutor.runWorker(ThreadPoolExecutor.java:1144) ~[na:na]
	at java.base/java.util.concurrent.ThreadPoolExecutor$Worker.run(ThreadPoolExecutor.java:642) ~[na:na]
	at java.base/java.lang.Thread.run(Thread.java:1583) ~[na:na]
Caused by: com.mongodb.MongoTimeoutException: Timed out while waiting for a server that matches WritableServerSelector. Client view of cluster state is {type=UNKNOWN, servers=[{address=localhost:32862, type=UNKNOWN, state=CONNECTING, exception={com.mongodb.MongoSocketOpenException: Exception opening socket}, caused by {java.net.ConnectException: Conexión rehusada}}]
	at com.mongodb.internal.connection.BaseCluster.logAndThrowTimeoutException(BaseCluster.java:427) ~[mongodb-driver-core-5.2.1.jar:na]
	at com.mongodb.internal.connection.BaseCluster.lambda$selectServer$0(BaseCluster.java:154) ~[mongodb-driver-core-5.2.1.jar:na]
	at com.mongodb.internal.time.Timeout.lambda$onExistsAndExpired$16(Timeout.java:236) ~[mongodb-driver-core-5.2.1.jar:na]
	at com.mongodb.internal.time.Timeout.lambda$run$10(Timeout.java:201) ~[mongodb-driver-core-5.2.1.jar:na]
	at com.mongodb.internal.time.TimePoint.checkedCall(TimePoint.java:98) ~[mongodb-driver-core-5.2.1.jar:na]
	at com.mongodb.internal.time.Timeout.call(Timeout.java:174) ~[mongodb-driver-core-5.2.1.jar:na]
	at com.mongodb.internal.time.Timeout.run(Timeout.java:194) ~[mongodb-driver-core-5.2.1.jar:na]
	at com.mongodb.internal.time.Timeout.onExistsAndExpired(Timeout.java:233) ~[mongodb-driver-core-5.2.1.jar:na]
	at com.mongodb.internal.time.Timeout.onExpired(Timeout.java:226) ~[mongodb-driver-core-5.2.1.jar:na]
	at com.mongodb.internal.connection.BaseCluster.selectServer(BaseCluster.java:153) ~[mongodb-driver-core-5.2.1.jar:na]
	at com.mongodb.internal.connection.SingleServerCluster.selectServer(SingleServerCluster.java:47) ~[mongodb-driver-core-5.2.1.jar:na]
	at com.mongodb.internal.binding.ClusterBinding.getWriteConnectionSource(ClusterBinding.java:100) ~[mongodb-driver-core-5.2.1.jar:na]
	at com.mongodb.client.internal.ClientSessionBinding.getConnectionSource(ClientSessionBinding.java:108) ~[mongodb-driver-sync-5.2.1.jar:na]
	at com.mongodb.client.internal.ClientSessionBinding.getWriteConnectionSource(ClientSessionBinding.java:98) ~[mongodb-driver-sync-5.2.1.jar:na]
	at com.mongodb.internal.operation.SyncOperationHelper.withSuppliedResource(SyncOperationHelper.java:148) ~[mongodb-driver-core-5.2.1.jar:na]
	at com.mongodb.internal.operation.SyncOperationHelper.withSourceAndConnection(SyncOperationHelper.java:129) ~[mongodb-driver-core-5.2.1.jar:na]
	at com.mongodb.internal.operation.SyncOperationHelper.lambda$executeRetryableWrite$11(SyncOperationHelper.java:252) ~[mongodb-driver-core-5.2.1.jar:na]
	at com.mongodb.internal.operation.SyncOperationHelper.lambda$decorateWriteWithRetries$12(SyncOperationHelper.java:308) ~[mongodb-driver-core-5.2.1.jar:na]
	at com.mongodb.internal.async.function.RetryingSyncSupplier.get(RetryingSyncSupplier.java:67) ~[mongodb-driver-core-5.2.1.jar:na]
	at com.mongodb.internal.operation.SyncOperationHelper.executeRetryableWrite(SyncOperationHelper.java:279) ~[mongodb-driver-core-5.2.1.jar:na]
	at com.mongodb.internal.operation.BaseFindAndModifyOperation.execute(BaseFindAndModifyOperation.java:73) ~[mongodb-driver-core-5.2.1.jar:na]
	at com.mongodb.client.internal.MongoClusterImpl$OperationExecutorImpl.execute(MongoClusterImpl.java:379) ~[mongodb-driver-sync-5.2.1.jar:na]
	at com.mongodb.client.internal.MongoCollectionImpl.executeFindOneAndUpdate(MongoCollectionImpl.java:786) ~[mongodb-driver-sync-5.2.1.jar:na]
	at com.mongodb.client.internal.MongoCollectionImpl.findOneAndUpdate(MongoCollectionImpl.java:765) ~[mongodb-driver-sync-5.2.1.jar:na]
	at org.springframework.data.mongodb.core.MongoTemplate$FindAndModifyCallback.doInCollection(MongoTemplate.java:3207) ~[spring-data-mongodb-4.4.4.jar:4.4.4]
	at org.springframework.data.mongodb.core.MongoTemplate$FindAndModifyCallback.doInCollection(MongoTemplate.java:3165) ~[spring-data-mongodb-4.4.4.jar:4.4.4]
	at org.springframework.data.mongodb.core.MongoTemplate.executeFindOneInternal(MongoTemplate.java:2892) ~[spring-data-mongodb-4.4.4.jar:4.4.4]
	... 56 common frames omitted

2026-09-22T23:40:44.456-05:00  INFO 90916 --- [   scheduling-1] org.mongodb.driver.cluster               : Waiting for server to become available for operation with ID 2886. Remaining time: 29999 ms. Selector: ReadPreferenceServerSelector{readPreference=primary}, topology description: {type=UNKNOWN, servers=[{address=localhost:32862, type=UNKNOWN, state=CONNECTING, exception={com.mongodb.MongoSocketOpenException: Exception opening socket}, caused by {java.net.ConnectException: Conexión rehusada}}].
[INFO] Tests run: 7, Failures: 0, Errors: 0, Skipped: 0, Time elapsed: 4.998 s -- in com.traceability.core.application.projection.PendingAllocationProjectionHandlerTest
[INFO] Running com.traceability.core.application.saga.AssetRegisteredSagaPolicyTest
[INFO] Tests run: 2, Failures: 0, Errors: 0, Skipped: 0, Time elapsed: 0.060 s -- in com.traceability.core.application.saga.AssetRegisteredSagaPolicyTest
[INFO] Running com.traceability.core.application.saga.OutboxSagaCoordinatorTest
[INFO] Tests run: 4, Failures: 0, Errors: 0, Skipped: 0, Time elapsed: 0.003 s -- in com.traceability.core.application.saga.OutboxSagaCoordinatorTest
[INFO] Running com.traceability.core.application.security.AssetAuthorizationServiceTest
[INFO] Tests run: 4, Failures: 0, Errors: 0, Skipped: 0, Time elapsed: 0.081 s -- in com.traceability.core.application.security.AssetAuthorizationServiceTest
[INFO] Running com.traceability.core.application.service.LocationReferenceServiceIntegrationTest
2026-09-22T23:40:44.641-05:00  INFO 90916 --- [           main] tc.mongo:6.0                             : Creating container for image: mongo:6.0
2026-09-22T23:40:44.768-05:00  INFO 90916 --- [           main] tc.mongo:6.0                             : Container mongo:6.0 is starting: baa0d95026680a7b26074d9ce401c5e5175b59d360547ab60d32c147bcf8b593
2026-09-22T23:40:45.270-05:00  INFO 90916 --- [           main] tc.mongo:6.0                             : Container mongo:6.0 started in PT0.629350841S

  .   ____          _            __ _ _
 /\\ / ___'_ __ _ _(_)_ __  __ _ \ \ \ \
( ( )\___ | '_ | '_| | '_ \/ _` | \ \ \ \
 \\/  ___)| |_)| | | | | || (_| |  ) ) ) )
  '  |____| .__|_| |_|_| |_\__, | / / / /
 =========|_|==============|___/=/_/_/_/

 :: Spring Boot ::                (v3.4.4)

2026-09-22T23:40:46.075-05:00  INFO 90916 --- [           main] .LocationReferenceServiceIntegrationTest : Starting LocationReferenceServiceIntegrationTest using Java 21.0.12 with PID 90916 (started by carlos in /home/carlos/Proyectos/Donaciones/core)
2026-09-22T23:40:46.076-05:00  INFO 90916 --- [           main] .LocationReferenceServiceIntegrationTest : No active profile set, falling back to 1 default profile: "default"
2026-09-22T23:40:46.108-05:00  INFO 90916 --- [           main] .s.d.r.c.RepositoryConfigurationDelegate : Bootstrapping Spring Data MongoDB repositories in DEFAULT mode.
2026-09-22T23:40:46.117-05:00  INFO 90916 --- [           main] .s.d.r.c.RepositoryConfigurationDelegate : Finished Spring Data repository scanning in 8 ms. Found 9 MongoDB repository interfaces.
2026-09-22T23:40:46.136-05:00  INFO 90916 --- [           main] org.mongodb.driver.client                : MongoClient with metadata {"driver": {"name": "mongo-java-driver|sync|spring-boot", "version": "5.2.1"}, "os": {"type": "Linux", "name": "Linux", "architecture": "amd64", "version": "7.2.6-1-cachyos"}, "platform": "Java/Arch Linux/21.0.12+8"} created with settings MongoClientSettings{readPreference=primary, writeConcern=WriteConcern{w=null, wTimeout=null ms, journal=null}, retryWrites=true, retryReads=true, readConcern=ReadConcern{level=null}, credential=null, transportSettings=null, commandListeners=[], codecRegistry=ProvidersCodecRegistry{codecProviders=[ValueCodecProvider{}, BsonValueCodecProvider{}, DBRefCodecProvider{}, DBObjectCodecProvider{}, DocumentCodecProvider{}, CollectionCodecProvider{}, IterableCodecProvider{}, MapCodecProvider{}, GeoJsonCodecProvider{}, GridFSFileCodecProvider{}, Jsr310CodecProvider{}, JsonObjectCodecProvider{}, BsonCodecProvider{}, EnumCodecProvider{}, com.mongodb.client.model.mql.ExpressionCodecProvider@310f8a05, com.mongodb.Jep395RecordCodecProvider@4f98ac31, com.mongodb.KotlinCodecProvider@5cb6abc8]}, loggerSettings=LoggerSettings{maxDocumentLength=1000}, clusterSettings={hosts=[localhost:32869], srvServiceName=mongodb, mode=SINGLE, requiredClusterType=UNKNOWN, requiredReplicaSetName='null', serverSelector='null', clusterListeners='[]', serverSelectionTimeout='30000 ms', localThreshold='15 ms'}, socketSettings=SocketSettings{connectTimeoutMS=10000, readTimeoutMS=0, receiveBufferSize=0, proxySettings=ProxySettings{host=null, port=null, username=null, password=null}}, heartbeatSocketSettings=SocketSettings{connectTimeoutMS=10000, readTimeoutMS=10000, receiveBufferSize=0, proxySettings=ProxySettings{host=null, port=null, username=null, password=null}}, connectionPoolSettings=ConnectionPoolSettings{maxSize=100, minSize=0, maxWaitTimeMS=120000, maxConnectionLifeTimeMS=0, maxConnectionIdleTimeMS=0, maintenanceInitialDelayMS=0, maintenanceFrequencyMS=60000, connectionPoolListeners=[], maxConnecting=2}, serverSettings=ServerSettings{heartbeatFrequencyMS=10000, minHeartbeatFrequencyMS=500, serverMonitoringMode=AUTO, serverListeners='[]', serverMonitorListeners='[]'}, sslSettings=SslSettings{enabled=false, invalidHostNameAllowed=false, context=null}, applicationName='null', compressorList=[], uuidRepresentation=JAVA_LEGACY, serverApi=null, autoEncryptionSettings=null, dnsClient=null, inetAddressResolver=null, contextProvider=null, timeoutMS=null}
2026-09-22T23:40:46.137-05:00  INFO 90916 --- [localhost:32869] org.mongodb.driver.cluster               : Monitor thread successfully connected to server with description ServerDescription{address=localhost:32869, type=REPLICA_SET_PRIMARY, cryptd=false, state=CONNECTED, ok=true, minWireVersion=0, maxWireVersion=17, maxDocumentSize=16777216, logicalSessionTimeoutMinutes=30, roundTripTimeNanos=1086552, minRoundTripTimeNanos=0, setName='rs0', canonicalAddress=baa0d9502668:27017, hosts=[baa0d9502668:27017], passives=[], arbiters=[], primary='baa0d9502668:27017', tagSet=TagSet{[]}, electionId=7fffffff0000000000000001, setVersion=1, topologyVersion=TopologyVersion{processId=6ab3584cb54d05a2ef233b4f, counter=6}, lastWriteDate=Tue Sep 22 23:40:45 COT 2026, lastUpdateTimeNanos=5142984625790}
2026-09-22T23:40:46.184-05:00  INFO 90916 --- [           main] .LocationReferenceServiceIntegrationTest : Started LocationReferenceServiceIntegrationTest in 0.115 seconds (process running for 52.329)
2026-09-22T23:40:46.260-05:00  INFO 90916 --- [localhost:32869] org.mongodb.driver.cluster               : Exception in monitor thread while connecting to server localhost:32869

com.mongodb.MongoSocketReadException: Prematurely reached end of stream
	at com.mongodb.internal.connection.SocketStream.read(SocketStream.java:184) ~[mongodb-driver-core-5.2.1.jar:na]
	at com.mongodb.internal.connection.InternalStreamConnection.receiveResponseBuffers(InternalStreamConnection.java:829) ~[mongodb-driver-core-5.2.1.jar:na]
	at com.mongodb.internal.connection.InternalStreamConnection.receiveCommandMessageResponse(InternalStreamConnection.java:517) ~[mongodb-driver-core-5.2.1.jar:na]
	at com.mongodb.internal.connection.InternalStreamConnection.receive(InternalStreamConnection.java:469) ~[mongodb-driver-core-5.2.1.jar:na]
	at com.mongodb.internal.connection.DefaultServerMonitor$ServerMonitor.lookupServerDescription(DefaultServerMonitor.java:249) ~[mongodb-driver-core-5.2.1.jar:na]
	at com.mongodb.internal.connection.DefaultServerMonitor$ServerMonitor.run(DefaultServerMonitor.java:176) ~[mongodb-driver-core-5.2.1.jar:na]

2026-09-22T23:40:46.261-05:00  INFO 90916 --- [cTaskExecutor-1] org.mongodb.driver.cluster               : Waiting for server to become available for operation with ID 2938. Remaining time: 29999 ms. Selector: ReadPreferenceServerSelector{readPreference=primary}, topology description: {type=UNKNOWN, servers=[{address=localhost:32869, type=UNKNOWN, state=CONNECTING, exception={com.mongodb.MongoSocketReadException: Prematurely reached end of stream}}].
2026-09-22T23:40:46.261-05:00  INFO 90916 --- [localhost:32869] org.mongodb.driver.cluster               : Exception in monitor thread while connecting to server localhost:32869

com.mongodb.MongoSocketReadException: Exception receiving message
	at com.mongodb.internal.connection.InternalStreamConnection.translateReadException(InternalStreamConnection.java:814) ~[mongodb-driver-core-5.2.1.jar:na]
	at com.mongodb.internal.connection.InternalStreamConnection.receiveResponseBuffers(InternalStreamConnection.java:862) ~[mongodb-driver-core-5.2.1.jar:na]
	at com.mongodb.internal.connection.InternalStreamConnection.receiveCommandMessageResponse(InternalStreamConnection.java:517) ~[mongodb-driver-core-5.2.1.jar:na]
	at com.mongodb.internal.connection.InternalStreamConnection.sendAndReceiveInternal(InternalStreamConnection.java:448) ~[mongodb-driver-core-5.2.1.jar:na]
	at com.mongodb.internal.connection.InternalStreamConnection.lambda$sendAndReceive$0(InternalStreamConnection.java:375) ~[mongodb-driver-core-5.2.1.jar:na]
	at com.mongodb.internal.connection.InternalStreamConnection.sendAndReceive(InternalStreamConnection.java:378) ~[mongodb-driver-core-5.2.1.jar:na]
	at com.mongodb.internal.connection.CommandHelper.sendAndReceive(CommandHelper.java:100) ~[mongodb-driver-core-5.2.1.jar:na]
	at com.mongodb.internal.connection.CommandHelper.executeCommand(CommandHelper.java:49) ~[mongodb-driver-core-5.2.1.jar:na]
	at com.mongodb.internal.connection.InternalStreamConnectionInitializer.initializeConnectionDescription(InternalStreamConnectionInitializer.java:144) ~[mongodb-driver-core-5.2.1.jar:na]
	at com.mongodb.internal.connection.InternalStreamConnectionInitializer.startHandshake(InternalStreamConnectionInitializer.java:79) ~[mongodb-driver-core-5.2.1.jar:na]
	at com.mongodb.internal.connection.InternalStreamConnection.open(InternalStreamConnection.java:235) ~[mongodb-driver-core-5.2.1.jar:na]
	at com.mongodb.internal.connection.DefaultServerMonitor$ServerMonitor.lookupServerDescription(DefaultServerMonitor.java:219) ~[mongodb-driver-core-5.2.1.jar:na]
	at com.mongodb.internal.connection.DefaultServerMonitor$ServerMonitor.run(DefaultServerMonitor.java:176) ~[mongodb-driver-core-5.2.1.jar:na]
Caused by: java.net.SocketException: Connection reset
	at java.base/sun.nio.ch.NioSocketImpl.implRead(NioSocketImpl.java:318) ~[na:na]
	at java.base/sun.nio.ch.NioSocketImpl.read(NioSocketImpl.java:346) ~[na:na]
	at java.base/sun.nio.ch.NioSocketImpl$1.read(NioSocketImpl.java:796) ~[na:na]
	at java.base/java.net.Socket$SocketInputStream.read(Socket.java:1099) ~[na:na]
	at com.mongodb.internal.connection.SocketStream.read(SocketStream.java:182) ~[mongodb-driver-core-5.2.1.jar:na]
	at com.mongodb.internal.connection.InternalStreamConnection.receiveResponseBuffers(InternalStreamConnection.java:829) ~[mongodb-driver-core-5.2.1.jar:na]
	... 11 common frames omitted

2026-09-22T23:40:46.486-05:00 ERROR 90916 --- [   scheduling-1] o.s.s.s.TaskUtils$LoggingErrorHandler    : Unexpected error occurred in scheduled task

org.springframework.dao.DataAccessResourceFailureException: Timed out while waiting for a server that matches WritableServerSelector. Client view of cluster state is {type=UNKNOWN, servers=[{address=localhost:32863, type=UNKNOWN, state=CONNECTING, exception={com.mongodb.MongoSocketOpenException: Exception opening socket}, caused by {java.net.ConnectException: Conexión rehusada}}]
	at org.springframework.data.mongodb.core.MongoExceptionTranslator.doTranslateException(MongoExceptionTranslator.java:97) ~[spring-data-mongodb-4.4.4.jar:4.4.4]
	at org.springframework.data.mongodb.core.MongoExceptionTranslator.translateExceptionIfPossible(MongoExceptionTranslator.java:74) ~[spring-data-mongodb-4.4.4.jar:4.4.4]
	at org.springframework.data.mongodb.core.MongoTemplate.potentiallyConvertRuntimeException(MongoTemplate.java:3017) ~[spring-data-mongodb-4.4.4.jar:4.4.4]
	at org.springframework.data.mongodb.core.MongoTemplate.executeFindOneInternal(MongoTemplate.java:2895) ~[spring-data-mongodb-4.4.4.jar:4.4.4]
	at org.springframework.data.mongodb.core.MongoTemplate.doFindAndModify(MongoTemplate.java:2750) ~[spring-data-mongodb-4.4.4.jar:4.4.4]
	at org.springframework.data.mongodb.core.MongoTemplate.findAndModify(MongoTemplate.java:1091) ~[spring-data-mongodb-4.4.4.jar:4.4.4]
	at org.springframework.data.mongodb.core.MongoTemplate.findAndModify(MongoTemplate.java:1066) ~[spring-data-mongodb-4.4.4.jar:4.4.4]
	at com.traceability.core.infrastructure.projection.mongo.repositories.ProjectionRetryRepositoryImpl.claimNextPendingRetry(ProjectionRetryRepositoryImpl.java:45) ~[classes/:na]
	at java.base/jdk.internal.reflect.DirectMethodHandleAccessor.invoke(DirectMethodHandleAccessor.java:103) ~[na:na]
	at java.base/java.lang.reflect.Method.invoke(Method.java:580) ~[na:na]
	at org.springframework.aop.support.AopUtils.invokeJoinpointUsingReflection(AopUtils.java:359) ~[spring-aop-6.2.5.jar:6.2.5]
	at org.springframework.aop.framework.ReflectiveMethodInvocation.invokeJoinpoint(ReflectiveMethodInvocation.java:196) ~[spring-aop-6.2.5.jar:6.2.5]
	at org.springframework.aop.framework.ReflectiveMethodInvocation.proceed(ReflectiveMethodInvocation.java:163) ~[spring-aop-6.2.5.jar:6.2.5]
	at org.springframework.dao.support.PersistenceExceptionTranslationInterceptor.invoke(PersistenceExceptionTranslationInterceptor.java:138) ~[spring-tx-6.2.5.jar:6.2.5]
	at org.springframework.aop.framework.ReflectiveMethodInvocation.proceed(ReflectiveMethodInvocation.java:184) ~[spring-aop-6.2.5.jar:6.2.5]
	at org.springframework.aop.framework.CglibAopProxy$DynamicAdvisedInterceptor.intercept(CglibAopProxy.java:727) ~[spring-aop-6.2.5.jar:6.2.5]
	at com.traceability.core.infrastructure.projection.mongo.repositories.ProjectionRetryRepositoryImpl$$SpringCGLIB$$0.claimNextPendingRetry(<generated>) ~[classes/:na]
	at java.base/jdk.internal.reflect.DirectMethodHandleAccessor.invoke(DirectMethodHandleAccessor.java:103) ~[na:na]
	at java.base/java.lang.reflect.Method.invoke(Method.java:580) ~[na:na]
	at org.springframework.aop.support.AopUtils.invokeJoinpointUsingReflection(AopUtils.java:359) ~[spring-aop-6.2.5.jar:6.2.5]
	at org.springframework.data.repository.core.support.RepositoryMethodInvoker$RepositoryFragmentMethodInvoker.lambda$new$0(RepositoryMethodInvoker.java:277) ~[spring-data-commons-3.4.4.jar:3.4.4]
	at org.springframework.data.repository.core.support.RepositoryMethodInvoker.doInvoke(RepositoryMethodInvoker.java:170) ~[spring-data-commons-3.4.4.jar:3.4.4]
	at org.springframework.data.repository.core.support.RepositoryMethodInvoker.invoke(RepositoryMethodInvoker.java:158) ~[spring-data-commons-3.4.4.jar:3.4.4]
	at org.springframework.data.repository.core.support.RepositoryComposition$RepositoryFragments.invoke(RepositoryComposition.java:515) ~[spring-data-commons-3.4.4.jar:3.4.4]
	at org.springframework.data.repository.core.support.RepositoryComposition.invoke(RepositoryComposition.java:284) ~[spring-data-commons-3.4.4.jar:3.4.4]
	at org.springframework.data.repository.core.support.RepositoryFactorySupport$ImplementationMethodExecutionInterceptor.invoke(RepositoryFactorySupport.java:731) ~[spring-data-commons-3.4.4.jar:3.4.4]
	at org.springframework.aop.framework.ReflectiveMethodInvocation.proceed(ReflectiveMethodInvocation.java:184) ~[spring-aop-6.2.5.jar:6.2.5]
	at org.springframework.data.repository.core.support.QueryExecutorMethodInterceptor.doInvoke(QueryExecutorMethodInterceptor.java:174) ~[spring-data-commons-3.4.4.jar:3.4.4]
	at org.springframework.data.repository.core.support.QueryExecutorMethodInterceptor.invoke(QueryExecutorMethodInterceptor.java:149) ~[spring-data-commons-3.4.4.jar:3.4.4]
	at org.springframework.aop.framework.ReflectiveMethodInvocation.proceed(ReflectiveMethodInvocation.java:184) ~[spring-aop-6.2.5.jar:6.2.5]
	at org.springframework.data.projection.DefaultMethodInvokingMethodInterceptor.invoke(DefaultMethodInvokingMethodInterceptor.java:69) ~[spring-data-commons-3.4.4.jar:3.4.4]
	at org.springframework.aop.framework.ReflectiveMethodInvocation.proceed(ReflectiveMethodInvocation.java:184) ~[spring-aop-6.2.5.jar:6.2.5]
	at org.springframework.data.mongodb.repository.support.CrudMethodMetadataPostProcessor$CrudMethodMetadataPopulatingMethodInterceptor.invoke(CrudMethodMetadataPostProcessor.java:158) ~[spring-data-mongodb-4.4.4.jar:4.4.4]
	at org.springframework.aop.framework.ReflectiveMethodInvocation.proceed(ReflectiveMethodInvocation.java:184) ~[spring-aop-6.2.5.jar:6.2.5]
	at org.springframework.aop.framework.JdkDynamicAopProxy.invoke(JdkDynamicAopProxy.java:223) ~[spring-aop-6.2.5.jar:6.2.5]
	at jdk.proxy2/jdk.proxy2.$Proxy151.claimNextPendingRetry(Unknown Source) ~[na:na]
	at java.base/jdk.internal.reflect.DirectMethodHandleAccessor.invoke(DirectMethodHandleAccessor.java:103) ~[na:na]
	at java.base/java.lang.reflect.Method.invoke(Method.java:580) ~[na:na]
	at org.springframework.aop.support.AopUtils.invokeJoinpointUsingReflection(AopUtils.java:359) ~[spring-aop-6.2.5.jar:6.2.5]
	at org.springframework.aop.framework.ReflectiveMethodInvocation.invokeJoinpoint(ReflectiveMethodInvocation.java:196) ~[spring-aop-6.2.5.jar:6.2.5]
	at org.springframework.aop.framework.ReflectiveMethodInvocation.proceed(ReflectiveMethodInvocation.java:163) ~[spring-aop-6.2.5.jar:6.2.5]
	at org.springframework.dao.support.PersistenceExceptionTranslationInterceptor.invoke(PersistenceExceptionTranslationInterceptor.java:138) ~[spring-tx-6.2.5.jar:6.2.5]
	at org.springframework.aop.framework.ReflectiveMethodInvocation.proceed(ReflectiveMethodInvocation.java:184) ~[spring-aop-6.2.5.jar:6.2.5]
	at org.springframework.aop.framework.JdkDynamicAopProxy.invoke(JdkDynamicAopProxy.java:223) ~[spring-aop-6.2.5.jar:6.2.5]
	at jdk.proxy2/jdk.proxy2.$Proxy151.claimNextPendingRetry(Unknown Source) ~[na:na]
	at com.traceability.core.application.projection.ProjectionRetryScheduler.processRetries(ProjectionRetryScheduler.java:47) ~[classes/:na]
	at java.base/jdk.internal.reflect.DirectMethodHandleAccessor.invoke(DirectMethodHandleAccessor.java:103) ~[na:na]
	at java.base/java.lang.reflect.Method.invoke(Method.java:580) ~[na:na]
	at org.springframework.scheduling.support.ScheduledMethodRunnable.runInternal(ScheduledMethodRunnable.java:130) ~[spring-context-6.2.5.jar:6.2.5]
	at org.springframework.scheduling.support.ScheduledMethodRunnable.lambda$run$2(ScheduledMethodRunnable.java:124) ~[spring-context-6.2.5.jar:6.2.5]
	at io.micrometer.observation.Observation.observe(Observation.java:498) ~[micrometer-observation-1.14.5.jar:1.14.5]
	at org.springframework.scheduling.support.ScheduledMethodRunnable.run(ScheduledMethodRunnable.java:124) ~[spring-context-6.2.5.jar:6.2.5]
	at org.springframework.scheduling.config.Task$OutcomeTrackingRunnable.run(Task.java:85) ~[spring-context-6.2.5.jar:6.2.5]
	at org.springframework.scheduling.support.DelegatingErrorHandlingRunnable.run(DelegatingErrorHandlingRunnable.java:54) ~[spring-context-6.2.5.jar:6.2.5]
	at java.base/java.util.concurrent.Executors$RunnableAdapter.call(Executors.java:572) ~[na:na]
	at java.base/java.util.concurrent.FutureTask.runAndReset(FutureTask.java:358) ~[na:na]
	at java.base/java.util.concurrent.ScheduledThreadPoolExecutor$ScheduledFutureTask.run(ScheduledThreadPoolExecutor.java:305) ~[na:na]
	at java.base/java.util.concurrent.ThreadPoolExecutor.runWorker(ThreadPoolExecutor.java:1144) ~[na:na]
	at java.base/java.util.concurrent.ThreadPoolExecutor$Worker.run(ThreadPoolExecutor.java:642) ~[na:na]
	at java.base/java.lang.Thread.run(Thread.java:1583) ~[na:na]
Caused by: com.mongodb.MongoTimeoutException: Timed out while waiting for a server that matches WritableServerSelector. Client view of cluster state is {type=UNKNOWN, servers=[{address=localhost:32863, type=UNKNOWN, state=CONNECTING, exception={com.mongodb.MongoSocketOpenException: Exception opening socket}, caused by {java.net.ConnectException: Conexión rehusada}}]
	at com.mongodb.internal.connection.BaseCluster.logAndThrowTimeoutException(BaseCluster.java:427) ~[mongodb-driver-core-5.2.1.jar:na]
	at com.mongodb.internal.connection.BaseCluster.lambda$selectServer$0(BaseCluster.java:154) ~[mongodb-driver-core-5.2.1.jar:na]
	at com.mongodb.internal.time.Timeout.lambda$onExistsAndExpired$16(Timeout.java:236) ~[mongodb-driver-core-5.2.1.jar:na]
	at com.mongodb.internal.time.Timeout.lambda$run$10(Timeout.java:201) ~[mongodb-driver-core-5.2.1.jar:na]
	at com.mongodb.internal.time.TimePoint.checkedCall(TimePoint.java:98) ~[mongodb-driver-core-5.2.1.jar:na]
	at com.mongodb.internal.time.Timeout.call(Timeout.java:174) ~[mongodb-driver-core-5.2.1.jar:na]
	at com.mongodb.internal.time.Timeout.run(Timeout.java:194) ~[mongodb-driver-core-5.2.1.jar:na]
	at com.mongodb.internal.time.Timeout.onExistsAndExpired(Timeout.java:233) ~[mongodb-driver-core-5.2.1.jar:na]
	at com.mongodb.internal.time.Timeout.onExpired(Timeout.java:226) ~[mongodb-driver-core-5.2.1.jar:na]
	at com.mongodb.internal.connection.BaseCluster.selectServer(BaseCluster.java:153) ~[mongodb-driver-core-5.2.1.jar:na]
	at com.mongodb.internal.connection.SingleServerCluster.selectServer(SingleServerCluster.java:47) ~[mongodb-driver-core-5.2.1.jar:na]
	at com.mongodb.internal.binding.ClusterBinding.getWriteConnectionSource(ClusterBinding.java:100) ~[mongodb-driver-core-5.2.1.jar:na]
	at com.mongodb.client.internal.ClientSessionBinding.getConnectionSource(ClientSessionBinding.java:108) ~[mongodb-driver-sync-5.2.1.jar:na]
	at com.mongodb.client.internal.ClientSessionBinding.getWriteConnectionSource(ClientSessionBinding.java:98) ~[mongodb-driver-sync-5.2.1.jar:na]
	at com.mongodb.internal.operation.SyncOperationHelper.withSuppliedResource(SyncOperationHelper.java:148) ~[mongodb-driver-core-5.2.1.jar:na]
	at com.mongodb.internal.operation.SyncOperationHelper.withSourceAndConnection(SyncOperationHelper.java:129) ~[mongodb-driver-core-5.2.1.jar:na]
	at com.mongodb.internal.operation.SyncOperationHelper.lambda$executeRetryableWrite$11(SyncOperationHelper.java:252) ~[mongodb-driver-core-5.2.1.jar:na]
	at com.mongodb.internal.operation.SyncOperationHelper.lambda$decorateWriteWithRetries$12(SyncOperationHelper.java:308) ~[mongodb-driver-core-5.2.1.jar:na]
	at com.mongodb.internal.async.function.RetryingSyncSupplier.get(RetryingSyncSupplier.java:67) ~[mongodb-driver-core-5.2.1.jar:na]
	at com.mongodb.internal.operation.SyncOperationHelper.executeRetryableWrite(SyncOperationHelper.java:279) ~[mongodb-driver-core-5.2.1.jar:na]
	at com.mongodb.internal.operation.BaseFindAndModifyOperation.execute(BaseFindAndModifyOperation.java:73) ~[mongodb-driver-core-5.2.1.jar:na]
	at com.mongodb.client.internal.MongoClusterImpl$OperationExecutorImpl.execute(MongoClusterImpl.java:379) ~[mongodb-driver-sync-5.2.1.jar:na]
	at com.mongodb.client.internal.MongoCollectionImpl.executeFindOneAndUpdate(MongoCollectionImpl.java:786) ~[mongodb-driver-sync-5.2.1.jar:na]
	at com.mongodb.client.internal.MongoCollectionImpl.findOneAndUpdate(MongoCollectionImpl.java:765) ~[mongodb-driver-sync-5.2.1.jar:na]
	at org.springframework.data.mongodb.core.MongoTemplate$FindAndModifyCallback.doInCollection(MongoTemplate.java:3207) ~[spring-data-mongodb-4.4.4.jar:4.4.4]
	at org.springframework.data.mongodb.core.MongoTemplate$FindAndModifyCallback.doInCollection(MongoTemplate.java:3165) ~[spring-data-mongodb-4.4.4.jar:4.4.4]
	at org.springframework.data.mongodb.core.MongoTemplate.executeFindOneInternal(MongoTemplate.java:2892) ~[spring-data-mongodb-4.4.4.jar:4.4.4]
	... 56 common frames omitted

2026-09-22T23:40:46.498-05:00  INFO 90916 --- [   scheduling-1] org.mongodb.driver.cluster               : Waiting for server to become available for operation with ID 2964. Remaining time: 29999 ms. Selector: WritableServerSelector, topology description: {type=UNKNOWN, servers=[{address=localhost:32863, type=UNKNOWN, state=CONNECTING, exception={com.mongodb.MongoSocketOpenException: Exception opening socket}, caused by {java.net.ConnectException: Conexión rehusada}}].
[INFO] Tests run: 3, Failures: 0, Errors: 0, Skipped: 0, Time elapsed: 1.859 s -- in com.traceability.core.application.service.LocationReferenceServiceIntegrationTest
[INFO] Running com.traceability.core.infrastructure.persistence.mongo.MongoEventStoreAdapterTest
2026-09-22T23:40:46.502-05:00  INFO 90916 --- [           main] tc.mongo:6.0                             : Creating container for image: mongo:6.0
2026-09-22T23:40:46.635-05:00  INFO 90916 --- [           main] tc.mongo:6.0                             : Container mongo:6.0 is starting: 9e9bc5d8c32d283211a05860d09383b5d22636803710f2d1cf08f39a7099689f
2026-09-22T23:40:46.761-05:00  INFO 90916 --- [localhost:32869] org.mongodb.driver.cluster               : Exception in monitor thread while connecting to server localhost:32869

com.mongodb.MongoSocketOpenException: Exception opening socket
	at com.mongodb.internal.connection.SocketStream.lambda$open$0(SocketStream.java:85) ~[mongodb-driver-core-5.2.1.jar:na]
	at java.base/java.util.Optional.orElseThrow(Optional.java:403) ~[na:na]
	at com.mongodb.internal.connection.SocketStream.open(SocketStream.java:85) ~[mongodb-driver-core-5.2.1.jar:na]
	at com.mongodb.internal.connection.InternalStreamConnection.open(InternalStreamConnection.java:233) ~[mongodb-driver-core-5.2.1.jar:na]
	at com.mongodb.internal.connection.DefaultServerMonitor$ServerMonitor.lookupServerDescription(DefaultServerMonitor.java:219) ~[mongodb-driver-core-5.2.1.jar:na]
	at com.mongodb.internal.connection.DefaultServerMonitor$ServerMonitor.run(DefaultServerMonitor.java:176) ~[mongodb-driver-core-5.2.1.jar:na]
Caused by: java.net.ConnectException: Conexión rehusada
	at java.base/sun.nio.ch.Net.pollConnect(Native Method) ~[na:na]
	at java.base/sun.nio.ch.Net.pollConnectNow(Net.java:694) ~[na:na]
	at java.base/sun.nio.ch.NioSocketImpl.timedFinishConnect(NioSocketImpl.java:542) ~[na:na]
	at java.base/sun.nio.ch.NioSocketImpl.connect(NioSocketImpl.java:592) ~[na:na]
	at java.base/java.net.SocksSocketImpl.connect(SocksSocketImpl.java:327) ~[na:na]
	at java.base/java.net.Socket.connect(Socket.java:751) ~[na:na]
	at com.mongodb.internal.connection.SocketStreamHelper.initialize(SocketStreamHelper.java:76) ~[mongodb-driver-core-5.2.1.jar:na]
	at com.mongodb.internal.connection.SocketStream.initializeSocket(SocketStream.java:104) ~[mongodb-driver-core-5.2.1.jar:na]
	at com.mongodb.internal.connection.SocketStream.open(SocketStream.java:79) ~[mongodb-driver-core-5.2.1.jar:na]
	... 3 common frames omitted

2026-09-22T23:40:47.136-05:00  INFO 90916 --- [           main] tc.mongo:6.0                             : Container mongo:6.0 started in PT0.633390685S

  .   ____          _            __ _ _
 /\\ / ___'_ __ _ _(_)_ __  __ _ \ \ \ \
( ( )\___ | '_ | '_| | '_ \/ _` | \ \ \ \
 \\/  ___)| |_)| | | | | || (_| |  ) ) ) )
  '  |____| .__|_| |_|_| |_\__, | / / / /
 =========|_|==============|___/=/_/_/_/

 :: Spring Boot ::                (v3.4.4)

2026-09-22T23:40:47.915-05:00  INFO 90916 --- [           main] c.t.c.i.p.m.MongoEventStoreAdapterTest   : Starting MongoEventStoreAdapterTest using Java 21.0.12 with PID 90916 (started by carlos in /home/carlos/Proyectos/Donaciones/core)
2026-09-22T23:40:47.915-05:00  INFO 90916 --- [           main] c.t.c.i.p.m.MongoEventStoreAdapterTest   : No active profile set, falling back to 1 default profile: "default"
2026-09-22T23:40:47.973-05:00  INFO 90916 --- [           main] .s.d.r.c.RepositoryConfigurationDelegate : Bootstrapping Spring Data MongoDB repositories in DEFAULT mode.
2026-09-22T23:40:47.986-05:00  INFO 90916 --- [           main] .s.d.r.c.RepositoryConfigurationDelegate : Finished Spring Data repository scanning in 12 ms. Found 9 MongoDB repository interfaces.
2026-09-22T23:40:48.021-05:00  INFO 90916 --- [           main] org.mongodb.driver.client                : MongoClient with metadata {"driver": {"name": "mongo-java-driver|sync|spring-boot", "version": "5.2.1"}, "os": {"type": "Linux", "name": "Linux", "architecture": "amd64", "version": "7.2.6-1-cachyos"}, "platform": "Java/Arch Linux/21.0.12+8"} created with settings MongoClientSettings{readPreference=primary, writeConcern=WriteConcern{w=null, wTimeout=null ms, journal=null}, retryWrites=true, retryReads=true, readConcern=ReadConcern{level=null}, credential=null, transportSettings=null, commandListeners=[], codecRegistry=ProvidersCodecRegistry{codecProviders=[ValueCodecProvider{}, BsonValueCodecProvider{}, DBRefCodecProvider{}, DBObjectCodecProvider{}, DocumentCodecProvider{}, CollectionCodecProvider{}, IterableCodecProvider{}, MapCodecProvider{}, GeoJsonCodecProvider{}, GridFSFileCodecProvider{}, Jsr310CodecProvider{}, JsonObjectCodecProvider{}, BsonCodecProvider{}, EnumCodecProvider{}, com.mongodb.client.model.mql.ExpressionCodecProvider@310f8a05, com.mongodb.Jep395RecordCodecProvider@4f98ac31, com.mongodb.KotlinCodecProvider@5cb6abc8]}, loggerSettings=LoggerSettings{maxDocumentLength=1000}, clusterSettings={hosts=[localhost:32870], srvServiceName=mongodb, mode=SINGLE, requiredClusterType=UNKNOWN, requiredReplicaSetName='null', serverSelector='null', clusterListeners='[]', serverSelectionTimeout='30000 ms', localThreshold='15 ms'}, socketSettings=SocketSettings{connectTimeoutMS=10000, readTimeoutMS=0, receiveBufferSize=0, proxySettings=ProxySettings{host=null, port=null, username=null, password=null}}, heartbeatSocketSettings=SocketSettings{connectTimeoutMS=10000, readTimeoutMS=10000, receiveBufferSize=0, proxySettings=ProxySettings{host=null, port=null, username=null, password=null}}, connectionPoolSettings=ConnectionPoolSettings{maxSize=100, minSize=0, maxWaitTimeMS=120000, maxConnectionLifeTimeMS=0, maxConnectionIdleTimeMS=0, maintenanceInitialDelayMS=0, maintenanceFrequencyMS=60000, connectionPoolListeners=[], maxConnecting=2}, serverSettings=ServerSettings{heartbeatFrequencyMS=10000, minHeartbeatFrequencyMS=500, serverMonitoringMode=AUTO, serverListeners='[]', serverMonitorListeners='[]'}, sslSettings=SslSettings{enabled=false, invalidHostNameAllowed=false, context=null}, applicationName='null', compressorList=[], uuidRepresentation=JAVA_LEGACY, serverApi=null, autoEncryptionSettings=null, dnsClient=null, inetAddressResolver=null, contextProvider=null, timeoutMS=null}
2026-09-22T23:40:48.023-05:00  INFO 90916 --- [localhost:32870] org.mongodb.driver.cluster               : Monitor thread successfully connected to server with description ServerDescription{address=localhost:32870, type=REPLICA_SET_PRIMARY, cryptd=false, state=CONNECTED, ok=true, minWireVersion=0, maxWireVersion=17, maxDocumentSize=16777216, logicalSessionTimeoutMinutes=30, roundTripTimeNanos=1012891, minRoundTripTimeNanos=0, setName='rs0', canonicalAddress=9e9bc5d8c32d:27017, hosts=[9e9bc5d8c32d:27017], passives=[], arbiters=[], primary='9e9bc5d8c32d:27017', tagSet=TagSet{[]}, electionId=7fffffff0000000000000001, setVersion=1, topologyVersion=TopologyVersion{processId=6ab3584ed38dd919d9169ad5, counter=6}, lastWriteDate=Tue Sep 22 23:40:47 COT 2026, lastUpdateTimeNanos=5144869820568}
2026-09-22T23:40:48.085-05:00  INFO 90916 --- [           main] c.t.c.i.p.m.MongoEventStoreAdapterTest   : Started MongoEventStoreAdapterTest in 0.178 seconds (process running for 54.23)
2026-09-22T23:40:48.568-05:00  INFO 90916 --- [localhost:32870] org.mongodb.driver.cluster               : Exception in monitor thread while connecting to server localhost:32870

com.mongodb.MongoSocketReadException: Prematurely reached end of stream
	at com.mongodb.internal.connection.SocketStream.read(SocketStream.java:184) ~[mongodb-driver-core-5.2.1.jar:na]
	at com.mongodb.internal.connection.InternalStreamConnection.receiveResponseBuffers(InternalStreamConnection.java:829) ~[mongodb-driver-core-5.2.1.jar:na]
	at com.mongodb.internal.connection.InternalStreamConnection.receiveCommandMessageResponse(InternalStreamConnection.java:517) ~[mongodb-driver-core-5.2.1.jar:na]
	at com.mongodb.internal.connection.InternalStreamConnection.receive(InternalStreamConnection.java:469) ~[mongodb-driver-core-5.2.1.jar:na]
	at com.mongodb.internal.connection.DefaultServerMonitor$ServerMonitor.lookupServerDescription(DefaultServerMonitor.java:249) ~[mongodb-driver-core-5.2.1.jar:na]
	at com.mongodb.internal.connection.DefaultServerMonitor$ServerMonitor.run(DefaultServerMonitor.java:176) ~[mongodb-driver-core-5.2.1.jar:na]

2026-09-22T23:40:48.569-05:00  INFO 90916 --- [localhost:32870] org.mongodb.driver.cluster               : Exception in monitor thread while connecting to server localhost:32870

com.mongodb.MongoSocketReadException: Exception receiving message
	at com.mongodb.internal.connection.InternalStreamConnection.translateReadException(InternalStreamConnection.java:814) ~[mongodb-driver-core-5.2.1.jar:na]
	at com.mongodb.internal.connection.InternalStreamConnection.receiveResponseBuffers(InternalStreamConnection.java:862) ~[mongodb-driver-core-5.2.1.jar:na]
	at com.mongodb.internal.connection.InternalStreamConnection.receiveCommandMessageResponse(InternalStreamConnection.java:517) ~[mongodb-driver-core-5.2.1.jar:na]
	at com.mongodb.internal.connection.InternalStreamConnection.sendAndReceiveInternal(InternalStreamConnection.java:448) ~[mongodb-driver-core-5.2.1.jar:na]
	at com.mongodb.internal.connection.InternalStreamConnection.lambda$sendAndReceive$0(InternalStreamConnection.java:375) ~[mongodb-driver-core-5.2.1.jar:na]
	at com.mongodb.internal.connection.InternalStreamConnection.sendAndReceive(InternalStreamConnection.java:378) ~[mongodb-driver-core-5.2.1.jar:na]
	at com.mongodb.internal.connection.CommandHelper.sendAndReceive(CommandHelper.java:100) ~[mongodb-driver-core-5.2.1.jar:na]
	at com.mongodb.internal.connection.CommandHelper.executeCommand(CommandHelper.java:49) ~[mongodb-driver-core-5.2.1.jar:na]
	at com.mongodb.internal.connection.InternalStreamConnectionInitializer.initializeConnectionDescription(InternalStreamConnectionInitializer.java:144) ~[mongodb-driver-core-5.2.1.jar:na]
	at com.mongodb.internal.connection.InternalStreamConnectionInitializer.startHandshake(InternalStreamConnectionInitializer.java:79) ~[mongodb-driver-core-5.2.1.jar:na]
	at com.mongodb.internal.connection.InternalStreamConnection.open(InternalStreamConnection.java:235) ~[mongodb-driver-core-5.2.1.jar:na]
	at com.mongodb.internal.connection.DefaultServerMonitor$ServerMonitor.lookupServerDescription(DefaultServerMonitor.java:219) ~[mongodb-driver-core-5.2.1.jar:na]
	at com.mongodb.internal.connection.DefaultServerMonitor$ServerMonitor.run(DefaultServerMonitor.java:176) ~[mongodb-driver-core-5.2.1.jar:na]
Caused by: java.net.SocketException: Connection reset
	at java.base/sun.nio.ch.NioSocketImpl.implRead(NioSocketImpl.java:318) ~[na:na]
	at java.base/sun.nio.ch.NioSocketImpl.read(NioSocketImpl.java:346) ~[na:na]
	at java.base/sun.nio.ch.NioSocketImpl$1.read(NioSocketImpl.java:796) ~[na:na]
	at java.base/java.net.Socket$SocketInputStream.read(Socket.java:1099) ~[na:na]
	at com.mongodb.internal.connection.SocketStream.read(SocketStream.java:182) ~[mongodb-driver-core-5.2.1.jar:na]
	at com.mongodb.internal.connection.InternalStreamConnection.receiveResponseBuffers(InternalStreamConnection.java:829) ~[mongodb-driver-core-5.2.1.jar:na]
	... 11 common frames omitted

[INFO] Tests run: 8, Failures: 0, Errors: 0, Skipped: 0, Time elapsed: 2.338 s -- in com.traceability.core.infrastructure.persistence.mongo.MongoEventStoreAdapterTest
[INFO] Running com.traceability.core.infrastructure.persistence.mongo.MongoUnanchoredEventAdapterTest
2026-09-22T23:40:48.841-05:00  INFO 90916 --- [           main] tc.mongo:6.0                             : Creating container for image: mongo:6.0
2026-09-22T23:40:48.965-05:00  INFO 90916 --- [           main] tc.mongo:6.0                             : Container mongo:6.0 is starting: 9fe8b7da05f4718bfbbddd315b698ff189a71d0c3fbaf2c87bf64f38382584d3
2026-09-22T23:40:49.146-05:00  INFO 90916 --- [localhost:32867] org.mongodb.driver.cluster               : Exception in monitor thread while connecting to server localhost:32867

com.mongodb.MongoSocketOpenException: Exception opening socket
	at com.mongodb.internal.connection.SocketStream.lambda$open$0(SocketStream.java:85) ~[mongodb-driver-core-5.2.1.jar:na]
	at java.base/java.util.Optional.orElseThrow(Optional.java:403) ~[na:na]
	at com.mongodb.internal.connection.SocketStream.open(SocketStream.java:85) ~[mongodb-driver-core-5.2.1.jar:na]
	at com.mongodb.internal.connection.InternalStreamConnection.open(InternalStreamConnection.java:233) ~[mongodb-driver-core-5.2.1.jar:na]
	at com.mongodb.internal.connection.DefaultServerMonitor$ServerMonitor.lookupServerDescription(DefaultServerMonitor.java:219) ~[mongodb-driver-core-5.2.1.jar:na]
	at com.mongodb.internal.connection.DefaultServerMonitor$ServerMonitor.run(DefaultServerMonitor.java:176) ~[mongodb-driver-core-5.2.1.jar:na]
Caused by: java.net.ConnectException: Conexión rehusada
	at java.base/sun.nio.ch.Net.pollConnect(Native Method) ~[na:na]
	at java.base/sun.nio.ch.Net.pollConnectNow(Net.java:694) ~[na:na]
	at java.base/sun.nio.ch.NioSocketImpl.timedFinishConnect(NioSocketImpl.java:542) ~[na:na]
	at java.base/sun.nio.ch.NioSocketImpl.connect(NioSocketImpl.java:592) ~[na:na]
	at java.base/java.net.SocksSocketImpl.connect(SocksSocketImpl.java:327) ~[na:na]
	at java.base/java.net.Socket.connect(Socket.java:751) ~[na:na]
	at com.mongodb.internal.connection.SocketStreamHelper.initialize(SocketStreamHelper.java:76) ~[mongodb-driver-core-5.2.1.jar:na]
	at com.mongodb.internal.connection.SocketStream.initializeSocket(SocketStream.java:104) ~[mongodb-driver-core-5.2.1.jar:na]
	at com.mongodb.internal.connection.SocketStream.open(SocketStream.java:79) ~[mongodb-driver-core-5.2.1.jar:na]
	... 3 common frames omitted

2026-09-22T23:40:49.463-05:00  INFO 90916 --- [           main] tc.mongo:6.0                             : Container mongo:6.0 started in PT0.622452801S

  .   ____          _            __ _ _
 /\\ / ___'_ __ _ _(_)_ __  __ _ \ \ \ \
( ( )\___ | '_ | '_| | '_ \/ _` | \ \ \ \
 \\/  ___)| |_)| | | | | || (_| |  ) ) ) )
  '  |____| .__|_| |_|_| |_\__, | / / / /
 =========|_|==============|___/=/_/_/_/

 :: Spring Boot ::                (v3.4.4)

2026-09-22T23:40:50.225-05:00  INFO 90916 --- [           main] .c.i.p.m.MongoUnanchoredEventAdapterTest : Starting MongoUnanchoredEventAdapterTest using Java 21.0.12 with PID 90916 (started by carlos in /home/carlos/Proyectos/Donaciones/core)
2026-09-22T23:40:50.226-05:00  INFO 90916 --- [           main] .c.i.p.m.MongoUnanchoredEventAdapterTest : No active profile set, falling back to 1 default profile: "default"
2026-09-22T23:40:50.244-05:00  INFO 90916 --- [           main] .s.d.r.c.RepositoryConfigurationDelegate : Bootstrapping Spring Data MongoDB repositories in DEFAULT mode.
2026-09-22T23:40:50.245-05:00  INFO 90916 --- [           main] .s.d.r.c.RepositoryConfigurationDelegate : Finished Spring Data repository scanning in 0 ms. Found 0 MongoDB repository interfaces.
2026-09-22T23:40:50.311-05:00  INFO 90916 --- [           main] org.mongodb.driver.client                : MongoClient with metadata {"driver": {"name": "mongo-java-driver|sync|spring-boot", "version": "5.2.1"}, "os": {"type": "Linux", "name": "Linux", "architecture": "amd64", "version": "7.2.6-1-cachyos"}, "platform": "Java/Arch Linux/21.0.12+8"} created with settings MongoClientSettings{readPreference=primary, writeConcern=WriteConcern{w=null, wTimeout=null ms, journal=null}, retryWrites=true, retryReads=true, readConcern=ReadConcern{level=null}, credential=null, transportSettings=null, commandListeners=[], codecRegistry=ProvidersCodecRegistry{codecProviders=[ValueCodecProvider{}, BsonValueCodecProvider{}, DBRefCodecProvider{}, DBObjectCodecProvider{}, DocumentCodecProvider{}, CollectionCodecProvider{}, IterableCodecProvider{}, MapCodecProvider{}, GeoJsonCodecProvider{}, GridFSFileCodecProvider{}, Jsr310CodecProvider{}, JsonObjectCodecProvider{}, BsonCodecProvider{}, EnumCodecProvider{}, com.mongodb.client.model.mql.ExpressionCodecProvider@310f8a05, com.mongodb.Jep395RecordCodecProvider@4f98ac31, com.mongodb.KotlinCodecProvider@5cb6abc8]}, loggerSettings=LoggerSettings{maxDocumentLength=1000}, clusterSettings={hosts=[localhost:32871], srvServiceName=mongodb, mode=SINGLE, requiredClusterType=UNKNOWN, requiredReplicaSetName='null', serverSelector='null', clusterListeners='[]', serverSelectionTimeout='30000 ms', localThreshold='15 ms'}, socketSettings=SocketSettings{connectTimeoutMS=10000, readTimeoutMS=0, receiveBufferSize=0, proxySettings=ProxySettings{host=null, port=null, username=null, password=null}}, heartbeatSocketSettings=SocketSettings{connectTimeoutMS=10000, readTimeoutMS=10000, receiveBufferSize=0, proxySettings=ProxySettings{host=null, port=null, username=null, password=null}}, connectionPoolSettings=ConnectionPoolSettings{maxSize=100, minSize=0, maxWaitTimeMS=120000, maxConnectionLifeTimeMS=0, maxConnectionIdleTimeMS=0, maintenanceInitialDelayMS=0, maintenanceFrequencyMS=60000, connectionPoolListeners=[], maxConnecting=2}, serverSettings=ServerSettings{heartbeatFrequencyMS=10000, minHeartbeatFrequencyMS=500, serverMonitoringMode=AUTO, serverListeners='[]', serverMonitorListeners='[]'}, sslSettings=SslSettings{enabled=false, invalidHostNameAllowed=false, context=null}, applicationName='null', compressorList=[], uuidRepresentation=JAVA_LEGACY, serverApi=null, autoEncryptionSettings=null, dnsClient=null, inetAddressResolver=null, contextProvider=null, timeoutMS=null}
2026-09-22T23:40:50.312-05:00  INFO 90916 --- [localhost:32871] org.mongodb.driver.cluster               : Monitor thread successfully connected to server with description ServerDescription{address=localhost:32871, type=REPLICA_SET_PRIMARY, cryptd=false, state=CONNECTED, ok=true, minWireVersion=0, maxWireVersion=17, maxDocumentSize=16777216, logicalSessionTimeoutMinutes=30, roundTripTimeNanos=1151576, minRoundTripTimeNanos=0, setName='rs0', canonicalAddress=9fe8b7da05f4:27017, hosts=[9fe8b7da05f4:27017], passives=[], arbiters=[], primary='9fe8b7da05f4:27017', tagSet=TagSet{[]}, electionId=7fffffff0000000000000001, setVersion=1, topologyVersion=TopologyVersion{processId=6ab358513f472a932f4fc2bb, counter=6}, lastWriteDate=Tue Sep 22 23:40:50 COT 2026, lastUpdateTimeNanos=5147159402478}
2026-09-22T23:40:50.329-05:00  INFO 90916 --- [           main] .c.i.p.m.MongoUnanchoredEventAdapterTest : Started MongoUnanchoredEventAdapterTest in 0.11 seconds (process running for 56.474)
2026-09-22T23:40:50.802-05:00 ERROR 90916 --- [cTaskExecutor-1] rContainer$DecoratingLoggingErrorHandler : Unexpected error occurred while listening to MongoDB

org.springframework.dao.DataAccessResourceFailureException: Timed out while waiting for a server that matches ReadPreferenceServerSelector{readPreference=primary}. Client view of cluster state is {type=UNKNOWN, servers=[{address=localhost:32866, type=UNKNOWN, state=CONNECTING, exception={com.mongodb.MongoSocketOpenException: Exception opening socket}, caused by {java.net.ConnectException: Conexión rehusada}}]
	at org.springframework.data.mongodb.core.MongoExceptionTranslator.doTranslateException(MongoExceptionTranslator.java:97) ~[spring-data-mongodb-4.4.4.jar:4.4.4]
	at org.springframework.data.mongodb.core.MongoExceptionTranslator.translateExceptionIfPossible(MongoExceptionTranslator.java:74) ~[spring-data-mongodb-4.4.4.jar:4.4.4]
	at org.springframework.data.mongodb.core.messaging.CursorReadingTask.execute(CursorReadingTask.java:249) ~[spring-data-mongodb-4.4.4.jar:4.4.4]
	at org.springframework.data.mongodb.core.messaging.CursorReadingTask.run(CursorReadingTask.java:82) ~[spring-data-mongodb-4.4.4.jar:4.4.4]
	at java.base/java.lang.Thread.run(Thread.java:1583) ~[na:na]
Caused by: com.mongodb.MongoTimeoutException: Timed out while waiting for a server that matches ReadPreferenceServerSelector{readPreference=primary}. Client view of cluster state is {type=UNKNOWN, servers=[{address=localhost:32866, type=UNKNOWN, state=CONNECTING, exception={com.mongodb.MongoSocketOpenException: Exception opening socket}, caused by {java.net.ConnectException: Conexión rehusada}}]
	at com.mongodb.internal.connection.BaseCluster.logAndThrowTimeoutException(BaseCluster.java:427) ~[mongodb-driver-core-5.2.1.jar:na]
	at com.mongodb.internal.connection.BaseCluster.lambda$selectServer$0(BaseCluster.java:154) ~[mongodb-driver-core-5.2.1.jar:na]
	at com.mongodb.internal.time.Timeout.lambda$onExistsAndExpired$16(Timeout.java:236) ~[mongodb-driver-core-5.2.1.jar:na]
	at com.mongodb.internal.time.Timeout.lambda$run$10(Timeout.java:201) ~[mongodb-driver-core-5.2.1.jar:na]
	at com.mongodb.internal.time.TimePoint.checkedCall(TimePoint.java:98) ~[mongodb-driver-core-5.2.1.jar:na]
	at com.mongodb.internal.time.Timeout.call(Timeout.java:174) ~[mongodb-driver-core-5.2.1.jar:na]
	at com.mongodb.internal.time.Timeout.run(Timeout.java:194) ~[mongodb-driver-core-5.2.1.jar:na]
	at com.mongodb.internal.time.Timeout.onExistsAndExpired(Timeout.java:233) ~[mongodb-driver-core-5.2.1.jar:na]
	at com.mongodb.internal.time.Timeout.onExpired(Timeout.java:226) ~[mongodb-driver-core-5.2.1.jar:na]
	at com.mongodb.internal.connection.BaseCluster.selectServer(BaseCluster.java:153) ~[mongodb-driver-core-5.2.1.jar:na]
	at com.mongodb.internal.connection.SingleServerCluster.selectServer(SingleServerCluster.java:47) ~[mongodb-driver-core-5.2.1.jar:na]
	at com.mongodb.internal.binding.ClusterBinding.getReadConnectionSource(ClusterBinding.java:82) ~[mongodb-driver-core-5.2.1.jar:na]
	at com.mongodb.client.internal.ClientSessionBinding.getConnectionSource(ClientSessionBinding.java:108) ~[mongodb-driver-sync-5.2.1.jar:na]
	at com.mongodb.client.internal.ClientSessionBinding.getReadConnectionSource(ClientSessionBinding.java:88) ~[mongodb-driver-sync-5.2.1.jar:na]
	at com.mongodb.internal.operation.SyncOperationHelper.withReadConnectionSource(SyncOperationHelper.java:101) ~[mongodb-driver-core-5.2.1.jar:na]
	at com.mongodb.internal.operation.ChangeStreamBatchCursor.resumeChangeStream(ChangeStreamBatchCursor.java:245) ~[mongodb-driver-core-5.2.1.jar:na]
	at com.mongodb.internal.operation.ChangeStreamBatchCursor.execute(ChangeStreamBatchCursor.java:229) ~[mongodb-driver-core-5.2.1.jar:na]
	at com.mongodb.internal.operation.ChangeStreamBatchCursor.resumeableOperation(ChangeStreamBatchCursor.java:216) ~[mongodb-driver-core-5.2.1.jar:na]
	at com.mongodb.internal.operation.ChangeStreamBatchCursor.tryNext(ChangeStreamBatchCursor.java:122) ~[mongodb-driver-core-5.2.1.jar:na]
	at com.mongodb.client.internal.MongoChangeStreamCursorImpl.tryNext(MongoChangeStreamCursorImpl.java:90) ~[mongodb-driver-sync-5.2.1.jar:na]
	at org.springframework.data.mongodb.core.messaging.CursorReadingTask.lambda$getNext$8(CursorReadingTask.java:217) ~[spring-data-mongodb-4.4.4.jar:4.4.4]
	at org.springframework.data.util.Lock.execute(Lock.java:106) ~[spring-data-commons-3.4.4.jar:3.4.4]
	at org.springframework.data.mongodb.core.messaging.CursorReadingTask.getNext(CursorReadingTask.java:215) ~[spring-data-mongodb-4.4.4.jar:4.4.4]
	at org.springframework.data.mongodb.core.messaging.CursorReadingTask.execute(CursorReadingTask.java:246) ~[spring-data-mongodb-4.4.4.jar:4.4.4]
	... 2 common frames omitted

2026-09-22T23:40:50.839-05:00  INFO 90916 --- [localhost:32871] org.mongodb.driver.cluster               : Exception in monitor thread while connecting to server localhost:32871

com.mongodb.MongoSocketReadException: Prematurely reached end of stream
	at com.mongodb.internal.connection.SocketStream.read(SocketStream.java:184) ~[mongodb-driver-core-5.2.1.jar:na]
	at com.mongodb.internal.connection.InternalStreamConnection.receiveResponseBuffers(InternalStreamConnection.java:829) ~[mongodb-driver-core-5.2.1.jar:na]
	at com.mongodb.internal.connection.InternalStreamConnection.receiveCommandMessageResponse(InternalStreamConnection.java:517) ~[mongodb-driver-core-5.2.1.jar:na]
	at com.mongodb.internal.connection.InternalStreamConnection.receive(InternalStreamConnection.java:469) ~[mongodb-driver-core-5.2.1.jar:na]
	at com.mongodb.internal.connection.DefaultServerMonitor$ServerMonitor.lookupServerDescription(DefaultServerMonitor.java:249) ~[mongodb-driver-core-5.2.1.jar:na]
	at com.mongodb.internal.connection.DefaultServerMonitor$ServerMonitor.run(DefaultServerMonitor.java:176) ~[mongodb-driver-core-5.2.1.jar:na]

2026-09-22T23:40:50.840-05:00  INFO 90916 --- [localhost:32871] org.mongodb.driver.cluster               : Exception in monitor thread while connecting to server localhost:32871

com.mongodb.MongoSocketReadException: Exception receiving message
	at com.mongodb.internal.connection.InternalStreamConnection.translateReadException(InternalStreamConnection.java:814) ~[mongodb-driver-core-5.2.1.jar:na]
	at com.mongodb.internal.connection.InternalStreamConnection.receiveResponseBuffers(InternalStreamConnection.java:862) ~[mongodb-driver-core-5.2.1.jar:na]
	at com.mongodb.internal.connection.InternalStreamConnection.receiveCommandMessageResponse(InternalStreamConnection.java:517) ~[mongodb-driver-core-5.2.1.jar:na]
	at com.mongodb.internal.connection.InternalStreamConnection.sendAndReceiveInternal(InternalStreamConnection.java:448) ~[mongodb-driver-core-5.2.1.jar:na]
	at com.mongodb.internal.connection.InternalStreamConnection.lambda$sendAndReceive$0(InternalStreamConnection.java:375) ~[mongodb-driver-core-5.2.1.jar:na]
	at com.mongodb.internal.connection.InternalStreamConnection.sendAndReceive(InternalStreamConnection.java:378) ~[mongodb-driver-core-5.2.1.jar:na]
	at com.mongodb.internal.connection.CommandHelper.sendAndReceive(CommandHelper.java:100) ~[mongodb-driver-core-5.2.1.jar:na]
	at com.mongodb.internal.connection.CommandHelper.executeCommand(CommandHelper.java:49) ~[mongodb-driver-core-5.2.1.jar:na]
	at com.mongodb.internal.connection.InternalStreamConnectionInitializer.initializeConnectionDescription(InternalStreamConnectionInitializer.java:144) ~[mongodb-driver-core-5.2.1.jar:na]
	at com.mongodb.internal.connection.InternalStreamConnectionInitializer.startHandshake(InternalStreamConnectionInitializer.java:79) ~[mongodb-driver-core-5.2.1.jar:na]
	at com.mongodb.internal.connection.InternalStreamConnection.open(InternalStreamConnection.java:235) ~[mongodb-driver-core-5.2.1.jar:na]
	at com.mongodb.internal.connection.DefaultServerMonitor$ServerMonitor.lookupServerDescription(DefaultServerMonitor.java:219) ~[mongodb-driver-core-5.2.1.jar:na]
	at com.mongodb.internal.connection.DefaultServerMonitor$ServerMonitor.run(DefaultServerMonitor.java:176) ~[mongodb-driver-core-5.2.1.jar:na]
Caused by: java.net.SocketException: Connection reset
	at java.base/sun.nio.ch.NioSocketImpl.implRead(NioSocketImpl.java:318) ~[na:na]
	at java.base/sun.nio.ch.NioSocketImpl.read(NioSocketImpl.java:346) ~[na:na]
	at java.base/sun.nio.ch.NioSocketImpl$1.read(NioSocketImpl.java:796) ~[na:na]
	at java.base/java.net.Socket$SocketInputStream.read(Socket.java:1099) ~[na:na]
	at com.mongodb.internal.connection.SocketStream.read(SocketStream.java:182) ~[mongodb-driver-core-5.2.1.jar:na]
	at com.mongodb.internal.connection.InternalStreamConnection.receiveResponseBuffers(InternalStreamConnection.java:829) ~[mongodb-driver-core-5.2.1.jar:na]
	... 11 common frames omitted

[INFO] Tests run: 3, Failures: 0, Errors: 0, Skipped: 0, Time elapsed: 2.259 s -- in com.traceability.core.infrastructure.persistence.mongo.MongoUnanchoredEventAdapterTest
[INFO] Running com.traceability.core.infrastructure.persistence.mongo.config.MongoConfigHumanActorTest
[INFO] Tests run: 5, Failures: 0, Errors: 0, Skipped: 0, Time elapsed: 0.002 s -- in com.traceability.core.infrastructure.persistence.mongo.config.MongoConfigHumanActorTest
[INFO] Running com.traceability.core.infrastructure.projection.mongo.DonationReadAdapterTest
[INFO] Tests run: 2, Failures: 0, Errors: 0, Skipped: 0, Time elapsed: 0.093 s -- in com.traceability.core.infrastructure.projection.mongo.DonationReadAdapterTest
[INFO] Running com.traceability.core.infrastructure.security.HmacAssetRefServiceTest
[INFO] Tests run: 4, Failures: 0, Errors: 0, Skipped: 0, Time elapsed: 0.035 s -- in com.traceability.core.infrastructure.security.HmacAssetRefServiceTest
[INFO] Running com.traceability.core.infrastructure.security.HmacTrackingCodeServiceTest
[INFO] Tests run: 5, Failures: 0, Errors: 0, Skipped: 0, Time elapsed: 0.073 s -- in com.traceability.core.infrastructure.security.HmacTrackingCodeServiceTest
[INFO] Running com.traceability.core.infrastructure.security.TrackingCodeServiceIntegrationTest
2026-09-22T23:40:51.307-05:00  INFO 90916 --- [           main] tc.mongo:6.0                             : Creating container for image: mongo:6.0
2026-09-22T23:40:51.442-05:00  INFO 90916 --- [           main] tc.mongo:6.0                             : Container mongo:6.0 is starting: 0c647f6c6e14a669391038e3fc0d73216c07b1fdf155fea936b72714a25bad92
2026-09-22T23:40:51.932-05:00  INFO 90916 --- [           main] tc.mongo:6.0                             : Container mongo:6.0 started in PT0.624631005S

  .   ____          _            __ _ _
 /\\ / ___'_ __ _ _(_)_ __  __ _ \ \ \ \
( ( )\___ | '_ | '_| | '_ \/ _` | \ \ \ \
 \\/  ___)| |_)| | | | | || (_| |  ) ) ) )
  '  |____| .__|_| |_|_| |_\__, | / / / /
 =========|_|==============|___/=/_/_/_/

 :: Spring Boot ::                (v3.4.4)

2026-09-22T23:40:52.714-05:00  INFO 90916 --- [           main] c.i.s.TrackingCodeServiceIntegrationTest : Starting TrackingCodeServiceIntegrationTest using Java 21.0.12 with PID 90916 (started by carlos in /home/carlos/Proyectos/Donaciones/core)
2026-09-22T23:40:52.714-05:00  INFO 90916 --- [           main] c.i.s.TrackingCodeServiceIntegrationTest : No active profile set, falling back to 1 default profile: "default"
2026-09-22T23:40:52.741-05:00  INFO 90916 --- [           main] .s.d.r.c.RepositoryConfigurationDelegate : Bootstrapping Spring Data MongoDB repositories in DEFAULT mode.
2026-09-22T23:40:52.743-05:00  INFO 90916 --- [           main] .s.d.r.c.RepositoryConfigurationDelegate : Finished Spring Data repository scanning in 1 ms. Found 1 MongoDB repository interface.
2026-09-22T23:40:52.758-05:00  INFO 90916 --- [           main] org.mongodb.driver.client                : MongoClient with metadata {"driver": {"name": "mongo-java-driver|sync|spring-boot", "version": "5.2.1"}, "os": {"type": "Linux", "name": "Linux", "architecture": "amd64", "version": "7.2.6-1-cachyos"}, "platform": "Java/Arch Linux/21.0.12+8"} created with settings MongoClientSettings{readPreference=primary, writeConcern=WriteConcern{w=null, wTimeout=null ms, journal=null}, retryWrites=true, retryReads=true, readConcern=ReadConcern{level=null}, credential=null, transportSettings=null, commandListeners=[], codecRegistry=ProvidersCodecRegistry{codecProviders=[ValueCodecProvider{}, BsonValueCodecProvider{}, DBRefCodecProvider{}, DBObjectCodecProvider{}, DocumentCodecProvider{}, CollectionCodecProvider{}, IterableCodecProvider{}, MapCodecProvider{}, GeoJsonCodecProvider{}, GridFSFileCodecProvider{}, Jsr310CodecProvider{}, JsonObjectCodecProvider{}, BsonCodecProvider{}, EnumCodecProvider{}, com.mongodb.client.model.mql.ExpressionCodecProvider@310f8a05, com.mongodb.Jep395RecordCodecProvider@4f98ac31, com.mongodb.KotlinCodecProvider@5cb6abc8]}, loggerSettings=LoggerSettings{maxDocumentLength=1000}, clusterSettings={hosts=[localhost:32872], srvServiceName=mongodb, mode=SINGLE, requiredClusterType=UNKNOWN, requiredReplicaSetName='null', serverSelector='null', clusterListeners='[]', serverSelectionTimeout='30000 ms', localThreshold='15 ms'}, socketSettings=SocketSettings{connectTimeoutMS=10000, readTimeoutMS=0, receiveBufferSize=0, proxySettings=ProxySettings{host=null, port=null, username=null, password=null}}, heartbeatSocketSettings=SocketSettings{connectTimeoutMS=10000, readTimeoutMS=10000, receiveBufferSize=0, proxySettings=ProxySettings{host=null, port=null, username=null, password=null}}, connectionPoolSettings=ConnectionPoolSettings{maxSize=100, minSize=0, maxWaitTimeMS=120000, maxConnectionLifeTimeMS=0, maxConnectionIdleTimeMS=0, maintenanceInitialDelayMS=0, maintenanceFrequencyMS=60000, connectionPoolListeners=[], maxConnecting=2}, serverSettings=ServerSettings{heartbeatFrequencyMS=10000, minHeartbeatFrequencyMS=500, serverMonitoringMode=AUTO, serverListeners='[]', serverMonitorListeners='[]'}, sslSettings=SslSettings{enabled=false, invalidHostNameAllowed=false, context=null}, applicationName='null', compressorList=[], uuidRepresentation=JAVA_LEGACY, serverApi=null, autoEncryptionSettings=null, dnsClient=null, inetAddressResolver=null, contextProvider=null, timeoutMS=null}
2026-09-22T23:40:52.759-05:00  INFO 90916 --- [localhost:32872] org.mongodb.driver.cluster               : Monitor thread successfully connected to server with description ServerDescription{address=localhost:32872, type=REPLICA_SET_PRIMARY, cryptd=false, state=CONNECTED, ok=true, minWireVersion=0, maxWireVersion=17, maxDocumentSize=16777216, logicalSessionTimeoutMinutes=30, roundTripTimeNanos=941064, minRoundTripTimeNanos=0, setName='docker-rs', canonicalAddress=0c647f6c6e14:27017, hosts=[0c647f6c6e14:27017], passives=[], arbiters=[], primary='0c647f6c6e14:27017', tagSet=TagSet{[]}, electionId=7fffffff0000000000000001, setVersion=1, topologyVersion=TopologyVersion{processId=6ab35853a7adadf90c4ead69, counter=6}, lastWriteDate=Tue Sep 22 23:40:52 COT 2026, lastUpdateTimeNanos=5149606232856}
2026-09-22T23:40:52.775-05:00  INFO 90916 --- [           main] c.i.s.TrackingCodeServiceIntegrationTest : Started TrackingCodeServiceIntegrationTest in 0.069 seconds (process running for 58.92)
2026-09-22T23:40:52.826-05:00  INFO 90916 --- [localhost:32872] org.mongodb.driver.cluster               : Exception in monitor thread while connecting to server localhost:32872

com.mongodb.MongoSocketReadException: Prematurely reached end of stream
	at com.mongodb.internal.connection.SocketStream.read(SocketStream.java:184) ~[mongodb-driver-core-5.2.1.jar:na]
	at com.mongodb.internal.connection.InternalStreamConnection.receiveResponseBuffers(InternalStreamConnection.java:829) ~[mongodb-driver-core-5.2.1.jar:na]
	at com.mongodb.internal.connection.InternalStreamConnection.receiveCommandMessageResponse(InternalStreamConnection.java:517) ~[mongodb-driver-core-5.2.1.jar:na]
	at com.mongodb.internal.connection.InternalStreamConnection.receive(InternalStreamConnection.java:469) ~[mongodb-driver-core-5.2.1.jar:na]
	at com.mongodb.internal.connection.DefaultServerMonitor$ServerMonitor.lookupServerDescription(DefaultServerMonitor.java:249) ~[mongodb-driver-core-5.2.1.jar:na]
	at com.mongodb.internal.connection.DefaultServerMonitor$ServerMonitor.run(DefaultServerMonitor.java:176) ~[mongodb-driver-core-5.2.1.jar:na]

2026-09-22T23:40:52.827-05:00  INFO 90916 --- [localhost:32872] org.mongodb.driver.cluster               : Exception in monitor thread while connecting to server localhost:32872

com.mongodb.MongoSocketReadException: Exception receiving message
	at com.mongodb.internal.connection.InternalStreamConnection.translateReadException(InternalStreamConnection.java:814) ~[mongodb-driver-core-5.2.1.jar:na]
	at com.mongodb.internal.connection.InternalStreamConnection.receiveResponseBuffers(InternalStreamConnection.java:862) ~[mongodb-driver-core-5.2.1.jar:na]
	at com.mongodb.internal.connection.InternalStreamConnection.receiveCommandMessageResponse(InternalStreamConnection.java:517) ~[mongodb-driver-core-5.2.1.jar:na]
	at com.mongodb.internal.connection.InternalStreamConnection.sendAndReceiveInternal(InternalStreamConnection.java:448) ~[mongodb-driver-core-5.2.1.jar:na]
	at com.mongodb.internal.connection.InternalStreamConnection.lambda$sendAndReceive$0(InternalStreamConnection.java:375) ~[mongodb-driver-core-5.2.1.jar:na]
	at com.mongodb.internal.connection.InternalStreamConnection.sendAndReceive(InternalStreamConnection.java:378) ~[mongodb-driver-core-5.2.1.jar:na]
	at com.mongodb.internal.connection.CommandHelper.sendAndReceive(CommandHelper.java:100) ~[mongodb-driver-core-5.2.1.jar:na]
	at com.mongodb.internal.connection.CommandHelper.executeCommand(CommandHelper.java:49) ~[mongodb-driver-core-5.2.1.jar:na]
	at com.mongodb.internal.connection.InternalStreamConnectionInitializer.initializeConnectionDescription(InternalStreamConnectionInitializer.java:144) ~[mongodb-driver-core-5.2.1.jar:na]
	at com.mongodb.internal.connection.InternalStreamConnectionInitializer.startHandshake(InternalStreamConnectionInitializer.java:79) ~[mongodb-driver-core-5.2.1.jar:na]
	at com.mongodb.internal.connection.InternalStreamConnection.open(InternalStreamConnection.java:235) ~[mongodb-driver-core-5.2.1.jar:na]
	at com.mongodb.internal.connection.DefaultServerMonitor$ServerMonitor.lookupServerDescription(DefaultServerMonitor.java:219) ~[mongodb-driver-core-5.2.1.jar:na]
	at com.mongodb.internal.connection.DefaultServerMonitor$ServerMonitor.run(DefaultServerMonitor.java:176) ~[mongodb-driver-core-5.2.1.jar:na]
Caused by: java.net.SocketException: Connection reset
	at java.base/sun.nio.ch.NioSocketImpl.implRead(NioSocketImpl.java:318) ~[na:na]
	at java.base/sun.nio.ch.NioSocketImpl.read(NioSocketImpl.java:346) ~[na:na]
	at java.base/sun.nio.ch.NioSocketImpl$1.read(NioSocketImpl.java:796) ~[na:na]
	at java.base/java.net.Socket$SocketInputStream.read(Socket.java:1099) ~[na:na]
	at com.mongodb.internal.connection.SocketStream.read(SocketStream.java:182) ~[mongodb-driver-core-5.2.1.jar:na]
	at com.mongodb.internal.connection.InternalStreamConnection.receiveResponseBuffers(InternalStreamConnection.java:829) ~[mongodb-driver-core-5.2.1.jar:na]
	... 11 common frames omitted

[INFO] Tests run: 1, Failures: 0, Errors: 0, Skipped: 0, Time elapsed: 1.758 s -- in com.traceability.core.infrastructure.security.TrackingCodeServiceIntegrationTest
[INFO] Running com.traceability.core.domain.event.EventStreamTest
[INFO] Tests run: 3, Failures: 0, Errors: 0, Skipped: 0, Time elapsed: 0.002 s -- in com.traceability.core.domain.event.EventStreamTest
[INFO] Running com.traceability.core.domain.fund.FundTest
[INFO] Tests run: 11, Failures: 0, Errors: 0, Skipped: 0, Time elapsed: 0.006 s -- in com.traceability.core.domain.fund.FundTest
[INFO] Running com.traceability.core.domain.physicalasset.PhysicalAssetTest
[INFO] Tests run: 20, Failures: 0, Errors: 0, Skipped: 0, Time elapsed: 0.008 s -- in com.traceability.core.domain.physicalasset.PhysicalAssetTest
[INFO] Running com.traceability.core.domain.physicalasset.payloads.PayloadSerializationTest
[INFO] Tests run: 9, Failures: 0, Errors: 0, Skipped: 0, Time elapsed: 0.017 s -- in com.traceability.core.domain.physicalasset.payloads.PayloadSerializationTest
[INFO] Running com.traceability.core.domain.shared.AggregateRootTest
[INFO] Tests run: 2, Failures: 0, Errors: 0, Skipped: 0, Time elapsed: 0.001 s -- in com.traceability.core.domain.shared.AggregateRootTest
[INFO] Running com.traceability.core.architecture.ArchitectureTest
2026-09-22T23:40:53.107-05:00  INFO 90916 --- [           main] com.tngtech.archunit.core.PluginLoader   : Detected Java version 21.0.12
2026-09-22T23:40:54.266-05:00  INFO 90916 --- [localhost:32868] org.mongodb.driver.cluster               : Exception in monitor thread while connecting to server localhost:32868

com.mongodb.MongoSocketOpenException: Exception opening socket
	at com.mongodb.internal.connection.SocketStream.lambda$open$0(SocketStream.java:85) ~[mongodb-driver-core-5.2.1.jar:na]
	at java.base/java.util.Optional.orElseThrow(Optional.java:403) ~[na:na]
	at com.mongodb.internal.connection.SocketStream.open(SocketStream.java:85) ~[mongodb-driver-core-5.2.1.jar:na]
	at com.mongodb.internal.connection.InternalStreamConnection.open(InternalStreamConnection.java:233) ~[mongodb-driver-core-5.2.1.jar:na]
	at com.mongodb.internal.connection.DefaultServerMonitor$ServerMonitor.lookupServerDescription(DefaultServerMonitor.java:219) ~[mongodb-driver-core-5.2.1.jar:na]
	at com.mongodb.internal.connection.DefaultServerMonitor$ServerMonitor.run(DefaultServerMonitor.java:176) ~[mongodb-driver-core-5.2.1.jar:na]
Caused by: java.net.ConnectException: Conexión rehusada
	at java.base/sun.nio.ch.Net.pollConnect(Native Method) ~[na:na]
	at java.base/sun.nio.ch.Net.pollConnectNow(Net.java:694) ~[na:na]
	at java.base/sun.nio.ch.NioSocketImpl.timedFinishConnect(NioSocketImpl.java:542) ~[na:na]
	at java.base/sun.nio.ch.NioSocketImpl.connect(NioSocketImpl.java:592) ~[na:na]
	at java.base/java.net.SocksSocketImpl.connect(SocksSocketImpl.java:327) ~[na:na]
	at java.base/java.net.Socket.connect(Socket.java:751) ~[na:na]
	at com.mongodb.internal.connection.SocketStreamHelper.initialize(SocketStreamHelper.java:76) ~[mongodb-driver-core-5.2.1.jar:na]
	at com.mongodb.internal.connection.SocketStream.initializeSocket(SocketStream.java:104) ~[mongodb-driver-core-5.2.1.jar:na]
	at com.mongodb.internal.connection.SocketStream.open(SocketStream.java:79) ~[mongodb-driver-core-5.2.1.jar:na]
	... 3 common frames omitted

[INFO] Tests run: 2, Failures: 0, Errors: 0, Skipped: 0, Time elapsed: 1.568 s -- in com.traceability.core.architecture.ArchitectureTest
2026-09-22T23:40:58.569-05:00  INFO 90916 --- [localhost:32870] org.mongodb.driver.cluster               : Exception in monitor thread while connecting to server localhost:32870

com.mongodb.MongoSocketOpenException: Exception opening socket
	at com.mongodb.internal.connection.SocketStream.lambda$open$0(SocketStream.java:85) ~[mongodb-driver-core-5.2.1.jar:na]
	at java.base/java.util.Optional.orElseThrow(Optional.java:403) ~[na:na]
	at com.mongodb.internal.connection.SocketStream.open(SocketStream.java:85) ~[mongodb-driver-core-5.2.1.jar:na]
	at com.mongodb.internal.connection.InternalStreamConnection.open(InternalStreamConnection.java:233) ~[mongodb-driver-core-5.2.1.jar:na]
	at com.mongodb.internal.connection.DefaultServerMonitor$ServerMonitor.lookupServerDescription(DefaultServerMonitor.java:219) ~[mongodb-driver-core-5.2.1.jar:na]
	at com.mongodb.internal.connection.DefaultServerMonitor$ServerMonitor.run(DefaultServerMonitor.java:176) ~[mongodb-driver-core-5.2.1.jar:na]
Caused by: java.net.ConnectException: Conexión rehusada
	at java.base/sun.nio.ch.Net.pollConnect(Native Method) ~[na:na]
	at java.base/sun.nio.ch.Net.pollConnectNow(Net.java:694) ~[na:na]
	at java.base/sun.nio.ch.NioSocketImpl.timedFinishConnect(NioSocketImpl.java:542) ~[na:na]
	at java.base/sun.nio.ch.NioSocketImpl.connect(NioSocketImpl.java:592) ~[na:na]
	at java.base/java.net.SocksSocketImpl.connect(SocksSocketImpl.java:327) ~[na:na]
	at java.base/java.net.Socket.connect(Socket.java:751) ~[na:na]
	at com.mongodb.internal.connection.SocketStreamHelper.initialize(SocketStreamHelper.java:76) ~[mongodb-driver-core-5.2.1.jar:na]
	at com.mongodb.internal.connection.SocketStream.initializeSocket(SocketStream.java:104) ~[mongodb-driver-core-5.2.1.jar:na]
	at com.mongodb.internal.connection.SocketStream.open(SocketStream.java:79) ~[mongodb-driver-core-5.2.1.jar:na]
	... 3 common frames omitted

2026-09-22T23:41:00.544-05:00 ERROR 90916 --- [   scheduling-1] o.s.s.s.TaskUtils$LoggingErrorHandler    : Unexpected error occurred in scheduled task

org.springframework.dao.DataAccessResourceFailureException: Timed out while waiting for a server that matches WritableServerSelector. Client view of cluster state is {type=UNKNOWN, servers=[{address=localhost:32856, type=UNKNOWN, state=CONNECTING, exception={com.mongodb.MongoSocketOpenException: Exception opening socket}, caused by {java.net.ConnectException: Conexión rehusada}}]
	at org.springframework.data.mongodb.core.MongoExceptionTranslator.doTranslateException(MongoExceptionTranslator.java:97) ~[spring-data-mongodb-4.4.4.jar:4.4.4]
	at org.springframework.data.mongodb.core.MongoExceptionTranslator.translateExceptionIfPossible(MongoExceptionTranslator.java:74) ~[spring-data-mongodb-4.4.4.jar:4.4.4]
	at org.springframework.data.mongodb.core.MongoTemplate.potentiallyConvertRuntimeException(MongoTemplate.java:3017) ~[spring-data-mongodb-4.4.4.jar:4.4.4]
	at org.springframework.data.mongodb.core.MongoTemplate.executeFindOneInternal(Unknown Source) ~[spring-data-mongodb-4.4.4.jar:4.4.4]
	at org.springframework.data.mongodb.core.MongoTemplate.doFindAndModify(Unknown Source) ~[spring-data-mongodb-4.4.4.jar:4.4.4]
	at org.springframework.data.mongodb.core.MongoTemplate.findAndModify(Unknown Source) ~[spring-data-mongodb-4.4.4.jar:4.4.4]
	at org.springframework.data.mongodb.core.MongoTemplate.findAndModify(Unknown Source) ~[spring-data-mongodb-4.4.4.jar:4.4.4]
	at com.traceability.core.infrastructure.projection.mongo.repositories.ProjectionRetryRepositoryImpl.claimNextPendingRetry(ProjectionRetryRepositoryImpl.java:45) ~[classes/:na]
	at java.base/jdk.internal.reflect.DirectMethodHandleAccessor.invoke(DirectMethodHandleAccessor.java:103) ~[na:na]
	at java.base/java.lang.reflect.Method.invoke(Method.java:580) ~[na:na]
	at org.springframework.aop.support.AopUtils.invokeJoinpointUsingReflection(AopUtils.java:359) ~[spring-aop-6.2.5.jar:6.2.5]
	at org.springframework.aop.framework.ReflectiveMethodInvocation.invokeJoinpoint(ReflectiveMethodInvocation.java:196) ~[spring-aop-6.2.5.jar:6.2.5]
	at org.springframework.aop.framework.ReflectiveMethodInvocation.proceed(ReflectiveMethodInvocation.java:163) ~[spring-aop-6.2.5.jar:6.2.5]
	at org.springframework.dao.support.PersistenceExceptionTranslationInterceptor.invoke(PersistenceExceptionTranslationInterceptor.java:138) ~[spring-tx-6.2.5.jar:6.2.5]
	at org.springframework.aop.framework.ReflectiveMethodInvocation.proceed(ReflectiveMethodInvocation.java:184) ~[spring-aop-6.2.5.jar:6.2.5]
	at org.springframework.aop.framework.CglibAopProxy$DynamicAdvisedInterceptor.intercept(CglibAopProxy.java:727) ~[spring-aop-6.2.5.jar:6.2.5]
	at com.traceability.core.infrastructure.projection.mongo.repositories.ProjectionRetryRepositoryImpl$$SpringCGLIB$$0.claimNextPendingRetry(<generated>) ~[classes/:na]
	at java.base/jdk.internal.reflect.DirectMethodHandleAccessor.invoke(DirectMethodHandleAccessor.java:103) ~[na:na]
	at java.base/java.lang.reflect.Method.invoke(Method.java:580) ~[na:na]
	at org.springframework.aop.support.AopUtils.invokeJoinpointUsingReflection(AopUtils.java:359) ~[spring-aop-6.2.5.jar:6.2.5]
	at org.springframework.data.repository.core.support.RepositoryMethodInvoker$RepositoryFragmentMethodInvoker.lambda$new$0(RepositoryMethodInvoker.java:277) ~[spring-data-commons-3.4.4.jar:3.4.4]
	at org.springframework.data.repository.core.support.RepositoryMethodInvoker.doInvoke(RepositoryMethodInvoker.java:170) ~[spring-data-commons-3.4.4.jar:3.4.4]
	at org.springframework.data.repository.core.support.RepositoryMethodInvoker.invoke(RepositoryMethodInvoker.java:158) ~[spring-data-commons-3.4.4.jar:3.4.4]
	at org.springframework.data.repository.core.support.RepositoryComposition$RepositoryFragments.invoke(RepositoryComposition.java:515) ~[spring-data-commons-3.4.4.jar:3.4.4]
	at org.springframework.data.repository.core.support.RepositoryComposition.invoke(RepositoryComposition.java:284) ~[spring-data-commons-3.4.4.jar:3.4.4]
	at org.springframework.data.repository.core.support.RepositoryFactorySupport$ImplementationMethodExecutionInterceptor.invoke(RepositoryFactorySupport.java:731) ~[spring-data-commons-3.4.4.jar:3.4.4]
	at org.springframework.aop.framework.ReflectiveMethodInvocation.proceed(ReflectiveMethodInvocation.java:184) ~[spring-aop-6.2.5.jar:6.2.5]
	at org.springframework.data.repository.core.support.QueryExecutorMethodInterceptor.doInvoke(QueryExecutorMethodInterceptor.java:174) ~[spring-data-commons-3.4.4.jar:3.4.4]
	at org.springframework.data.repository.core.support.QueryExecutorMethodInterceptor.invoke(QueryExecutorMethodInterceptor.java:149) ~[spring-data-commons-3.4.4.jar:3.4.4]
	at org.springframework.aop.framework.ReflectiveMethodInvocation.proceed(ReflectiveMethodInvocation.java:184) ~[spring-aop-6.2.5.jar:6.2.5]
	at org.springframework.data.projection.DefaultMethodInvokingMethodInterceptor.invoke(DefaultMethodInvokingMethodInterceptor.java:69) ~[spring-data-commons-3.4.4.jar:3.4.4]
	at org.springframework.aop.framework.ReflectiveMethodInvocation.proceed(ReflectiveMethodInvocation.java:184) ~[spring-aop-6.2.5.jar:6.2.5]
	at org.springframework.data.mongodb.repository.support.CrudMethodMetadataPostProcessor$CrudMethodMetadataPopulatingMethodInterceptor.invoke(CrudMethodMetadataPostProcessor.java:158) ~[spring-data-mongodb-4.4.4.jar:4.4.4]
	at org.springframework.aop.framework.ReflectiveMethodInvocation.proceed(ReflectiveMethodInvocation.java:184) ~[spring-aop-6.2.5.jar:6.2.5]
	at org.springframework.aop.framework.JdkDynamicAopProxy.invoke(JdkDynamicAopProxy.java:223) ~[spring-aop-6.2.5.jar:6.2.5]
	at jdk.proxy2/jdk.proxy2.$Proxy151.claimNextPendingRetry(Unknown Source) ~[na:na]
	at java.base/jdk.internal.reflect.DirectMethodHandleAccessor.invoke(DirectMethodHandleAccessor.java:103) ~[na:na]
	at java.base/java.lang.reflect.Method.invoke(Method.java:580) ~[na:na]
	at org.springframework.aop.support.AopUtils.invokeJoinpointUsingReflection(AopUtils.java:359) ~[spring-aop-6.2.5.jar:6.2.5]
	at org.springframework.aop.framework.ReflectiveMethodInvocation.invokeJoinpoint(ReflectiveMethodInvocation.java:196) ~[spring-aop-6.2.5.jar:6.2.5]
	at org.springframework.aop.framework.ReflectiveMethodInvocation.proceed(ReflectiveMethodInvocation.java:163) ~[spring-aop-6.2.5.jar:6.2.5]
	at org.springframework.dao.support.PersistenceExceptionTranslationInterceptor.invoke(PersistenceExceptionTranslationInterceptor.java:138) ~[spring-tx-6.2.5.jar:6.2.5]
	at org.springframework.aop.framework.ReflectiveMethodInvocation.proceed(ReflectiveMethodInvocation.java:184) ~[spring-aop-6.2.5.jar:6.2.5]
	at org.springframework.aop.framework.JdkDynamicAopProxy.invoke(JdkDynamicAopProxy.java:223) ~[spring-aop-6.2.5.jar:6.2.5]
	at jdk.proxy2/jdk.proxy2.$Proxy151.claimNextPendingRetry(Unknown Source) ~[na:na]
	at com.traceability.core.application.projection.ProjectionRetryScheduler.processRetries(ProjectionRetryScheduler.java:47) ~[classes/:na]
	at java.base/jdk.internal.reflect.DirectMethodHandleAccessor.invoke(DirectMethodHandleAccessor.java:103) ~[na:na]
	at java.base/java.lang.reflect.Method.invoke(Method.java:580) ~[na:na]
	at org.springframework.scheduling.support.ScheduledMethodRunnable.runInternal(ScheduledMethodRunnable.java:130) ~[spring-context-6.2.5.jar:6.2.5]
	at org.springframework.scheduling.support.ScheduledMethodRunnable.lambda$run$2(ScheduledMethodRunnable.java:124) ~[spring-context-6.2.5.jar:6.2.5]
	at io.micrometer.observation.Observation.observe(Observation.java:498) ~[micrometer-observation-1.14.5.jar:1.14.5]
	at org.springframework.scheduling.support.ScheduledMethodRunnable.run(ScheduledMethodRunnable.java:124) ~[spring-context-6.2.5.jar:6.2.5]
	at org.springframework.scheduling.config.Task$OutcomeTrackingRunnable.run(Task.java:85) ~[spring-context-6.2.5.jar:6.2.5]
	at org.springframework.scheduling.support.DelegatingErrorHandlingRunnable.run(DelegatingErrorHandlingRunnable.java:54) ~[spring-context-6.2.5.jar:6.2.5]
	at java.base/java.util.concurrent.Executors$RunnableAdapter.call(Executors.java:572) ~[na:na]
	at java.base/java.util.concurrent.FutureTask.runAndReset(FutureTask.java:358) ~[na:na]
	at java.base/java.util.concurrent.ScheduledThreadPoolExecutor$ScheduledFutureTask.run(ScheduledThreadPoolExecutor.java:305) ~[na:na]
	at java.base/java.util.concurrent.ThreadPoolExecutor.runWorker(ThreadPoolExecutor.java:1144) ~[na:na]
	at java.base/java.util.concurrent.ThreadPoolExecutor$Worker.run(ThreadPoolExecutor.java:642) ~[na:na]
	at java.base/java.lang.Thread.run(Thread.java:1583) ~[na:na]
Caused by: com.mongodb.MongoTimeoutException: Timed out while waiting for a server that matches WritableServerSelector. Client view of cluster state is {type=UNKNOWN, servers=[{address=localhost:32856, type=UNKNOWN, state=CONNECTING, exception={com.mongodb.MongoSocketOpenException: Exception opening socket}, caused by {java.net.ConnectException: Conexión rehusada}}]
	at com.mongodb.internal.connection.BaseCluster.logAndThrowTimeoutException(BaseCluster.java:427) ~[mongodb-driver-core-5.2.1.jar:na]
	at com.mongodb.internal.connection.BaseCluster.lambda$selectServer$0(BaseCluster.java:154) ~[mongodb-driver-core-5.2.1.jar:na]
	at com.mongodb.internal.time.Timeout.lambda$onExistsAndExpired$16(Timeout.java:236) ~[mongodb-driver-core-5.2.1.jar:na]
	at com.mongodb.internal.time.Timeout.lambda$run$10(Timeout.java:201) ~[mongodb-driver-core-5.2.1.jar:na]
	at com.mongodb.internal.time.TimePoint.checkedCall(TimePoint.java:98) ~[mongodb-driver-core-5.2.1.jar:na]
	at com.mongodb.internal.time.Timeout.call(Timeout.java:174) ~[mongodb-driver-core-5.2.1.jar:na]
	at com.mongodb.internal.time.Timeout.run(Timeout.java:194) ~[mongodb-driver-core-5.2.1.jar:na]
	at com.mongodb.internal.time.Timeout.onExistsAndExpired(Timeout.java:233) ~[mongodb-driver-core-5.2.1.jar:na]
	at com.mongodb.internal.time.Timeout.onExpired(Timeout.java:226) ~[mongodb-driver-core-5.2.1.jar:na]
	at com.mongodb.internal.connection.BaseCluster.selectServer(BaseCluster.java:153) ~[mongodb-driver-core-5.2.1.jar:na]
	at com.mongodb.internal.connection.SingleServerCluster.selectServer(SingleServerCluster.java:47) ~[mongodb-driver-core-5.2.1.jar:na]
	at com.mongodb.internal.binding.ClusterBinding.getWriteConnectionSource(ClusterBinding.java:100) ~[mongodb-driver-core-5.2.1.jar:na]
	at com.mongodb.client.internal.ClientSessionBinding.getConnectionSource(ClientSessionBinding.java:108) ~[mongodb-driver-sync-5.2.1.jar:na]
	at com.mongodb.client.internal.ClientSessionBinding.getWriteConnectionSource(ClientSessionBinding.java:98) ~[mongodb-driver-sync-5.2.1.jar:na]
	at com.mongodb.internal.operation.SyncOperationHelper.withSuppliedResource(SyncOperationHelper.java:148) ~[mongodb-driver-core-5.2.1.jar:na]
	at com.mongodb.internal.operation.SyncOperationHelper.withSourceAndConnection(SyncOperationHelper.java:129) ~[mongodb-driver-core-5.2.1.jar:na]
	at com.mongodb.internal.operation.SyncOperationHelper.lambda$executeRetryableWrite$11(SyncOperationHelper.java:252) ~[mongodb-driver-core-5.2.1.jar:na]
	at com.mongodb.internal.operation.SyncOperationHelper.lambda$decorateWriteWithRetries$12(SyncOperationHelper.java:308) ~[mongodb-driver-core-5.2.1.jar:na]
	at com.mongodb.internal.async.function.RetryingSyncSupplier.get(RetryingSyncSupplier.java:67) ~[mongodb-driver-core-5.2.1.jar:na]
	at com.mongodb.internal.operation.SyncOperationHelper.executeRetryableWrite(SyncOperationHelper.java:279) ~[mongodb-driver-core-5.2.1.jar:na]
	at com.mongodb.internal.operation.BaseFindAndModifyOperation.execute(BaseFindAndModifyOperation.java:73) ~[mongodb-driver-core-5.2.1.jar:na]
	at com.mongodb.client.internal.MongoClusterImpl$OperationExecutorImpl.execute(MongoClusterImpl.java:379) ~[mongodb-driver-sync-5.2.1.jar:na]
	at com.mongodb.client.internal.MongoCollectionImpl.executeFindOneAndUpdate(MongoCollectionImpl.java:786) ~[mongodb-driver-sync-5.2.1.jar:na]
	at com.mongodb.client.internal.MongoCollectionImpl.findOneAndUpdate(MongoCollectionImpl.java:765) ~[mongodb-driver-sync-5.2.1.jar:na]
	at org.springframework.data.mongodb.core.MongoTemplate$FindAndModifyCallback.doInCollection(MongoTemplate.java:3207) ~[spring-data-mongodb-4.4.4.jar:4.4.4]
	at org.springframework.data.mongodb.core.MongoTemplate$FindAndModifyCallback.doInCollection(MongoTemplate.java:3165) ~[spring-data-mongodb-4.4.4.jar:4.4.4]
	at org.springframework.data.mongodb.core.MongoTemplate.executeFindOneInternal(Unknown Source) ~[spring-data-mongodb-4.4.4.jar:4.4.4]
	... 56 common frames omitted

2026-09-22T23:41:00.841-05:00  INFO 90916 --- [localhost:32871] org.mongodb.driver.cluster               : Exception in monitor thread while connecting to server localhost:32871

com.mongodb.MongoSocketOpenException: Exception opening socket
	at com.mongodb.internal.connection.SocketStream.lambda$open$0(SocketStream.java:85) ~[mongodb-driver-core-5.2.1.jar:na]
	at java.base/java.util.Optional.orElseThrow(Optional.java:403) ~[na:na]
	at com.mongodb.internal.connection.SocketStream.open(SocketStream.java:85) ~[mongodb-driver-core-5.2.1.jar:na]
	at com.mongodb.internal.connection.InternalStreamConnection.open(InternalStreamConnection.java:233) ~[mongodb-driver-core-5.2.1.jar:na]
	at com.mongodb.internal.connection.DefaultServerMonitor$ServerMonitor.lookupServerDescription(DefaultServerMonitor.java:219) ~[mongodb-driver-core-5.2.1.jar:na]
	at com.mongodb.internal.connection.DefaultServerMonitor$ServerMonitor.run(DefaultServerMonitor.java:176) ~[mongodb-driver-core-5.2.1.jar:na]
Caused by: java.net.ConnectException: Conexión rehusada
	at java.base/sun.nio.ch.Net.pollConnect(Native Method) ~[na:na]
	at java.base/sun.nio.ch.Net.pollConnectNow(Net.java:694) ~[na:na]
	at java.base/sun.nio.ch.NioSocketImpl.timedFinishConnect(NioSocketImpl.java:542) ~[na:na]
	at java.base/sun.nio.ch.NioSocketImpl.connect(NioSocketImpl.java:592) ~[na:na]
	at java.base/java.net.SocksSocketImpl.connect(SocksSocketImpl.java:327) ~[na:na]
	at java.base/java.net.Socket.connect(Socket.java:751) ~[na:na]
	at com.mongodb.internal.connection.SocketStreamHelper.initialize(SocketStreamHelper.java:76) ~[mongodb-driver-core-5.2.1.jar:na]
	at com.mongodb.internal.connection.SocketStream.initializeSocket(SocketStream.java:104) ~[mongodb-driver-core-5.2.1.jar:na]
	at com.mongodb.internal.connection.SocketStream.open(SocketStream.java:79) ~[mongodb-driver-core-5.2.1.jar:na]
	... 3 common frames omitted

2026-09-22T23:41:02.828-05:00  INFO 90916 --- [localhost:32872] org.mongodb.driver.cluster               : Exception in monitor thread while connecting to server localhost:32872

com.mongodb.MongoSocketOpenException: Exception opening socket
	at com.mongodb.internal.connection.SocketStream.lambda$open$0(SocketStream.java:85) ~[mongodb-driver-core-5.2.1.jar:na]
	at java.base/java.util.Optional.orElseThrow(Optional.java:403) ~[na:na]
	at com.mongodb.internal.connection.SocketStream.open(SocketStream.java:85) ~[mongodb-driver-core-5.2.1.jar:na]
	at com.mongodb.internal.connection.InternalStreamConnection.open(InternalStreamConnection.java:233) ~[mongodb-driver-core-5.2.1.jar:na]
	at com.mongodb.internal.connection.DefaultServerMonitor$ServerMonitor.lookupServerDescription(DefaultServerMonitor.java:219) ~[mongodb-driver-core-5.2.1.jar:na]
	at com.mongodb.internal.connection.DefaultServerMonitor$ServerMonitor.run(DefaultServerMonitor.java:176) ~[mongodb-driver-core-5.2.1.jar:na]
Caused by: java.net.ConnectException: Conexión rehusada
	at java.base/sun.nio.ch.Net.pollConnect(Native Method) ~[na:na]
	at java.base/sun.nio.ch.Net.pollConnectNow(Net.java:694) ~[na:na]
	at java.base/sun.nio.ch.NioSocketImpl.timedFinishConnect(NioSocketImpl.java:542) ~[na:na]
	at java.base/sun.nio.ch.NioSocketImpl.connect(NioSocketImpl.java:592) ~[na:na]
	at java.base/java.net.SocksSocketImpl.connect(SocksSocketImpl.java:327) ~[na:na]
	at java.base/java.net.Socket.connect(Socket.java:751) ~[na:na]
	at com.mongodb.internal.connection.SocketStreamHelper.initialize(SocketStreamHelper.java:76) ~[mongodb-driver-core-5.2.1.jar:na]
	at com.mongodb.internal.connection.SocketStream.initializeSocket(SocketStream.java:104) ~[mongodb-driver-core-5.2.1.jar:na]
	at com.mongodb.internal.connection.SocketStream.open(SocketStream.java:79) ~[mongodb-driver-core-5.2.1.jar:na]
	... 3 common frames omitted

2026-09-22T23:41:02.949-05:00 ERROR 90916 --- [   scheduling-1] o.s.s.s.TaskUtils$LoggingErrorHandler    : Unexpected error occurred in scheduled task

org.springframework.dao.DataAccessResourceFailureException: Timed out while waiting for a server that matches WritableServerSelector. Client view of cluster state is {type=UNKNOWN, servers=[{address=localhost:32857, type=UNKNOWN, state=CONNECTING, exception={com.mongodb.MongoSocketOpenException: Exception opening socket}, caused by {java.net.ConnectException: Conexión rehusada}}]
	at org.springframework.data.mongodb.core.MongoExceptionTranslator.doTranslateException(MongoExceptionTranslator.java:97) ~[spring-data-mongodb-4.4.4.jar:4.4.4]
	at org.springframework.data.mongodb.core.MongoExceptionTranslator.translateExceptionIfPossible(MongoExceptionTranslator.java:74) ~[spring-data-mongodb-4.4.4.jar:4.4.4]
	at org.springframework.data.mongodb.core.MongoTemplate.potentiallyConvertRuntimeException(MongoTemplate.java:3017) ~[spring-data-mongodb-4.4.4.jar:4.4.4]
	at org.springframework.data.mongodb.core.MongoTemplate.executeFindOneInternal(Unknown Source) ~[spring-data-mongodb-4.4.4.jar:4.4.4]
	at org.springframework.data.mongodb.core.MongoTemplate.doFindAndModify(Unknown Source) ~[spring-data-mongodb-4.4.4.jar:4.4.4]
	at org.springframework.data.mongodb.core.MongoTemplate.findAndModify(Unknown Source) ~[spring-data-mongodb-4.4.4.jar:4.4.4]
	at org.springframework.data.mongodb.core.MongoTemplate.findAndModify(Unknown Source) ~[spring-data-mongodb-4.4.4.jar:4.4.4]
	at com.traceability.core.infrastructure.projection.mongo.repositories.ProjectionRetryRepositoryImpl.claimNextPendingRetry(ProjectionRetryRepositoryImpl.java:45) ~[classes/:na]
	at java.base/jdk.internal.reflect.DirectMethodHandleAccessor.invoke(DirectMethodHandleAccessor.java:103) ~[na:na]
	at java.base/java.lang.reflect.Method.invoke(Method.java:580) ~[na:na]
	at org.springframework.aop.support.AopUtils.invokeJoinpointUsingReflection(AopUtils.java:359) ~[spring-aop-6.2.5.jar:6.2.5]
	at org.springframework.aop.framework.ReflectiveMethodInvocation.invokeJoinpoint(ReflectiveMethodInvocation.java:196) ~[spring-aop-6.2.5.jar:6.2.5]
	at org.springframework.aop.framework.ReflectiveMethodInvocation.proceed(ReflectiveMethodInvocation.java:163) ~[spring-aop-6.2.5.jar:6.2.5]
	at org.springframework.dao.support.PersistenceExceptionTranslationInterceptor.invoke(PersistenceExceptionTranslationInterceptor.java:138) ~[spring-tx-6.2.5.jar:6.2.5]
	at org.springframework.aop.framework.ReflectiveMethodInvocation.proceed(ReflectiveMethodInvocation.java:184) ~[spring-aop-6.2.5.jar:6.2.5]
	at org.springframework.aop.framework.CglibAopProxy$DynamicAdvisedInterceptor.intercept(CglibAopProxy.java:727) ~[spring-aop-6.2.5.jar:6.2.5]
	at com.traceability.core.infrastructure.projection.mongo.repositories.ProjectionRetryRepositoryImpl$$SpringCGLIB$$0.claimNextPendingRetry(<generated>) ~[classes/:na]
	at java.base/jdk.internal.reflect.DirectMethodHandleAccessor.invoke(DirectMethodHandleAccessor.java:103) ~[na:na]
	at java.base/java.lang.reflect.Method.invoke(Method.java:580) ~[na:na]
	at org.springframework.aop.support.AopUtils.invokeJoinpointUsingReflection(AopUtils.java:359) ~[spring-aop-6.2.5.jar:6.2.5]
	at org.springframework.data.repository.core.support.RepositoryMethodInvoker$RepositoryFragmentMethodInvoker.lambda$new$0(RepositoryMethodInvoker.java:277) ~[spring-data-commons-3.4.4.jar:3.4.4]
	at org.springframework.data.repository.core.support.RepositoryMethodInvoker.doInvoke(RepositoryMethodInvoker.java:170) ~[spring-data-commons-3.4.4.jar:3.4.4]
	at org.springframework.data.repository.core.support.RepositoryMethodInvoker.invoke(RepositoryMethodInvoker.java:158) ~[spring-data-commons-3.4.4.jar:3.4.4]
	at org.springframework.data.repository.core.support.RepositoryComposition$RepositoryFragments.invoke(RepositoryComposition.java:515) ~[spring-data-commons-3.4.4.jar:3.4.4]
	at org.springframework.data.repository.core.support.RepositoryComposition.invoke(RepositoryComposition.java:284) ~[spring-data-commons-3.4.4.jar:3.4.4]
	at org.springframework.data.repository.core.support.RepositoryFactorySupport$ImplementationMethodExecutionInterceptor.invoke(RepositoryFactorySupport.java:731) ~[spring-data-commons-3.4.4.jar:3.4.4]
	at org.springframework.aop.framework.ReflectiveMethodInvocation.proceed(ReflectiveMethodInvocation.java:184) ~[spring-aop-6.2.5.jar:6.2.5]
	at org.springframework.data.repository.core.support.QueryExecutorMethodInterceptor.doInvoke(QueryExecutorMethodInterceptor.java:174) ~[spring-data-commons-3.4.4.jar:3.4.4]
	at org.springframework.data.repository.core.support.QueryExecutorMethodInterceptor.invoke(QueryExecutorMethodInterceptor.java:149) ~[spring-data-commons-3.4.4.jar:3.4.4]
	at org.springframework.aop.framework.ReflectiveMethodInvocation.proceed(ReflectiveMethodInvocation.java:184) ~[spring-aop-6.2.5.jar:6.2.5]
	at org.springframework.data.projection.DefaultMethodInvokingMethodInterceptor.invoke(DefaultMethodInvokingMethodInterceptor.java:69) ~[spring-data-commons-3.4.4.jar:3.4.4]
	at org.springframework.aop.framework.ReflectiveMethodInvocation.proceed(ReflectiveMethodInvocation.java:184) ~[spring-aop-6.2.5.jar:6.2.5]
	at org.springframework.data.mongodb.repository.support.CrudMethodMetadataPostProcessor$CrudMethodMetadataPopulatingMethodInterceptor.invoke(CrudMethodMetadataPostProcessor.java:158) ~[spring-data-mongodb-4.4.4.jar:4.4.4]
	at org.springframework.aop.framework.ReflectiveMethodInvocation.proceed(ReflectiveMethodInvocation.java:184) ~[spring-aop-6.2.5.jar:6.2.5]
	at org.springframework.aop.framework.JdkDynamicAopProxy.invoke(JdkDynamicAopProxy.java:223) ~[spring-aop-6.2.5.jar:6.2.5]
	at jdk.proxy2/jdk.proxy2.$Proxy151.claimNextPendingRetry(Unknown Source) ~[na:na]
	at java.base/jdk.internal.reflect.DirectMethodHandleAccessor.invoke(DirectMethodHandleAccessor.java:103) ~[na:na]
	at java.base/java.lang.reflect.Method.invoke(Method.java:580) ~[na:na]
	at org.springframework.aop.support.AopUtils.invokeJoinpointUsingReflection(AopUtils.java:359) ~[spring-aop-6.2.5.jar:6.2.5]
	at org.springframework.aop.framework.ReflectiveMethodInvocation.invokeJoinpoint(ReflectiveMethodInvocation.java:196) ~[spring-aop-6.2.5.jar:6.2.5]
	at org.springframework.aop.framework.ReflectiveMethodInvocation.proceed(ReflectiveMethodInvocation.java:163) ~[spring-aop-6.2.5.jar:6.2.5]
	at org.springframework.dao.support.PersistenceExceptionTranslationInterceptor.invoke(PersistenceExceptionTranslationInterceptor.java:138) ~[spring-tx-6.2.5.jar:6.2.5]
	at org.springframework.aop.framework.ReflectiveMethodInvocation.proceed(ReflectiveMethodInvocation.java:184) ~[spring-aop-6.2.5.jar:6.2.5]
	at org.springframework.aop.framework.JdkDynamicAopProxy.invoke(JdkDynamicAopProxy.java:223) ~[spring-aop-6.2.5.jar:6.2.5]
	at jdk.proxy2/jdk.proxy2.$Proxy151.claimNextPendingRetry(Unknown Source) ~[na:na]
	at com.traceability.core.application.projection.ProjectionRetryScheduler.processRetries(ProjectionRetryScheduler.java:47) ~[classes/:na]
	at java.base/jdk.internal.reflect.DirectMethodHandleAccessor.invoke(DirectMethodHandleAccessor.java:103) ~[na:na]
	at java.base/java.lang.reflect.Method.invoke(Method.java:580) ~[na:na]
	at org.springframework.scheduling.support.ScheduledMethodRunnable.runInternal(ScheduledMethodRunnable.java:130) ~[spring-context-6.2.5.jar:6.2.5]
	at org.springframework.scheduling.support.ScheduledMethodRunnable.lambda$run$2(ScheduledMethodRunnable.java:124) ~[spring-context-6.2.5.jar:6.2.5]
	at io.micrometer.observation.Observation.observe(Observation.java:498) ~[micrometer-observation-1.14.5.jar:1.14.5]
	at org.springframework.scheduling.support.ScheduledMethodRunnable.run(ScheduledMethodRunnable.java:124) ~[spring-context-6.2.5.jar:6.2.5]
	at org.springframework.scheduling.config.Task$OutcomeTrackingRunnable.run(Task.java:85) ~[spring-context-6.2.5.jar:6.2.5]
	at org.springframework.scheduling.support.DelegatingErrorHandlingRunnable.run(DelegatingErrorHandlingRunnable.java:54) ~[spring-context-6.2.5.jar:6.2.5]
	at java.base/java.util.concurrent.Executors$RunnableAdapter.call(Executors.java:572) ~[na:na]
	at java.base/java.util.concurrent.FutureTask.runAndReset(FutureTask.java:358) ~[na:na]
	at java.base/java.util.concurrent.ScheduledThreadPoolExecutor$ScheduledFutureTask.run(ScheduledThreadPoolExecutor.java:305) ~[na:na]
	at java.base/java.util.concurrent.ThreadPoolExecutor.runWorker(ThreadPoolExecutor.java:1144) ~[na:na]
	at java.base/java.util.concurrent.ThreadPoolExecutor$Worker.run(ThreadPoolExecutor.java:642) ~[na:na]
	at java.base/java.lang.Thread.run(Thread.java:1583) ~[na:na]
Caused by: com.mongodb.MongoTimeoutException: Timed out while waiting for a server that matches WritableServerSelector. Client view of cluster state is {type=UNKNOWN, servers=[{address=localhost:32857, type=UNKNOWN, state=CONNECTING, exception={com.mongodb.MongoSocketOpenException: Exception opening socket}, caused by {java.net.ConnectException: Conexión rehusada}}]
	at com.mongodb.internal.connection.BaseCluster.logAndThrowTimeoutException(BaseCluster.java:427) ~[mongodb-driver-core-5.2.1.jar:na]
	at com.mongodb.internal.connection.BaseCluster.lambda$selectServer$0(BaseCluster.java:154) ~[mongodb-driver-core-5.2.1.jar:na]
	at com.mongodb.internal.time.Timeout.lambda$onExistsAndExpired$16(Timeout.java:236) ~[mongodb-driver-core-5.2.1.jar:na]
	at com.mongodb.internal.time.Timeout.lambda$run$10(Timeout.java:201) ~[mongodb-driver-core-5.2.1.jar:na]
	at com.mongodb.internal.time.TimePoint.checkedCall(TimePoint.java:98) ~[mongodb-driver-core-5.2.1.jar:na]
	at com.mongodb.internal.time.Timeout.call(Timeout.java:174) ~[mongodb-driver-core-5.2.1.jar:na]
	at com.mongodb.internal.time.Timeout.run(Timeout.java:194) ~[mongodb-driver-core-5.2.1.jar:na]
	at com.mongodb.internal.time.Timeout.onExistsAndExpired(Timeout.java:233) ~[mongodb-driver-core-5.2.1.jar:na]
	at com.mongodb.internal.time.Timeout.onExpired(Timeout.java:226) ~[mongodb-driver-core-5.2.1.jar:na]
	at com.mongodb.internal.connection.BaseCluster.selectServer(BaseCluster.java:153) ~[mongodb-driver-core-5.2.1.jar:na]
	at com.mongodb.internal.connection.SingleServerCluster.selectServer(SingleServerCluster.java:47) ~[mongodb-driver-core-5.2.1.jar:na]
	at com.mongodb.internal.binding.ClusterBinding.getWriteConnectionSource(ClusterBinding.java:100) ~[mongodb-driver-core-5.2.1.jar:na]
	at com.mongodb.client.internal.ClientSessionBinding.getConnectionSource(ClientSessionBinding.java:108) ~[mongodb-driver-sync-5.2.1.jar:na]
	at com.mongodb.client.internal.ClientSessionBinding.getWriteConnectionSource(ClientSessionBinding.java:98) ~[mongodb-driver-sync-5.2.1.jar:na]
	at com.mongodb.internal.operation.SyncOperationHelper.withSuppliedResource(SyncOperationHelper.java:148) ~[mongodb-driver-core-5.2.1.jar:na]
	at com.mongodb.internal.operation.SyncOperationHelper.withSourceAndConnection(SyncOperationHelper.java:129) ~[mongodb-driver-core-5.2.1.jar:na]
	at com.mongodb.internal.operation.SyncOperationHelper.lambda$executeRetryableWrite$11(SyncOperationHelper.java:252) ~[mongodb-driver-core-5.2.1.jar:na]
	at com.mongodb.internal.operation.SyncOperationHelper.lambda$decorateWriteWithRetries$12(SyncOperationHelper.java:308) ~[mongodb-driver-core-5.2.1.jar:na]
	at com.mongodb.internal.async.function.RetryingSyncSupplier.get(RetryingSyncSupplier.java:67) ~[mongodb-driver-core-5.2.1.jar:na]
	at com.mongodb.internal.operation.SyncOperationHelper.executeRetryableWrite(SyncOperationHelper.java:279) ~[mongodb-driver-core-5.2.1.jar:na]
	at com.mongodb.internal.operation.BaseFindAndModifyOperation.execute(BaseFindAndModifyOperation.java:73) ~[mongodb-driver-core-5.2.1.jar:na]
	at com.mongodb.client.internal.MongoClusterImpl$OperationExecutorImpl.execute(MongoClusterImpl.java:379) ~[mongodb-driver-sync-5.2.1.jar:na]
	at com.mongodb.client.internal.MongoCollectionImpl.executeFindOneAndUpdate(MongoCollectionImpl.java:786) ~[mongodb-driver-sync-5.2.1.jar:na]
	at com.mongodb.client.internal.MongoCollectionImpl.findOneAndUpdate(MongoCollectionImpl.java:765) ~[mongodb-driver-sync-5.2.1.jar:na]
	at org.springframework.data.mongodb.core.MongoTemplate$FindAndModifyCallback.doInCollection(MongoTemplate.java:3207) ~[spring-data-mongodb-4.4.4.jar:4.4.4]
	at org.springframework.data.mongodb.core.MongoTemplate$FindAndModifyCallback.doInCollection(MongoTemplate.java:3165) ~[spring-data-mongodb-4.4.4.jar:4.4.4]
	at org.springframework.data.mongodb.core.MongoTemplate.executeFindOneInternal(Unknown Source) ~[spring-data-mongodb-4.4.4.jar:4.4.4]
	... 56 common frames omitted

2026-09-22T23:41:05.104-05:00 ERROR 90916 --- [   scheduling-1] o.s.s.s.TaskUtils$LoggingErrorHandler    : Unexpected error occurred in scheduled task

org.springframework.dao.DataAccessResourceFailureException: Timed out while waiting for a server that matches WritableServerSelector. Client view of cluster state is {type=UNKNOWN, servers=[{address=localhost:32858, type=UNKNOWN, state=CONNECTING, exception={com.mongodb.MongoSocketOpenException: Exception opening socket}, caused by {java.net.ConnectException: Conexión rehusada}}]
	at org.springframework.data.mongodb.core.MongoExceptionTranslator.doTranslateException(MongoExceptionTranslator.java:97) ~[spring-data-mongodb-4.4.4.jar:4.4.4]
	at org.springframework.data.mongodb.core.MongoExceptionTranslator.translateExceptionIfPossible(MongoExceptionTranslator.java:74) ~[spring-data-mongodb-4.4.4.jar:4.4.4]
	at org.springframework.data.mongodb.core.MongoTemplate.potentiallyConvertRuntimeException(MongoTemplate.java:3017) ~[spring-data-mongodb-4.4.4.jar:4.4.4]
	at org.springframework.data.mongodb.core.MongoTemplate.executeFindOneInternal(Unknown Source) ~[spring-data-mongodb-4.4.4.jar:4.4.4]
	at org.springframework.data.mongodb.core.MongoTemplate.doFindAndModify(Unknown Source) ~[spring-data-mongodb-4.4.4.jar:4.4.4]
	at org.springframework.data.mongodb.core.MongoTemplate.findAndModify(Unknown Source) ~[spring-data-mongodb-4.4.4.jar:4.4.4]
	at org.springframework.data.mongodb.core.MongoTemplate.findAndModify(Unknown Source) ~[spring-data-mongodb-4.4.4.jar:4.4.4]
	at com.traceability.core.infrastructure.projection.mongo.repositories.ProjectionRetryRepositoryImpl.claimNextPendingRetry(ProjectionRetryRepositoryImpl.java:45) ~[classes/:na]
	at java.base/jdk.internal.reflect.DirectMethodHandleAccessor.invoke(DirectMethodHandleAccessor.java:103) ~[na:na]
	at java.base/java.lang.reflect.Method.invoke(Method.java:580) ~[na:na]
	at org.springframework.aop.support.AopUtils.invokeJoinpointUsingReflection(AopUtils.java:359) ~[spring-aop-6.2.5.jar:6.2.5]
	at org.springframework.aop.framework.ReflectiveMethodInvocation.invokeJoinpoint(ReflectiveMethodInvocation.java:196) ~[spring-aop-6.2.5.jar:6.2.5]
	at org.springframework.aop.framework.ReflectiveMethodInvocation.proceed(ReflectiveMethodInvocation.java:163) ~[spring-aop-6.2.5.jar:6.2.5]
	at org.springframework.dao.support.PersistenceExceptionTranslationInterceptor.invoke(PersistenceExceptionTranslationInterceptor.java:138) ~[spring-tx-6.2.5.jar:6.2.5]
	at org.springframework.aop.framework.ReflectiveMethodInvocation.proceed(ReflectiveMethodInvocation.java:184) ~[spring-aop-6.2.5.jar:6.2.5]
	at org.springframework.aop.framework.CglibAopProxy$DynamicAdvisedInterceptor.intercept(CglibAopProxy.java:727) ~[spring-aop-6.2.5.jar:6.2.5]
	at com.traceability.core.infrastructure.projection.mongo.repositories.ProjectionRetryRepositoryImpl$$SpringCGLIB$$0.claimNextPendingRetry(<generated>) ~[classes/:na]
	at java.base/jdk.internal.reflect.DirectMethodHandleAccessor.invoke(DirectMethodHandleAccessor.java:103) ~[na:na]
	at java.base/java.lang.reflect.Method.invoke(Method.java:580) ~[na:na]
	at org.springframework.aop.support.AopUtils.invokeJoinpointUsingReflection(AopUtils.java:359) ~[spring-aop-6.2.5.jar:6.2.5]
	at org.springframework.data.repository.core.support.RepositoryMethodInvoker$RepositoryFragmentMethodInvoker.lambda$new$0(RepositoryMethodInvoker.java:277) ~[spring-data-commons-3.4.4.jar:3.4.4]
	at org.springframework.data.repository.core.support.RepositoryMethodInvoker.doInvoke(RepositoryMethodInvoker.java:170) ~[spring-data-commons-3.4.4.jar:3.4.4]
	at org.springframework.data.repository.core.support.RepositoryMethodInvoker.invoke(RepositoryMethodInvoker.java:158) ~[spring-data-commons-3.4.4.jar:3.4.4]
	at org.springframework.data.repository.core.support.RepositoryComposition$RepositoryFragments.invoke(RepositoryComposition.java:515) ~[spring-data-commons-3.4.4.jar:3.4.4]
	at org.springframework.data.repository.core.support.RepositoryComposition.invoke(RepositoryComposition.java:284) ~[spring-data-commons-3.4.4.jar:3.4.4]
	at org.springframework.data.repository.core.support.RepositoryFactorySupport$ImplementationMethodExecutionInterceptor.invoke(RepositoryFactorySupport.java:731) ~[spring-data-commons-3.4.4.jar:3.4.4]
	at org.springframework.aop.framework.ReflectiveMethodInvocation.proceed(ReflectiveMethodInvocation.java:184) ~[spring-aop-6.2.5.jar:6.2.5]
	at org.springframework.data.repository.core.support.QueryExecutorMethodInterceptor.doInvoke(QueryExecutorMethodInterceptor.java:174) ~[spring-data-commons-3.4.4.jar:3.4.4]
	at org.springframework.data.repository.core.support.QueryExecutorMethodInterceptor.invoke(QueryExecutorMethodInterceptor.java:149) ~[spring-data-commons-3.4.4.jar:3.4.4]
	at org.springframework.aop.framework.ReflectiveMethodInvocation.proceed(ReflectiveMethodInvocation.java:184) ~[spring-aop-6.2.5.jar:6.2.5]
	at org.springframework.data.projection.DefaultMethodInvokingMethodInterceptor.invoke(DefaultMethodInvokingMethodInterceptor.java:69) ~[spring-data-commons-3.4.4.jar:3.4.4]
	at org.springframework.aop.framework.ReflectiveMethodInvocation.proceed(ReflectiveMethodInvocation.java:184) ~[spring-aop-6.2.5.jar:6.2.5]
	at org.springframework.data.mongodb.repository.support.CrudMethodMetadataPostProcessor$CrudMethodMetadataPopulatingMethodInterceptor.invoke(CrudMethodMetadataPostProcessor.java:158) ~[spring-data-mongodb-4.4.4.jar:4.4.4]
	at org.springframework.aop.framework.ReflectiveMethodInvocation.proceed(ReflectiveMethodInvocation.java:184) ~[spring-aop-6.2.5.jar:6.2.5]
	at org.springframework.aop.framework.JdkDynamicAopProxy.invoke(JdkDynamicAopProxy.java:223) ~[spring-aop-6.2.5.jar:6.2.5]
	at jdk.proxy2/jdk.proxy2.$Proxy151.claimNextPendingRetry(Unknown Source) ~[na:na]
	at java.base/jdk.internal.reflect.DirectMethodHandleAccessor.invoke(DirectMethodHandleAccessor.java:103) ~[na:na]
	at java.base/java.lang.reflect.Method.invoke(Method.java:580) ~[na:na]
	at org.springframework.aop.support.AopUtils.invokeJoinpointUsingReflection(AopUtils.java:359) ~[spring-aop-6.2.5.jar:6.2.5]
	at org.springframework.aop.framework.ReflectiveMethodInvocation.invokeJoinpoint(ReflectiveMethodInvocation.java:196) ~[spring-aop-6.2.5.jar:6.2.5]
	at org.springframework.aop.framework.ReflectiveMethodInvocation.proceed(ReflectiveMethodInvocation.java:163) ~[spring-aop-6.2.5.jar:6.2.5]
	at org.springframework.dao.support.PersistenceExceptionTranslationInterceptor.invoke(PersistenceExceptionTranslationInterceptor.java:138) ~[spring-tx-6.2.5.jar:6.2.5]
	at org.springframework.aop.framework.ReflectiveMethodInvocation.proceed(ReflectiveMethodInvocation.java:184) ~[spring-aop-6.2.5.jar:6.2.5]
	at org.springframework.aop.framework.JdkDynamicAopProxy.invoke(JdkDynamicAopProxy.java:223) ~[spring-aop-6.2.5.jar:6.2.5]
	at jdk.proxy2/jdk.proxy2.$Proxy151.claimNextPendingRetry(Unknown Source) ~[na:na]
	at com.traceability.core.application.projection.ProjectionRetryScheduler.processRetries(ProjectionRetryScheduler.java:47) ~[classes/:na]
	at java.base/jdk.internal.reflect.DirectMethodHandleAccessor.invoke(DirectMethodHandleAccessor.java:103) ~[na:na]
	at java.base/java.lang.reflect.Method.invoke(Method.java:580) ~[na:na]
	at org.springframework.scheduling.support.ScheduledMethodRunnable.runInternal(ScheduledMethodRunnable.java:130) ~[spring-context-6.2.5.jar:6.2.5]
	at org.springframework.scheduling.support.ScheduledMethodRunnable.lambda$run$2(ScheduledMethodRunnable.java:124) ~[spring-context-6.2.5.jar:6.2.5]
	at io.micrometer.observation.Observation.observe(Observation.java:498) ~[micrometer-observation-1.14.5.jar:1.14.5]
	at org.springframework.scheduling.support.ScheduledMethodRunnable.run(ScheduledMethodRunnable.java:124) ~[spring-context-6.2.5.jar:6.2.5]
	at org.springframework.scheduling.config.Task$OutcomeTrackingRunnable.run(Task.java:85) ~[spring-context-6.2.5.jar:6.2.5]
	at org.springframework.scheduling.support.DelegatingErrorHandlingRunnable.run(DelegatingErrorHandlingRunnable.java:54) ~[spring-context-6.2.5.jar:6.2.5]
	at java.base/java.util.concurrent.Executors$RunnableAdapter.call(Executors.java:572) ~[na:na]
	at java.base/java.util.concurrent.FutureTask.runAndReset(FutureTask.java:358) ~[na:na]
	at java.base/java.util.concurrent.ScheduledThreadPoolExecutor$ScheduledFutureTask.run(ScheduledThreadPoolExecutor.java:305) ~[na:na]
	at java.base/java.util.concurrent.ThreadPoolExecutor.runWorker(ThreadPoolExecutor.java:1144) ~[na:na]
	at java.base/java.util.concurrent.ThreadPoolExecutor$Worker.run(ThreadPoolExecutor.java:642) ~[na:na]
	at java.base/java.lang.Thread.run(Thread.java:1583) ~[na:na]
Caused by: com.mongodb.MongoTimeoutException: Timed out while waiting for a server that matches WritableServerSelector. Client view of cluster state is {type=UNKNOWN, servers=[{address=localhost:32858, type=UNKNOWN, state=CONNECTING, exception={com.mongodb.MongoSocketOpenException: Exception opening socket}, caused by {java.net.ConnectException: Conexión rehusada}}]
	at com.mongodb.internal.connection.BaseCluster.logAndThrowTimeoutException(BaseCluster.java:427) ~[mongodb-driver-core-5.2.1.jar:na]
	at com.mongodb.internal.connection.BaseCluster.lambda$selectServer$0(BaseCluster.java:154) ~[mongodb-driver-core-5.2.1.jar:na]
	at com.mongodb.internal.time.Timeout.lambda$onExistsAndExpired$16(Timeout.java:236) ~[mongodb-driver-core-5.2.1.jar:na]
	at com.mongodb.internal.time.Timeout.lambda$run$10(Timeout.java:201) ~[mongodb-driver-core-5.2.1.jar:na]
	at com.mongodb.internal.time.TimePoint.checkedCall(TimePoint.java:98) ~[mongodb-driver-core-5.2.1.jar:na]
	at com.mongodb.internal.time.Timeout.call(Timeout.java:174) ~[mongodb-driver-core-5.2.1.jar:na]
	at com.mongodb.internal.time.Timeout.run(Timeout.java:194) ~[mongodb-driver-core-5.2.1.jar:na]
	at com.mongodb.internal.time.Timeout.onExistsAndExpired(Timeout.java:233) ~[mongodb-driver-core-5.2.1.jar:na]
	at com.mongodb.internal.time.Timeout.onExpired(Timeout.java:226) ~[mongodb-driver-core-5.2.1.jar:na]
	at com.mongodb.internal.connection.BaseCluster.selectServer(BaseCluster.java:153) ~[mongodb-driver-core-5.2.1.jar:na]
	at com.mongodb.internal.connection.SingleServerCluster.selectServer(SingleServerCluster.java:47) ~[mongodb-driver-core-5.2.1.jar:na]
	at com.mongodb.internal.binding.ClusterBinding.getWriteConnectionSource(ClusterBinding.java:100) ~[mongodb-driver-core-5.2.1.jar:na]
	at com.mongodb.client.internal.ClientSessionBinding.getConnectionSource(ClientSessionBinding.java:108) ~[mongodb-driver-sync-5.2.1.jar:na]
	at com.mongodb.client.internal.ClientSessionBinding.getWriteConnectionSource(ClientSessionBinding.java:98) ~[mongodb-driver-sync-5.2.1.jar:na]
	at com.mongodb.internal.operation.SyncOperationHelper.withSuppliedResource(SyncOperationHelper.java:148) ~[mongodb-driver-core-5.2.1.jar:na]
	at com.mongodb.internal.operation.SyncOperationHelper.withSourceAndConnection(SyncOperationHelper.java:129) ~[mongodb-driver-core-5.2.1.jar:na]
	at com.mongodb.internal.operation.SyncOperationHelper.lambda$executeRetryableWrite$11(SyncOperationHelper.java:252) ~[mongodb-driver-core-5.2.1.jar:na]
	at com.mongodb.internal.operation.SyncOperationHelper.lambda$decorateWriteWithRetries$12(SyncOperationHelper.java:308) ~[mongodb-driver-core-5.2.1.jar:na]
	at com.mongodb.internal.async.function.RetryingSyncSupplier.get(RetryingSyncSupplier.java:67) ~[mongodb-driver-core-5.2.1.jar:na]
	at com.mongodb.internal.operation.SyncOperationHelper.executeRetryableWrite(SyncOperationHelper.java:279) ~[mongodb-driver-core-5.2.1.jar:na]
	at com.mongodb.internal.operation.BaseFindAndModifyOperation.execute(BaseFindAndModifyOperation.java:73) ~[mongodb-driver-core-5.2.1.jar:na]
	at com.mongodb.client.internal.MongoClusterImpl$OperationExecutorImpl.execute(MongoClusterImpl.java:379) ~[mongodb-driver-sync-5.2.1.jar:na]
	at com.mongodb.client.internal.MongoCollectionImpl.executeFindOneAndUpdate(MongoCollectionImpl.java:786) ~[mongodb-driver-sync-5.2.1.jar:na]
	at com.mongodb.client.internal.MongoCollectionImpl.findOneAndUpdate(MongoCollectionImpl.java:765) ~[mongodb-driver-sync-5.2.1.jar:na]
	at org.springframework.data.mongodb.core.MongoTemplate$FindAndModifyCallback.doInCollection(MongoTemplate.java:3207) ~[spring-data-mongodb-4.4.4.jar:4.4.4]
	at org.springframework.data.mongodb.core.MongoTemplate$FindAndModifyCallback.doInCollection(MongoTemplate.java:3165) ~[spring-data-mongodb-4.4.4.jar:4.4.4]
	at org.springframework.data.mongodb.core.MongoTemplate.executeFindOneInternal(Unknown Source) ~[spring-data-mongodb-4.4.4.jar:4.4.4]
	... 56 common frames omitted

2026-09-22T23:41:07.338-05:00 ERROR 90916 --- [   scheduling-1] o.s.s.s.TaskUtils$LoggingErrorHandler    : Unexpected error occurred in scheduled task

org.springframework.dao.DataAccessResourceFailureException: Timed out while waiting for a server that matches WritableServerSelector. Client view of cluster state is {type=UNKNOWN, servers=[{address=localhost:32859, type=UNKNOWN, state=CONNECTING, exception={com.mongodb.MongoSocketOpenException: Exception opening socket}, caused by {java.net.ConnectException: Conexión rehusada}}]
	at org.springframework.data.mongodb.core.MongoExceptionTranslator.doTranslateException(MongoExceptionTranslator.java:97) ~[spring-data-mongodb-4.4.4.jar:4.4.4]
	at org.springframework.data.mongodb.core.MongoExceptionTranslator.translateExceptionIfPossible(MongoExceptionTranslator.java:74) ~[spring-data-mongodb-4.4.4.jar:4.4.4]
	at org.springframework.data.mongodb.core.MongoTemplate.potentiallyConvertRuntimeException(MongoTemplate.java:3017) ~[spring-data-mongodb-4.4.4.jar:4.4.4]
	at org.springframework.data.mongodb.core.MongoTemplate.executeFindOneInternal(Unknown Source) ~[spring-data-mongodb-4.4.4.jar:4.4.4]
	at org.springframework.data.mongodb.core.MongoTemplate.doFindAndModify(Unknown Source) ~[spring-data-mongodb-4.4.4.jar:4.4.4]
	at org.springframework.data.mongodb.core.MongoTemplate.findAndModify(Unknown Source) ~[spring-data-mongodb-4.4.4.jar:4.4.4]
	at org.springframework.data.mongodb.core.MongoTemplate.findAndModify(Unknown Source) ~[spring-data-mongodb-4.4.4.jar:4.4.4]
	at com.traceability.core.infrastructure.projection.mongo.repositories.ProjectionRetryRepositoryImpl.claimNextPendingRetry(ProjectionRetryRepositoryImpl.java:45) ~[classes/:na]
	at java.base/jdk.internal.reflect.DirectMethodHandleAccessor.invoke(DirectMethodHandleAccessor.java:103) ~[na:na]
	at java.base/java.lang.reflect.Method.invoke(Method.java:580) ~[na:na]
	at org.springframework.aop.support.AopUtils.invokeJoinpointUsingReflection(AopUtils.java:359) ~[spring-aop-6.2.5.jar:6.2.5]
	at org.springframework.aop.framework.ReflectiveMethodInvocation.invokeJoinpoint(ReflectiveMethodInvocation.java:196) ~[spring-aop-6.2.5.jar:6.2.5]
	at org.springframework.aop.framework.ReflectiveMethodInvocation.proceed(ReflectiveMethodInvocation.java:163) ~[spring-aop-6.2.5.jar:6.2.5]
	at org.springframework.dao.support.PersistenceExceptionTranslationInterceptor.invoke(PersistenceExceptionTranslationInterceptor.java:138) ~[spring-tx-6.2.5.jar:6.2.5]
	at org.springframework.aop.framework.ReflectiveMethodInvocation.proceed(ReflectiveMethodInvocation.java:184) ~[spring-aop-6.2.5.jar:6.2.5]
	at org.springframework.aop.framework.CglibAopProxy$DynamicAdvisedInterceptor.intercept(CglibAopProxy.java:727) ~[spring-aop-6.2.5.jar:6.2.5]
	at com.traceability.core.infrastructure.projection.mongo.repositories.ProjectionRetryRepositoryImpl$$SpringCGLIB$$0.claimNextPendingRetry(<generated>) ~[classes/:na]
	at java.base/jdk.internal.reflect.DirectMethodHandleAccessor.invoke(DirectMethodHandleAccessor.java:103) ~[na:na]
	at java.base/java.lang.reflect.Method.invoke(Method.java:580) ~[na:na]
	at org.springframework.aop.support.AopUtils.invokeJoinpointUsingReflection(AopUtils.java:359) ~[spring-aop-6.2.5.jar:6.2.5]
	at org.springframework.data.repository.core.support.RepositoryMethodInvoker$RepositoryFragmentMethodInvoker.lambda$new$0(RepositoryMethodInvoker.java:277) ~[spring-data-commons-3.4.4.jar:3.4.4]
	at org.springframework.data.repository.core.support.RepositoryMethodInvoker.doInvoke(RepositoryMethodInvoker.java:170) ~[spring-data-commons-3.4.4.jar:3.4.4]
	at org.springframework.data.repository.core.support.RepositoryMethodInvoker.invoke(RepositoryMethodInvoker.java:158) ~[spring-data-commons-3.4.4.jar:3.4.4]
	at org.springframework.data.repository.core.support.RepositoryComposition$RepositoryFragments.invoke(RepositoryComposition.java:515) ~[spring-data-commons-3.4.4.jar:3.4.4]
	at org.springframework.data.repository.core.support.RepositoryComposition.invoke(RepositoryComposition.java:284) ~[spring-data-commons-3.4.4.jar:3.4.4]
	at org.springframework.data.repository.core.support.RepositoryFactorySupport$ImplementationMethodExecutionInterceptor.invoke(RepositoryFactorySupport.java:731) ~[spring-data-commons-3.4.4.jar:3.4.4]
	at org.springframework.aop.framework.ReflectiveMethodInvocation.proceed(ReflectiveMethodInvocation.java:184) ~[spring-aop-6.2.5.jar:6.2.5]
	at org.springframework.data.repository.core.support.QueryExecutorMethodInterceptor.doInvoke(QueryExecutorMethodInterceptor.java:174) ~[spring-data-commons-3.4.4.jar:3.4.4]
	at org.springframework.data.repository.core.support.QueryExecutorMethodInterceptor.invoke(QueryExecutorMethodInterceptor.java:149) ~[spring-data-commons-3.4.4.jar:3.4.4]
	at org.springframework.aop.framework.ReflectiveMethodInvocation.proceed(ReflectiveMethodInvocation.java:184) ~[spring-aop-6.2.5.jar:6.2.5]
	at org.springframework.data.projection.DefaultMethodInvokingMethodInterceptor.invoke(DefaultMethodInvokingMethodInterceptor.java:69) ~[spring-data-commons-3.4.4.jar:3.4.4]
	at org.springframework.aop.framework.ReflectiveMethodInvocation.proceed(ReflectiveMethodInvocation.java:184) ~[spring-aop-6.2.5.jar:6.2.5]
	at org.springframework.data.mongodb.repository.support.CrudMethodMetadataPostProcessor$CrudMethodMetadataPopulatingMethodInterceptor.invoke(CrudMethodMetadataPostProcessor.java:158) ~[spring-data-mongodb-4.4.4.jar:4.4.4]
	at org.springframework.aop.framework.ReflectiveMethodInvocation.proceed(ReflectiveMethodInvocation.java:184) ~[spring-aop-6.2.5.jar:6.2.5]
	at org.springframework.aop.framework.JdkDynamicAopProxy.invoke(JdkDynamicAopProxy.java:223) ~[spring-aop-6.2.5.jar:6.2.5]
	at jdk.proxy2/jdk.proxy2.$Proxy151.claimNextPendingRetry(Unknown Source) ~[na:na]
	at java.base/jdk.internal.reflect.DirectMethodHandleAccessor.invoke(DirectMethodHandleAccessor.java:103) ~[na:na]
	at java.base/java.lang.reflect.Method.invoke(Method.java:580) ~[na:na]
	at org.springframework.aop.support.AopUtils.invokeJoinpointUsingReflection(AopUtils.java:359) ~[spring-aop-6.2.5.jar:6.2.5]
	at org.springframework.aop.framework.ReflectiveMethodInvocation.invokeJoinpoint(ReflectiveMethodInvocation.java:196) ~[spring-aop-6.2.5.jar:6.2.5]
	at org.springframework.aop.framework.ReflectiveMethodInvocation.proceed(ReflectiveMethodInvocation.java:163) ~[spring-aop-6.2.5.jar:6.2.5]
	at org.springframework.dao.support.PersistenceExceptionTranslationInterceptor.invoke(PersistenceExceptionTranslationInterceptor.java:138) ~[spring-tx-6.2.5.jar:6.2.5]
	at org.springframework.aop.framework.ReflectiveMethodInvocation.proceed(ReflectiveMethodInvocation.java:184) ~[spring-aop-6.2.5.jar:6.2.5]
	at org.springframework.aop.framework.JdkDynamicAopProxy.invoke(JdkDynamicAopProxy.java:223) ~[spring-aop-6.2.5.jar:6.2.5]
	at jdk.proxy2/jdk.proxy2.$Proxy151.claimNextPendingRetry(Unknown Source) ~[na:na]
	at com.traceability.core.application.projection.ProjectionRetryScheduler.processRetries(ProjectionRetryScheduler.java:47) ~[classes/:na]
	at java.base/jdk.internal.reflect.DirectMethodHandleAccessor.invoke(DirectMethodHandleAccessor.java:103) ~[na:na]
	at java.base/java.lang.reflect.Method.invoke(Method.java:580) ~[na:na]
	at org.springframework.scheduling.support.ScheduledMethodRunnable.runInternal(ScheduledMethodRunnable.java:130) ~[spring-context-6.2.5.jar:6.2.5]
	at org.springframework.scheduling.support.ScheduledMethodRunnable.lambda$run$2(ScheduledMethodRunnable.java:124) ~[spring-context-6.2.5.jar:6.2.5]
	at io.micrometer.observation.Observation.observe(Observation.java:498) ~[micrometer-observation-1.14.5.jar:1.14.5]
	at org.springframework.scheduling.support.ScheduledMethodRunnable.run(ScheduledMethodRunnable.java:124) ~[spring-context-6.2.5.jar:6.2.5]
	at org.springframework.scheduling.config.Task$OutcomeTrackingRunnable.run(Task.java:85) ~[spring-context-6.2.5.jar:6.2.5]
	at org.springframework.scheduling.support.DelegatingErrorHandlingRunnable.run(DelegatingErrorHandlingRunnable.java:54) ~[spring-context-6.2.5.jar:6.2.5]
	at java.base/java.util.concurrent.Executors$RunnableAdapter.call(Executors.java:572) ~[na:na]
	at java.base/java.util.concurrent.FutureTask.runAndReset(FutureTask.java:358) ~[na:na]
	at java.base/java.util.concurrent.ScheduledThreadPoolExecutor$ScheduledFutureTask.run(ScheduledThreadPoolExecutor.java:305) ~[na:na]
	at java.base/java.util.concurrent.ThreadPoolExecutor.runWorker(ThreadPoolExecutor.java:1144) ~[na:na]
	at java.base/java.util.concurrent.ThreadPoolExecutor$Worker.run(ThreadPoolExecutor.java:642) ~[na:na]
	at java.base/java.lang.Thread.run(Thread.java:1583) ~[na:na]
Caused by: com.mongodb.MongoTimeoutException: Timed out while waiting for a server that matches WritableServerSelector. Client view of cluster state is {type=UNKNOWN, servers=[{address=localhost:32859, type=UNKNOWN, state=CONNECTING, exception={com.mongodb.MongoSocketOpenException: Exception opening socket}, caused by {java.net.ConnectException: Conexión rehusada}}]
	at com.mongodb.internal.connection.BaseCluster.logAndThrowTimeoutException(BaseCluster.java:427) ~[mongodb-driver-core-5.2.1.jar:na]
	at com.mongodb.internal.connection.BaseCluster.lambda$selectServer$0(BaseCluster.java:154) ~[mongodb-driver-core-5.2.1.jar:na]
	at com.mongodb.internal.time.Timeout.lambda$onExistsAndExpired$16(Timeout.java:236) ~[mongodb-driver-core-5.2.1.jar:na]
	at com.mongodb.internal.time.Timeout.lambda$run$10(Timeout.java:201) ~[mongodb-driver-core-5.2.1.jar:na]
	at com.mongodb.internal.time.TimePoint.checkedCall(TimePoint.java:98) ~[mongodb-driver-core-5.2.1.jar:na]
	at com.mongodb.internal.time.Timeout.call(Timeout.java:174) ~[mongodb-driver-core-5.2.1.jar:na]
	at com.mongodb.internal.time.Timeout.run(Timeout.java:194) ~[mongodb-driver-core-5.2.1.jar:na]
	at com.mongodb.internal.time.Timeout.onExistsAndExpired(Timeout.java:233) ~[mongodb-driver-core-5.2.1.jar:na]
	at com.mongodb.internal.time.Timeout.onExpired(Timeout.java:226) ~[mongodb-driver-core-5.2.1.jar:na]
	at com.mongodb.internal.connection.BaseCluster.selectServer(BaseCluster.java:153) ~[mongodb-driver-core-5.2.1.jar:na]
	at com.mongodb.internal.connection.SingleServerCluster.selectServer(SingleServerCluster.java:47) ~[mongodb-driver-core-5.2.1.jar:na]
	at com.mongodb.internal.binding.ClusterBinding.getWriteConnectionSource(ClusterBinding.java:100) ~[mongodb-driver-core-5.2.1.jar:na]
	at com.mongodb.client.internal.ClientSessionBinding.getConnectionSource(ClientSessionBinding.java:108) ~[mongodb-driver-sync-5.2.1.jar:na]
	at com.mongodb.client.internal.ClientSessionBinding.getWriteConnectionSource(ClientSessionBinding.java:98) ~[mongodb-driver-sync-5.2.1.jar:na]
	at com.mongodb.internal.operation.SyncOperationHelper.withSuppliedResource(SyncOperationHelper.java:148) ~[mongodb-driver-core-5.2.1.jar:na]
	at com.mongodb.internal.operation.SyncOperationHelper.withSourceAndConnection(SyncOperationHelper.java:129) ~[mongodb-driver-core-5.2.1.jar:na]
	at com.mongodb.internal.operation.SyncOperationHelper.lambda$executeRetryableWrite$11(SyncOperationHelper.java:252) ~[mongodb-driver-core-5.2.1.jar:na]
	at com.mongodb.internal.operation.SyncOperationHelper.lambda$decorateWriteWithRetries$12(SyncOperationHelper.java:308) ~[mongodb-driver-core-5.2.1.jar:na]
	at com.mongodb.internal.async.function.RetryingSyncSupplier.get(RetryingSyncSupplier.java:67) ~[mongodb-driver-core-5.2.1.jar:na]
	at com.mongodb.internal.operation.SyncOperationHelper.executeRetryableWrite(SyncOperationHelper.java:279) ~[mongodb-driver-core-5.2.1.jar:na]
	at com.mongodb.internal.operation.BaseFindAndModifyOperation.execute(BaseFindAndModifyOperation.java:73) ~[mongodb-driver-core-5.2.1.jar:na]
	at com.mongodb.client.internal.MongoClusterImpl$OperationExecutorImpl.execute(MongoClusterImpl.java:379) ~[mongodb-driver-sync-5.2.1.jar:na]
	at com.mongodb.client.internal.MongoCollectionImpl.executeFindOneAndUpdate(MongoCollectionImpl.java:786) ~[mongodb-driver-sync-5.2.1.jar:na]
	at com.mongodb.client.internal.MongoCollectionImpl.findOneAndUpdate(MongoCollectionImpl.java:765) ~[mongodb-driver-sync-5.2.1.jar:na]
	at org.springframework.data.mongodb.core.MongoTemplate$FindAndModifyCallback.doInCollection(MongoTemplate.java:3207) ~[spring-data-mongodb-4.4.4.jar:4.4.4]
	at org.springframework.data.mongodb.core.MongoTemplate$FindAndModifyCallback.doInCollection(MongoTemplate.java:3165) ~[spring-data-mongodb-4.4.4.jar:4.4.4]
	at org.springframework.data.mongodb.core.MongoTemplate.executeFindOneInternal(Unknown Source) ~[spring-data-mongodb-4.4.4.jar:4.4.4]
	... 56 common frames omitted

[INFO] 
[INFO] Results:
[INFO] 
[INFO] Tests run: 194, Failures: 0, Errors: 0, Skipped: 0
[INFO] 
[INFO] 
[INFO] ----------------------< com.traceability:crypto >-----------------------
[INFO] Building crypto 1.0.0-SNAPSHOT                                     [2/3]
[INFO]   from /home/carlos/Proyectos/Donaciones/crypto/pom.xml
[INFO] --------------------------------[ jar ]---------------------------------
[WARNING] Parameter 'binSourceFiles' is unknown for plugin 'web3j-maven-plugin:4.9.4:generate-sources (generate-sources)'
[WARNING] Parameter 'format' is unknown for plugin 'web3j-maven-plugin:4.9.4:generate-sources (generate-sources)'
[INFO] 
[INFO] --- clean:3.2.0:clean (default-clean) @ crypto ---
[INFO] Deleting /home/carlos/Proyectos/Donaciones/crypto/target
[INFO] 
[INFO] --- web3j:4.9.4:generate-sources (generate-sources) @ crypto ---
[INFO] No Solidity directory specified, using default directory [src/main/resources]
[INFO] No Solidity contracts specified, using the default [**/*.sol]
[WARNING] no contracts found
[WARNING] 	No Solidity сontract found in files '[]'
[INFO] Abi: adding to process 'AnchorRegistry.abi'
[INFO] 
[INFO] --- build-helper:3.5.0:add-source (add-source) @ crypto ---
[INFO] Source directory: /home/carlos/Proyectos/Donaciones/crypto/target/generated-sources/web3j added.
[INFO] 
[INFO] --- resources:3.4.0:resources (default-resources) @ crypto ---
[WARNING] Using platform encoding (UTF-8 actually) to copy filtered resources, i.e. build is platform dependent!
[INFO] skip non existing resourceDirectory /home/carlos/Proyectos/Donaciones/crypto/src/main/resources
[INFO] 
[INFO] --- compiler:3.15.0:compile (default-compile) @ crypto ---
[INFO] Recompiling the module because of changed source code.
[WARNING] File encoding has not been set, using platform encoding UTF-8, i.e. build is platform dependent!
[INFO] Compiling 32 source files with javac [debug target 21] to target/classes
[INFO] 
[INFO] --- resources:3.4.0:testResources (default-testResources) @ crypto ---
[WARNING] Using platform encoding (UTF-8 actually) to copy filtered resources, i.e. build is platform dependent!
[INFO] Copying 6 resources from src/test/resources to target/test-classes
[INFO] 
[INFO] --- compiler:3.15.0:testCompile (default-testCompile) @ crypto ---
[INFO] Recompiling the module because of changed dependency.
[WARNING] File encoding has not been set, using platform encoding UTF-8, i.e. build is platform dependent!
[INFO] Compiling 11 source files with javac [debug target 21] to target/test-classes
[INFO] /home/carlos/Proyectos/Donaciones/crypto/src/test/java/com/traceability/crypto/infrastructure/web3j/Web3jBlockchainAnchorAdapterTest.java: /home/carlos/Proyectos/Donaciones/crypto/src/test/java/com/traceability/crypto/infrastructure/web3j/Web3jBlockchainAnchorAdapterTest.java uses unchecked or unsafe operations.
[INFO] /home/carlos/Proyectos/Donaciones/crypto/src/test/java/com/traceability/crypto/infrastructure/web3j/Web3jBlockchainAnchorAdapterTest.java: Recompile with -Xlint:unchecked for details.
[INFO] 
[INFO] --- surefire:3.5.4:test (default-test) @ crypto ---
[INFO] Using auto detected provider org.apache.maven.surefire.junitplatform.JUnitPlatformProvider
[INFO] 
[INFO] -------------------------------------------------------
[INFO]  T E S T S
[INFO] -------------------------------------------------------
[INFO] Running com.traceability.crypto.architecture.ArchitectureTest
23:41:18.497 [main] INFO com.tngtech.archunit.core.PluginLoader -- Detected Java version 21.0.12
[INFO] Tests run: 1, Failures: 0, Errors: 0, Skipped: 0, Time elapsed: 1.862 s -- in com.traceability.crypto.architecture.ArchitectureTest
[INFO] Running com.traceability.crypto.application.JcsHashAdapterTest
[INFO] Tests run: 4, Failures: 0, Errors: 0, Skipped: 0, Time elapsed: 0.174 s -- in com.traceability.crypto.application.JcsHashAdapterTest
[INFO] Running com.traceability.crypto.application.service.AnchorConfirmationPollerIntegrationTest
23:41:20.592 [main] INFO org.testcontainers.images.PullPolicy -- Image pull policy will be performed by: DefaultPullPolicy()
23:41:20.594 [main] INFO org.testcontainers.utility.ImageNameSubstitutor -- Image name substitution will be performed by: DefaultImageNameSubstitutor (composite of 'ConfigurationFileImageNameSubstitutor' and 'PrefixingImageNameSubstitutor')
23:41:20.600 [main] INFO org.testcontainers.DockerClientFactory -- Testcontainers version: 1.20.6
23:41:20.701 [main] INFO org.testcontainers.dockerclient.DockerClientProviderStrategy -- Loaded org.testcontainers.dockerclient.UnixSocketClientProviderStrategy from ~/.testcontainers.properties, will try it first
23:41:20.886 [main] INFO org.testcontainers.dockerclient.DockerClientProviderStrategy -- Found Docker environment with local Unix socket (unix:///var/run/docker.sock)
23:41:20.887 [main] INFO org.testcontainers.DockerClientFactory -- Docker host IP address is localhost
23:41:20.897 [main] INFO org.testcontainers.DockerClientFactory -- Connected to docker: 
  Server Version: 29.8.1
  API Version: 1.56
  Operating System: CachyOS
  Total Memory: 15379 MB
23:41:20.961 [main] INFO tc.testcontainers/ryuk:0.11.0 -- Creating container for image: testcontainers/ryuk:0.11.0
23:41:20.965 [main] INFO org.testcontainers.utility.RegistryAuthLocator -- Failure when attempting to lookup auth config. Please ignore if you don't have images in an authenticated registry. Details: (dockerImageName: testcontainers/ryuk:0.11.0, configFile: /home/carlos/.docker/config.json, configEnv: DOCKER_AUTH_CONFIG). Falling back to docker-java default behaviour. Exception message: Status 404: No config supplied. Checked in order: /home/carlos/.docker/config.json (file not found), DOCKER_AUTH_CONFIG (not set)
23:41:21.250 [main] INFO tc.testcontainers/ryuk:0.11.0 -- Container testcontainers/ryuk:0.11.0 is starting: 74b691fee7b82a16284bf6dfcf5b447d819247b32d696309a5eaf42cb816075a
23:41:21.524 [main] INFO tc.testcontainers/ryuk:0.11.0 -- Container testcontainers/ryuk:0.11.0 started in PT0.562453118S
23:41:21.529 [main] INFO org.testcontainers.utility.RyukResourceReaper -- Ryuk started - will monitor and terminate Testcontainers containers on JVM exit
23:41:21.529 [main] INFO org.testcontainers.DockerClientFactory -- Checking the system...
23:41:21.529 [main] INFO org.testcontainers.DockerClientFactory -- ✔︎ Docker server version should be at least 1.6.0
23:41:21.530 [main] INFO tc.trufflesuite/ganache:latest -- Creating container for image: trufflesuite/ganache:latest
23:41:21.664 [main] INFO tc.trufflesuite/ganache:latest -- Container trufflesuite/ganache:latest is starting: 12580ae30ad0d556edc4d33d0767b93e5ca0828ea2e6273d7955470449b72811
23:41:22.293 [main] INFO tc.trufflesuite/ganache:latest -- Container trufflesuite/ganache:latest started in PT0.762922938S
Mockito is currently self-attaching to enable the inline-mock-maker. This will no longer work in future releases of the JDK. Please add Mockito as an agent to your build what is described in Mockito's documentation: https://javadoc.io/doc/org.mockito/mockito-core/latest/org/mockito/Mockito.html#0.3
OpenJDK 64-Bit Server VM warning: Sharing is only supported for boot loader classes because bootstrap classpath has been appended
WARNING: A Java agent has been loaded dynamically (/home/carlos/.m2/repository/net/bytebuddy/byte-buddy-agent/1.15.11/byte-buddy-agent-1.15.11.jar)
WARNING: If a serviceability tool is in use, please run with -XX:+EnableDynamicAgentLoading to hide this warning
WARNING: If a serviceability tool is not in use, please run with -Djdk.instrument.traceUsage for more information
WARNING: Dynamic loading of agents will be disallowed by default in a future release
23:41:23.533 [main] INFO com.traceability.crypto.application.service.AnchorConfirmationPoller -- Batch batch-ganache is fully confirmed and ANCHORED at block 2.
[INFO] Tests run: 1, Failures: 0, Errors: 0, Skipped: 0, Time elapsed: 3.261 s -- in com.traceability.crypto.application.service.AnchorConfirmationPollerIntegrationTest
[INFO] Running com.traceability.crypto.application.service.AnchorConfirmationPollerTest
23:41:23.892 [main] INFO com.traceability.crypto.application.service.AnchorConfirmationPoller -- Batch batch-1 is fully confirmed and ANCHORED at block 1000.
23:41:23.900 [main] WARN com.traceability.crypto.application.service.AnchorConfirmationPoller -- Batch batch-3 transaction 0xHash reverted on-chain. Marking as FAILED.
23:41:23.907 [main] ERROR com.traceability.crypto.application.service.AnchorConfirmationPoller -- Batch batch-2 anchored root does not match the batch merkleRoot! Marking as ANCHOR_MISMATCH.
23:41:23.914 [main] ERROR com.traceability.crypto.application.service.AnchorConfirmationPoller -- Batch batch-4 has timed out waiting for a receipt. Marking as STUCK.
[INFO] Tests run: 5, Failures: 0, Errors: 0, Skipped: 0, Time elapsed: 0.083 s -- in com.traceability.crypto.application.service.AnchorConfirmationPollerTest
[INFO] Running com.traceability.crypto.application.service.BlockchainAdminOperationsServiceIntegrationTest
23:41:24.181 [main] INFO tc.mongo:6.0 -- Creating container for image: mongo:6.0
23:41:24.324 [main] INFO tc.mongo:6.0 -- Container mongo:6.0 is starting: 40a9b7e88cc439efdeb5507dd1a7269fe5dc681b33010380f4edf8509154cc6f
23:41:24.902 [main] INFO tc.mongo:6.0 -- Container mongo:6.0 started in PT0.721099803S

  .   ____          _            __ _ _
 /\\ / ___'_ __ _ _(_)_ __  __ _ \ \ \ \
( ( )\___ | '_ | '_| | '_ \/ _` | \ \ \ \
 \\/  ___)| |_)| | | | | || (_| |  ) ) ) )
  '  |____| .__|_| |_|_| |_\__, | / / / /
 =========|_|==============|___/=/_/_/_/

 :: Spring Boot ::                (v3.4.4)

2026-09-22T23:41:25.947-05:00  INFO 97997 --- [           main] ainAdminOperationsServiceIntegrationTest : Starting BlockchainAdminOperationsServiceIntegrationTest using Java 21.0.12 with PID 97997 (started by carlos in /home/carlos/Proyectos/Donaciones/crypto)
2026-09-22T23:41:25.948-05:00  INFO 97997 --- [           main] ainAdminOperationsServiceIntegrationTest : No active profile set, falling back to 1 default profile: "default"
2026-09-22T23:41:26.172-05:00  INFO 97997 --- [           main] .s.d.r.c.RepositoryConfigurationDelegate : Bootstrapping Spring Data MongoDB repositories in DEFAULT mode.
2026-09-22T23:41:26.204-05:00  INFO 97997 --- [           main] .s.d.r.c.RepositoryConfigurationDelegate : Finished Spring Data repository scanning in 28 ms. Found 1 MongoDB repository interface.
2026-09-22T23:41:26.512-05:00  INFO 97997 --- [           main] org.mongodb.driver.client                : MongoClient with metadata {"driver": {"name": "mongo-java-driver|sync|spring-boot", "version": "5.2.1"}, "os": {"type": "Linux", "name": "Linux", "architecture": "amd64", "version": "7.2.6-1-cachyos"}, "platform": "Java/Arch Linux/21.0.12+8"} created with settings MongoClientSettings{readPreference=primary, writeConcern=WriteConcern{w=null, wTimeout=null ms, journal=null}, retryWrites=true, retryReads=true, readConcern=ReadConcern{level=null}, credential=null, transportSettings=null, commandListeners=[], codecRegistry=ProvidersCodecRegistry{codecProviders=[ValueCodecProvider{}, BsonValueCodecProvider{}, DBRefCodecProvider{}, DBObjectCodecProvider{}, DocumentCodecProvider{}, CollectionCodecProvider{}, IterableCodecProvider{}, MapCodecProvider{}, GeoJsonCodecProvider{}, GridFSFileCodecProvider{}, Jsr310CodecProvider{}, JsonObjectCodecProvider{}, BsonCodecProvider{}, EnumCodecProvider{}, com.mongodb.client.model.mql.ExpressionCodecProvider@6a12b4fb, com.mongodb.Jep395RecordCodecProvider@188f9d1c, com.mongodb.KotlinCodecProvider@451451d8]}, loggerSettings=LoggerSettings{maxDocumentLength=1000}, clusterSettings={hosts=[localhost:32875], srvServiceName=mongodb, mode=SINGLE, requiredClusterType=UNKNOWN, requiredReplicaSetName='null', serverSelector='null', clusterListeners='[]', serverSelectionTimeout='30000 ms', localThreshold='15 ms'}, socketSettings=SocketSettings{connectTimeoutMS=10000, readTimeoutMS=0, receiveBufferSize=0, proxySettings=ProxySettings{host=null, port=null, username=null, password=null}}, heartbeatSocketSettings=SocketSettings{connectTimeoutMS=10000, readTimeoutMS=10000, receiveBufferSize=0, proxySettings=ProxySettings{host=null, port=null, username=null, password=null}}, connectionPoolSettings=ConnectionPoolSettings{maxSize=100, minSize=0, maxWaitTimeMS=120000, maxConnectionLifeTimeMS=0, maxConnectionIdleTimeMS=0, maintenanceInitialDelayMS=0, maintenanceFrequencyMS=60000, connectionPoolListeners=[], maxConnecting=2}, serverSettings=ServerSettings{heartbeatFrequencyMS=10000, minHeartbeatFrequencyMS=500, serverMonitoringMode=AUTO, serverListeners='[]', serverMonitorListeners='[]'}, sslSettings=SslSettings{enabled=false, invalidHostNameAllowed=false, context=null}, applicationName='null', compressorList=[], uuidRepresentation=JAVA_LEGACY, serverApi=null, autoEncryptionSettings=null, dnsClient=null, inetAddressResolver=null, contextProvider=null, timeoutMS=null}
2026-09-22T23:41:26.549-05:00  INFO 97997 --- [localhost:32875] org.mongodb.driver.cluster               : Monitor thread successfully connected to server with description ServerDescription{address=localhost:32875, type=REPLICA_SET_PRIMARY, cryptd=false, state=CONNECTED, ok=true, minWireVersion=0, maxWireVersion=17, maxDocumentSize=16777216, logicalSessionTimeoutMinutes=30, roundTripTimeNanos=20856148, minRoundTripTimeNanos=0, setName='docker-rs', canonicalAddress=40a9b7e88cc4:27017, hosts=[40a9b7e88cc4:27017], passives=[], arbiters=[], primary='40a9b7e88cc4:27017', tagSet=TagSet{[]}, electionId=7fffffff0000000000000001, setVersion=1, topologyVersion=TopologyVersion{processId=6ab35874b0a47e97c538ce71, counter=6}, lastWriteDate=Tue Sep 22 23:41:25 COT 2026, lastUpdateTimeNanos=5183376274268}
2026-09-22T23:41:26.895-05:00  INFO 97997 --- [           main] ainAdminOperationsServiceIntegrationTest : Started BlockchainAdminOperationsServiceIntegrationTest in 1.119 seconds (process running for 8.917)
2026-09-22T23:41:27.150-05:00  INFO 97997 --- [localhost:32875] org.mongodb.driver.cluster               : Exception in monitor thread while connecting to server localhost:32875

com.mongodb.MongoSocketReadException: Prematurely reached end of stream
	at com.mongodb.internal.connection.SocketStream.read(SocketStream.java:184) ~[mongodb-driver-core-5.2.1.jar:na]
	at com.mongodb.internal.connection.InternalStreamConnection.receiveResponseBuffers(InternalStreamConnection.java:829) ~[mongodb-driver-core-5.2.1.jar:na]
	at com.mongodb.internal.connection.InternalStreamConnection.receiveCommandMessageResponse(InternalStreamConnection.java:517) ~[mongodb-driver-core-5.2.1.jar:na]
	at com.mongodb.internal.connection.InternalStreamConnection.receive(InternalStreamConnection.java:469) ~[mongodb-driver-core-5.2.1.jar:na]
	at com.mongodb.internal.connection.DefaultServerMonitor$ServerMonitor.lookupServerDescription(DefaultServerMonitor.java:249) ~[mongodb-driver-core-5.2.1.jar:na]
	at com.mongodb.internal.connection.DefaultServerMonitor$ServerMonitor.run(DefaultServerMonitor.java:176) ~[mongodb-driver-core-5.2.1.jar:na]

2026-09-22T23:41:27.154-05:00  INFO 97997 --- [localhost:32875] org.mongodb.driver.cluster               : Exception in monitor thread while connecting to server localhost:32875

com.mongodb.MongoSocketReadException: Exception receiving message
	at com.mongodb.internal.connection.InternalStreamConnection.translateReadException(InternalStreamConnection.java:814) ~[mongodb-driver-core-5.2.1.jar:na]
	at com.mongodb.internal.connection.InternalStreamConnection.receiveResponseBuffers(InternalStreamConnection.java:862) ~[mongodb-driver-core-5.2.1.jar:na]
	at com.mongodb.internal.connection.InternalStreamConnection.receiveCommandMessageResponse(InternalStreamConnection.java:517) ~[mongodb-driver-core-5.2.1.jar:na]
	at com.mongodb.internal.connection.InternalStreamConnection.sendAndReceiveInternal(InternalStreamConnection.java:448) ~[mongodb-driver-core-5.2.1.jar:na]
	at com.mongodb.internal.connection.InternalStreamConnection.lambda$sendAndReceive$0(InternalStreamConnection.java:375) ~[mongodb-driver-core-5.2.1.jar:na]
	at com.mongodb.internal.connection.InternalStreamConnection.sendAndReceive(InternalStreamConnection.java:378) ~[mongodb-driver-core-5.2.1.jar:na]
	at com.mongodb.internal.connection.CommandHelper.sendAndReceive(CommandHelper.java:100) ~[mongodb-driver-core-5.2.1.jar:na]
	at com.mongodb.internal.connection.CommandHelper.executeCommand(CommandHelper.java:49) ~[mongodb-driver-core-5.2.1.jar:na]
	at com.mongodb.internal.connection.InternalStreamConnectionInitializer.initializeConnectionDescription(InternalStreamConnectionInitializer.java:144) ~[mongodb-driver-core-5.2.1.jar:na]
	at com.mongodb.internal.connection.InternalStreamConnectionInitializer.startHandshake(InternalStreamConnectionInitializer.java:79) ~[mongodb-driver-core-5.2.1.jar:na]
	at com.mongodb.internal.connection.InternalStreamConnection.open(InternalStreamConnection.java:235) ~[mongodb-driver-core-5.2.1.jar:na]
	at com.mongodb.internal.connection.DefaultServerMonitor$ServerMonitor.lookupServerDescription(DefaultServerMonitor.java:219) ~[mongodb-driver-core-5.2.1.jar:na]
	at com.mongodb.internal.connection.DefaultServerMonitor$ServerMonitor.run(DefaultServerMonitor.java:176) ~[mongodb-driver-core-5.2.1.jar:na]
Caused by: java.net.SocketException: Connection reset
	at java.base/sun.nio.ch.NioSocketImpl.implRead(NioSocketImpl.java:318) ~[na:na]
	at java.base/sun.nio.ch.NioSocketImpl.read(NioSocketImpl.java:346) ~[na:na]
	at java.base/sun.nio.ch.NioSocketImpl$1.read(NioSocketImpl.java:796) ~[na:na]
	at java.base/java.net.Socket$SocketInputStream.read(Socket.java:1099) ~[na:na]
	at com.mongodb.internal.connection.SocketStream.read(SocketStream.java:182) ~[mongodb-driver-core-5.2.1.jar:na]
	at com.mongodb.internal.connection.InternalStreamConnection.receiveResponseBuffers(InternalStreamConnection.java:829) ~[mongodb-driver-core-5.2.1.jar:na]
	... 11 common frames omitted

[INFO] Tests run: 3, Failures: 0, Errors: 0, Skipped: 0, Time elapsed: 3.444 s -- in com.traceability.crypto.application.service.BlockchainAdminOperationsServiceIntegrationTest
[INFO] Running com.traceability.crypto.application.service.BlockchainAnchorSchedulerTest
2026-09-22T23:41:27.409-05:00  INFO 97997 --- [           main] c.t.c.a.s.BlockchainAnchorScheduler      : Priority Guard Triggered: Found stuck SUBMITTING batch batch-E with nonce 3. Retrying before claiming any PENDING.
2026-09-22T23:41:27.409-05:00  WARN 97997 --- [           main] c.t.c.a.s.BlockchainAnchorScheduler      : Ambiguous timeout during submission for batch batch-E. State requires reconciliation.

com.traceability.crypto.domain.exception.BlockchainAnchorTimeoutException: Ambiguous Timeout
	at com.traceability.crypto.application.service.BlockchainAnchorScheduler.processNextBatch(BlockchainAnchorScheduler.java:70) ~[classes/:na]
	at com.traceability.crypto.application.service.BlockchainAnchorSchedulerTest.shouldReconcileSubmittingTimeoutOnAmbiguousFailure(BlockchainAnchorSchedulerTest.java:129) ~[test-classes/:na]
	at java.base/jdk.internal.reflect.DirectMethodHandleAccessor.invoke(DirectMethodHandleAccessor.java:103) ~[na:na]
	at java.base/java.lang.reflect.Method.invoke(Method.java:580) ~[na:na]
	at org.junit.platform.commons.util.ReflectionUtils.invokeMethod(ReflectionUtils.java:767) ~[junit-platform-commons-1.11.4.jar:1.11.4]
	at org.junit.jupiter.engine.execution.MethodInvocation.proceed(MethodInvocation.java:60) ~[junit-jupiter-engine-5.11.4.jar:5.11.4]
	at org.junit.jupiter.engine.execution.InvocationInterceptorChain$ValidatingInvocation.proceed(InvocationInterceptorChain.java:131) ~[junit-jupiter-engine-5.11.4.jar:5.11.4]
	at org.junit.jupiter.engine.extension.TimeoutExtension.intercept(TimeoutExtension.java:156) ~[junit-jupiter-engine-5.11.4.jar:5.11.4]
	at org.junit.jupiter.engine.extension.TimeoutExtension.interceptTestableMethod(TimeoutExtension.java:147) ~[junit-jupiter-engine-5.11.4.jar:5.11.4]
	at org.junit.jupiter.engine.extension.TimeoutExtension.interceptTestMethod(TimeoutExtension.java:86) ~[junit-jupiter-engine-5.11.4.jar:5.11.4]
	at org.junit.jupiter.engine.execution.InterceptingExecutableInvoker$ReflectiveInterceptorCall.lambda$ofVoidMethod$0(InterceptingExecutableInvoker.java:103) ~[junit-jupiter-engine-5.11.4.jar:5.11.4]
	at org.junit.jupiter.engine.execution.InterceptingExecutableInvoker.lambda$invoke$0(InterceptingExecutableInvoker.java:93) ~[junit-jupiter-engine-5.11.4.jar:5.11.4]
	at org.junit.jupiter.engine.execution.InvocationInterceptorChain$InterceptedInvocation.proceed(InvocationInterceptorChain.java:106) ~[junit-jupiter-engine-5.11.4.jar:5.11.4]
	at org.junit.jupiter.engine.execution.InvocationInterceptorChain.proceed(InvocationInterceptorChain.java:64) ~[junit-jupiter-engine-5.11.4.jar:5.11.4]
	at org.junit.jupiter.engine.execution.InvocationInterceptorChain.chainAndInvoke(InvocationInterceptorChain.java:45) ~[junit-jupiter-engine-5.11.4.jar:5.11.4]
	at org.junit.jupiter.engine.execution.InvocationInterceptorChain.invoke(InvocationInterceptorChain.java:37) ~[junit-jupiter-engine-5.11.4.jar:5.11.4]
	at org.junit.jupiter.engine.execution.InterceptingExecutableInvoker.invoke(InterceptingExecutableInvoker.java:92) ~[junit-jupiter-engine-5.11.4.jar:5.11.4]
	at org.junit.jupiter.engine.execution.InterceptingExecutableInvoker.invoke(InterceptingExecutableInvoker.java:86) ~[junit-jupiter-engine-5.11.4.jar:5.11.4]
	at org.junit.jupiter.engine.descriptor.TestMethodTestDescriptor.lambda$invokeTestMethod$8(TestMethodTestDescriptor.java:217) ~[junit-jupiter-engine-5.11.4.jar:5.11.4]
	at org.junit.platform.engine.support.hierarchical.ThrowableCollector.execute(ThrowableCollector.java:73) ~[junit-platform-engine-1.11.4.jar:1.11.4]
	at org.junit.jupiter.engine.descriptor.TestMethodTestDescriptor.invokeTestMethod(TestMethodTestDescriptor.java:213) ~[junit-jupiter-engine-5.11.4.jar:5.11.4]
	at org.junit.jupiter.engine.descriptor.TestMethodTestDescriptor.execute(TestMethodTestDescriptor.java:138) ~[junit-jupiter-engine-5.11.4.jar:5.11.4]
	at org.junit.jupiter.engine.descriptor.TestMethodTestDescriptor.execute(TestMethodTestDescriptor.java:68) ~[junit-jupiter-engine-5.11.4.jar:5.11.4]
	at org.junit.platform.engine.support.hierarchical.NodeTestTask.lambda$executeRecursively$6(NodeTestTask.java:156) ~[junit-platform-engine-1.11.4.jar:1.11.4]
	at org.junit.platform.engine.support.hierarchical.ThrowableCollector.execute(ThrowableCollector.java:73) ~[junit-platform-engine-1.11.4.jar:1.11.4]
	at org.junit.platform.engine.support.hierarchical.NodeTestTask.lambda$executeRecursively$8(NodeTestTask.java:146) ~[junit-platform-engine-1.11.4.jar:1.11.4]
	at org.junit.platform.engine.support.hierarchical.Node.around(Node.java:137) ~[junit-platform-engine-1.11.4.jar:1.11.4]
	at org.junit.platform.engine.support.hierarchical.NodeTestTask.lambda$executeRecursively$9(NodeTestTask.java:144) ~[junit-platform-engine-1.11.4.jar:1.11.4]
	at org.junit.platform.engine.support.hierarchical.ThrowableCollector.execute(ThrowableCollector.java:73) ~[junit-platform-engine-1.11.4.jar:1.11.4]
	at org.junit.platform.engine.support.hierarchical.NodeTestTask.executeRecursively(NodeTestTask.java:143) ~[junit-platform-engine-1.11.4.jar:1.11.4]
	at org.junit.platform.engine.support.hierarchical.NodeTestTask.execute(NodeTestTask.java:100) ~[junit-platform-engine-1.11.4.jar:1.11.4]
	at java.base/java.util.ArrayList.forEach(ArrayList.java:1596) ~[na:na]
	at org.junit.platform.engine.support.hierarchical.SameThreadHierarchicalTestExecutorService.invokeAll(SameThreadHierarchicalTestExecutorService.java:41) ~[junit-platform-engine-1.11.4.jar:1.11.4]
	at org.junit.platform.engine.support.hierarchical.NodeTestTask.lambda$executeRecursively$6(NodeTestTask.java:160) ~[junit-platform-engine-1.11.4.jar:1.11.4]
	at org.junit.platform.engine.support.hierarchical.ThrowableCollector.execute(ThrowableCollector.java:73) ~[junit-platform-engine-1.11.4.jar:1.11.4]
	at org.junit.platform.engine.support.hierarchical.NodeTestTask.lambda$executeRecursively$8(NodeTestTask.java:146) ~[junit-platform-engine-1.11.4.jar:1.11.4]
	at org.junit.platform.engine.support.hierarchical.Node.around(Node.java:137) ~[junit-platform-engine-1.11.4.jar:1.11.4]
	at org.junit.platform.engine.support.hierarchical.NodeTestTask.lambda$executeRecursively$9(NodeTestTask.java:144) ~[junit-platform-engine-1.11.4.jar:1.11.4]
	at org.junit.platform.engine.support.hierarchical.ThrowableCollector.execute(ThrowableCollector.java:73) ~[junit-platform-engine-1.11.4.jar:1.11.4]
	at org.junit.platform.engine.support.hierarchical.NodeTestTask.executeRecursively(NodeTestTask.java:143) ~[junit-platform-engine-1.11.4.jar:1.11.4]
	at org.junit.platform.engine.support.hierarchical.NodeTestTask.execute(NodeTestTask.java:100) ~[junit-platform-engine-1.11.4.jar:1.11.4]
	at java.base/java.util.ArrayList.forEach(ArrayList.java:1596) ~[na:na]
	at org.junit.platform.engine.support.hierarchical.SameThreadHierarchicalTestExecutorService.invokeAll(SameThreadHierarchicalTestExecutorService.java:41) ~[junit-platform-engine-1.11.4.jar:1.11.4]
	at org.junit.platform.engine.support.hierarchical.NodeTestTask.lambda$executeRecursively$6(NodeTestTask.java:160) ~[junit-platform-engine-1.11.4.jar:1.11.4]
	at org.junit.platform.engine.support.hierarchical.ThrowableCollector.execute(ThrowableCollector.java:73) ~[junit-platform-engine-1.11.4.jar:1.11.4]
	at org.junit.platform.engine.support.hierarchical.NodeTestTask.lambda$executeRecursively$8(NodeTestTask.java:146) ~[junit-platform-engine-1.11.4.jar:1.11.4]
	at org.junit.platform.engine.support.hierarchical.Node.around(Node.java:137) ~[junit-platform-engine-1.11.4.jar:1.11.4]
	at org.junit.platform.engine.support.hierarchical.NodeTestTask.lambda$executeRecursively$9(NodeTestTask.java:144) ~[junit-platform-engine-1.11.4.jar:1.11.4]
	at org.junit.platform.engine.support.hierarchical.ThrowableCollector.execute(ThrowableCollector.java:73) ~[junit-platform-engine-1.11.4.jar:1.11.4]
	at org.junit.platform.engine.support.hierarchical.NodeTestTask.executeRecursively(NodeTestTask.java:143) ~[junit-platform-engine-1.11.4.jar:1.11.4]
	at org.junit.platform.engine.support.hierarchical.NodeTestTask.execute(NodeTestTask.java:100) ~[junit-platform-engine-1.11.4.jar:1.11.4]
	at org.junit.platform.engine.support.hierarchical.SameThreadHierarchicalTestExecutorService.submit(SameThreadHierarchicalTestExecutorService.java:35) ~[junit-platform-engine-1.11.4.jar:1.11.4]
	at org.junit.platform.engine.support.hierarchical.HierarchicalTestExecutor.execute(HierarchicalTestExecutor.java:57) ~[junit-platform-engine-1.11.4.jar:1.11.4]
	at org.junit.platform.engine.support.hierarchical.HierarchicalTestEngine.execute(HierarchicalTestEngine.java:54) ~[junit-platform-engine-1.11.4.jar:1.11.4]
	at org.junit.platform.launcher.core.EngineExecutionOrchestrator.execute(EngineExecutionOrchestrator.java:198) ~[junit-platform-launcher-1.11.4.jar:1.11.4]
	at org.junit.platform.launcher.core.EngineExecutionOrchestrator.execute(EngineExecutionOrchestrator.java:169) ~[junit-platform-launcher-1.11.4.jar:1.11.4]
	at org.junit.platform.launcher.core.EngineExecutionOrchestrator.execute(EngineExecutionOrchestrator.java:93) ~[junit-platform-launcher-1.11.4.jar:1.11.4]
	at org.junit.platform.launcher.core.EngineExecutionOrchestrator.lambda$execute$0(EngineExecutionOrchestrator.java:58) ~[junit-platform-launcher-1.11.4.jar:1.11.4]
	at org.junit.platform.launcher.core.EngineExecutionOrchestrator.withInterceptedStreams(EngineExecutionOrchestrator.java:141) ~[junit-platform-launcher-1.11.4.jar:1.11.4]
	at org.junit.platform.launcher.core.EngineExecutionOrchestrator.execute(EngineExecutionOrchestrator.java:57) ~[junit-platform-launcher-1.11.4.jar:1.11.4]
	at org.junit.platform.launcher.core.DefaultLauncher.execute(DefaultLauncher.java:103) ~[junit-platform-launcher-1.11.4.jar:1.11.4]
	at org.junit.platform.launcher.core.DefaultLauncher.execute(DefaultLauncher.java:85) ~[junit-platform-launcher-1.11.4.jar:1.11.4]
	at org.junit.platform.launcher.core.DelegatingLauncher.execute(DelegatingLauncher.java:47) ~[junit-platform-launcher-1.11.4.jar:1.11.4]
	at org.apache.maven.surefire.junitplatform.LauncherAdapter.executeWithoutCancellationToken(LauncherAdapter.java:60) ~[surefire-junit-platform-3.5.4.jar:3.5.4]
	at org.apache.maven.surefire.junitplatform.LauncherAdapter.execute(LauncherAdapter.java:52) ~[surefire-junit-platform-3.5.4.jar:3.5.4]
	at org.apache.maven.surefire.junitplatform.JUnitPlatformProvider.execute(JUnitPlatformProvider.java:203) ~[surefire-junit-platform-3.5.4.jar:3.5.4]
	at org.apache.maven.surefire.junitplatform.JUnitPlatformProvider.invokeAllTests(JUnitPlatformProvider.java:168) ~[surefire-junit-platform-3.5.4.jar:3.5.4]
	at org.apache.maven.surefire.junitplatform.JUnitPlatformProvider.invoke(JUnitPlatformProvider.java:136) ~[surefire-junit-platform-3.5.4.jar:3.5.4]
	at org.apache.maven.surefire.booter.ForkedBooter.runSuitesInProcess(ForkedBooter.java:385) ~[surefire-booter-3.5.4.jar:3.5.4]
	at org.apache.maven.surefire.booter.ForkedBooter.execute(ForkedBooter.java:162) ~[surefire-booter-3.5.4.jar:3.5.4]
	at org.apache.maven.surefire.booter.ForkedBooter.run(ForkedBooter.java:507) ~[surefire-booter-3.5.4.jar:3.5.4]
	at org.apache.maven.surefire.booter.ForkedBooter.main(ForkedBooter.java:495) ~[surefire-booter-3.5.4.jar:3.5.4]
Caused by: java.lang.RuntimeException: null
	at com.traceability.crypto.application.service.BlockchainAnchorSchedulerTest.shouldReconcileSubmittingTimeoutOnAmbiguousFailure(BlockchainAnchorSchedulerTest.java:126) ~[test-classes/:na]
	... 70 common frames omitted

2026-09-22T23:41:27.412-05:00  INFO 97997 --- [           main] c.t.c.a.s.BlockchainAnchorScheduler      : Priority Guard Triggered: Found stuck SUBMITTING batch batch-C with nonce 1. Retrying before claiming any PENDING.
2026-09-22T23:41:27.412-05:00  INFO 97997 --- [           main] c.t.c.a.s.BlockchainAnchorScheduler      : Batch batch-C successfully submitted to network with txHash 0xtxhash123
2026-09-22T23:41:27.415-05:00  INFO 97997 --- [           main] c.t.c.a.s.BlockchainAnchorScheduler      : Priority Guard Triggered: Found stuck SUBMITTING batch batch-D with nonce 2. Retrying before claiming any PENDING.
2026-09-22T23:41:27.415-05:00  WARN 97997 --- [           main] c.t.c.a.s.BlockchainAnchorScheduler      : Deterministic submission failure for batch batch-D: Deterministic Node Check Failed
2026-09-22T23:41:27.418-05:00  INFO 97997 --- [           main] c.t.c.a.s.BlockchainAnchorScheduler      : Claimed new PENDING batch batch-B and assigned nonce 43
2026-09-22T23:41:27.418-05:00  INFO 97997 --- [           main] c.t.c.a.s.BlockchainAnchorScheduler      : Batch batch-B successfully submitted to network with txHash null
2026-09-22T23:41:27.421-05:00  INFO 97997 --- [           main] c.t.c.a.s.BlockchainAnchorScheduler      : Priority Guard Triggered: Found stuck SUBMITTING batch batch-A with nonce 42. Retrying before claiming any PENDING.
2026-09-22T23:41:27.421-05:00  INFO 97997 --- [           main] c.t.c.a.s.BlockchainAnchorScheduler      : Batch batch-A successfully submitted to network with txHash null
[INFO] Tests run: 5, Failures: 0, Errors: 0, Skipped: 0, Time elapsed: 0.047 s -- in com.traceability.crypto.application.service.BlockchainAnchorSchedulerTest
[INFO] Running com.traceability.crypto.domain.MerkleTreeTest
[INFO] Tests run: 4, Failures: 0, Errors: 0, Skipped: 0, Time elapsed: 0.009 s -- in com.traceability.crypto.domain.MerkleTreeTest
[INFO] Running com.traceability.crypto.infrastructure.persistence.mongo.MerkleBatchMongoAdapterTest
2026-09-22T23:41:27.440-05:00  INFO 97997 --- [           main] tc.mongo:6.0                             : Creating container for image: mongo:6.0
2026-09-22T23:41:27.576-05:00  INFO 97997 --- [           main] tc.mongo:6.0                             : Container mongo:6.0 is starting: 56ab797bcc2441b5530fb8963e900cc3c223c6a8f60365add2e46876fd9c2161
2026-09-22T23:41:28.062-05:00  INFO 97997 --- [           main] tc.mongo:6.0                             : Container mongo:6.0 started in PT0.621830782S

  .   ____          _            __ _ _
 /\\ / ___'_ __ _ _(_)_ __  __ _ \ \ \ \
( ( )\___ | '_ | '_| | '_ \/ _` | \ \ \ \
 \\/  ___)| |_)| | | | | || (_| |  ) ) ) )
  '  |____| .__|_| |_|_| |_\__, | / / / /
 =========|_|==============|___/=/_/_/_/

 :: Spring Boot ::                (v3.4.4)

2026-09-22T23:41:28.858-05:00  INFO 97997 --- [           main] c.t.c.i.p.m.MerkleBatchMongoAdapterTest  : Starting MerkleBatchMongoAdapterTest using Java 21.0.12 with PID 97997 (started by carlos in /home/carlos/Proyectos/Donaciones/crypto)
2026-09-22T23:41:28.858-05:00  INFO 97997 --- [           main] c.t.c.i.p.m.MerkleBatchMongoAdapterTest  : No active profile set, falling back to 1 default profile: "default"
2026-09-22T23:41:28.898-05:00  INFO 97997 --- [           main] .s.d.r.c.RepositoryConfigurationDelegate : Bootstrapping Spring Data MongoDB repositories in DEFAULT mode.
2026-09-22T23:41:28.901-05:00  INFO 97997 --- [           main] .s.d.r.c.RepositoryConfigurationDelegate : Finished Spring Data repository scanning in 2 ms. Found 1 MongoDB repository interface.
2026-09-22T23:41:28.945-05:00  INFO 97997 --- [           main] org.mongodb.driver.client                : MongoClient with metadata {"driver": {"name": "mongo-java-driver|sync|spring-boot", "version": "5.2.1"}, "os": {"type": "Linux", "name": "Linux", "architecture": "amd64", "version": "7.2.6-1-cachyos"}, "platform": "Java/Arch Linux/21.0.12+8"} created with settings MongoClientSettings{readPreference=primary, writeConcern=WriteConcern{w=null, wTimeout=null ms, journal=null}, retryWrites=true, retryReads=true, readConcern=ReadConcern{level=null}, credential=null, transportSettings=null, commandListeners=[], codecRegistry=ProvidersCodecRegistry{codecProviders=[ValueCodecProvider{}, BsonValueCodecProvider{}, DBRefCodecProvider{}, DBObjectCodecProvider{}, DocumentCodecProvider{}, CollectionCodecProvider{}, IterableCodecProvider{}, MapCodecProvider{}, GeoJsonCodecProvider{}, GridFSFileCodecProvider{}, Jsr310CodecProvider{}, JsonObjectCodecProvider{}, BsonCodecProvider{}, EnumCodecProvider{}, com.mongodb.client.model.mql.ExpressionCodecProvider@6a12b4fb, com.mongodb.Jep395RecordCodecProvider@188f9d1c, com.mongodb.KotlinCodecProvider@451451d8]}, loggerSettings=LoggerSettings{maxDocumentLength=1000}, clusterSettings={hosts=[localhost:32876], srvServiceName=mongodb, mode=SINGLE, requiredClusterType=UNKNOWN, requiredReplicaSetName='null', serverSelector='null', clusterListeners='[]', serverSelectionTimeout='30000 ms', localThreshold='15 ms'}, socketSettings=SocketSettings{connectTimeoutMS=10000, readTimeoutMS=0, receiveBufferSize=0, proxySettings=ProxySettings{host=null, port=null, username=null, password=null}}, heartbeatSocketSettings=SocketSettings{connectTimeoutMS=10000, readTimeoutMS=10000, receiveBufferSize=0, proxySettings=ProxySettings{host=null, port=null, username=null, password=null}}, connectionPoolSettings=ConnectionPoolSettings{maxSize=100, minSize=0, maxWaitTimeMS=120000, maxConnectionLifeTimeMS=0, maxConnectionIdleTimeMS=0, maintenanceInitialDelayMS=0, maintenanceFrequencyMS=60000, connectionPoolListeners=[], maxConnecting=2}, serverSettings=ServerSettings{heartbeatFrequencyMS=10000, minHeartbeatFrequencyMS=500, serverMonitoringMode=AUTO, serverListeners='[]', serverMonitorListeners='[]'}, sslSettings=SslSettings{enabled=false, invalidHostNameAllowed=false, context=null}, applicationName='null', compressorList=[], uuidRepresentation=JAVA_LEGACY, serverApi=null, autoEncryptionSettings=null, dnsClient=null, inetAddressResolver=null, contextProvider=null, timeoutMS=null}
2026-09-22T23:41:28.946-05:00  INFO 97997 --- [localhost:32876] org.mongodb.driver.cluster               : Monitor thread successfully connected to server with description ServerDescription{address=localhost:32876, type=REPLICA_SET_PRIMARY, cryptd=false, state=CONNECTED, ok=true, minWireVersion=0, maxWireVersion=17, maxDocumentSize=16777216, logicalSessionTimeoutMinutes=30, roundTripTimeNanos=1187123, minRoundTripTimeNanos=0, setName='rs0', canonicalAddress=56ab797bcc24:27017, hosts=[56ab797bcc24:27017], passives=[], arbiters=[], primary='56ab797bcc24:27017', tagSet=TagSet{[]}, electionId=7fffffff0000000000000001, setVersion=1, topologyVersion=TopologyVersion{processId=6ab35877b34836c9bcd46245, counter=6}, lastWriteDate=Tue Sep 22 23:41:28 COT 2026, lastUpdateTimeNanos=5185792848020}
2026-09-22T23:41:28.996-05:00  INFO 97997 --- [           main] c.t.c.i.p.m.MerkleBatchMongoAdapterTest  : Started MerkleBatchMongoAdapterTest in 0.15 seconds (process running for 11.018)
2026-09-22T23:41:30.026-05:00  INFO 97997 --- [localhost:32876] org.mongodb.driver.cluster               : Exception in monitor thread while connecting to server localhost:32876

com.mongodb.MongoSocketReadException: Prematurely reached end of stream
	at com.mongodb.internal.connection.SocketStream.read(SocketStream.java:184) ~[mongodb-driver-core-5.2.1.jar:na]
	at com.mongodb.internal.connection.InternalStreamConnection.receiveResponseBuffers(InternalStreamConnection.java:829) ~[mongodb-driver-core-5.2.1.jar:na]
	at com.mongodb.internal.connection.InternalStreamConnection.receiveCommandMessageResponse(InternalStreamConnection.java:517) ~[mongodb-driver-core-5.2.1.jar:na]
	at com.mongodb.internal.connection.InternalStreamConnection.receive(InternalStreamConnection.java:469) ~[mongodb-driver-core-5.2.1.jar:na]
	at com.mongodb.internal.connection.DefaultServerMonitor$ServerMonitor.lookupServerDescription(DefaultServerMonitor.java:249) ~[mongodb-driver-core-5.2.1.jar:na]
	at com.mongodb.internal.connection.DefaultServerMonitor$ServerMonitor.run(DefaultServerMonitor.java:176) ~[mongodb-driver-core-5.2.1.jar:na]

[INFO] Tests run: 22, Failures: 0, Errors: 0, Skipped: 0, Time elapsed: 2.832 s -- in com.traceability.crypto.infrastructure.persistence.mongo.MerkleBatchMongoAdapterTest
[INFO] Running com.traceability.crypto.infrastructure.web3j.AnchorRegistryIntegrationTest
2026-09-22T23:41:30.266-05:00  INFO 97997 --- [           main] tc.trufflesuite/ganache:latest           : Creating container for image: trufflesuite/ganache:latest
2026-09-22T23:41:30.389-05:00  INFO 97997 --- [           main] tc.trufflesuite/ganache:latest           : Container trufflesuite/ganache:latest is starting: c9aee784b763285b1fe7ae735e1a5345ea07e93ec0bff0934322bf04886ba393
2026-09-22T23:41:31.157-05:00  INFO 97997 --- [           main] tc.trufflesuite/ganache:latest           : Container trufflesuite/ganache:latest started in PT0.89061259S
[INFO] Tests run: 1, Failures: 0, Errors: 0, Skipped: 0, Time elapsed: 1.184 s -- in com.traceability.crypto.infrastructure.web3j.AnchorRegistryIntegrationTest
[INFO] Running com.traceability.crypto.infrastructure.web3j.Web3jBlockchainAnchorAdapterIntegrationTest
2026-09-22T23:41:31.452-05:00  INFO 97997 --- [           main] tc.trufflesuite/ganache:latest           : Creating container for image: trufflesuite/ganache:latest
2026-09-22T23:41:31.564-05:00  INFO 97997 --- [           main] tc.trufflesuite/ganache:latest           : Container trufflesuite/ganache:latest is starting: ff92cea236494404de036e84e35491055ca5e20e2ffe3b4a52eb956def392f45
2026-09-22T23:41:32.184-05:00  INFO 97997 --- [           main] tc.trufflesuite/ganache:latest           : Container trufflesuite/ganache:latest started in PT0.731125024S
[INFO] Tests run: 1, Failures: 0, Errors: 0, Skipped: 0, Time elapsed: 0.996 s -- in com.traceability.crypto.infrastructure.web3j.Web3jBlockchainAnchorAdapterIntegrationTest
[INFO] Running com.traceability.crypto.infrastructure.web3j.Web3jBlockchainAnchorAdapterTest
[INFO] Tests run: 3, Failures: 0, Errors: 0, Skipped: 0, Time elapsed: 0.324 s -- in com.traceability.crypto.infrastructure.web3j.Web3jBlockchainAnchorAdapterTest
[INFO] 
[INFO] Results:
[INFO] 
[INFO] Tests run: 50, Failures: 0, Errors: 0, Skipped: 0
[INFO] 
[INFO] 
[INFO] ------------------------< com.traceability:app >------------------------
[INFO] Building app 1.0.0-SNAPSHOT                                        [3/3]
[INFO]   from /home/carlos/Proyectos/Donaciones/app/pom.xml
[INFO] --------------------------------[ jar ]---------------------------------
[INFO] 
[INFO] --- clean:3.2.0:clean (default-clean) @ app ---
[INFO] Deleting /home/carlos/Proyectos/Donaciones/app/target
[INFO] 
[INFO] --- resources:3.4.0:resources (default-resources) @ app ---
[WARNING] Using platform encoding (UTF-8 actually) to copy filtered resources, i.e. build is platform dependent!
[INFO] Copying 1 resource from src/main/resources to target/classes
[INFO] 
[INFO] --- compiler:3.15.0:compile (default-compile) @ app ---
[INFO] Recompiling the module because of changed dependency.
[WARNING] File encoding has not been set, using platform encoding UTF-8, i.e. build is platform dependent!
[INFO] Compiling 4 source files with javac [debug target 21] to target/classes
[INFO] 
[INFO] --- resources:3.4.0:testResources (default-testResources) @ app ---
[WARNING] Using platform encoding (UTF-8 actually) to copy filtered resources, i.e. build is platform dependent!
[INFO] Copying 3 resources from src/test/resources to target/test-classes
[INFO] 
[INFO] --- compiler:3.15.0:testCompile (default-testCompile) @ app ---
[INFO] Recompiling the module because of changed dependency.
[WARNING] File encoding has not been set, using platform encoding UTF-8, i.e. build is platform dependent!
[INFO] Compiling 6 source files with javac [debug target 21] to target/test-classes
[INFO] 
[INFO] --- surefire:3.5.4:test (default-test) @ app ---
[INFO] Using auto detected provider org.apache.maven.surefire.junitplatform.JUnitPlatformProvider
[INFO] 
[INFO] -------------------------------------------------------
[INFO]  T E S T S
[INFO] -------------------------------------------------------
[INFO] Running com.traceability.app.ApplicationContextLoadTest
23:41:33.820 [main] INFO org.springframework.test.context.support.AnnotationConfigContextLoaderUtils -- Could not detect default configuration classes for test class [com.traceability.app.ApplicationContextLoadTest]: ApplicationContextLoadTest does not declare any static, non-private, non-final, nested classes annotated with @Configuration.
23:41:33.914 [main] INFO org.springframework.boot.test.context.SpringBootTestContextBootstrapper -- Found @SpringBootConfiguration com.traceability.app.TraceabilityApplication for test class com.traceability.app.ApplicationContextLoadTest
23:41:33.997 [main] INFO org.testcontainers.images.PullPolicy -- Image pull policy will be performed by: DefaultPullPolicy()
23:41:33.999 [main] INFO org.testcontainers.utility.ImageNameSubstitutor -- Image name substitution will be performed by: DefaultImageNameSubstitutor (composite of 'ConfigurationFileImageNameSubstitutor' and 'PrefixingImageNameSubstitutor')
23:41:34.017 [main] INFO org.testcontainers.DockerClientFactory -- Testcontainers version: 1.20.6
23:41:34.112 [main] INFO org.testcontainers.dockerclient.DockerClientProviderStrategy -- Loaded org.testcontainers.dockerclient.UnixSocketClientProviderStrategy from ~/.testcontainers.properties, will try it first
23:41:34.297 [main] INFO org.testcontainers.dockerclient.DockerClientProviderStrategy -- Found Docker environment with local Unix socket (unix:///var/run/docker.sock)
23:41:34.298 [main] INFO org.testcontainers.DockerClientFactory -- Docker host IP address is localhost
23:41:34.310 [main] INFO org.testcontainers.DockerClientFactory -- Connected to docker: 
  Server Version: 29.8.1
  API Version: 1.56
  Operating System: CachyOS
  Total Memory: 15379 MB
23:41:34.347 [main] INFO tc.testcontainers/ryuk:0.11.0 -- Creating container for image: testcontainers/ryuk:0.11.0
23:41:34.351 [main] INFO org.testcontainers.utility.RegistryAuthLocator -- Failure when attempting to lookup auth config. Please ignore if you don't have images in an authenticated registry. Details: (dockerImageName: testcontainers/ryuk:0.11.0, configFile: /home/carlos/.docker/config.json, configEnv: DOCKER_AUTH_CONFIG). Falling back to docker-java default behaviour. Exception message: Status 404: No config supplied. Checked in order: /home/carlos/.docker/config.json (file not found), DOCKER_AUTH_CONFIG (not set)
23:41:34.561 [main] INFO tc.testcontainers/ryuk:0.11.0 -- Container testcontainers/ryuk:0.11.0 is starting: b2dfd32177e0c412f4c4658ca475320e7710872413dfb90e3a45ba4d7477fa82
23:41:34.824 [main] INFO tc.testcontainers/ryuk:0.11.0 -- Container testcontainers/ryuk:0.11.0 started in PT0.477308984S
23:41:34.828 [main] INFO org.testcontainers.utility.RyukResourceReaper -- Ryuk started - will monitor and terminate Testcontainers containers on JVM exit
23:41:34.828 [main] INFO org.testcontainers.DockerClientFactory -- Checking the system...
23:41:34.828 [main] INFO org.testcontainers.DockerClientFactory -- ✔︎ Docker server version should be at least 1.6.0
23:41:34.828 [main] INFO tc.mongo:6.0 -- Creating container for image: mongo:6.0
23:41:34.956 [main] INFO tc.mongo:6.0 -- Container mongo:6.0 is starting: 698cc80c3a2845b193df15f61767e03de1e77f37e1988007fd63b54a4e963b93
23:41:35.450 [main] INFO tc.mongo:6.0 -- Container mongo:6.0 started in PT0.621704656S

  .   ____          _            __ _ _
 /\\ / ___'_ __ _ _(_)_ __  __ _ \ \ \ \
( ( )\___ | '_ | '_| | '_ \/ _` | \ \ \ \
 \\/  ___)| |_)| | | | | || (_| |  ) ) ) )
  '  |____| .__|_| |_|_| |_\__, | / / / /
 =========|_|==============|___/=/_/_/_/

 :: Spring Boot ::                (v3.4.4)

2026-09-22T23:41:36.463-05:00  INFO 99899 --- [           main] c.t.app.ApplicationContextLoadTest       : Starting ApplicationContextLoadTest using Java 21.0.12 with PID 99899 (started by carlos in /home/carlos/Proyectos/Donaciones/app)
2026-09-22T23:41:36.463-05:00  INFO 99899 --- [           main] c.t.app.ApplicationContextLoadTest       : No active profile set, falling back to 1 default profile: "default"
2026-09-22T23:41:37.027-05:00  INFO 99899 --- [           main] .s.d.r.c.RepositoryConfigurationDelegate : Bootstrapping Spring Data MongoDB repositories in DEFAULT mode.
2026-09-22T23:41:37.142-05:00  INFO 99899 --- [           main] .s.d.r.c.RepositoryConfigurationDelegate : Finished Spring Data repository scanning in 106 ms. Found 11 MongoDB repository interfaces.
Mockito is currently self-attaching to enable the inline-mock-maker. This will no longer work in future releases of the JDK. Please add Mockito as an agent to your build what is described in Mockito's documentation: https://javadoc.io/doc/org.mockito/mockito-core/latest/org/mockito/Mockito.html#0.3
OpenJDK 64-Bit Server VM warning: Sharing is only supported for boot loader classes because bootstrap classpath has been appended
WARNING: A Java agent has been loaded dynamically (/home/carlos/.m2/repository/net/bytebuddy/byte-buddy-agent/1.15.11/byte-buddy-agent-1.15.11.jar)
WARNING: If a serviceability tool is in use, please run with -XX:+EnableDynamicAgentLoading to hide this warning
WARNING: If a serviceability tool is not in use, please run with -Djdk.instrument.traceUsage for more information
WARNING: Dynamic loading of agents will be disallowed by default in a future release
2026-09-22T23:41:38.587-05:00  INFO 99899 --- [           main] org.mongodb.driver.client                : MongoClient with metadata {"driver": {"name": "mongo-java-driver|sync|spring-boot", "version": "5.2.1"}, "os": {"type": "Linux", "name": "Linux", "architecture": "amd64", "version": "7.2.6-1-cachyos"}, "platform": "Java/Arch Linux/21.0.12+8"} created with settings MongoClientSettings{readPreference=primary, writeConcern=WriteConcern{w=null, wTimeout=null ms, journal=null}, retryWrites=true, retryReads=true, readConcern=ReadConcern{level=null}, credential=null, transportSettings=null, commandListeners=[], codecRegistry=ProvidersCodecRegistry{codecProviders=[ValueCodecProvider{}, BsonValueCodecProvider{}, DBRefCodecProvider{}, DBObjectCodecProvider{}, DocumentCodecProvider{}, CollectionCodecProvider{}, IterableCodecProvider{}, MapCodecProvider{}, GeoJsonCodecProvider{}, GridFSFileCodecProvider{}, Jsr310CodecProvider{}, JsonObjectCodecProvider{}, BsonCodecProvider{}, EnumCodecProvider{}, com.mongodb.client.model.mql.ExpressionCodecProvider@56820446, com.mongodb.Jep395RecordCodecProvider@2259d54f, com.mongodb.KotlinCodecProvider@1b82f62a]}, loggerSettings=LoggerSettings{maxDocumentLength=1000}, clusterSettings={hosts=[localhost:32880], srvServiceName=mongodb, mode=SINGLE, requiredClusterType=UNKNOWN, requiredReplicaSetName='null', serverSelector='null', clusterListeners='[]', serverSelectionTimeout='30000 ms', localThreshold='15 ms'}, socketSettings=SocketSettings{connectTimeoutMS=10000, readTimeoutMS=0, receiveBufferSize=0, proxySettings=ProxySettings{host=null, port=null, username=null, password=null}}, heartbeatSocketSettings=SocketSettings{connectTimeoutMS=10000, readTimeoutMS=10000, receiveBufferSize=0, proxySettings=ProxySettings{host=null, port=null, username=null, password=null}}, connectionPoolSettings=ConnectionPoolSettings{maxSize=100, minSize=0, maxWaitTimeMS=120000, maxConnectionLifeTimeMS=0, maxConnectionIdleTimeMS=0, maintenanceInitialDelayMS=0, maintenanceFrequencyMS=60000, connectionPoolListeners=[], maxConnecting=2}, serverSettings=ServerSettings{heartbeatFrequencyMS=10000, minHeartbeatFrequencyMS=500, serverMonitoringMode=AUTO, serverListeners='[]', serverMonitorListeners='[]'}, sslSettings=SslSettings{enabled=false, invalidHostNameAllowed=false, context=null}, applicationName='null', compressorList=[], uuidRepresentation=JAVA_LEGACY, serverApi=null, autoEncryptionSettings=null, dnsClient=null, inetAddressResolver=null, contextProvider=null, timeoutMS=null}
2026-09-22T23:41:38.603-05:00  INFO 99899 --- [localhost:32880] org.mongodb.driver.cluster               : Monitor thread successfully connected to server with description ServerDescription{address=localhost:32880, type=REPLICA_SET_PRIMARY, cryptd=false, state=CONNECTED, ok=true, minWireVersion=0, maxWireVersion=17, maxDocumentSize=16777216, logicalSessionTimeoutMinutes=30, roundTripTimeNanos=19607798, minRoundTripTimeNanos=0, setName='rs0', canonicalAddress=698cc80c3a28:27017, hosts=[698cc80c3a28:27017], passives=[], arbiters=[], primary='698cc80c3a28:27017', tagSet=TagSet{[]}, electionId=7fffffff0000000000000001, setVersion=1, topologyVersion=TopologyVersion{processId=6ab3587f4a5aef0be76b55e5, counter=6}, lastWriteDate=Tue Sep 22 23:41:36 COT 2026, lastUpdateTimeNanos=5195447436772}
2026-09-22T23:41:40.682-05:00  INFO 99899 --- [           main] c.t.app.ApplicationContextLoadTest       : Started ApplicationContextLoadTest in 4.41 seconds (process running for 7.347)
2026-09-22T23:41:40.683-05:00  INFO 99899 --- [   scheduling-1] c.t.a.s.BlockchainAnchorProducer         : Starting MerkleBatch production cycle...
2026-09-22T23:41:40.978-05:00  INFO 99899 --- [localhost:32880] org.mongodb.driver.cluster               : Exception in monitor thread while connecting to server localhost:32880

com.mongodb.MongoSocketReadException: Prematurely reached end of stream
	at com.mongodb.internal.connection.SocketStream.read(SocketStream.java:184) ~[mongodb-driver-core-5.2.1.jar:na]
	at com.mongodb.internal.connection.InternalStreamConnection.receiveResponseBuffers(InternalStreamConnection.java:829) ~[mongodb-driver-core-5.2.1.jar:na]
	at com.mongodb.internal.connection.InternalStreamConnection.receiveCommandMessageResponse(InternalStreamConnection.java:517) ~[mongodb-driver-core-5.2.1.jar:na]
	at com.mongodb.internal.connection.InternalStreamConnection.receive(InternalStreamConnection.java:469) ~[mongodb-driver-core-5.2.1.jar:na]
	at com.mongodb.internal.connection.DefaultServerMonitor$ServerMonitor.lookupServerDescription(DefaultServerMonitor.java:249) ~[mongodb-driver-core-5.2.1.jar:na]
	at com.mongodb.internal.connection.DefaultServerMonitor$ServerMonitor.run(DefaultServerMonitor.java:176) ~[mongodb-driver-core-5.2.1.jar:na]

2026-09-22T23:41:40.981-05:00  INFO 99899 --- [cTaskExecutor-1] org.mongodb.driver.cluster               : Waiting for server to become available for operation with ID 28. Remaining time: 29998 ms. Selector: ReadPreferenceServerSelector{readPreference=primary}, topology description: {type=UNKNOWN, servers=[{address=localhost:32880, type=UNKNOWN, state=CONNECTING, exception={com.mongodb.MongoSocketReadException: Prematurely reached end of stream}}].
2026-09-22T23:41:40.981-05:00  INFO 99899 --- [localhost:32880] org.mongodb.driver.cluster               : Exception in monitor thread while connecting to server localhost:32880

com.mongodb.MongoSocketReadException: Exception receiving message
	at com.mongodb.internal.connection.InternalStreamConnection.translateReadException(InternalStreamConnection.java:814) ~[mongodb-driver-core-5.2.1.jar:na]
	at com.mongodb.internal.connection.InternalStreamConnection.receiveResponseBuffers(InternalStreamConnection.java:862) ~[mongodb-driver-core-5.2.1.jar:na]
	at com.mongodb.internal.connection.InternalStreamConnection.receiveCommandMessageResponse(InternalStreamConnection.java:517) ~[mongodb-driver-core-5.2.1.jar:na]
	at com.mongodb.internal.connection.InternalStreamConnection.sendAndReceiveInternal(InternalStreamConnection.java:448) ~[mongodb-driver-core-5.2.1.jar:na]
	at com.mongodb.internal.connection.InternalStreamConnection.lambda$sendAndReceive$0(InternalStreamConnection.java:375) ~[mongodb-driver-core-5.2.1.jar:na]
	at com.mongodb.internal.connection.InternalStreamConnection.sendAndReceive(InternalStreamConnection.java:378) ~[mongodb-driver-core-5.2.1.jar:na]
	at com.mongodb.internal.connection.CommandHelper.sendAndReceive(CommandHelper.java:100) ~[mongodb-driver-core-5.2.1.jar:na]
	at com.mongodb.internal.connection.CommandHelper.executeCommand(CommandHelper.java:49) ~[mongodb-driver-core-5.2.1.jar:na]
	at com.mongodb.internal.connection.InternalStreamConnectionInitializer.initializeConnectionDescription(InternalStreamConnectionInitializer.java:144) ~[mongodb-driver-core-5.2.1.jar:na]
	at com.mongodb.internal.connection.InternalStreamConnectionInitializer.startHandshake(InternalStreamConnectionInitializer.java:79) ~[mongodb-driver-core-5.2.1.jar:na]
	at com.mongodb.internal.connection.InternalStreamConnection.open(InternalStreamConnection.java:235) ~[mongodb-driver-core-5.2.1.jar:na]
	at com.mongodb.internal.connection.DefaultServerMonitor$ServerMonitor.lookupServerDescription(DefaultServerMonitor.java:219) ~[mongodb-driver-core-5.2.1.jar:na]
	at com.mongodb.internal.connection.DefaultServerMonitor$ServerMonitor.run(DefaultServerMonitor.java:176) ~[mongodb-driver-core-5.2.1.jar:na]
Caused by: java.net.SocketException: Connection reset
	at java.base/sun.nio.ch.NioSocketImpl.implRead(NioSocketImpl.java:318) ~[na:na]
	at java.base/sun.nio.ch.NioSocketImpl.read(NioSocketImpl.java:346) ~[na:na]
	at java.base/sun.nio.ch.NioSocketImpl$1.read(NioSocketImpl.java:796) ~[na:na]
	at java.base/java.net.Socket$SocketInputStream.read(Socket.java:1099) ~[na:na]
	at com.mongodb.internal.connection.SocketStream.read(SocketStream.java:182) ~[mongodb-driver-core-5.2.1.jar:na]
	at com.mongodb.internal.connection.InternalStreamConnection.receiveResponseBuffers(InternalStreamConnection.java:829) ~[mongodb-driver-core-5.2.1.jar:na]
	... 11 common frames omitted

[INFO] Tests run: 1, Failures: 0, Errors: 0, Skipped: 0, Time elapsed: 7.489 s -- in com.traceability.app.ApplicationContextLoadTest
[INFO] Running com.traceability.app.AuditThresholdPropertiesTest
2026-09-22T23:41:41.221-05:00  INFO 99899 --- [           main] t.c.s.AnnotationConfigContextLoaderUtils : Could not detect default configuration classes for test class [com.traceability.app.AuditThresholdPropertiesTest]: AuditThresholdPropertiesTest does not declare any static, non-private, non-final, nested classes annotated with @Configuration.
2026-09-22T23:41:41.226-05:00  INFO 99899 --- [           main] .b.t.c.SpringBootTestContextBootstrapper : Found @SpringBootConfiguration com.traceability.app.TraceabilityApplication for test class com.traceability.app.AuditThresholdPropertiesTest
2026-09-22T23:41:41.228-05:00  INFO 99899 --- [           main] tc.mongo:6.0                             : Creating container for image: mongo:6.0
2026-09-22T23:41:41.249-05:00  INFO 99899 --- [   scheduling-1] org.mongodb.driver.cluster               : Waiting for server to become available for operation with ID 30. Remaining time: 29999 ms. Selector: ReadPreferenceServerSelector{readPreference=primary}, topology description: {type=UNKNOWN, servers=[{address=localhost:32880, type=UNKNOWN, state=CONNECTING, exception={com.mongodb.MongoSocketReadException: Exception receiving message}, caused by {java.net.SocketException: Connection reset}}].
2026-09-22T23:41:41.363-05:00  INFO 99899 --- [           main] tc.mongo:6.0                             : Container mongo:6.0 is starting: 238ebabb657d0f8e658982d852c65fb0efd316c989aa15fa19b3056200f4a86c
2026-09-22T23:41:41.483-05:00  INFO 99899 --- [localhost:32880] org.mongodb.driver.cluster               : Exception in monitor thread while connecting to server localhost:32880

com.mongodb.MongoSocketOpenException: Exception opening socket
	at com.mongodb.internal.connection.SocketStream.lambda$open$0(SocketStream.java:85) ~[mongodb-driver-core-5.2.1.jar:na]
	at java.base/java.util.Optional.orElseThrow(Optional.java:403) ~[na:na]
	at com.mongodb.internal.connection.SocketStream.open(SocketStream.java:85) ~[mongodb-driver-core-5.2.1.jar:na]
	at com.mongodb.internal.connection.InternalStreamConnection.open(InternalStreamConnection.java:233) ~[mongodb-driver-core-5.2.1.jar:na]
	at com.mongodb.internal.connection.DefaultServerMonitor$ServerMonitor.lookupServerDescription(DefaultServerMonitor.java:219) ~[mongodb-driver-core-5.2.1.jar:na]
	at com.mongodb.internal.connection.DefaultServerMonitor$ServerMonitor.run(DefaultServerMonitor.java:176) ~[mongodb-driver-core-5.2.1.jar:na]
Caused by: java.net.ConnectException: Conexión rehusada
	at java.base/sun.nio.ch.Net.pollConnect(Native Method) ~[na:na]
	at java.base/sun.nio.ch.Net.pollConnectNow(Net.java:694) ~[na:na]
	at java.base/sun.nio.ch.NioSocketImpl.timedFinishConnect(NioSocketImpl.java:542) ~[na:na]
	at java.base/sun.nio.ch.NioSocketImpl.connect(NioSocketImpl.java:592) ~[na:na]
	at java.base/java.net.SocksSocketImpl.connect(SocksSocketImpl.java:327) ~[na:na]
	at java.base/java.net.Socket.connect(Socket.java:751) ~[na:na]
	at com.mongodb.internal.connection.SocketStreamHelper.initialize(SocketStreamHelper.java:76) ~[mongodb-driver-core-5.2.1.jar:na]
	at com.mongodb.internal.connection.SocketStream.initializeSocket(SocketStream.java:104) ~[mongodb-driver-core-5.2.1.jar:na]
	at com.mongodb.internal.connection.SocketStream.open(SocketStream.java:79) ~[mongodb-driver-core-5.2.1.jar:na]
	... 3 common frames omitted

2026-09-22T23:41:41.853-05:00  INFO 99899 --- [           main] tc.mongo:6.0                             : Container mongo:6.0 started in PT0.624986918S

  .   ____          _            __ _ _
 /\\ / ___'_ __ _ _(_)_ __  __ _ \ \ \ \
( ( )\___ | '_ | '_| | '_ \/ _` | \ \ \ \
 \\/  ___)| |_)| | | | | || (_| |  ) ) ) )
  '  |____| .__|_| |_|_| |_\__, | / / / /
 =========|_|==============|___/=/_/_/_/

 :: Spring Boot ::                (v3.4.4)

2026-09-22T23:41:42.653-05:00  INFO 99899 --- [           main] c.t.app.AuditThresholdPropertiesTest     : Starting AuditThresholdPropertiesTest using Java 21.0.12 with PID 99899 (started by carlos in /home/carlos/Proyectos/Donaciones/app)
2026-09-22T23:41:42.654-05:00  INFO 99899 --- [           main] c.t.app.AuditThresholdPropertiesTest     : No active profile set, falling back to 1 default profile: "default"
2026-09-22T23:41:42.827-05:00  INFO 99899 --- [           main] .s.d.r.c.RepositoryConfigurationDelegate : Bootstrapping Spring Data MongoDB repositories in DEFAULT mode.
2026-09-22T23:41:42.851-05:00  INFO 99899 --- [           main] .s.d.r.c.RepositoryConfigurationDelegate : Finished Spring Data repository scanning in 23 ms. Found 11 MongoDB repository interfaces.
2026-09-22T23:41:42.999-05:00  INFO 99899 --- [           main] org.mongodb.driver.client                : MongoClient with metadata {"driver": {"name": "mongo-java-driver|sync|spring-boot", "version": "5.2.1"}, "os": {"type": "Linux", "name": "Linux", "architecture": "amd64", "version": "7.2.6-1-cachyos"}, "platform": "Java/Arch Linux/21.0.12+8"} created with settings MongoClientSettings{readPreference=primary, writeConcern=WriteConcern{w=null, wTimeout=null ms, journal=null}, retryWrites=true, retryReads=true, readConcern=ReadConcern{level=null}, credential=null, transportSettings=null, commandListeners=[], codecRegistry=ProvidersCodecRegistry{codecProviders=[ValueCodecProvider{}, BsonValueCodecProvider{}, DBRefCodecProvider{}, DBObjectCodecProvider{}, DocumentCodecProvider{}, CollectionCodecProvider{}, IterableCodecProvider{}, MapCodecProvider{}, GeoJsonCodecProvider{}, GridFSFileCodecProvider{}, Jsr310CodecProvider{}, JsonObjectCodecProvider{}, BsonCodecProvider{}, EnumCodecProvider{}, com.mongodb.client.model.mql.ExpressionCodecProvider@56820446, com.mongodb.Jep395RecordCodecProvider@2259d54f, com.mongodb.KotlinCodecProvider@1b82f62a]}, loggerSettings=LoggerSettings{maxDocumentLength=1000}, clusterSettings={hosts=[localhost:32881], srvServiceName=mongodb, mode=SINGLE, requiredClusterType=UNKNOWN, requiredReplicaSetName='null', serverSelector='null', clusterListeners='[]', serverSelectionTimeout='30000 ms', localThreshold='15 ms'}, socketSettings=SocketSettings{connectTimeoutMS=10000, readTimeoutMS=0, receiveBufferSize=0, proxySettings=ProxySettings{host=null, port=null, username=null, password=null}}, heartbeatSocketSettings=SocketSettings{connectTimeoutMS=10000, readTimeoutMS=10000, receiveBufferSize=0, proxySettings=ProxySettings{host=null, port=null, username=null, password=null}}, connectionPoolSettings=ConnectionPoolSettings{maxSize=100, minSize=0, maxWaitTimeMS=120000, maxConnectionLifeTimeMS=0, maxConnectionIdleTimeMS=0, maintenanceInitialDelayMS=0, maintenanceFrequencyMS=60000, connectionPoolListeners=[], maxConnecting=2}, serverSettings=ServerSettings{heartbeatFrequencyMS=10000, minHeartbeatFrequencyMS=500, serverMonitoringMode=AUTO, serverListeners='[]', serverMonitorListeners='[]'}, sslSettings=SslSettings{enabled=false, invalidHostNameAllowed=false, context=null}, applicationName='null', compressorList=[], uuidRepresentation=JAVA_LEGACY, serverApi=null, autoEncryptionSettings=null, dnsClient=null, inetAddressResolver=null, contextProvider=null, timeoutMS=null}
2026-09-22T23:41:43.004-05:00  INFO 99899 --- [localhost:32881] org.mongodb.driver.cluster               : Monitor thread successfully connected to server with description ServerDescription{address=localhost:32881, type=REPLICA_SET_PRIMARY, cryptd=false, state=CONNECTED, ok=true, minWireVersion=0, maxWireVersion=17, maxDocumentSize=16777216, logicalSessionTimeoutMinutes=30, roundTripTimeNanos=4168158, minRoundTripTimeNanos=0, setName='rs0', canonicalAddress=238ebabb657d:27017, hosts=[238ebabb657d:27017], passives=[], arbiters=[], primary='238ebabb657d:27017', tagSet=TagSet{[]}, electionId=7fffffff0000000000000001, setVersion=1, topologyVersion=TopologyVersion{processId=6ab358858348cb3b7474c430, counter=6}, lastWriteDate=Tue Sep 22 23:41:42 COT 2026, lastUpdateTimeNanos=5199850662614}
2026-09-22T23:41:43.300-05:00  INFO 99899 --- [   scheduling-1] c.t.a.s.BlockchainAnchorProducer         : Starting MerkleBatch production cycle...
2026-09-22T23:41:43.300-05:00  INFO 99899 --- [           main] c.t.app.AuditThresholdPropertiesTest     : Started AuditThresholdPropertiesTest in 0.665 seconds (process running for 9.965)
2026-09-22T23:41:43.336-05:00  INFO 99899 --- [localhost:32881] org.mongodb.driver.cluster               : Exception in monitor thread while connecting to server localhost:32881

com.mongodb.MongoSocketReadException: Prematurely reached end of stream
	at com.mongodb.internal.connection.SocketStream.read(SocketStream.java:184) ~[mongodb-driver-core-5.2.1.jar:na]
	at com.mongodb.internal.connection.InternalStreamConnection.receiveResponseBuffers(InternalStreamConnection.java:829) ~[mongodb-driver-core-5.2.1.jar:na]
	at com.mongodb.internal.connection.InternalStreamConnection.receiveCommandMessageResponse(InternalStreamConnection.java:517) ~[mongodb-driver-core-5.2.1.jar:na]
	at com.mongodb.internal.connection.InternalStreamConnection.receive(InternalStreamConnection.java:469) ~[mongodb-driver-core-5.2.1.jar:na]
	at com.mongodb.internal.connection.DefaultServerMonitor$ServerMonitor.lookupServerDescription(DefaultServerMonitor.java:249) ~[mongodb-driver-core-5.2.1.jar:na]
	at com.mongodb.internal.connection.DefaultServerMonitor$ServerMonitor.run(DefaultServerMonitor.java:176) ~[mongodb-driver-core-5.2.1.jar:na]

2026-09-22T23:41:43.338-05:00  INFO 99899 --- [   scheduling-1] org.mongodb.driver.cluster               : Waiting for server to become available for operation with ID 49. Remaining time: 29998 ms. Selector: WritableServerSelector, topology description: {type=UNKNOWN, servers=[{address=localhost:32881, type=UNKNOWN, state=CONNECTING, exception={com.mongodb.MongoSocketReadException: Prematurely reached end of stream}}].
2026-09-22T23:41:43.337-05:00  INFO 99899 --- [localhost:32881] org.mongodb.driver.cluster               : Exception in monitor thread while connecting to server localhost:32881

com.mongodb.MongoSocketReadException: Exception receiving message
	at com.mongodb.internal.connection.InternalStreamConnection.translateReadException(InternalStreamConnection.java:814) ~[mongodb-driver-core-5.2.1.jar:na]
	at com.mongodb.internal.connection.InternalStreamConnection.receiveResponseBuffers(InternalStreamConnection.java:862) ~[mongodb-driver-core-5.2.1.jar:na]
	at com.mongodb.internal.connection.InternalStreamConnection.receiveCommandMessageResponse(InternalStreamConnection.java:517) ~[mongodb-driver-core-5.2.1.jar:na]
	at com.mongodb.internal.connection.InternalStreamConnection.sendAndReceiveInternal(InternalStreamConnection.java:448) ~[mongodb-driver-core-5.2.1.jar:na]
	at com.mongodb.internal.connection.InternalStreamConnection.lambda$sendAndReceive$0(InternalStreamConnection.java:375) ~[mongodb-driver-core-5.2.1.jar:na]
	at com.mongodb.internal.connection.InternalStreamConnection.sendAndReceive(InternalStreamConnection.java:378) ~[mongodb-driver-core-5.2.1.jar:na]
	at com.mongodb.internal.connection.CommandHelper.sendAndReceive(CommandHelper.java:100) ~[mongodb-driver-core-5.2.1.jar:na]
	at com.mongodb.internal.connection.CommandHelper.executeCommand(CommandHelper.java:49) ~[mongodb-driver-core-5.2.1.jar:na]
	at com.mongodb.internal.connection.InternalStreamConnectionInitializer.initializeConnectionDescription(InternalStreamConnectionInitializer.java:144) ~[mongodb-driver-core-5.2.1.jar:na]
	at com.mongodb.internal.connection.InternalStreamConnectionInitializer.startHandshake(InternalStreamConnectionInitializer.java:79) ~[mongodb-driver-core-5.2.1.jar:na]
	at com.mongodb.internal.connection.InternalStreamConnection.open(InternalStreamConnection.java:235) ~[mongodb-driver-core-5.2.1.jar:na]
	at com.mongodb.internal.connection.DefaultServerMonitor$ServerMonitor.lookupServerDescription(DefaultServerMonitor.java:219) ~[mongodb-driver-core-5.2.1.jar:na]
	at com.mongodb.internal.connection.DefaultServerMonitor$ServerMonitor.run(DefaultServerMonitor.java:176) ~[mongodb-driver-core-5.2.1.jar:na]
Caused by: java.net.SocketException: Connection reset
	at java.base/sun.nio.ch.NioSocketImpl.implRead(NioSocketImpl.java:318) ~[na:na]
	at java.base/sun.nio.ch.NioSocketImpl.read(NioSocketImpl.java:346) ~[na:na]
	at java.base/sun.nio.ch.NioSocketImpl$1.read(NioSocketImpl.java:796) ~[na:na]
	at java.base/java.net.Socket$SocketInputStream.read(Socket.java:1099) ~[na:na]
	at com.mongodb.internal.connection.SocketStream.read(SocketStream.java:182) ~[mongodb-driver-core-5.2.1.jar:na]
	at com.mongodb.internal.connection.InternalStreamConnection.receiveResponseBuffers(InternalStreamConnection.java:829) ~[mongodb-driver-core-5.2.1.jar:na]
	... 11 common frames omitted

2026-09-22T23:41:43.338-05:00  INFO 99899 --- [cTaskExecutor-1] org.mongodb.driver.cluster               : Waiting for server to become available for operation with ID 40. Remaining time: 29999 ms. Selector: ReadPreferenceServerSelector{readPreference=primary}, topology description: {type=UNKNOWN, servers=[{address=localhost:32881, type=UNKNOWN, state=CONNECTING, exception={com.mongodb.MongoSocketReadException: Exception receiving message}, caused by {java.net.SocketException: Connection reset}}].
[INFO] Tests run: 1, Failures: 0, Errors: 0, Skipped: 0, Time elapsed: 2.361 s -- in com.traceability.app.AuditThresholdPropertiesTest
[INFO] Running com.traceability.app.application.service.IntegrityVerificationUseCaseIntegrationTest
2026-09-22T23:41:43.589-05:00  INFO 99899 --- [           main] tc.mongo:6.0                             : Creating container for image: mongo:6.0
2026-09-22T23:41:43.714-05:00  INFO 99899 --- [           main] tc.mongo:6.0                             : Container mongo:6.0 is starting: 3580440068b2c6917635bb66f5022c023a6d77fcd32fd2ae5d6373eaffccbaa1
2026-09-22T23:41:43.838-05:00  INFO 99899 --- [localhost:32881] org.mongodb.driver.cluster               : Exception in monitor thread while connecting to server localhost:32881

com.mongodb.MongoSocketOpenException: Exception opening socket
	at com.mongodb.internal.connection.SocketStream.lambda$open$0(SocketStream.java:85) ~[mongodb-driver-core-5.2.1.jar:na]
	at java.base/java.util.Optional.orElseThrow(Optional.java:403) ~[na:na]
	at com.mongodb.internal.connection.SocketStream.open(SocketStream.java:85) ~[mongodb-driver-core-5.2.1.jar:na]
	at com.mongodb.internal.connection.InternalStreamConnection.open(InternalStreamConnection.java:233) ~[mongodb-driver-core-5.2.1.jar:na]
	at com.mongodb.internal.connection.DefaultServerMonitor$ServerMonitor.lookupServerDescription(DefaultServerMonitor.java:219) ~[mongodb-driver-core-5.2.1.jar:na]
	at com.mongodb.internal.connection.DefaultServerMonitor$ServerMonitor.run(DefaultServerMonitor.java:176) ~[mongodb-driver-core-5.2.1.jar:na]
Caused by: java.net.ConnectException: Conexión rehusada
	at java.base/sun.nio.ch.Net.pollConnect(Native Method) ~[na:na]
	at java.base/sun.nio.ch.Net.pollConnectNow(Net.java:694) ~[na:na]
	at java.base/sun.nio.ch.NioSocketImpl.timedFinishConnect(NioSocketImpl.java:542) ~[na:na]
	at java.base/sun.nio.ch.NioSocketImpl.connect(NioSocketImpl.java:592) ~[na:na]
	at java.base/java.net.SocksSocketImpl.connect(SocksSocketImpl.java:327) ~[na:na]
	at java.base/java.net.Socket.connect(Socket.java:751) ~[na:na]
	at com.mongodb.internal.connection.SocketStreamHelper.initialize(SocketStreamHelper.java:76) ~[mongodb-driver-core-5.2.1.jar:na]
	at com.mongodb.internal.connection.SocketStream.initializeSocket(SocketStream.java:104) ~[mongodb-driver-core-5.2.1.jar:na]
	at com.mongodb.internal.connection.SocketStream.open(SocketStream.java:79) ~[mongodb-driver-core-5.2.1.jar:na]
	... 3 common frames omitted

2026-09-22T23:41:44.210-05:00  INFO 99899 --- [           main] tc.mongo:6.0                             : Container mongo:6.0 started in PT0.620652546S

  .   ____          _            __ _ _
 /\\ / ___'_ __ _ _(_)_ __  __ _ \ \ \ \
( ( )\___ | '_ | '_| | '_ \/ _` | \ \ \ \
 \\/  ___)| |_)| | | | | || (_| |  ) ) ) )
  '  |____| .__|_| |_|_| |_\__, | / / / /
 =========|_|==============|___/=/_/_/_/

 :: Spring Boot ::                (v3.4.4)

2026-09-22T23:41:45.014-05:00  INFO 99899 --- [           main] egrityVerificationUseCaseIntegrationTest : Starting IntegrityVerificationUseCaseIntegrationTest using Java 21.0.12 with PID 99899 (started by carlos in /home/carlos/Proyectos/Donaciones/app)
2026-09-22T23:41:45.014-05:00  INFO 99899 --- [           main] egrityVerificationUseCaseIntegrationTest : No active profile set, falling back to 1 default profile: "default"
2026-09-22T23:41:45.071-05:00  INFO 99899 --- [           main] .s.d.r.c.RepositoryConfigurationDelegate : Bootstrapping Spring Data MongoDB repositories in DEFAULT mode.
2026-09-22T23:41:45.074-05:00  INFO 99899 --- [           main] .s.d.r.c.RepositoryConfigurationDelegate : Finished Spring Data repository scanning in 2 ms. Found 1 MongoDB repository interface.
2026-09-22T23:41:45.127-05:00  INFO 99899 --- [           main] org.mongodb.driver.client                : MongoClient with metadata {"driver": {"name": "mongo-java-driver|sync|spring-boot", "version": "5.2.1"}, "os": {"type": "Linux", "name": "Linux", "architecture": "amd64", "version": "7.2.6-1-cachyos"}, "platform": "Java/Arch Linux/21.0.12+8"} created with settings MongoClientSettings{readPreference=primary, writeConcern=WriteConcern{w=null, wTimeout=null ms, journal=null}, retryWrites=true, retryReads=true, readConcern=ReadConcern{level=null}, credential=null, transportSettings=null, commandListeners=[], codecRegistry=ProvidersCodecRegistry{codecProviders=[ValueCodecProvider{}, BsonValueCodecProvider{}, DBRefCodecProvider{}, DBObjectCodecProvider{}, DocumentCodecProvider{}, CollectionCodecProvider{}, IterableCodecProvider{}, MapCodecProvider{}, GeoJsonCodecProvider{}, GridFSFileCodecProvider{}, Jsr310CodecProvider{}, JsonObjectCodecProvider{}, BsonCodecProvider{}, EnumCodecProvider{}, com.mongodb.client.model.mql.ExpressionCodecProvider@56820446, com.mongodb.Jep395RecordCodecProvider@2259d54f, com.mongodb.KotlinCodecProvider@1b82f62a]}, loggerSettings=LoggerSettings{maxDocumentLength=1000}, clusterSettings={hosts=[localhost:32882], srvServiceName=mongodb, mode=SINGLE, requiredClusterType=UNKNOWN, requiredReplicaSetName='null', serverSelector='null', clusterListeners='[]', serverSelectionTimeout='30000 ms', localThreshold='15 ms'}, socketSettings=SocketSettings{connectTimeoutMS=10000, readTimeoutMS=0, receiveBufferSize=0, proxySettings=ProxySettings{host=null, port=null, username=null, password=null}}, heartbeatSocketSettings=SocketSettings{connectTimeoutMS=10000, readTimeoutMS=10000, receiveBufferSize=0, proxySettings=ProxySettings{host=null, port=null, username=null, password=null}}, connectionPoolSettings=ConnectionPoolSettings{maxSize=100, minSize=0, maxWaitTimeMS=120000, maxConnectionLifeTimeMS=0, maxConnectionIdleTimeMS=0, maintenanceInitialDelayMS=0, maintenanceFrequencyMS=60000, connectionPoolListeners=[], maxConnecting=2}, serverSettings=ServerSettings{heartbeatFrequencyMS=10000, minHeartbeatFrequencyMS=500, serverMonitoringMode=AUTO, serverListeners='[]', serverMonitorListeners='[]'}, sslSettings=SslSettings{enabled=false, invalidHostNameAllowed=false, context=null}, applicationName='null', compressorList=[], uuidRepresentation=JAVA_LEGACY, serverApi=null, autoEncryptionSettings=null, dnsClient=null, inetAddressResolver=null, contextProvider=null, timeoutMS=null}
2026-09-22T23:41:45.128-05:00  INFO 99899 --- [localhost:32882] org.mongodb.driver.cluster               : Monitor thread successfully connected to server with description ServerDescription{address=localhost:32882, type=REPLICA_SET_PRIMARY, cryptd=false, state=CONNECTED, ok=true, minWireVersion=0, maxWireVersion=17, maxDocumentSize=16777216, logicalSessionTimeoutMinutes=30, roundTripTimeNanos=1035655, minRoundTripTimeNanos=0, setName='rs0', canonicalAddress=3580440068b2:27017, hosts=[3580440068b2:27017], passives=[], arbiters=[], primary='3580440068b2:27017', tagSet=TagSet{[]}, electionId=7fffffff0000000000000001, setVersion=1, topologyVersion=TopologyVersion{processId=6ab35887e0d6090c6cbb6fe0, counter=6}, lastWriteDate=Tue Sep 22 23:41:44 COT 2026, lastUpdateTimeNanos=5201975542158}
2026-09-22T23:41:45.217-05:00  INFO 99899 --- [           main] egrityVerificationUseCaseIntegrationTest : Started IntegrityVerificationUseCaseIntegrationTest in 0.214 seconds (process running for 11.882)
2026-09-22T23:41:45.361-05:00  INFO 99899 --- [localhost:32882] org.mongodb.driver.cluster               : Exception in monitor thread while connecting to server localhost:32882

com.mongodb.MongoSocketReadException: Prematurely reached end of stream
	at com.mongodb.internal.connection.SocketStream.read(SocketStream.java:184) ~[mongodb-driver-core-5.2.1.jar:na]
	at com.mongodb.internal.connection.InternalStreamConnection.receiveResponseBuffers(InternalStreamConnection.java:829) ~[mongodb-driver-core-5.2.1.jar:na]
	at com.mongodb.internal.connection.InternalStreamConnection.receiveCommandMessageResponse(InternalStreamConnection.java:517) ~[mongodb-driver-core-5.2.1.jar:na]
	at com.mongodb.internal.connection.InternalStreamConnection.receive(InternalStreamConnection.java:469) ~[mongodb-driver-core-5.2.1.jar:na]
	at com.mongodb.internal.connection.DefaultServerMonitor$ServerMonitor.lookupServerDescription(DefaultServerMonitor.java:249) ~[mongodb-driver-core-5.2.1.jar:na]
	at com.mongodb.internal.connection.DefaultServerMonitor$ServerMonitor.run(DefaultServerMonitor.java:176) ~[mongodb-driver-core-5.2.1.jar:na]

2026-09-22T23:41:45.363-05:00  INFO 99899 --- [localhost:32882] org.mongodb.driver.cluster               : Exception in monitor thread while connecting to server localhost:32882

com.mongodb.MongoSocketReadException: Exception receiving message
	at com.mongodb.internal.connection.InternalStreamConnection.translateReadException(InternalStreamConnection.java:814) ~[mongodb-driver-core-5.2.1.jar:na]
	at com.mongodb.internal.connection.InternalStreamConnection.receiveResponseBuffers(InternalStreamConnection.java:862) ~[mongodb-driver-core-5.2.1.jar:na]
	at com.mongodb.internal.connection.InternalStreamConnection.receiveCommandMessageResponse(InternalStreamConnection.java:517) ~[mongodb-driver-core-5.2.1.jar:na]
	at com.mongodb.internal.connection.InternalStreamConnection.sendAndReceiveInternal(InternalStreamConnection.java:448) ~[mongodb-driver-core-5.2.1.jar:na]
	at com.mongodb.internal.connection.InternalStreamConnection.lambda$sendAndReceive$0(InternalStreamConnection.java:375) ~[mongodb-driver-core-5.2.1.jar:na]
	at com.mongodb.internal.connection.InternalStreamConnection.sendAndReceive(InternalStreamConnection.java:378) ~[mongodb-driver-core-5.2.1.jar:na]
	at com.mongodb.internal.connection.CommandHelper.sendAndReceive(CommandHelper.java:100) ~[mongodb-driver-core-5.2.1.jar:na]
	at com.mongodb.internal.connection.CommandHelper.executeCommand(CommandHelper.java:49) ~[mongodb-driver-core-5.2.1.jar:na]
	at com.mongodb.internal.connection.InternalStreamConnectionInitializer.initializeConnectionDescription(InternalStreamConnectionInitializer.java:144) ~[mongodb-driver-core-5.2.1.jar:na]
	at com.mongodb.internal.connection.InternalStreamConnectionInitializer.startHandshake(InternalStreamConnectionInitializer.java:79) ~[mongodb-driver-core-5.2.1.jar:na]
	at com.mongodb.internal.connection.InternalStreamConnection.open(InternalStreamConnection.java:235) ~[mongodb-driver-core-5.2.1.jar:na]
	at com.mongodb.internal.connection.DefaultServerMonitor$ServerMonitor.lookupServerDescription(DefaultServerMonitor.java:219) ~[mongodb-driver-core-5.2.1.jar:na]
	at com.mongodb.internal.connection.DefaultServerMonitor$ServerMonitor.run(DefaultServerMonitor.java:176) ~[mongodb-driver-core-5.2.1.jar:na]
Caused by: java.net.SocketException: Connection reset
	at java.base/sun.nio.ch.NioSocketImpl.implRead(NioSocketImpl.java:318) ~[na:na]
	at java.base/sun.nio.ch.NioSocketImpl.read(NioSocketImpl.java:346) ~[na:na]
	at java.base/sun.nio.ch.NioSocketImpl$1.read(NioSocketImpl.java:796) ~[na:na]
	at java.base/java.net.Socket$SocketInputStream.read(Socket.java:1099) ~[na:na]
	at com.mongodb.internal.connection.SocketStream.read(SocketStream.java:182) ~[mongodb-driver-core-5.2.1.jar:na]
	at com.mongodb.internal.connection.InternalStreamConnection.receiveResponseBuffers(InternalStreamConnection.java:829) ~[mongodb-driver-core-5.2.1.jar:na]
	... 11 common frames omitted

[INFO] Tests run: 1, Failures: 0, Errors: 0, Skipped: 0, Time elapsed: 2.008 s -- in com.traceability.app.application.service.IntegrityVerificationUseCaseIntegrationTest
[INFO] Running com.traceability.app.application.service.IntegrityVerificationUseCaseTest
[INFO] Tests run: 4, Failures: 0, Errors: 0, Skipped: 0, Time elapsed: 0.117 s -- in com.traceability.app.application.service.IntegrityVerificationUseCaseTest
[INFO] Running com.traceability.app.infrastructure.MultiCollectionTransactionIntegrationTest
2026-09-22T23:41:45.717-05:00  INFO 99899 --- [           main] tc.mongo:6.0                             : Creating container for image: mongo:6.0
2026-09-22T23:41:45.845-05:00  INFO 99899 --- [           main] tc.mongo:6.0                             : Container mongo:6.0 is starting: 42497fb77381875cb1476742d9980ebaf6b3a48bce8ad8a6aec82084d8f371c1
2026-09-22T23:41:46.345-05:00  INFO 99899 --- [           main] tc.mongo:6.0                             : Container mongo:6.0 started in PT0.627501547S

  .   ____          _            __ _ _
 /\\ / ___'_ __ _ _(_)_ __  __ _ \ \ \ \
( ( )\___ | '_ | '_| | '_ \/ _` | \ \ \ \
 \\/  ___)| |_)| | | | | || (_| |  ) ) ) )
  '  |____| .__|_| |_|_| |_\__, | / / / /
 =========|_|==============|___/=/_/_/_/

 :: Spring Boot ::                (v3.4.4)

2026-09-22T23:41:47.141-05:00  INFO 99899 --- [           main] ultiCollectionTransactionIntegrationTest : Starting MultiCollectionTransactionIntegrationTest using Java 21.0.12 with PID 99899 (started by carlos in /home/carlos/Proyectos/Donaciones/app)
2026-09-22T23:41:47.141-05:00  INFO 99899 --- [           main] ultiCollectionTransactionIntegrationTest : No active profile set, falling back to 1 default profile: "default"
2026-09-22T23:41:47.219-05:00  INFO 99899 --- [           main] .s.d.r.c.RepositoryConfigurationDelegate : Bootstrapping Spring Data MongoDB repositories in DEFAULT mode.
2026-09-22T23:41:47.223-05:00  INFO 99899 --- [           main] .s.d.r.c.RepositoryConfigurationDelegate : Finished Spring Data repository scanning in 2 ms. Found 1 MongoDB repository interface.
2026-09-22T23:41:47.267-05:00  INFO 99899 --- [           main] org.mongodb.driver.client                : MongoClient with metadata {"driver": {"name": "mongo-java-driver|sync|spring-boot", "version": "5.2.1"}, "os": {"type": "Linux", "name": "Linux", "architecture": "amd64", "version": "7.2.6-1-cachyos"}, "platform": "Java/Arch Linux/21.0.12+8"} created with settings MongoClientSettings{readPreference=primary, writeConcern=WriteConcern{w=null, wTimeout=null ms, journal=null}, retryWrites=true, retryReads=true, readConcern=ReadConcern{level=null}, credential=null, transportSettings=null, commandListeners=[], codecRegistry=ProvidersCodecRegistry{codecProviders=[ValueCodecProvider{}, BsonValueCodecProvider{}, DBRefCodecProvider{}, DBObjectCodecProvider{}, DocumentCodecProvider{}, CollectionCodecProvider{}, IterableCodecProvider{}, MapCodecProvider{}, GeoJsonCodecProvider{}, GridFSFileCodecProvider{}, Jsr310CodecProvider{}, JsonObjectCodecProvider{}, BsonCodecProvider{}, EnumCodecProvider{}, com.mongodb.client.model.mql.ExpressionCodecProvider@56820446, com.mongodb.Jep395RecordCodecProvider@2259d54f, com.mongodb.KotlinCodecProvider@1b82f62a]}, loggerSettings=LoggerSettings{maxDocumentLength=1000}, clusterSettings={hosts=[localhost:32883], srvServiceName=mongodb, mode=SINGLE, requiredClusterType=UNKNOWN, requiredReplicaSetName='null', serverSelector='null', clusterListeners='[]', serverSelectionTimeout='30000 ms', localThreshold='15 ms'}, socketSettings=SocketSettings{connectTimeoutMS=10000, readTimeoutMS=0, receiveBufferSize=0, proxySettings=ProxySettings{host=null, port=null, username=null, password=null}}, heartbeatSocketSettings=SocketSettings{connectTimeoutMS=10000, readTimeoutMS=10000, receiveBufferSize=0, proxySettings=ProxySettings{host=null, port=null, username=null, password=null}}, connectionPoolSettings=ConnectionPoolSettings{maxSize=100, minSize=0, maxWaitTimeMS=120000, maxConnectionLifeTimeMS=0, maxConnectionIdleTimeMS=0, maintenanceInitialDelayMS=0, maintenanceFrequencyMS=60000, connectionPoolListeners=[], maxConnecting=2}, serverSettings=ServerSettings{heartbeatFrequencyMS=10000, minHeartbeatFrequencyMS=500, serverMonitoringMode=AUTO, serverListeners='[]', serverMonitorListeners='[]'}, sslSettings=SslSettings{enabled=false, invalidHostNameAllowed=false, context=null}, applicationName='null', compressorList=[], uuidRepresentation=JAVA_LEGACY, serverApi=null, autoEncryptionSettings=null, dnsClient=null, inetAddressResolver=null, contextProvider=null, timeoutMS=null}
2026-09-22T23:41:47.269-05:00  INFO 99899 --- [localhost:32883] org.mongodb.driver.cluster               : Monitor thread successfully connected to server with description ServerDescription{address=localhost:32883, type=REPLICA_SET_PRIMARY, cryptd=false, state=CONNECTED, ok=true, minWireVersion=0, maxWireVersion=17, maxDocumentSize=16777216, logicalSessionTimeoutMinutes=30, roundTripTimeNanos=1329085, minRoundTripTimeNanos=0, setName='rs0', canonicalAddress=42497fb77381:27017, hosts=[42497fb77381:27017], passives=[], arbiters=[], primary='42497fb77381:27017', tagSet=TagSet{[]}, electionId=7fffffff0000000000000001, setVersion=1, topologyVersion=TopologyVersion{processId=6ab3588a56b2f6617d92cc0b, counter=6}, lastWriteDate=Tue Sep 22 23:41:46 COT 2026, lastUpdateTimeNanos=5204115852170}
2026-09-22T23:41:47.370-05:00  INFO 99899 --- [           main] ultiCollectionTransactionIntegrationTest : Started MultiCollectionTransactionIntegrationTest in 0.238 seconds (process running for 14.035)
2026-09-22T23:41:47.561-05:00  INFO 99899 --- [localhost:32883] org.mongodb.driver.cluster               : Exception in monitor thread while connecting to server localhost:32883

com.mongodb.MongoSocketReadException: Prematurely reached end of stream
	at com.mongodb.internal.connection.SocketStream.read(SocketStream.java:184) ~[mongodb-driver-core-5.2.1.jar:na]
	at com.mongodb.internal.connection.InternalStreamConnection.receiveResponseBuffers(InternalStreamConnection.java:829) ~[mongodb-driver-core-5.2.1.jar:na]
	at com.mongodb.internal.connection.InternalStreamConnection.receiveCommandMessageResponse(InternalStreamConnection.java:517) ~[mongodb-driver-core-5.2.1.jar:na]
	at com.mongodb.internal.connection.InternalStreamConnection.receive(InternalStreamConnection.java:469) ~[mongodb-driver-core-5.2.1.jar:na]
	at com.mongodb.internal.connection.DefaultServerMonitor$ServerMonitor.lookupServerDescription(DefaultServerMonitor.java:249) ~[mongodb-driver-core-5.2.1.jar:na]
	at com.mongodb.internal.connection.DefaultServerMonitor$ServerMonitor.run(DefaultServerMonitor.java:176) ~[mongodb-driver-core-5.2.1.jar:na]

2026-09-22T23:41:47.563-05:00  INFO 99899 --- [localhost:32883] org.mongodb.driver.cluster               : Exception in monitor thread while connecting to server localhost:32883

com.mongodb.MongoSocketReadException: Exception receiving message
	at com.mongodb.internal.connection.InternalStreamConnection.translateReadException(InternalStreamConnection.java:814) ~[mongodb-driver-core-5.2.1.jar:na]
	at com.mongodb.internal.connection.InternalStreamConnection.receiveResponseBuffers(InternalStreamConnection.java:862) ~[mongodb-driver-core-5.2.1.jar:na]
	at com.mongodb.internal.connection.InternalStreamConnection.receiveCommandMessageResponse(InternalStreamConnection.java:517) ~[mongodb-driver-core-5.2.1.jar:na]
	at com.mongodb.internal.connection.InternalStreamConnection.sendAndReceiveInternal(InternalStreamConnection.java:448) ~[mongodb-driver-core-5.2.1.jar:na]
	at com.mongodb.internal.connection.InternalStreamConnection.lambda$sendAndReceive$0(InternalStreamConnection.java:375) ~[mongodb-driver-core-5.2.1.jar:na]
	at com.mongodb.internal.connection.InternalStreamConnection.sendAndReceive(InternalStreamConnection.java:378) ~[mongodb-driver-core-5.2.1.jar:na]
	at com.mongodb.internal.connection.CommandHelper.sendAndReceive(CommandHelper.java:100) ~[mongodb-driver-core-5.2.1.jar:na]
	at com.mongodb.internal.connection.CommandHelper.executeCommand(CommandHelper.java:49) ~[mongodb-driver-core-5.2.1.jar:na]
	at com.mongodb.internal.connection.InternalStreamConnectionInitializer.initializeConnectionDescription(InternalStreamConnectionInitializer.java:144) ~[mongodb-driver-core-5.2.1.jar:na]
	at com.mongodb.internal.connection.InternalStreamConnectionInitializer.startHandshake(InternalStreamConnectionInitializer.java:79) ~[mongodb-driver-core-5.2.1.jar:na]
	at com.mongodb.internal.connection.InternalStreamConnection.open(InternalStreamConnection.java:235) ~[mongodb-driver-core-5.2.1.jar:na]
	at com.mongodb.internal.connection.DefaultServerMonitor$ServerMonitor.lookupServerDescription(DefaultServerMonitor.java:219) ~[mongodb-driver-core-5.2.1.jar:na]
	at com.mongodb.internal.connection.DefaultServerMonitor$ServerMonitor.run(DefaultServerMonitor.java:176) ~[mongodb-driver-core-5.2.1.jar:na]
Caused by: java.net.SocketException: Connection reset
	at java.base/sun.nio.ch.NioSocketImpl.implRead(NioSocketImpl.java:318) ~[na:na]
	at java.base/sun.nio.ch.NioSocketImpl.read(NioSocketImpl.java:346) ~[na:na]
	at java.base/sun.nio.ch.NioSocketImpl$1.read(NioSocketImpl.java:796) ~[na:na]
	at java.base/java.net.Socket$SocketInputStream.read(Socket.java:1099) ~[na:na]
	at com.mongodb.internal.connection.SocketStream.read(SocketStream.java:182) ~[mongodb-driver-core-5.2.1.jar:na]
	at com.mongodb.internal.connection.InternalStreamConnection.receiveResponseBuffers(InternalStreamConnection.java:829) ~[mongodb-driver-core-5.2.1.jar:na]
	... 11 common frames omitted

[INFO] Tests run: 2, Failures: 0, Errors: 0, Skipped: 0, Time elapsed: 2.092 s -- in com.traceability.app.infrastructure.MultiCollectionTransactionIntegrationTest
[INFO] Running com.traceability.app.scheduler.BlockchainAnchorProducerTest
2026-09-22T23:41:47.995-05:00  INFO 99899 --- [           main] c.t.a.s.BlockchainAnchorProducer         : Starting MerkleBatch production cycle...
2026-09-22T23:41:48.010-05:00  INFO 99899 --- [           main] c.t.a.s.BlockchainAnchorProducer         : Starting MerkleBatch production cycle...
2026-09-22T23:41:48.011-05:00  INFO 99899 --- [           main] c.t.a.s.BlockchainAnchorProducer         : Found 1 stale COLLECTING batch(es) to recover
2026-09-22T23:41:48.012-05:00  INFO 99899 --- [           main] c.t.a.s.BlockchainAnchorProducer         : Recovery Phase 2 completed for batch ALREADY-DONE: MerkleTree root hash1 from 1 leaves
2026-09-22T23:41:48.012-05:00  INFO 99899 --- [           main] c.t.a.s.BlockchainAnchorProducer         : Recovery Phase 3 benign no-op: Batch ALREADY-DONE was already transitioned by another instance.
2026-09-22T23:41:48.020-05:00  INFO 99899 --- [           main] c.t.a.s.BlockchainAnchorProducer         : Starting MerkleBatch production cycle...
2026-09-22T23:41:48.020-05:00  INFO 99899 --- [           main] c.t.a.s.BlockchainAnchorProducer         : Found 1 stale COLLECTING batch(es) to recover
2026-09-22T23:41:48.021-05:00  INFO 99899 --- [           main] c.t.a.s.BlockchainAnchorProducer         : Recovery Phase 2 completed for batch STALE-BATCH-1: MerkleTree root d8eab8000c5826fbf21e6340c96a911c7cf362c054695b73cb1a80ad0dac1cb0 from 2 leaves
2026-09-22T23:41:48.021-05:00  INFO 99899 --- [           main] c.t.a.s.BlockchainAnchorProducer         : Recovery Phase 3 completed: Batch STALE-BATCH-1 successfully transitioned to PENDING.
2026-09-22T23:41:48.028-05:00  INFO 99899 --- [           main] c.t.a.s.BlockchainAnchorProducer         : Starting MerkleBatch production cycle...
2026-09-22T23:41:48.034-05:00  INFO 99899 --- [           main] c.t.a.s.BlockchainAnchorProducer         : Starting MerkleBatch production cycle...
2026-09-22T23:41:48.034-05:00  INFO 99899 --- [           main] c.t.a.s.BlockchainAnchorProducer         : Found 1 stale COLLECTING batch(es) to recover
2026-09-22T23:41:48.034-05:00  WARN 99899 --- [           main] c.t.a.s.BlockchainAnchorProducer         : Batch WARN-BATCH has been recovered 6 times, exceeding threshold of 5. Investigate root cause.
2026-09-22T23:41:48.034-05:00  INFO 99899 --- [           main] c.t.a.s.BlockchainAnchorProducer         : Recovery Phase 2 completed for batch WARN-BATCH: MerkleTree root hash1 from 1 leaves
2026-09-22T23:41:48.034-05:00  INFO 99899 --- [           main] c.t.a.s.BlockchainAnchorProducer         : Recovery Phase 3 completed: Batch WARN-BATCH successfully transitioned to PENDING.
2026-09-22T23:41:48.040-05:00  INFO 99899 --- [           main] c.t.a.s.BlockchainAnchorProducer         : Starting MerkleBatch production cycle...
2026-09-22T23:41:48.040-05:00  INFO 99899 --- [           main] c.t.a.s.BlockchainAnchorProducer         : Phase 1 completed: Created MerkleBatch(COLLECTING) fc0cf973-5910-47ab-8a98-2dcf13aa1482 with coverage {streamA=SequenceRange[fromSequence=1, toSequence=10]}
2026-09-22T23:41:48.045-05:00  INFO 99899 --- [           main] c.t.a.s.BlockchainAnchorProducer         : Phase 2 completed: Built MerkleTree with root d8eab8000c5826fbf21e6340c96a911c7cf362c054695b73cb1a80ad0dac1cb0 from 2 leaves
2026-09-22T23:41:48.046-05:00  INFO 99899 --- [           main] c.t.a.s.BlockchainAnchorProducer         : Phase 3 completed: Batch fc0cf973-5910-47ab-8a98-2dcf13aa1482 successfully transitioned to PENDING.
2026-09-22T23:41:48.057-05:00  INFO 99899 --- [           main] c.t.a.s.BlockchainAnchorProducer         : Starting MerkleBatch production cycle...
2026-09-22T23:41:48.069-05:00  INFO 99899 --- [           main] c.t.a.s.BlockchainAnchorProducer         : Starting MerkleBatch production cycle...
2026-09-22T23:41:48.078-05:00  INFO 99899 --- [           main] c.t.a.s.BlockchainAnchorProducer         : Starting MerkleBatch production cycle...
2026-09-22T23:41:48.079-05:00  INFO 99899 --- [           main] c.t.a.s.BlockchainAnchorProducer         : Found 2 stale COLLECTING batch(es) to recover
2026-09-22T23:41:48.080-05:00  INFO 99899 --- [           main] c.t.a.s.BlockchainAnchorProducer         : Recovery Phase 2 completed for batch FAILING-PHASE3-BATCH: MerkleTree root hash1 from 1 leaves
2026-09-22T23:41:48.080-05:00 ERROR 99899 --- [           main] c.t.a.s.BlockchainAnchorProducer         : Failed to recover stale COLLECTING batch FAILING-PHASE3-BATCH. Skipping to next batch.

java.lang.RuntimeException: Simulated Phase 3 failure
	at com.traceability.app.scheduler.BlockchainAnchorProducer.recoverSingleBatch(BlockchainAnchorProducer.java:126) ~[classes/:na]
	at com.traceability.app.scheduler.BlockchainAnchorProducer.recoverStaleCollectingBatches(BlockchainAnchorProducer.java:92) ~[classes/:na]
	at com.traceability.app.scheduler.BlockchainAnchorProducer.produceBatch(BlockchainAnchorProducer.java:68) ~[classes/:na]
	at com.traceability.app.scheduler.BlockchainAnchorProducerTest.shouldContinueRecoveryWhenPhase3Fails(BlockchainAnchorProducerTest.java:384) ~[test-classes/:na]
	at java.base/jdk.internal.reflect.DirectMethodHandleAccessor.invoke(DirectMethodHandleAccessor.java:103) ~[na:na]
	at java.base/java.lang.reflect.Method.invoke(Method.java:580) ~[na:na]
	at org.junit.platform.commons.util.ReflectionUtils.invokeMethod(ReflectionUtils.java:767) ~[junit-platform-commons-1.11.4.jar:1.11.4]
	at org.junit.jupiter.engine.execution.MethodInvocation.proceed(MethodInvocation.java:60) ~[junit-jupiter-engine-5.11.4.jar:5.11.4]
	at org.junit.jupiter.engine.execution.InvocationInterceptorChain$ValidatingInvocation.proceed(InvocationInterceptorChain.java:131) ~[junit-jupiter-engine-5.11.4.jar:5.11.4]
	at org.junit.jupiter.engine.extension.TimeoutExtension.intercept(TimeoutExtension.java:156) ~[junit-jupiter-engine-5.11.4.jar:5.11.4]
	at org.junit.jupiter.engine.extension.TimeoutExtension.interceptTestableMethod(TimeoutExtension.java:147) ~[junit-jupiter-engine-5.11.4.jar:5.11.4]
	at org.junit.jupiter.engine.extension.TimeoutExtension.interceptTestMethod(TimeoutExtension.java:86) ~[junit-jupiter-engine-5.11.4.jar:5.11.4]
	at org.junit.jupiter.engine.execution.InterceptingExecutableInvoker$ReflectiveInterceptorCall.lambda$ofVoidMethod$0(InterceptingExecutableInvoker.java:103) ~[junit-jupiter-engine-5.11.4.jar:5.11.4]
	at org.junit.jupiter.engine.execution.InterceptingExecutableInvoker.lambda$invoke$0(InterceptingExecutableInvoker.java:93) ~[junit-jupiter-engine-5.11.4.jar:5.11.4]
	at org.junit.jupiter.engine.execution.InvocationInterceptorChain$InterceptedInvocation.proceed(InvocationInterceptorChain.java:106) ~[junit-jupiter-engine-5.11.4.jar:5.11.4]
	at org.junit.jupiter.engine.execution.InvocationInterceptorChain.proceed(InvocationInterceptorChain.java:64) ~[junit-jupiter-engine-5.11.4.jar:5.11.4]
	at org.junit.jupiter.engine.execution.InvocationInterceptorChain.chainAndInvoke(InvocationInterceptorChain.java:45) ~[junit-jupiter-engine-5.11.4.jar:5.11.4]
	at org.junit.jupiter.engine.execution.InvocationInterceptorChain.invoke(InvocationInterceptorChain.java:37) ~[junit-jupiter-engine-5.11.4.jar:5.11.4]
	at org.junit.jupiter.engine.execution.InterceptingExecutableInvoker.invoke(InterceptingExecutableInvoker.java:92) ~[junit-jupiter-engine-5.11.4.jar:5.11.4]
	at org.junit.jupiter.engine.execution.InterceptingExecutableInvoker.invoke(InterceptingExecutableInvoker.java:86) ~[junit-jupiter-engine-5.11.4.jar:5.11.4]
	at org.junit.jupiter.engine.descriptor.TestMethodTestDescriptor.lambda$invokeTestMethod$8(TestMethodTestDescriptor.java:217) ~[junit-jupiter-engine-5.11.4.jar:5.11.4]
	at org.junit.platform.engine.support.hierarchical.ThrowableCollector.execute(ThrowableCollector.java:73) ~[junit-platform-engine-1.11.4.jar:1.11.4]
	at org.junit.jupiter.engine.descriptor.TestMethodTestDescriptor.invokeTestMethod(TestMethodTestDescriptor.java:213) ~[junit-jupiter-engine-5.11.4.jar:5.11.4]
	at org.junit.jupiter.engine.descriptor.TestMethodTestDescriptor.execute(TestMethodTestDescriptor.java:138) ~[junit-jupiter-engine-5.11.4.jar:5.11.4]
	at org.junit.jupiter.engine.descriptor.TestMethodTestDescriptor.execute(TestMethodTestDescriptor.java:68) ~[junit-jupiter-engine-5.11.4.jar:5.11.4]
	at org.junit.platform.engine.support.hierarchical.NodeTestTask.lambda$executeRecursively$6(NodeTestTask.java:156) ~[junit-platform-engine-1.11.4.jar:1.11.4]
	at org.junit.platform.engine.support.hierarchical.ThrowableCollector.execute(ThrowableCollector.java:73) ~[junit-platform-engine-1.11.4.jar:1.11.4]
	at org.junit.platform.engine.support.hierarchical.NodeTestTask.lambda$executeRecursively$8(NodeTestTask.java:146) ~[junit-platform-engine-1.11.4.jar:1.11.4]
	at org.junit.platform.engine.support.hierarchical.Node.around(Node.java:137) ~[junit-platform-engine-1.11.4.jar:1.11.4]
	at org.junit.platform.engine.support.hierarchical.NodeTestTask.lambda$executeRecursively$9(NodeTestTask.java:144) ~[junit-platform-engine-1.11.4.jar:1.11.4]
	at org.junit.platform.engine.support.hierarchical.ThrowableCollector.execute(ThrowableCollector.java:73) ~[junit-platform-engine-1.11.4.jar:1.11.4]
	at org.junit.platform.engine.support.hierarchical.NodeTestTask.executeRecursively(NodeTestTask.java:143) ~[junit-platform-engine-1.11.4.jar:1.11.4]
	at org.junit.platform.engine.support.hierarchical.NodeTestTask.execute(NodeTestTask.java:100) ~[junit-platform-engine-1.11.4.jar:1.11.4]
	at java.base/java.util.ArrayList.forEach(ArrayList.java:1596) ~[na:na]
	at org.junit.platform.engine.support.hierarchical.SameThreadHierarchicalTestExecutorService.invokeAll(SameThreadHierarchicalTestExecutorService.java:41) ~[junit-platform-engine-1.11.4.jar:1.11.4]
	at org.junit.platform.engine.support.hierarchical.NodeTestTask.lambda$executeRecursively$6(NodeTestTask.java:160) ~[junit-platform-engine-1.11.4.jar:1.11.4]
	at org.junit.platform.engine.support.hierarchical.ThrowableCollector.execute(ThrowableCollector.java:73) ~[junit-platform-engine-1.11.4.jar:1.11.4]
	at org.junit.platform.engine.support.hierarchical.NodeTestTask.lambda$executeRecursively$8(NodeTestTask.java:146) ~[junit-platform-engine-1.11.4.jar:1.11.4]
	at org.junit.platform.engine.support.hierarchical.Node.around(Node.java:137) ~[junit-platform-engine-1.11.4.jar:1.11.4]
	at org.junit.platform.engine.support.hierarchical.NodeTestTask.lambda$executeRecursively$9(NodeTestTask.java:144) ~[junit-platform-engine-1.11.4.jar:1.11.4]
	at org.junit.platform.engine.support.hierarchical.ThrowableCollector.execute(ThrowableCollector.java:73) ~[junit-platform-engine-1.11.4.jar:1.11.4]
	at org.junit.platform.engine.support.hierarchical.NodeTestTask.executeRecursively(NodeTestTask.java:143) ~[junit-platform-engine-1.11.4.jar:1.11.4]
	at org.junit.platform.engine.support.hierarchical.NodeTestTask.execute(NodeTestTask.java:100) ~[junit-platform-engine-1.11.4.jar:1.11.4]
	at java.base/java.util.ArrayList.forEach(ArrayList.java:1596) ~[na:na]
	at org.junit.platform.engine.support.hierarchical.SameThreadHierarchicalTestExecutorService.invokeAll(SameThreadHierarchicalTestExecutorService.java:41) ~[junit-platform-engine-1.11.4.jar:1.11.4]
	at org.junit.platform.engine.support.hierarchical.NodeTestTask.lambda$executeRecursively$6(NodeTestTask.java:160) ~[junit-platform-engine-1.11.4.jar:1.11.4]
	at org.junit.platform.engine.support.hierarchical.ThrowableCollector.execute(ThrowableCollector.java:73) ~[junit-platform-engine-1.11.4.jar:1.11.4]
	at org.junit.platform.engine.support.hierarchical.NodeTestTask.lambda$executeRecursively$8(NodeTestTask.java:146) ~[junit-platform-engine-1.11.4.jar:1.11.4]
	at org.junit.platform.engine.support.hierarchical.Node.around(Node.java:137) ~[junit-platform-engine-1.11.4.jar:1.11.4]
	at org.junit.platform.engine.support.hierarchical.NodeTestTask.lambda$executeRecursively$9(NodeTestTask.java:144) ~[junit-platform-engine-1.11.4.jar:1.11.4]
	at org.junit.platform.engine.support.hierarchical.ThrowableCollector.execute(ThrowableCollector.java:73) ~[junit-platform-engine-1.11.4.jar:1.11.4]
	at org.junit.platform.engine.support.hierarchical.NodeTestTask.executeRecursively(NodeTestTask.java:143) ~[junit-platform-engine-1.11.4.jar:1.11.4]
	at org.junit.platform.engine.support.hierarchical.NodeTestTask.execute(NodeTestTask.java:100) ~[junit-platform-engine-1.11.4.jar:1.11.4]
	at org.junit.platform.engine.support.hierarchical.SameThreadHierarchicalTestExecutorService.submit(SameThreadHierarchicalTestExecutorService.java:35) ~[junit-platform-engine-1.11.4.jar:1.11.4]
	at org.junit.platform.engine.support.hierarchical.HierarchicalTestExecutor.execute(HierarchicalTestExecutor.java:57) ~[junit-platform-engine-1.11.4.jar:1.11.4]
	at org.junit.platform.engine.support.hierarchical.HierarchicalTestEngine.execute(HierarchicalTestEngine.java:54) ~[junit-platform-engine-1.11.4.jar:1.11.4]
	at org.junit.platform.launcher.core.EngineExecutionOrchestrator.execute(EngineExecutionOrchestrator.java:198) ~[junit-platform-launcher-1.11.4.jar:1.11.4]
	at org.junit.platform.launcher.core.EngineExecutionOrchestrator.execute(EngineExecutionOrchestrator.java:169) ~[junit-platform-launcher-1.11.4.jar:1.11.4]
	at org.junit.platform.launcher.core.EngineExecutionOrchestrator.execute(EngineExecutionOrchestrator.java:93) ~[junit-platform-launcher-1.11.4.jar:1.11.4]
	at org.junit.platform.launcher.core.EngineExecutionOrchestrator.lambda$execute$0(EngineExecutionOrchestrator.java:58) ~[junit-platform-launcher-1.11.4.jar:1.11.4]
	at org.junit.platform.launcher.core.EngineExecutionOrchestrator.withInterceptedStreams(EngineExecutionOrchestrator.java:141) ~[junit-platform-launcher-1.11.4.jar:1.11.4]
	at org.junit.platform.launcher.core.EngineExecutionOrchestrator.execute(EngineExecutionOrchestrator.java:57) ~[junit-platform-launcher-1.11.4.jar:1.11.4]
	at org.junit.platform.launcher.core.DefaultLauncher.execute(DefaultLauncher.java:103) ~[junit-platform-launcher-1.11.4.jar:1.11.4]
	at org.junit.platform.launcher.core.DefaultLauncher.execute(DefaultLauncher.java:85) ~[junit-platform-launcher-1.11.4.jar:1.11.4]
	at org.junit.platform.launcher.core.DelegatingLauncher.execute(DelegatingLauncher.java:47) ~[junit-platform-launcher-1.11.4.jar:1.11.4]
	at org.apache.maven.surefire.junitplatform.LauncherAdapter.executeWithoutCancellationToken(LauncherAdapter.java:60) ~[surefire-junit-platform-3.5.4.jar:3.5.4]
	at org.apache.maven.surefire.junitplatform.LauncherAdapter.execute(LauncherAdapter.java:52) ~[surefire-junit-platform-3.5.4.jar:3.5.4]
	at org.apache.maven.surefire.junitplatform.JUnitPlatformProvider.execute(JUnitPlatformProvider.java:203) ~[surefire-junit-platform-3.5.4.jar:3.5.4]
	at org.apache.maven.surefire.junitplatform.JUnitPlatformProvider.invokeAllTests(JUnitPlatformProvider.java:168) ~[surefire-junit-platform-3.5.4.jar:3.5.4]
	at org.apache.maven.surefire.junitplatform.JUnitPlatformProvider.invoke(JUnitPlatformProvider.java:136) ~[surefire-junit-platform-3.5.4.jar:3.5.4]
	at org.apache.maven.surefire.booter.ForkedBooter.runSuitesInProcess(ForkedBooter.java:385) ~[surefire-booter-3.5.4.jar:3.5.4]
	at org.apache.maven.surefire.booter.ForkedBooter.execute(ForkedBooter.java:162) ~[surefire-booter-3.5.4.jar:3.5.4]
	at org.apache.maven.surefire.booter.ForkedBooter.run(ForkedBooter.java:507) ~[surefire-booter-3.5.4.jar:3.5.4]
	at org.apache.maven.surefire.booter.ForkedBooter.main(ForkedBooter.java:495) ~[surefire-booter-3.5.4.jar:3.5.4]

2026-09-22T23:41:48.081-05:00  INFO 99899 --- [           main] c.t.a.s.BlockchainAnchorProducer         : Recovery Phase 2 completed for batch HEALTHY-BATCH-2: MerkleTree root hash2 from 1 leaves
2026-09-22T23:41:48.082-05:00  INFO 99899 --- [           main] c.t.a.s.BlockchainAnchorProducer         : Recovery Phase 3 completed: Batch HEALTHY-BATCH-2 successfully transitioned to PENDING.
2026-09-22T23:41:48.089-05:00  INFO 99899 --- [           main] c.t.a.s.BlockchainAnchorProducer         : Starting MerkleBatch production cycle...
2026-09-22T23:41:48.089-05:00  INFO 99899 --- [           main] c.t.a.s.BlockchainAnchorProducer         : Found 2 stale COLLECTING batch(es) to recover
2026-09-22T23:41:48.090-05:00 ERROR 99899 --- [           main] c.t.a.s.BlockchainAnchorProducer         : Failed to recover stale COLLECTING batch FAILING-BATCH. Skipping to next batch.

java.lang.RuntimeException: Simulated infrastructure failure
	at com.traceability.app.scheduler.BlockchainAnchorProducer.recoverSingleBatch(BlockchainAnchorProducer.java:115) ~[classes/:na]
	at com.traceability.app.scheduler.BlockchainAnchorProducer.recoverStaleCollectingBatches(BlockchainAnchorProducer.java:92) ~[classes/:na]
	at com.traceability.app.scheduler.BlockchainAnchorProducer.produceBatch(BlockchainAnchorProducer.java:68) ~[classes/:na]
	at com.traceability.app.scheduler.BlockchainAnchorProducerTest.shouldContinueRecoveryWhenOneBatchFails(BlockchainAnchorProducerTest.java:328) ~[test-classes/:na]
	at java.base/jdk.internal.reflect.DirectMethodHandleAccessor.invoke(DirectMethodHandleAccessor.java:103) ~[na:na]
	at java.base/java.lang.reflect.Method.invoke(Method.java:580) ~[na:na]
	at org.junit.platform.commons.util.ReflectionUtils.invokeMethod(ReflectionUtils.java:767) ~[junit-platform-commons-1.11.4.jar:1.11.4]
	at org.junit.jupiter.engine.execution.MethodInvocation.proceed(MethodInvocation.java:60) ~[junit-jupiter-engine-5.11.4.jar:5.11.4]
	at org.junit.jupiter.engine.execution.InvocationInterceptorChain$ValidatingInvocation.proceed(InvocationInterceptorChain.java:131) ~[junit-jupiter-engine-5.11.4.jar:5.11.4]
	at org.junit.jupiter.engine.extension.TimeoutExtension.intercept(TimeoutExtension.java:156) ~[junit-jupiter-engine-5.11.4.jar:5.11.4]
	at org.junit.jupiter.engine.extension.TimeoutExtension.interceptTestableMethod(TimeoutExtension.java:147) ~[junit-jupiter-engine-5.11.4.jar:5.11.4]
	at org.junit.jupiter.engine.extension.TimeoutExtension.interceptTestMethod(TimeoutExtension.java:86) ~[junit-jupiter-engine-5.11.4.jar:5.11.4]
	at org.junit.jupiter.engine.execution.InterceptingExecutableInvoker$ReflectiveInterceptorCall.lambda$ofVoidMethod$0(InterceptingExecutableInvoker.java:103) ~[junit-jupiter-engine-5.11.4.jar:5.11.4]
	at org.junit.jupiter.engine.execution.InterceptingExecutableInvoker.lambda$invoke$0(InterceptingExecutableInvoker.java:93) ~[junit-jupiter-engine-5.11.4.jar:5.11.4]
	at org.junit.jupiter.engine.execution.InvocationInterceptorChain$InterceptedInvocation.proceed(InvocationInterceptorChain.java:106) ~[junit-jupiter-engine-5.11.4.jar:5.11.4]
	at org.junit.jupiter.engine.execution.InvocationInterceptorChain.proceed(InvocationInterceptorChain.java:64) ~[junit-jupiter-engine-5.11.4.jar:5.11.4]
	at org.junit.jupiter.engine.execution.InvocationInterceptorChain.chainAndInvoke(InvocationInterceptorChain.java:45) ~[junit-jupiter-engine-5.11.4.jar:5.11.4]
	at org.junit.jupiter.engine.execution.InvocationInterceptorChain.invoke(InvocationInterceptorChain.java:37) ~[junit-jupiter-engine-5.11.4.jar:5.11.4]
	at org.junit.jupiter.engine.execution.InterceptingExecutableInvoker.invoke(InterceptingExecutableInvoker.java:92) ~[junit-jupiter-engine-5.11.4.jar:5.11.4]
	at org.junit.jupiter.engine.execution.InterceptingExecutableInvoker.invoke(InterceptingExecutableInvoker.java:86) ~[junit-jupiter-engine-5.11.4.jar:5.11.4]
	at org.junit.jupiter.engine.descriptor.TestMethodTestDescriptor.lambda$invokeTestMethod$8(TestMethodTestDescriptor.java:217) ~[junit-jupiter-engine-5.11.4.jar:5.11.4]
	at org.junit.platform.engine.support.hierarchical.ThrowableCollector.execute(ThrowableCollector.java:73) ~[junit-platform-engine-1.11.4.jar:1.11.4]
	at org.junit.jupiter.engine.descriptor.TestMethodTestDescriptor.invokeTestMethod(TestMethodTestDescriptor.java:213) ~[junit-jupiter-engine-5.11.4.jar:5.11.4]
	at org.junit.jupiter.engine.descriptor.TestMethodTestDescriptor.execute(TestMethodTestDescriptor.java:138) ~[junit-jupiter-engine-5.11.4.jar:5.11.4]
	at org.junit.jupiter.engine.descriptor.TestMethodTestDescriptor.execute(TestMethodTestDescriptor.java:68) ~[junit-jupiter-engine-5.11.4.jar:5.11.4]
	at org.junit.platform.engine.support.hierarchical.NodeTestTask.lambda$executeRecursively$6(NodeTestTask.java:156) ~[junit-platform-engine-1.11.4.jar:1.11.4]
	at org.junit.platform.engine.support.hierarchical.ThrowableCollector.execute(ThrowableCollector.java:73) ~[junit-platform-engine-1.11.4.jar:1.11.4]
	at org.junit.platform.engine.support.hierarchical.NodeTestTask.lambda$executeRecursively$8(NodeTestTask.java:146) ~[junit-platform-engine-1.11.4.jar:1.11.4]
	at org.junit.platform.engine.support.hierarchical.Node.around(Node.java:137) ~[junit-platform-engine-1.11.4.jar:1.11.4]
	at org.junit.platform.engine.support.hierarchical.NodeTestTask.lambda$executeRecursively$9(NodeTestTask.java:144) ~[junit-platform-engine-1.11.4.jar:1.11.4]
	at org.junit.platform.engine.support.hierarchical.ThrowableCollector.execute(ThrowableCollector.java:73) ~[junit-platform-engine-1.11.4.jar:1.11.4]
	at org.junit.platform.engine.support.hierarchical.NodeTestTask.executeRecursively(NodeTestTask.java:143) ~[junit-platform-engine-1.11.4.jar:1.11.4]
	at org.junit.platform.engine.support.hierarchical.NodeTestTask.execute(NodeTestTask.java:100) ~[junit-platform-engine-1.11.4.jar:1.11.4]
	at java.base/java.util.ArrayList.forEach(ArrayList.java:1596) ~[na:na]
	at org.junit.platform.engine.support.hierarchical.SameThreadHierarchicalTestExecutorService.invokeAll(SameThreadHierarchicalTestExecutorService.java:41) ~[junit-platform-engine-1.11.4.jar:1.11.4]
	at org.junit.platform.engine.support.hierarchical.NodeTestTask.lambda$executeRecursively$6(NodeTestTask.java:160) ~[junit-platform-engine-1.11.4.jar:1.11.4]
	at org.junit.platform.engine.support.hierarchical.ThrowableCollector.execute(ThrowableCollector.java:73) ~[junit-platform-engine-1.11.4.jar:1.11.4]
	at org.junit.platform.engine.support.hierarchical.NodeTestTask.lambda$executeRecursively$8(NodeTestTask.java:146) ~[junit-platform-engine-1.11.4.jar:1.11.4]
	at org.junit.platform.engine.support.hierarchical.Node.around(Node.java:137) ~[junit-platform-engine-1.11.4.jar:1.11.4]
	at org.junit.platform.engine.support.hierarchical.NodeTestTask.lambda$executeRecursively$9(NodeTestTask.java:144) ~[junit-platform-engine-1.11.4.jar:1.11.4]
	at org.junit.platform.engine.support.hierarchical.ThrowableCollector.execute(ThrowableCollector.java:73) ~[junit-platform-engine-1.11.4.jar:1.11.4]
	at org.junit.platform.engine.support.hierarchical.NodeTestTask.executeRecursively(NodeTestTask.java:143) ~[junit-platform-engine-1.11.4.jar:1.11.4]
	at org.junit.platform.engine.support.hierarchical.NodeTestTask.execute(NodeTestTask.java:100) ~[junit-platform-engine-1.11.4.jar:1.11.4]
	at java.base/java.util.ArrayList.forEach(ArrayList.java:1596) ~[na:na]
	at org.junit.platform.engine.support.hierarchical.SameThreadHierarchicalTestExecutorService.invokeAll(SameThreadHierarchicalTestExecutorService.java:41) ~[junit-platform-engine-1.11.4.jar:1.11.4]
	at org.junit.platform.engine.support.hierarchical.NodeTestTask.lambda$executeRecursively$6(NodeTestTask.java:160) ~[junit-platform-engine-1.11.4.jar:1.11.4]
	at org.junit.platform.engine.support.hierarchical.ThrowableCollector.execute(ThrowableCollector.java:73) ~[junit-platform-engine-1.11.4.jar:1.11.4]
	at org.junit.platform.engine.support.hierarchical.NodeTestTask.lambda$executeRecursively$8(NodeTestTask.java:146) ~[junit-platform-engine-1.11.4.jar:1.11.4]
	at org.junit.platform.engine.support.hierarchical.Node.around(Node.java:137) ~[junit-platform-engine-1.11.4.jar:1.11.4]
	at org.junit.platform.engine.support.hierarchical.NodeTestTask.lambda$executeRecursively$9(NodeTestTask.java:144) ~[junit-platform-engine-1.11.4.jar:1.11.4]
	at org.junit.platform.engine.support.hierarchical.ThrowableCollector.execute(ThrowableCollector.java:73) ~[junit-platform-engine-1.11.4.jar:1.11.4]
	at org.junit.platform.engine.support.hierarchical.NodeTestTask.executeRecursively(NodeTestTask.java:143) ~[junit-platform-engine-1.11.4.jar:1.11.4]
	at org.junit.platform.engine.support.hierarchical.NodeTestTask.execute(NodeTestTask.java:100) ~[junit-platform-engine-1.11.4.jar:1.11.4]
	at org.junit.platform.engine.support.hierarchical.SameThreadHierarchicalTestExecutorService.submit(SameThreadHierarchicalTestExecutorService.java:35) ~[junit-platform-engine-1.11.4.jar:1.11.4]
	at org.junit.platform.engine.support.hierarchical.HierarchicalTestExecutor.execute(HierarchicalTestExecutor.java:57) ~[junit-platform-engine-1.11.4.jar:1.11.4]
	at org.junit.platform.engine.support.hierarchical.HierarchicalTestEngine.execute(HierarchicalTestEngine.java:54) ~[junit-platform-engine-1.11.4.jar:1.11.4]
	at org.junit.platform.launcher.core.EngineExecutionOrchestrator.execute(EngineExecutionOrchestrator.java:198) ~[junit-platform-launcher-1.11.4.jar:1.11.4]
	at org.junit.platform.launcher.core.EngineExecutionOrchestrator.execute(EngineExecutionOrchestrator.java:169) ~[junit-platform-launcher-1.11.4.jar:1.11.4]
	at org.junit.platform.launcher.core.EngineExecutionOrchestrator.execute(EngineExecutionOrchestrator.java:93) ~[junit-platform-launcher-1.11.4.jar:1.11.4]
	at org.junit.platform.launcher.core.EngineExecutionOrchestrator.lambda$execute$0(EngineExecutionOrchestrator.java:58) ~[junit-platform-launcher-1.11.4.jar:1.11.4]
	at org.junit.platform.launcher.core.EngineExecutionOrchestrator.withInterceptedStreams(EngineExecutionOrchestrator.java:141) ~[junit-platform-launcher-1.11.4.jar:1.11.4]
	at org.junit.platform.launcher.core.EngineExecutionOrchestrator.execute(EngineExecutionOrchestrator.java:57) ~[junit-platform-launcher-1.11.4.jar:1.11.4]
	at org.junit.platform.launcher.core.DefaultLauncher.execute(DefaultLauncher.java:103) ~[junit-platform-launcher-1.11.4.jar:1.11.4]
	at org.junit.platform.launcher.core.DefaultLauncher.execute(DefaultLauncher.java:85) ~[junit-platform-launcher-1.11.4.jar:1.11.4]
	at org.junit.platform.launcher.core.DelegatingLauncher.execute(DelegatingLauncher.java:47) ~[junit-platform-launcher-1.11.4.jar:1.11.4]
	at org.apache.maven.surefire.junitplatform.LauncherAdapter.executeWithoutCancellationToken(LauncherAdapter.java:60) ~[surefire-junit-platform-3.5.4.jar:3.5.4]
	at org.apache.maven.surefire.junitplatform.LauncherAdapter.execute(LauncherAdapter.java:52) ~[surefire-junit-platform-3.5.4.jar:3.5.4]
	at org.apache.maven.surefire.junitplatform.JUnitPlatformProvider.execute(JUnitPlatformProvider.java:203) ~[surefire-junit-platform-3.5.4.jar:3.5.4]
	at org.apache.maven.surefire.junitplatform.JUnitPlatformProvider.invokeAllTests(JUnitPlatformProvider.java:168) ~[surefire-junit-platform-3.5.4.jar:3.5.4]
	at org.apache.maven.surefire.junitplatform.JUnitPlatformProvider.invoke(JUnitPlatformProvider.java:136) ~[surefire-junit-platform-3.5.4.jar:3.5.4]
	at org.apache.maven.surefire.booter.ForkedBooter.runSuitesInProcess(ForkedBooter.java:385) ~[surefire-booter-3.5.4.jar:3.5.4]
	at org.apache.maven.surefire.booter.ForkedBooter.execute(ForkedBooter.java:162) ~[surefire-booter-3.5.4.jar:3.5.4]
	at org.apache.maven.surefire.booter.ForkedBooter.run(ForkedBooter.java:507) ~[surefire-booter-3.5.4.jar:3.5.4]
	at org.apache.maven.surefire.booter.ForkedBooter.main(ForkedBooter.java:495) ~[surefire-booter-3.5.4.jar:3.5.4]

2026-09-22T23:41:48.091-05:00  INFO 99899 --- [           main] c.t.a.s.BlockchainAnchorProducer         : Recovery Phase 2 completed for batch HEALTHY-BATCH: MerkleTree root hash2 from 1 leaves
2026-09-22T23:41:48.091-05:00  INFO 99899 --- [           main] c.t.a.s.BlockchainAnchorProducer         : Recovery Phase 3 completed: Batch HEALTHY-BATCH successfully transitioned to PENDING.
[INFO] Tests run: 10, Failures: 0, Errors: 0, Skipped: 0, Time elapsed: 0.289 s -- in com.traceability.app.scheduler.BlockchainAnchorProducerTest
2026-09-22T23:41:55.364-05:00  INFO 99899 --- [localhost:32882] org.mongodb.driver.cluster               : Exception in monitor thread while connecting to server localhost:32882

com.mongodb.MongoSocketOpenException: Exception opening socket
	at com.mongodb.internal.connection.SocketStream.lambda$open$0(SocketStream.java:85) ~[mongodb-driver-core-5.2.1.jar:na]
	at java.base/java.util.Optional.orElseThrow(Optional.java:403) ~[na:na]
	at com.mongodb.internal.connection.SocketStream.open(SocketStream.java:85) ~[mongodb-driver-core-5.2.1.jar:na]
	at com.mongodb.internal.connection.InternalStreamConnection.open(InternalStreamConnection.java:233) ~[mongodb-driver-core-5.2.1.jar:na]
	at com.mongodb.internal.connection.DefaultServerMonitor$ServerMonitor.lookupServerDescription(DefaultServerMonitor.java:219) ~[mongodb-driver-core-5.2.1.jar:na]
	at com.mongodb.internal.connection.DefaultServerMonitor$ServerMonitor.run(DefaultServerMonitor.java:176) ~[mongodb-driver-core-5.2.1.jar:na]
Caused by: java.net.ConnectException: Conexión rehusada
	at java.base/sun.nio.ch.Net.pollConnect(Native Method) ~[na:na]
	at java.base/sun.nio.ch.Net.pollConnectNow(Net.java:694) ~[na:na]
	at java.base/sun.nio.ch.NioSocketImpl.timedFinishConnect(NioSocketImpl.java:542) ~[na:na]
	at java.base/sun.nio.ch.NioSocketImpl.connect(NioSocketImpl.java:592) ~[na:na]
	at java.base/java.net.SocksSocketImpl.connect(SocksSocketImpl.java:327) ~[na:na]
	at java.base/java.net.Socket.connect(Socket.java:751) ~[na:na]
	at com.mongodb.internal.connection.SocketStreamHelper.initialize(SocketStreamHelper.java:76) ~[mongodb-driver-core-5.2.1.jar:na]
	at com.mongodb.internal.connection.SocketStream.initializeSocket(SocketStream.java:104) ~[mongodb-driver-core-5.2.1.jar:na]
	at com.mongodb.internal.connection.SocketStream.open(SocketStream.java:79) ~[mongodb-driver-core-5.2.1.jar:na]
	... 3 common frames omitted

2026-09-22T23:41:57.565-05:00  INFO 99899 --- [localhost:32883] org.mongodb.driver.cluster               : Exception in monitor thread while connecting to server localhost:32883

com.mongodb.MongoSocketOpenException: Exception opening socket
	at com.mongodb.internal.connection.SocketStream.lambda$open$0(SocketStream.java:85) ~[mongodb-driver-core-5.2.1.jar:na]
	at java.base/java.util.Optional.orElseThrow(Optional.java:403) ~[na:na]
	at com.mongodb.internal.connection.SocketStream.open(SocketStream.java:85) ~[mongodb-driver-core-5.2.1.jar:na]
	at com.mongodb.internal.connection.InternalStreamConnection.open(InternalStreamConnection.java:233) ~[mongodb-driver-core-5.2.1.jar:na]
	at com.mongodb.internal.connection.DefaultServerMonitor$ServerMonitor.lookupServerDescription(DefaultServerMonitor.java:219) ~[mongodb-driver-core-5.2.1.jar:na]
	at com.mongodb.internal.connection.DefaultServerMonitor$ServerMonitor.run(DefaultServerMonitor.java:176) ~[mongodb-driver-core-5.2.1.jar:na]
Caused by: java.net.ConnectException: Conexión rehusada
	at java.base/sun.nio.ch.Net.pollConnect(Native Method) ~[na:na]
	at java.base/sun.nio.ch.Net.pollConnectNow(Net.java:694) ~[na:na]
	at java.base/sun.nio.ch.NioSocketImpl.timedFinishConnect(NioSocketImpl.java:542) ~[na:na]
	at java.base/sun.nio.ch.NioSocketImpl.connect(NioSocketImpl.java:592) ~[na:na]
	at java.base/java.net.SocksSocketImpl.connect(SocksSocketImpl.java:327) ~[na:na]
	at java.base/java.net.Socket.connect(Socket.java:751) ~[na:na]
	at com.mongodb.internal.connection.SocketStreamHelper.initialize(SocketStreamHelper.java:76) ~[mongodb-driver-core-5.2.1.jar:na]
	at com.mongodb.internal.connection.SocketStream.initializeSocket(SocketStream.java:104) ~[mongodb-driver-core-5.2.1.jar:na]
	at com.mongodb.internal.connection.SocketStream.open(SocketStream.java:79) ~[mongodb-driver-core-5.2.1.jar:na]
	... 3 common frames omitted

2026-09-22T23:42:10.984-05:00  INFO 99899 --- [cTaskExecutor-1] org.mongodb.driver.cluster               : Waiting for server to become available for operation with ID 224. Remaining time: 29999 ms. Selector: WritableServerSelector, topology description: {type=UNKNOWN, servers=[{address=localhost:32880, type=UNKNOWN, state=CONNECTING, exception={com.mongodb.MongoSocketOpenException: Exception opening socket}, caused by {java.net.ConnectException: Conexión rehusada}}].
2026-09-22T23:42:11.249-05:00 ERROR 99899 --- [   scheduling-1] o.s.s.s.TaskUtils$LoggingErrorHandler    : Unexpected error occurred in scheduled task

org.springframework.dao.DataAccessResourceFailureException: Timed out while waiting for a server that matches ReadPreferenceServerSelector{readPreference=primary}. Client view of cluster state is {type=UNKNOWN, servers=[{address=localhost:32880, type=UNKNOWN, state=CONNECTING, exception={com.mongodb.MongoSocketOpenException: Exception opening socket}, caused by {java.net.ConnectException: Conexión rehusada}}]
	at org.springframework.data.mongodb.core.MongoExceptionTranslator.doTranslateException(MongoExceptionTranslator.java:97) ~[spring-data-mongodb-4.4.4.jar:4.4.4]
	at org.springframework.data.mongodb.core.MongoExceptionTranslator.translateExceptionIfPossible(MongoExceptionTranslator.java:74) ~[spring-data-mongodb-4.4.4.jar:4.4.4]
	at org.springframework.data.mongodb.core.MongoTemplate.potentiallyConvertRuntimeException(MongoTemplate.java:3017) ~[spring-data-mongodb-4.4.4.jar:4.4.4]
	at org.springframework.data.mongodb.core.MongoTemplate.executeFindMultiInternal(MongoTemplate.java:2937) ~[spring-data-mongodb-4.4.4.jar:4.4.4]
	at org.springframework.data.mongodb.core.MongoTemplate.doFind(MongoTemplate.java:2605) ~[spring-data-mongodb-4.4.4.jar:4.4.4]
	at org.springframework.data.mongodb.core.MongoTemplate.doFind(MongoTemplate.java:2583) ~[spring-data-mongodb-4.4.4.jar:4.4.4]
	at org.springframework.data.mongodb.core.MongoTemplate.find(MongoTemplate.java:868) ~[spring-data-mongodb-4.4.4.jar:4.4.4]
	at org.springframework.data.mongodb.core.MongoTemplate.find(MongoTemplate.java:858) ~[spring-data-mongodb-4.4.4.jar:4.4.4]
	at com.traceability.core.infrastructure.persistence.mongo.MongoOutboxPort.fetchPendingMessages(MongoOutboxPort.java:36) ~[classes/:na]
	at com.traceability.core.application.saga.OutboxSagaCoordinator.processPendingMessages(OutboxSagaCoordinator.java:39) ~[classes/:na]
	at java.base/jdk.internal.reflect.DirectMethodHandleAccessor.invoke(DirectMethodHandleAccessor.java:103) ~[na:na]
	at java.base/java.lang.reflect.Method.invoke(Method.java:580) ~[na:na]
	at org.springframework.scheduling.support.ScheduledMethodRunnable.runInternal(ScheduledMethodRunnable.java:130) ~[spring-context-6.2.5.jar:6.2.5]
	at org.springframework.scheduling.support.ScheduledMethodRunnable.lambda$run$2(ScheduledMethodRunnable.java:124) ~[spring-context-6.2.5.jar:6.2.5]
	at io.micrometer.observation.Observation.observe(Observation.java:498) ~[micrometer-observation-1.14.5.jar:1.14.5]
	at org.springframework.scheduling.support.ScheduledMethodRunnable.run(ScheduledMethodRunnable.java:124) ~[spring-context-6.2.5.jar:6.2.5]
	at org.springframework.scheduling.config.Task$OutcomeTrackingRunnable.run(Task.java:85) ~[spring-context-6.2.5.jar:6.2.5]
	at org.springframework.scheduling.support.DelegatingErrorHandlingRunnable.run(DelegatingErrorHandlingRunnable.java:54) ~[spring-context-6.2.5.jar:6.2.5]
	at java.base/java.util.concurrent.Executors$RunnableAdapter.call(Executors.java:572) ~[na:na]
	at java.base/java.util.concurrent.FutureTask.runAndReset(FutureTask.java:358) ~[na:na]
	at java.base/java.util.concurrent.ScheduledThreadPoolExecutor$ScheduledFutureTask.run(ScheduledThreadPoolExecutor.java:305) ~[na:na]
	at java.base/java.util.concurrent.ThreadPoolExecutor.runWorker(ThreadPoolExecutor.java:1144) ~[na:na]
	at java.base/java.util.concurrent.ThreadPoolExecutor$Worker.run(ThreadPoolExecutor.java:642) ~[na:na]
	at java.base/java.lang.Thread.run(Thread.java:1583) ~[na:na]
Caused by: com.mongodb.MongoTimeoutException: Timed out while waiting for a server that matches ReadPreferenceServerSelector{readPreference=primary}. Client view of cluster state is {type=UNKNOWN, servers=[{address=localhost:32880, type=UNKNOWN, state=CONNECTING, exception={com.mongodb.MongoSocketOpenException: Exception opening socket}, caused by {java.net.ConnectException: Conexión rehusada}}]
	at com.mongodb.internal.connection.BaseCluster.logAndThrowTimeoutException(BaseCluster.java:427) ~[mongodb-driver-core-5.2.1.jar:na]
	at com.mongodb.internal.connection.BaseCluster.lambda$selectServer$0(BaseCluster.java:154) ~[mongodb-driver-core-5.2.1.jar:na]
	at com.mongodb.internal.time.Timeout.lambda$onExistsAndExpired$16(Timeout.java:236) ~[mongodb-driver-core-5.2.1.jar:na]
	at com.mongodb.internal.time.Timeout.lambda$run$10(Timeout.java:201) ~[mongodb-driver-core-5.2.1.jar:na]
	at com.mongodb.internal.time.TimePoint.checkedCall(TimePoint.java:98) ~[mongodb-driver-core-5.2.1.jar:na]
	at com.mongodb.internal.time.Timeout.call(Timeout.java:174) ~[mongodb-driver-core-5.2.1.jar:na]
	at com.mongodb.internal.time.Timeout.run(Timeout.java:194) ~[mongodb-driver-core-5.2.1.jar:na]
	at com.mongodb.internal.time.Timeout.onExistsAndExpired(Timeout.java:233) ~[mongodb-driver-core-5.2.1.jar:na]
	at com.mongodb.internal.time.Timeout.onExpired(Timeout.java:226) ~[mongodb-driver-core-5.2.1.jar:na]
	at com.mongodb.internal.connection.BaseCluster.selectServer(BaseCluster.java:153) ~[mongodb-driver-core-5.2.1.jar:na]
	at com.mongodb.internal.connection.SingleServerCluster.selectServer(SingleServerCluster.java:47) ~[mongodb-driver-core-5.2.1.jar:na]
	at com.mongodb.internal.binding.ClusterBinding.getReadConnectionSource(ClusterBinding.java:82) ~[mongodb-driver-core-5.2.1.jar:na]
	at com.mongodb.client.internal.ClientSessionBinding.getConnectionSource(ClientSessionBinding.java:108) ~[mongodb-driver-sync-5.2.1.jar:na]
	at com.mongodb.client.internal.ClientSessionBinding.getReadConnectionSource(ClientSessionBinding.java:88) ~[mongodb-driver-sync-5.2.1.jar:na]
	at com.mongodb.internal.operation.SyncOperationHelper.withSuppliedResource(SyncOperationHelper.java:148) ~[mongodb-driver-core-5.2.1.jar:na]
	at com.mongodb.internal.operation.SyncOperationHelper.withSourceAndConnection(SyncOperationHelper.java:129) ~[mongodb-driver-core-5.2.1.jar:na]
	at com.mongodb.internal.operation.FindOperation.lambda$execute$2(FindOperation.java:296) ~[mongodb-driver-core-5.2.1.jar:na]
	at com.mongodb.internal.operation.SyncOperationHelper.lambda$decorateReadWithRetries$13(SyncOperationHelper.java:317) ~[mongodb-driver-core-5.2.1.jar:na]
	at com.mongodb.internal.async.function.RetryingSyncSupplier.get(RetryingSyncSupplier.java:67) ~[mongodb-driver-core-5.2.1.jar:na]
	at com.mongodb.internal.operation.FindOperation.execute(FindOperation.java:307) ~[mongodb-driver-core-5.2.1.jar:na]
	at com.mongodb.internal.operation.FindOperation.execute(FindOperation.java:70) ~[mongodb-driver-core-5.2.1.jar:na]
	at com.mongodb.client.internal.MongoClusterImpl$OperationExecutorImpl.execute(MongoClusterImpl.java:358) ~[mongodb-driver-sync-5.2.1.jar:na]
	at com.mongodb.client.internal.MongoIterableImpl.execute(MongoIterableImpl.java:156) ~[mongodb-driver-sync-5.2.1.jar:na]
	at com.mongodb.client.internal.MongoIterableImpl.iterator(MongoIterableImpl.java:116) ~[mongodb-driver-sync-5.2.1.jar:na]
	at org.springframework.data.mongodb.core.MongoTemplate.executeFindMultiInternal(MongoTemplate.java:2924) ~[spring-data-mongodb-4.4.4.jar:4.4.4]
	... 20 common frames omitted

Handler DonationProjectionHandler failed: state should be: open
2026-09-22T23:42:11.260-05:00 ERROR 99899 --- [cTaskExecutor-1] rContainer$DecoratingLoggingErrorHandler : Unexpected error occurred while listening to MongoDB

org.springframework.data.mongodb.ClientSessionException: state should be: open
	at org.springframework.data.mongodb.core.MongoExceptionTranslator.doTranslateException(MongoExceptionTranslator.java:159) ~[spring-data-mongodb-4.4.4.jar:4.4.4]
	at org.springframework.data.mongodb.core.MongoExceptionTranslator.translateExceptionIfPossible(MongoExceptionTranslator.java:74) ~[spring-data-mongodb-4.4.4.jar:4.4.4]
	at org.springframework.data.mongodb.core.MongoTemplate.potentiallyConvertRuntimeException(MongoTemplate.java:3017) ~[spring-data-mongodb-4.4.4.jar:4.4.4]
	at org.springframework.data.mongodb.core.MongoTemplate.execute(MongoTemplate.java:605) ~[spring-data-mongodb-4.4.4.jar:4.4.4]
	at org.springframework.data.mongodb.core.MongoTemplate.saveDocument(MongoTemplate.java:1585) ~[spring-data-mongodb-4.4.4.jar:4.4.4]
	at org.springframework.data.mongodb.core.MongoTemplate.doSave(MongoTemplate.java:1517) ~[spring-data-mongodb-4.4.4.jar:4.4.4]
	at org.springframework.data.mongodb.core.MongoTemplate.save(MongoTemplate.java:1460) ~[spring-data-mongodb-4.4.4.jar:4.4.4]
	at org.springframework.data.mongodb.repository.support.SimpleMongoRepository.save(SimpleMongoRepository.java:99) ~[spring-data-mongodb-4.4.4.jar:4.4.4]
	at java.base/jdk.internal.reflect.DirectMethodHandleAccessor.invoke(DirectMethodHandleAccessor.java:103) ~[na:na]
	at java.base/java.lang.reflect.Method.invoke(Method.java:580) ~[na:na]
	at org.springframework.aop.support.AopUtils.invokeJoinpointUsingReflection(AopUtils.java:359) ~[spring-aop-6.2.5.jar:6.2.5]
	at org.springframework.data.repository.core.support.RepositoryMethodInvoker$RepositoryFragmentMethodInvoker.lambda$new$0(RepositoryMethodInvoker.java:277) ~[spring-data-commons-3.4.4.jar:3.4.4]
	at org.springframework.data.repository.core.support.RepositoryMethodInvoker.doInvoke(RepositoryMethodInvoker.java:170) ~[spring-data-commons-3.4.4.jar:3.4.4]
	at org.springframework.data.repository.core.support.RepositoryMethodInvoker.invoke(RepositoryMethodInvoker.java:158) ~[spring-data-commons-3.4.4.jar:3.4.4]
	at org.springframework.data.repository.core.support.RepositoryComposition$RepositoryFragments.invoke(RepositoryComposition.java:515) ~[spring-data-commons-3.4.4.jar:3.4.4]
	at org.springframework.data.repository.core.support.RepositoryComposition.invoke(RepositoryComposition.java:284) ~[spring-data-commons-3.4.4.jar:3.4.4]
	at org.springframework.data.repository.core.support.RepositoryFactorySupport$ImplementationMethodExecutionInterceptor.invoke(RepositoryFactorySupport.java:731) ~[spring-data-commons-3.4.4.jar:3.4.4]
	at org.springframework.aop.framework.ReflectiveMethodInvocation.proceed(ReflectiveMethodInvocation.java:184) ~[spring-aop-6.2.5.jar:6.2.5]
	at org.springframework.data.repository.core.support.QueryExecutorMethodInterceptor.doInvoke(QueryExecutorMethodInterceptor.java:174) ~[spring-data-commons-3.4.4.jar:3.4.4]
	at org.springframework.data.repository.core.support.QueryExecutorMethodInterceptor.invoke(QueryExecutorMethodInterceptor.java:149) ~[spring-data-commons-3.4.4.jar:3.4.4]
	at org.springframework.aop.framework.ReflectiveMethodInvocation.proceed(ReflectiveMethodInvocation.java:184) ~[spring-aop-6.2.5.jar:6.2.5]
	at org.springframework.data.projection.DefaultMethodInvokingMethodInterceptor.invoke(DefaultMethodInvokingMethodInterceptor.java:69) ~[spring-data-commons-3.4.4.jar:3.4.4]
	at org.springframework.aop.framework.ReflectiveMethodInvocation.proceed(ReflectiveMethodInvocation.java:184) ~[spring-aop-6.2.5.jar:6.2.5]
	at org.springframework.data.mongodb.repository.support.CrudMethodMetadataPostProcessor$CrudMethodMetadataPopulatingMethodInterceptor.invoke(CrudMethodMetadataPostProcessor.java:158) ~[spring-data-mongodb-4.4.4.jar:4.4.4]
	at org.springframework.aop.framework.ReflectiveMethodInvocation.proceed(ReflectiveMethodInvocation.java:184) ~[spring-aop-6.2.5.jar:6.2.5]
	at org.springframework.aop.framework.JdkDynamicAopProxy.invoke(JdkDynamicAopProxy.java:223) ~[spring-aop-6.2.5.jar:6.2.5]
	at jdk.proxy2/jdk.proxy2.$Proxy168.save(Unknown Source) ~[na:na]
	at java.base/jdk.internal.reflect.DirectMethodHandleAccessor.invoke(DirectMethodHandleAccessor.java:103) ~[na:na]
	at java.base/java.lang.reflect.Method.invoke(Method.java:580) ~[na:na]
	at org.springframework.aop.support.AopUtils.invokeJoinpointUsingReflection(AopUtils.java:359) ~[spring-aop-6.2.5.jar:6.2.5]
	at org.springframework.aop.framework.ReflectiveMethodInvocation.invokeJoinpoint(ReflectiveMethodInvocation.java:196) ~[spring-aop-6.2.5.jar:6.2.5]
	at org.springframework.aop.framework.ReflectiveMethodInvocation.proceed(ReflectiveMethodInvocation.java:163) ~[spring-aop-6.2.5.jar:6.2.5]
	at org.springframework.dao.support.PersistenceExceptionTranslationInterceptor.invoke(PersistenceExceptionTranslationInterceptor.java:138) ~[spring-tx-6.2.5.jar:6.2.5]
	at org.springframework.aop.framework.ReflectiveMethodInvocation.proceed(ReflectiveMethodInvocation.java:184) ~[spring-aop-6.2.5.jar:6.2.5]
	at org.springframework.aop.framework.JdkDynamicAopProxy.invoke(JdkDynamicAopProxy.java:223) ~[spring-aop-6.2.5.jar:6.2.5]
	at jdk.proxy2/jdk.proxy2.$Proxy168.save(Unknown Source) ~[na:na]
	at com.traceability.core.infrastructure.projection.ProjectionEventSource.lambda$start$0(ProjectionEventSource.java:67) ~[classes/:na]
	at org.springframework.data.mongodb.core.messaging.CursorReadingTask.emitMessage(CursorReadingTask.java:206) ~[spring-data-mongodb-4.4.4.jar:4.4.4]
	at org.springframework.data.mongodb.core.messaging.CursorReadingTask.run(CursorReadingTask.java:85) ~[spring-data-mongodb-4.4.4.jar:4.4.4]
	at java.base/java.lang.Thread.run(Thread.java:1583) ~[na:na]
Caused by: java.lang.IllegalStateException: state should be: open
	at com.mongodb.assertions.Assertions.isTrue(Assertions.java:91) ~[mongodb-driver-core-5.2.1.jar:na]
	at com.mongodb.internal.connection.BaseCluster.selectServer(BaseCluster.java:126) ~[mongodb-driver-core-5.2.1.jar:na]
	at com.mongodb.internal.connection.SingleServerCluster.selectServer(SingleServerCluster.java:47) ~[mongodb-driver-core-5.2.1.jar:na]
	at com.mongodb.internal.binding.ClusterBinding.getWriteConnectionSource(ClusterBinding.java:100) ~[mongodb-driver-core-5.2.1.jar:na]
	at com.mongodb.client.internal.ClientSessionBinding.getConnectionSource(ClientSessionBinding.java:108) ~[mongodb-driver-sync-5.2.1.jar:na]
	at com.mongodb.client.internal.ClientSessionBinding.getWriteConnectionSource(ClientSessionBinding.java:98) ~[mongodb-driver-sync-5.2.1.jar:na]
	at com.mongodb.internal.operation.SyncOperationHelper.withSuppliedResource(SyncOperationHelper.java:148) ~[mongodb-driver-core-5.2.1.jar:na]
	at com.mongodb.internal.operation.SyncOperationHelper.withSourceAndConnection(SyncOperationHelper.java:129) ~[mongodb-driver-core-5.2.1.jar:na]
	at com.mongodb.internal.operation.MixedBulkWriteOperation.lambda$execute$3(MixedBulkWriteOperation.java:190) ~[mongodb-driver-core-5.2.1.jar:na]
	at com.mongodb.internal.operation.MixedBulkWriteOperation.lambda$decorateWriteWithRetries$0(MixedBulkWriteOperation.java:147) ~[mongodb-driver-core-5.2.1.jar:na]
	at com.mongodb.internal.async.function.RetryingSyncSupplier.get(RetryingSyncSupplier.java:67) ~[mongodb-driver-core-5.2.1.jar:na]
	at com.mongodb.internal.operation.MixedBulkWriteOperation.execute(MixedBulkWriteOperation.java:209) ~[mongodb-driver-core-5.2.1.jar:na]
	at com.mongodb.internal.operation.MixedBulkWriteOperation.execute(MixedBulkWriteOperation.java:79) ~[mongodb-driver-core-5.2.1.jar:na]
	at com.mongodb.client.internal.MongoClusterImpl$OperationExecutorImpl.execute(MongoClusterImpl.java:379) ~[mongodb-driver-sync-5.2.1.jar:na]
	at com.mongodb.client.internal.MongoCollectionImpl.executeSingleWriteRequest(MongoCollectionImpl.java:1116) ~[mongodb-driver-sync-5.2.1.jar:na]
	at com.mongodb.client.internal.MongoCollectionImpl.executeReplaceOne(MongoCollectionImpl.java:597) ~[mongodb-driver-sync-5.2.1.jar:na]
	at com.mongodb.client.internal.MongoCollectionImpl.replaceOne(MongoCollectionImpl.java:580) ~[mongodb-driver-sync-5.2.1.jar:na]
	at org.springframework.data.mongodb.core.MongoTemplate.lambda$saveDocument$19(MongoTemplate.java:1617) ~[spring-data-mongodb-4.4.4.jar:4.4.4]
	at org.springframework.data.mongodb.core.MongoTemplate.execute(MongoTemplate.java:603) ~[spring-data-mongodb-4.4.4.jar:4.4.4]
	... 36 common frames omitted

2026-09-22T23:42:13.339-05:00 ERROR 99899 --- [cTaskExecutor-1] rContainer$DecoratingLoggingErrorHandler : Unexpected error occurred while listening to MongoDB

org.springframework.dao.DataAccessResourceFailureException: Timed out while waiting for a server that matches ReadPreferenceServerSelector{readPreference=primary}. Client view of cluster state is {type=UNKNOWN, servers=[{address=localhost:32881, type=UNKNOWN, state=CONNECTING, exception={com.mongodb.MongoSocketOpenException: Exception opening socket}, caused by {java.net.ConnectException: Conexión rehusada}}]
	at org.springframework.data.mongodb.core.MongoExceptionTranslator.doTranslateException(MongoExceptionTranslator.java:97) ~[spring-data-mongodb-4.4.4.jar:4.4.4]
	at org.springframework.data.mongodb.core.MongoExceptionTranslator.translateExceptionIfPossible(MongoExceptionTranslator.java:74) ~[spring-data-mongodb-4.4.4.jar:4.4.4]
	at org.springframework.data.mongodb.core.messaging.CursorReadingTask.execute(CursorReadingTask.java:249) ~[spring-data-mongodb-4.4.4.jar:4.4.4]
	at org.springframework.data.mongodb.core.messaging.CursorReadingTask.run(CursorReadingTask.java:82) ~[spring-data-mongodb-4.4.4.jar:4.4.4]
	at java.base/java.lang.Thread.run(Thread.java:1583) ~[na:na]
Caused by: com.mongodb.MongoTimeoutException: Timed out while waiting for a server that matches ReadPreferenceServerSelector{readPreference=primary}. Client view of cluster state is {type=UNKNOWN, servers=[{address=localhost:32881, type=UNKNOWN, state=CONNECTING, exception={com.mongodb.MongoSocketOpenException: Exception opening socket}, caused by {java.net.ConnectException: Conexión rehusada}}]
	at com.mongodb.internal.connection.BaseCluster.logAndThrowTimeoutException(BaseCluster.java:427) ~[mongodb-driver-core-5.2.1.jar:na]
	at com.mongodb.internal.connection.BaseCluster.lambda$selectServer$0(BaseCluster.java:154) ~[mongodb-driver-core-5.2.1.jar:na]
	at com.mongodb.internal.time.Timeout.lambda$onExistsAndExpired$16(Timeout.java:236) ~[mongodb-driver-core-5.2.1.jar:na]
	at com.mongodb.internal.time.Timeout.lambda$run$10(Timeout.java:201) ~[mongodb-driver-core-5.2.1.jar:na]
	at com.mongodb.internal.time.TimePoint.checkedCall(TimePoint.java:98) ~[mongodb-driver-core-5.2.1.jar:na]
	at com.mongodb.internal.time.Timeout.call(Timeout.java:174) ~[mongodb-driver-core-5.2.1.jar:na]
	at com.mongodb.internal.time.Timeout.run(Timeout.java:194) ~[mongodb-driver-core-5.2.1.jar:na]
	at com.mongodb.internal.time.Timeout.onExistsAndExpired(Timeout.java:233) ~[mongodb-driver-core-5.2.1.jar:na]
	at com.mongodb.internal.time.Timeout.onExpired(Timeout.java:226) ~[mongodb-driver-core-5.2.1.jar:na]
	at com.mongodb.internal.connection.BaseCluster.selectServer(BaseCluster.java:153) ~[mongodb-driver-core-5.2.1.jar:na]
	at com.mongodb.internal.connection.SingleServerCluster.selectServer(SingleServerCluster.java:47) ~[mongodb-driver-core-5.2.1.jar:na]
	at com.mongodb.internal.binding.ClusterBinding.getReadConnectionSource(ClusterBinding.java:82) ~[mongodb-driver-core-5.2.1.jar:na]
	at com.mongodb.client.internal.ClientSessionBinding.getConnectionSource(ClientSessionBinding.java:108) ~[mongodb-driver-sync-5.2.1.jar:na]
	at com.mongodb.client.internal.ClientSessionBinding.getReadConnectionSource(ClientSessionBinding.java:88) ~[mongodb-driver-sync-5.2.1.jar:na]
	at com.mongodb.internal.operation.SyncOperationHelper.withReadConnectionSource(SyncOperationHelper.java:101) ~[mongodb-driver-core-5.2.1.jar:na]
	at com.mongodb.internal.operation.ChangeStreamBatchCursor.resumeChangeStream(ChangeStreamBatchCursor.java:245) ~[mongodb-driver-core-5.2.1.jar:na]
	at com.mongodb.internal.operation.ChangeStreamBatchCursor.execute(ChangeStreamBatchCursor.java:229) ~[mongodb-driver-core-5.2.1.jar:na]
	at com.mongodb.internal.operation.ChangeStreamBatchCursor.resumeableOperation(ChangeStreamBatchCursor.java:216) ~[mongodb-driver-core-5.2.1.jar:na]
	at com.mongodb.internal.operation.ChangeStreamBatchCursor.tryNext(ChangeStreamBatchCursor.java:122) ~[mongodb-driver-core-5.2.1.jar:na]
	at com.mongodb.client.internal.MongoChangeStreamCursorImpl.tryNext(MongoChangeStreamCursorImpl.java:90) ~[mongodb-driver-sync-5.2.1.jar:na]
	at org.springframework.data.mongodb.core.messaging.CursorReadingTask.lambda$getNext$8(CursorReadingTask.java:217) ~[spring-data-mongodb-4.4.4.jar:4.4.4]
	at org.springframework.data.util.Lock.execute(Lock.java:106) ~[spring-data-commons-3.4.4.jar:3.4.4]
	at org.springframework.data.mongodb.core.messaging.CursorReadingTask.getNext(CursorReadingTask.java:215) ~[spring-data-mongodb-4.4.4.jar:4.4.4]
	at org.springframework.data.mongodb.core.messaging.CursorReadingTask.execute(CursorReadingTask.java:246) ~[spring-data-mongodb-4.4.4.jar:4.4.4]
	... 2 common frames omitted

2026-09-22T23:42:13.421-05:00  INFO 99899 --- [   scheduling-1] org.mongodb.driver.cluster               : Waiting for server to become available for operation with ID 233. Remaining time: 29999 ms. Selector: WritableServerSelector, topology description: {type=UNKNOWN, servers=[{address=localhost:32881, type=UNKNOWN, state=CONNECTING, exception={com.mongodb.MongoSocketOpenException: Exception opening socket}, caused by {java.net.ConnectException: Conexión rehusada}}].
[ERROR] Surefire is going to kill self fork JVM. The exit has elapsed 30 seconds after System.exit(0).
[INFO] 
[INFO] Results:
[INFO] 
[INFO] Tests run: 19, Failures: 0, Errors: 0, Skipped: 0
[INFO] 
[INFO] ------------------------------------------------------------------------
[INFO] Reactor Summary for core 1.0.0-SNAPSHOT:
[INFO] 
[INFO] core ............................................... SUCCESS [01:27 min]
[INFO] crypto ............................................. SUCCESS [ 16.289 s]
[INFO] app ................................................ SUCCESS [ 45.655 s]
[INFO] ------------------------------------------------------------------------
[INFO] BUILD SUCCESS
[INFO] ------------------------------------------------------------------------
[INFO] Total time:  02:29 min
[INFO] Finished at: 2026-09-22T23:42:18-05:00
[INFO] ------------------------------------------------------------------------
